date,original,modified,qqq,spy,equal_weight_optional
2015-01-05,0.0,0.0,0.0,0.0,0.0
2015-01-06,0.0,0.0,0.0,0.0,-0.014302427324631606
2015-01-07,0.0,0.0,0.0,0.0,-0.010083867398058666
2015-01-08,0.0,0.0,0.0,0.0,0.0
2015-01-09,-0.00019999999999997797,-0.00019999999999997797,0.0,0.0,-0.007372445564089447
2015-01-12,-0.00019999999999997797,-0.00019999999999997797,0.0,0.0,-0.0230040953618178
2015-01-13,-0.00019999999999997797,-0.00019999999999997797,0.0,0.0,-0.018904040273096223
2015-01-14,-0.00019999999999997797,-0.00019999999999997797,0.0,0.0,-0.02783104340399778
2015-01-15,-0.00019999999999997797,-0.00019999999999997797,0.0,0.0,-0.042191880236551405
2015-01-16,-0.00019999999999997797,-0.00019999999999997797,0.0,0.0,-0.03195463231302986
2015-01-20,-0.00019999999999997797,-0.00019999999999997797,0.0,0.0,-0.027152885122178394
2015-01-21,-0.00019999999999997797,-0.00019999999999997797,0.0,0.0,-0.014686784019263932
2015-01-22,-0.00019999999999997797,-0.00019999999999997797,0.0,0.0,0.0
2015-01-23,-0.00019999999999997797,-0.00019999999999997797,0.0,0.0,0.0
2015-01-26,-0.00019999999999997797,-0.00019999999999997797,0.0,0.0,-0.0005272080575828841
2015-01-27,-0.00019999999999997797,-0.00019999999999997797,0.0,0.0,-0.03458781398218691
2015-01-28,-0.00019999999999997797,-0.00019999999999997797,0.0,0.0,-0.040975191965544
2015-01-29,-0.00019999999999997797,-0.00019999999999997797,0.0,0.0,-0.01971702994489888
2015-01-30,-0.00019999999999997797,-0.00019999999999997797,0.0,0.0,-0.010210832167817041
2015-02-02,-0.00019999999999997797,-0.00019999999999997797,0.0,0.0,0.0
2015-02-03,-0.00019999999999997797,-0.00019999999999997797,0.0,0.0,0.0
2015-02-04,-0.00019999999999997797,-0.00019999999999997797,0.0,0.0,0.0
2015-02-05,-0.00019999999999997797,-0.00019999999999997797,0.0,0.0,0.0
2015-02-06,-0.00019999999999997797,-0.00019999999999997797,0.0,0.0,-0.005200501247009659
2015-02-09,-0.00019999999999997797,-0.00019999999999997797,0.0,0.0,-0.007177811697661518
2015-02-10,-0.00019999999999997797,-0.00019999999999997797,0.0,0.0,0.0
2015-02-11,-0.00019999999999997797,-0.00019999999999997797,0.0,0.0,0.0
2015-02-12,-0.00019999999999997797,-0.00019999999999997797,0.0,0.0,0.0
2015-02-13,-0.00019999999999997797,-0.00019999999999997797,0.0,0.0,0.0
2015-02-17,-0.00019999999999997797,-0.00019999999999997797,0.0,0.0,-0.00353098669291807
2015-02-18,-0.00019999999999997797,-0.00019999999999997797,0.0,0.0,-0.0035618930831921025
2015-02-19,-0.00019999999999997797,-0.00019999999999997797,0.0,0.0,0.0
2015-02-20,-0.00019999999999997797,-0.00019999999999997797,0.0,0.0,0.0
2015-02-23,-0.00019999999999997797,-0.00019999999999997797,0.0,0.0,-0.007713639912693693
2015-02-24,-0.00019999999999997797,-0.00019999999999997797,0.0,0.0,-0.010348434065555634
2015-02-25,-0.00019999999999997797,-0.00019999999999997797,0.0,0.0,-0.008793807609025706
2015-02-26,-0.00019999999999997797,-0.00019999999999997797,0.0,0.0,0.0
2015-02-27,-0.00019999999999997797,-0.00019999999999997797,0.0,0.0,-0.0097895343826645
2015-03-02,-0.00019999999999997797,-0.00019999999999997797,0.0,0.0,-0.0031957753129464583
2015-03-03,-0.00019999999999997797,-0.00019999999999997797,0.0,0.0,-0.005566469011501152
2015-03-04,-0.00019999999999997797,-0.00019999999999997797,0.0,0.0,-0.0020586917737319688
2015-03-05,-0.00019999999999997797,-0.00019999999999997797,0.0,0.0,0.0
2015-03-06,-0.00019999999999997797,-0.00019999999999997797,0.0,0.0,-0.01608194384824735
2015-03-09,-0.00019999999999997797,-0.00019999999999997797,0.0,0.0,-0.016921455084137227
2015-03-10,-0.00019999999999997797,-0.00019999999999997797,0.0,0.0,-0.03071933884241962
2015-03-11,-0.00019999999999997797,-0.00019999999999997797,0.0,0.0,-0.033782660325461844
2015-03-12,-0.00019999999999997797,-0.00019999999999997797,0.0,0.0,-0.030866525412233448
2015-03-13,-0.00019999999999997797,-0.00019999999999997797,0.0,0.0,-0.03706997328526107
2015-03-16,-0.00019999999999997797,-0.00019999999999997797,0.0,0.0,-0.02499083274308178
2015-03-17,-0.00019999999999997797,-0.00019999999999997797,0.0,0.0,-0.020423565305661695
2015-03-18,-0.00019999999999997797,-0.00019999999999997797,0.0,0.0,-0.008056704079000054
2015-03-19,-0.00019999999999997797,-0.00019999999999997797,0.0,0.0,-0.009400309619446046
2015-03-20,-0.00019999999999997797,-0.00019999999999997797,0.0,0.0,-0.001759817744999559
2015-03-23,-0.00019999999999997797,-0.00019999999999997797,0.0,0.0,-0.0039564418610783525
2015-03-24,-0.00019999999999997797,-0.00019999999999997797,0.0,0.0,-0.0006822080290928012
2015-03-25,-0.00019999999999997797,-0.00019999999999997797,0.0,0.0,-0.03092205088384692
2015-03-26,-0.00019999999999997797,-0.00019999999999997797,0.0,0.0,-0.03607790296457691
2015-03-27,-0.00019999999999997797,-0.00019999999999997797,0.0,0.0,-0.03896377475628554
2015-03-30,-0.00019999999999997797,-0.00019999999999997797,0.0,0.0,-0.02860753656959303
2015-03-31,-0.00019999999999997797,-0.00019999999999997797,0.0,0.0,-0.04075303549034992
2015-04-01,-0.00019999999999997797,-0.00019999999999997797,0.0,0.0,-0.043915430112322906
2015-04-02,-0.00019999999999997797,-0.00019999999999997797,0.0,0.0,-0.04285496978992853
2015-04-06,-0.00019999999999997797,-0.00019999999999997797,0.0,0.0,-0.019880445681577763
2015-04-07,-0.00019999999999997797,-0.00019999999999997797,0.0,0.0,-0.020986865662607657
2015-04-08,-0.00019999999999997797,-0.00019999999999997797,0.0,0.0,-0.014265701997211888
2015-04-09,-0.00019999999999997797,-0.00019999999999997797,0.0,0.0,-0.007640591677186781
2015-04-10,-0.00019999999999997797,-0.00019999999999997797,0.0,0.0,-0.00460860603046831
2015-04-13,-0.00019999999999997797,-0.00019999999999997797,0.0,0.0,-0.005219710868659133
2015-04-14,-0.00019999999999997797,-0.00019999999999997797,0.0,0.0,-0.009387570066418327
2015-04-15,-0.00019999999999997797,-0.00019999999999997797,0.0,0.0,-0.0064850944715956205
2015-04-16,-0.00019999999999997797,-0.00019999999999997797,0.0,0.0,-0.00820545549233187
2015-04-17,-0.00019999999999997797,-0.00019999999999997797,0.0,0.0,-0.022695706978591357
2015-04-20,-0.00019999999999997797,-0.00019999999999997797,0.0,0.0,-0.004619210142158825
2015-04-21,-0.00019999999999997797,-0.00019999999999997797,0.0,0.0,-0.0025428170298816832
2015-04-22,-0.00019999999999997797,-0.00019999999999997797,0.0,0.0,0.0
2015-04-23,-0.00019999999999997797,-0.00019999999999997797,0.0,0.0,-0.00030101326230280723
2015-04-24,-0.00019999999999997797,-0.00019999999999997797,0.0,0.0,0.0
2015-04-27,-0.00019999999999997797,-0.00019999999999997797,0.0,0.0,0.0
2015-04-28,-0.00019999999999997797,-0.00019999999999997797,0.0,0.0,-0.004489091955727886
2015-04-29,-0.00019999999999997797,-0.00019999999999997797,0.0,0.0,-0.007801856886911929
2015-04-30,-0.00019999999999997797,-0.00019999999999997797,0.0,0.0,-0.025089005808148657
2015-05-01,-0.00019999999999997797,-0.00019999999999997797,0.0,0.0,-0.01599148051980126
2015-05-04,-0.00019999999999997797,-0.00019999999999997797,0.0,0.0,-0.015377218012352478
2015-05-05,-0.00019999999999997797,-0.00019999999999997797,0.0,0.0,-0.027870506695831687
2015-05-06,-0.00019999999999997797,-0.00019999999999997797,0.0,0.0,-0.03541399000462009
2015-05-07,-0.00019999999999997797,-0.00019999999999997797,0.0,0.0,-0.022723016712662303
2015-05-08,-0.00019999999999997797,-0.00019999999999997797,0.0,0.0,-0.02324314885860057
2015-05-11,-0.00019999999999997797,-0.00019999999999997797,0.0,0.0,-0.02734783931876461
2015-05-12,-0.00019999999999997797,-0.00019999999999997797,0.0,0.0,-0.026875885138716638
2015-05-13,-0.00019999999999997797,-0.00019999999999997797,0.0,0.0,-0.025377170368277913
2015-05-14,-0.00019999999999997797,-0.00019999999999997797,0.0,0.0,-0.0066697795237914415
2015-05-15,-0.00019999999999997797,-0.00019999999999997797,0.0,0.0,-0.009702043070116129
2015-05-18,-0.00019999999999997797,-0.00019999999999997797,0.0,0.0,-0.008623840657239978
2015-05-19,-0.00019999999999997797,-0.00019999999999997797,0.0,0.0,-0.013408185693619012
2015-05-20,-0.00019999999999997797,-0.00019999999999997797,0.0,0.0,-0.013602614819997916
2015-05-21,-0.00019999999999997797,-0.00019999999999997797,0.0,0.0,-0.009350306305791256
2015-05-22,-0.00019999999999997797,-0.00019999999999997797,0.0,0.0,-0.010439064252008134
2015-05-26,-0.00019999999999997797,-0.00019999999999997797,0.0,0.0,-0.020223594053823568
2015-05-27,-0.00019999999999997797,-0.00019999999999997797,0.0,0.0,-0.0011532510010966446
2015-05-28,-0.00019999999999997797,-0.00019999999999997797,0.0,0.0,0.0
2015-05-29,-0.00019999999999997797,-0.00019999999999997797,0.0,0.0,-0.006931589516070091
2015-06-01,-0.00019999999999997797,-0.00019999999999997797,0.0,0.0,-0.0011535427363339457
2015-06-02,-0.00019999999999997797,-0.00019999999999997797,0.0,0.0,-0.004655009882970962
2015-06-03,-0.00019999999999997797,-0.00019999999999997797,0.0,0.0,-0.00013121413104466573
2015-06-04,-0.00019999999999997797,-0.00019999999999997797,0.0,0.0,-0.005156073018612428
2015-06-05,-0.00019999999999997797,-0.00019999999999997797,0.0,0.0,-0.005320044560749637
2015-06-08,-0.00019999999999997797,-0.00019999999999997797,0.0,0.0,-0.011954794946193892
2015-06-09,-0.00019999999999997797,-0.00019999999999997797,0.0,0.0,-0.011750173826195809
2015-06-10,-0.00019999999999997797,-0.00019999999999997797,0.0,0.0,-0.005523713050354706
2015-06-11,-0.00019999999999997797,-0.00019999999999997797,0.0,0.0,-0.004940497276381572
2015-06-12,-0.00019999999999997797,-0.00019999999999997797,0.0,0.0,-0.014407651969992608
2015-06-15,-0.00019999999999997797,-0.00019999999999997797,0.0,0.0,-0.021254034716726822
2015-06-16,-0.00019999999999997797,-0.00019999999999997797,0.0,0.0,-0.013885294235171708
2015-06-17,-0.00019999999999997797,-0.00019999999999997797,0.0,0.0,-0.006180521231825886
2015-06-18,-0.00019999999999997797,-0.00019999999999997797,0.0,0.0,0.0
2015-06-19,-0.00019999999999997797,-0.00019999999999997797,0.0,0.0,-0.005233062479260142
2015-06-22,-0.00019999999999997797,-0.00019999999999997797,0.0,0.0,-0.0009493385791620179
2015-06-23,-0.00019999999999997797,-0.00019999999999997797,0.0,0.0,0.0
2015-06-24,-0.00019999999999997797,-0.00019999999999997797,0.0,0.0,-0.0036679087042552627
2015-06-25,-0.00019999999999997797,-0.00019999999999997797,0.0,0.0,-0.003078308750003811
2015-06-26,-0.00019999999999997797,-0.00019999999999997797,0.0,0.0,-0.010773074488465761
2015-06-29,-0.00019999999999997797,-0.00019999999999997797,0.0,0.0,-0.03215852721891177
2015-06-30,-0.00019999999999997797,-0.00019999999999997797,0.0,0.0,-0.02763129691166999
2015-07-01,-0.00019999999999997797,-0.00019999999999997797,0.0,0.0,-0.01918871780495346
2015-07-02,-0.00019999999999997797,-0.00019999999999997797,0.0,0.0,-0.011962528563560837
2015-07-06,-0.00019999999999997797,-0.00019999999999997797,0.0,0.0,-0.014918332822823954
2015-07-07,-0.00019999999999997797,-0.00019999999999997797,0.0,0.0,-0.023331344147823008
2015-07-08,-0.00019999999999997797,-0.00019999999999997797,0.0,0.0,-0.041567376140880685
2015-07-09,-0.00019999999999997797,-0.00019999999999997797,0.0,0.0,-0.04096845334029087
2015-07-10,-0.00019999999999997797,-0.00019999999999997797,0.0,0.0,-0.024914124561641215
2015-07-13,-0.00019999999999997797,-0.00019999999999997797,0.0,0.0,-0.005680414950354096
2015-07-14,-0.00019999999999997797,-0.00019999999999997797,0.0,0.0,0.0
2015-07-15,-0.00019999999999997797,-0.00019999999999997797,0.0,0.0,-0.0018111104588347526
2015-07-16,-0.00019999999999997797,-0.00019999999999997797,0.0,0.0,0.0
2015-07-17,-0.00019999999999997797,-0.00019999999999997797,0.0,0.0,0.0
2015-07-20,-0.00019999999999997797,-0.00019999999999997797,0.0,0.0,0.0
2015-07-21,-0.00019999999999997797,-0.00019999999999997797,0.0,0.0,-0.006330237568814234
2015-07-22,-0.00019999999999997797,-0.00019999999999997797,0.0,0.0,-0.02165468536098558
2015-07-23,-0.00019999999999997797,-0.00019999999999997797,0.0,0.0,-0.026700721931466997
2015-07-24,-0.00019999999999997797,-0.00019999999999997797,0.0,0.0,-0.018796566197784248
2015-07-27,-0.00019999999999997797,-0.00019999999999997797,0.0,0.0,-0.03263058269332608
2015-07-28,-0.00019999999999997797,-0.00019999999999997797,0.0,0.0,-0.02198157439661652
2015-07-29,-0.00019999999999997797,-0.00019999999999997797,0.0,0.0,-0.014667471239347085
2015-07-30,-0.00019999999999997797,-0.00019999999999997797,0.0,0.0,-0.011498211746370335
2015-07-31,-0.00019999999999997797,-0.00019999999999997797,0.0,0.0,-0.01754822319991023
2015-08-03,-0.00019999999999997797,-0.00019999999999997797,0.0,0.0,-0.0199411711236277
2015-08-04,-0.00019999999999997797,-0.00019999999999997797,0.0,0.0,-0.019973062056894864
2015-08-05,-0.00019999999999997797,-0.00019999999999997797,0.0,0.0,-0.00802927740159931
2015-08-06,-0.00019999999999997797,-0.00019999999999997797,0.0,0.0,-0.029298464327126572
2015-08-07,-0.00019999999999997797,-0.00019999999999997797,0.0,0.0,-0.01753417451086836
2015-08-10,-0.00019999999999997797,-0.00019999999999997797,0.0,0.0,-0.006683198824329439
2015-08-11,-0.00019999999999997797,-0.00019999999999997797,0.0,0.0,-0.01381038977844895
2015-08-12,-0.00019999999999997797,-0.00019999999999997797,0.0,0.0,-0.009121574496969154
2015-08-13,-0.00019999999999997797,-0.00019999999999997797,0.0,0.0,-0.00902471991844811
2015-08-14,-0.00019999999999997797,-0.00019999999999997797,0.0,0.0,-0.004129948069836131
2015-08-17,-0.00019999999999997797,-0.00019999999999997797,0.0,0.0,0.0
2015-08-18,-0.00019999999999997797,-0.00019999999999997797,0.0,0.0,0.0
2015-08-19,-0.00019999999999997797,-0.00019999999999997797,0.0,0.0,-0.006625154007474987
2015-08-20,-0.00019999999999997797,-0.00019999999999997797,0.0,0.0,-0.03943314896747385
2015-08-21,-0.00019999999999997797,-0.00019999999999997797,0.0,0.0,-0.08599546498678623
2015-08-24,-0.00019999999999997797,-0.00019999999999997797,0.0,0.0,-0.12431481156557644
2015-08-25,-0.00019999999999997797,-0.00019999999999997797,0.0,0.0,-0.12807352157739027
2015-08-26,-0.00019999999999997797,-0.00019999999999997797,0.0,0.0,-0.07682524503193777
2015-08-27,-0.00019999999999997797,-0.00019999999999997797,0.0,0.0,-0.04354247891111773
2015-08-28,-0.00019999999999997797,-0.00019999999999997797,0.0,0.0,-0.03914796454517655
2015-08-31,-0.00019999999999997797,-0.00019999999999997797,0.0,0.0,-0.048470121614905826
2015-09-01,-0.00019999999999997797,-0.00019999999999997797,0.0,0.0,-0.08262014774573079
2015-09-02,-0.00019999999999997797,-0.00019999999999997797,0.0,0.0,-0.05235708899831404
2015-09-03,-0.00019999999999997797,-0.00019999999999997797,0.0,0.0,-0.06090329368729297
2015-09-04,-0.00019999999999997797,-0.00019999999999997797,0.0,0.0,-0.07316293361422976
2015-09-08,-0.00019999999999997797,-0.00019999999999997797,0.0,0.0,-0.04645977684855718
2015-09-09,-0.00019999999999997797,-0.00019999999999997797,0.0,0.0,-0.05280718028799436
2015-09-10,-0.00019999999999997797,-0.00019999999999997797,0.0,0.0,-0.04192879934819749
2015-09-11,-0.00019999999999997797,-0.00019999999999997797,0.0,0.0,-0.03506213759699206
2015-09-14,-0.00019999999999997797,-0.00019999999999997797,0.0,0.0,-0.0355654547657982
2015-09-15,-0.00019999999999997797,-0.00019999999999997797,0.0,0.0,-0.02586975722664364
2015-09-16,-0.00019999999999997797,-0.00019999999999997797,0.0,0.0,-0.01671196820524712
2015-09-17,-0.00019999999999997797,-0.00019999999999997797,0.0,0.0,-0.013001006269495963
2015-09-18,-0.00019999999999997797,-0.00019999999999997797,0.0,0.0,-0.018740704335184488
2015-09-21,-0.00019999999999997797,-0.00019999999999997797,0.0,0.0,-0.0060623100381929085
2015-09-22,-0.00019999999999997797,-0.00019999999999997797,0.0,0.0,-0.02395222337196845
2015-09-23,-0.00019999999999997797,-0.00019999999999997797,0.0,0.0,-0.02125135901679509
2015-09-24,-0.00019999999999997797,-0.00019999999999997797,0.0,0.0,-0.016117731487343523
2015-09-25,-0.00019999999999997797,-0.00019999999999997797,0.0,0.0,-0.026785045769423532
2015-09-28,-0.00019999999999997797,-0.00019999999999997797,0.0,0.0,-0.05215039114002973
2015-09-29,-0.00019999999999997797,-0.00019999999999997797,0.0,0.0,-0.06069654002411429
2015-09-30,-0.00019999999999997797,-0.00019999999999997797,0.0,0.0,-0.037689167706815185
2015-10-01,-0.00019999999999997797,-0.00019999999999997797,0.0,0.0,-0.04013291024637278
2015-10-02,-0.00019999999999997797,-0.00019999999999997797,0.0,0.0,-0.020207959820353172
2015-10-05,-0.00019999999999997797,-0.00019999999999997797,0.0,0.0,-0.004741508522491111
2015-10-06,-0.00019999999999997797,-0.00019999999999997797,0.0,0.0,-0.008018482599155496
2015-10-07,-0.00019999999999997797,-0.00019999999999997797,0.0,0.0,-0.012412203698423663
2015-10-08,-0.00019999999999997797,-0.00019999999999997797,0.0,0.0,-0.017267176896488046
2015-10-09,-0.00019999999999997797,-0.00019999999999997797,0.0,0.0,-0.015374497348203509
2015-10-12,-0.00019999999999997797,-0.00019999999999997797,0.0,0.0,-0.012767750027642744
2015-10-13,-0.00019999999999997797,-0.00019999999999997797,0.0,0.0,-0.009324053030824175
2015-10-14,-0.00019999999999997797,-0.00019999999999997797,0.0,0.0,-0.010037935316297486
2015-10-15,-0.00019999999999997797,-0.00019999999999997797,0.0,0.0,0.0
2015-10-16,-0.00019999999999997797,-0.00019999999999997797,0.0,0.0,0.0
2015-10-19,-0.00019999999999997797,-0.00019999999999997797,0.0,0.0,0.0
2015-10-20,-0.00019999999999997797,-0.00019999999999997797,0.0,0.0,-0.015848008049290208
2015-10-21,-0.00019999999999997797,-0.00019999999999997797,0.0,0.0,-0.02411770517774836
2015-10-22,-0.00019999999999997797,-0.00019999999999997797,0.0,0.0,-0.005761632374610248
2015-10-23,-0.00019999999999997797,-0.00019999999999997797,0.0,0.0,0.0
2015-10-26,-0.00019999999999997797,-0.00019999999999997797,0.0,0.0,0.0
2015-10-27,-0.00019999999999997797,-0.00019999999999997797,0.0,0.0,-0.004939044568547879
2015-10-28,-0.00019999999999997797,-0.00019999999999997797,0.0,0.0,0.0
2015-10-29,-0.00019999999999997797,-0.00019999999999997797,0.0,0.0,-0.0012995945538877285
2015-10-30,-0.00019999999999997797,-0.00019999999999997797,0.0,0.0,-0.009591451840843646
2015-11-02,-0.00019999999999997797,-0.00019999999999997797,0.0,0.0,0.0
2015-11-03,-0.00019999999999997797,-0.00019999999999997797,0.0,0.0,-0.0020444353865438636
2015-11-04,-0.00019999999999997797,-0.00019999999999997797,0.0,0.0,0.0
2015-11-05,-0.00019999999999997797,-0.00019999999999997797,0.0,0.0,0.0
2015-11-06,-0.00019999999999997797,-0.00019999999999997797,0.0,0.0,0.0
2015-11-09,-0.00019999999999997797,-0.00019999999999997797,0.0,0.0,-0.010439946424286362
2015-11-10,-0.00019999999999997797,-0.00019999999999997797,0.0,0.0,-0.0213897012478359
2015-11-11,-0.00019999999999997797,-0.00019999999999997797,0.0,0.0,-0.01591973228615906
2015-11-12,-0.00019999999999997797,-0.00019999999999997797,0.0,0.0,-0.02617961629201937
2015-11-13,-0.00019999999999997797,-0.00019999999999997797,0.0,0.0,-0.05112566273069763
2015-11-16,-0.00019999999999997797,-0.00019999999999997797,0.0,0.0,-0.0359857160426309
2015-11-17,-0.00019999999999997797,-0.00019999999999997797,0.0,0.0,-0.03913705172034887
2015-11-18,-0.00019999999999997797,-0.00019999999999997797,0.0,0.0,-0.014783114152358445
2015-11-19,-0.00019999999999997797,-0.00019999999999997797,0.0,0.0,-0.014353427884024716
2015-11-20,-0.00019999999999997797,-0.00019999999999997797,0.0,0.0,-0.006904622619450795
2015-11-23,-0.00019999999999997797,-0.00019999999999997797,0.0,0.0,-0.010636327494265907
2015-11-24,-0.00019999999999997797,-0.00019999999999997797,0.0,0.0,-0.012173722631249384
2015-11-25,-0.00019999999999997797,-0.00019999999999997797,0.0,0.0,-0.007083125365114129
2015-11-27,-0.00019999999999997797,-0.00019999999999997797,0.0,0.0,-0.004195255469745862
2015-11-30,-0.00019999999999997797,-0.00019999999999997797,0.0,0.0,-0.006929882840958523
2015-12-01,-0.00019999999999997797,-0.00019999999999997797,0.0,0.0,0.0
2015-12-02,-0.00019999999999997797,-0.00019999999999997797,0.0,0.0,-0.008663395210513403
2015-12-03,-0.00019999999999997797,-0.00019999999999997797,0.0,0.0,-0.01849299314446029
2015-12-04,-0.00019999999999997797,-0.00019999999999997797,0.0,0.0,0.0
2015-12-07,-0.00019999999999997797,-0.00019999999999997797,0.0,0.0,-0.005903606960333652
2015-12-08,-0.00019999999999997797,-0.00019999999999997797,0.0,0.0,-0.0036256170832353884
2015-12-09,-0.00019999999999997797,-0.00019999999999997797,0.0,0.0,-0.021294175955142602
2015-12-10,-0.00019999999999997797,-0.00019999999999997797,0.0,0.0,-0.017033188778687536
2015-12-11,-0.00019999999999997797,-0.00019999999999997797,0.0,0.0,-0.04289665637484563
2015-12-14,-0.00019999999999997797,-0.00019999999999997797,0.0,0.0,-0.030288776460573374
2015-12-15,-0.00019999999999997797,-0.00019999999999997797,0.0,0.0,-0.02973380227005573
2015-12-16,-0.00019999999999997797,-0.00019999999999997797,0.0,0.0,-0.007494266647184
2015-12-17,-0.00019999999999997797,-0.00019999999999997797,0.0,0.0,-0.01746550999880625
2015-12-18,-0.00019999999999997797,-0.00019999999999997797,0.0,0.0,-0.03587036542554234
2015-12-21,-0.00019999999999997797,-0.00019999999999997797,0.0,0.0,-0.026148035029130767
2015-12-22,-0.00019999999999997797,-0.00019999999999997797,0.0,0.0,-0.024516152188154505
2015-12-23,-0.00019999999999997797,-0.00019999999999997797,0.0,0.0,-0.021957940914100416
2015-12-24,-0.00019999999999997797,-0.00019999999999997797,0.0,0.0,-0.02222044101325127
2015-12-28,-0.00019999999999997797,-0.00019999999999997797,0.0,0.0,-0.01737319115741398
2015-12-29,-0.00019999999999997797,-0.00019999999999997797,0.0,0.0,0.0
2015-12-30,-0.00019999999999997797,-0.00019999999999997797,0.0,0.0,-0.006212203199918331
2015-12-31,-0.00019999999999997797,-0.00019999999999997797,0.0,0.0,-0.018721646173120776
2016-01-04,-0.00019999999999997797,-0.00019999999999997797,0.0,0.0,-0.04720701181662701
2016-01-05,-0.00019999999999997797,-0.00019999999999997797,0.0,0.0,-0.047428313472760664
2016-01-06,-0.00019999999999997797,-0.00019999999999997797,0.0,0.0,-0.06118406584531
2016-01-07,-0.00019999999999997797,-0.00019999999999997797,0.0,0.0,-0.09395539794754226
2016-01-08,-0.00019999999999997797,-0.00019999999999997797,0.0,0.0,-0.10117533634359155
2016-01-11,-0.00019999999999997797,-0.00019999999999997797,0.0,0.0,-0.09799197173601337
2016-01-12,-0.00019999999999997797,-0.00019999999999997797,0.0,0.0,-0.08680799909937087
2016-01-13,-0.00019999999999997797,-0.00019999999999997797,0.0,0.0,-0.12024595482089684
2016-01-14,-0.00019999999999997797,-0.00019999999999997797,0.0,0.0,-0.10443084994954055
2016-01-15,-0.00019999999999997797,-0.00019999999999997797,0.0,0.0,-0.13331138934184006
2016-01-19,-0.00019999999999997797,-0.00019999999999997797,0.0,0.0,-0.13130421664247638
2016-01-20,-0.00019999999999997797,-0.00019999999999997797,0.0,0.0,-0.13540158553856652
2016-01-21,-0.00019999999999997797,-0.00019999999999997797,0.0,0.0,-0.1327056324870538
2016-01-22,-0.00019999999999997797,-0.00019999999999997797,0.0,0.0,-0.10440026049647089
2016-01-25,-0.00019999999999997797,-0.00019999999999997797,0.0,0.0,-0.11536852119330021
2016-01-26,-0.00019999999999997797,-0.00019999999999997797,0.0,0.0,-0.11285282323109813
2016-01-27,-0.00019999999999997797,-0.00019999999999997797,0.0,0.0,-0.13891950167302392
2016-01-28,-0.00019999999999997797,-0.00019999999999997797,0.0,0.0,-0.1009857687134127
2016-01-29,-0.00019999999999997797,-0.00019999999999997797,0.0,0.0,-0.08625342395068702
2016-02-01,-0.00019999999999997797,-0.00019999999999997797,0.0,0.0,-0.08215616259477776
2016-02-02,-0.00019999999999997797,-0.00019999999999997797,0.0,0.0,-0.10788492575736175
2016-02-03,-0.00019999999999997797,-0.00019999999999997797,0.0,0.0,-0.125366226722731
2016-02-04,-0.00019999999999997797,-0.00019999999999997797,0.0,0.0,-0.128493082592259
2016-02-05,-0.00019999999999997797,-0.00019999999999997797,0.0,0.0,-0.17275703774319395
2016-02-08,-0.00019999999999997797,-0.00019999999999997797,0.0,0.0,-0.19744897612256906
2016-02-09,-0.00019999999999997797,-0.00019999999999997797,0.0,0.0,-0.19851492310505436
2016-02-10,-0.00019999999999997797,-0.00019999999999997797,0.0,0.0,-0.1975614075260922
2016-02-11,-0.00019999999999997797,-0.00019999999999997797,0.0,0.0,-0.18938979110628296
2016-02-12,-0.00019999999999997797,-0.00019999999999997797,0.0,0.0,-0.18378704128474233
2016-02-16,-0.00019999999999997797,-0.00019999999999997797,0.0,0.0,-0.16569903312049516
2016-02-17,-0.00019999999999997797,-0.00019999999999997797,0.0,0.0,-0.13787110394530788
2016-02-18,-0.00019999999999997797,-0.00019999999999997797,0.0,0.0,-0.13810020687836633
2016-02-19,-0.00019999999999997797,-0.00019999999999997797,0.0,0.0,-0.13333505447272143
2016-02-22,-0.00019999999999997797,-0.00019999999999997797,0.0,0.0,-0.10763143944971687
2016-02-23,-0.00019999999999997797,-0.00019999999999997797,0.0,0.0,-0.1197024820617063
2016-02-24,-0.00019999999999997797,-0.00019999999999997797,0.0,0.0,-0.11266541528972807
2016-02-25,-0.00019999999999997797,-0.00019999999999997797,0.0,0.0,-0.10060899072654361
2016-02-26,-0.00019999999999997797,-0.00019999999999997797,0.0,0.0,-0.10214447510572766
2016-02-29,-0.00019999999999997797,-0.00019999999999997797,0.0,0.0,-0.10687640062373982
2016-03-01,-0.00019999999999997797,-0.00019999999999997797,0.0,0.0,-0.08157729400821423
2016-03-02,-0.00019999999999997797,-0.00019999999999997797,0.0,0.0,-0.07825975582930977
2016-03-03,-0.00019999999999997797,-0.00019999999999997797,0.0,0.0,-0.07722257431569135
2016-03-04,-0.00019999999999997797,-0.00019999999999997797,0.0,0.0,-0.07511646961933738
2016-03-07,-0.00019999999999997797,-0.00019999999999997797,0.0,0.0,-0.08640673270583477
2016-03-08,-0.00019999999999997797,-0.00019999999999997797,0.0,0.0,-0.09019691416146847
2016-03-09,-0.00019999999999997797,-0.00019999999999997797,0.0,0.0,-0.07932308227509977
2016-03-10,-0.00019999999999997797,-0.00019999999999997797,0.0,0.0,-0.08279617267106687
2016-03-11,-0.00019999999999997797,-0.00019999999999997797,0.0,0.0,-0.0677735281117785
2016-03-14,-0.00019999999999997797,-0.00019999999999997797,0.0,0.0,-0.05952003053946664
2016-03-15,-0.00019999999999997797,-0.00019999999999997797,0.0,0.0,-0.052564526263679134
2016-03-16,-0.00019999999999997797,-0.00019999999999997797,0.0,0.0,-0.04015185771536167
2016-03-17,-0.00019999999999997797,-0.00019999999999997797,0.0,0.0,-0.042756350172817204
2016-03-18,-0.00019999999999997797,-0.00019999999999997797,0.0,0.0,-0.03938443909853895
2016-03-21,-0.00019999999999997797,-0.00019999999999997797,0.0,0.0,-0.0325610694898415
2016-03-22,-0.00019999999999997797,-0.00019999999999997797,0.0,0.0,-0.0318425639099138
2016-03-23,-0.00019999999999997797,-0.00019999999999997797,0.0,0.0,-0.03521573752684204
2016-03-24,-0.00019999999999997797,-0.00019999999999997797,0.0,0.0,-0.02844608332439358
2016-03-28,-0.00019999999999997797,-0.00019999999999997797,0.0,0.0,-0.028087863312032058
2016-03-29,-0.00019999999999997797,-0.00019999999999997797,0.0,0.0,-0.010946966046471718
2016-03-30,-0.00019999999999997797,-0.00019999999999997797,0.0,0.0,-0.008264802579607267
2016-03-31,-0.00019999999999997797,-0.00019999999999997797,0.0,0.0,-0.010194600926385466
2016-04-01,-0.00019999999999997797,-0.00019999999999997797,0.0,0.0,0.0
2016-04-04,-0.00019999999999997797,-0.00019999999999997797,0.0,0.0,-0.0010557703930474949
2016-04-05,-0.00019999999999997797,-0.00019999999999997797,0.0,0.0,-0.0036138489745768387
2016-04-06,-0.00019999999999997797,-0.00019999999999997797,0.0,0.0,0.0
2016-04-07,-0.00019999999999997797,-0.00019999999999997797,0.0,0.0,-0.014820487858607456
2016-04-08,-0.00019999999999997797,-0.00019999999999997797,0.0,0.0,-0.020849960235932552
2016-04-11,-0.00019999999999997797,-0.00019999999999997797,0.0,0.0,-0.022006381243330653
2016-04-12,-0.00019999999999997797,-0.00019999999999997797,0.0,0.0,-0.015617173595566247
2016-04-13,-0.00019999999999997797,-0.00019999999999997797,0.0,0.0,-0.0004541711627278344
2016-04-14,-0.00019999999999997797,-0.00019999999999997797,0.0,0.0,0.0
2016-04-15,-0.00019999999999997797,-0.00019999999999997797,0.0,0.0,0.0
2016-04-18,-0.00019999999999997797,-0.00019999999999997797,0.0,0.0,0.0
2016-04-19,-0.00019999999999997797,-0.00019999999999997797,0.0,0.0,-0.008516449128149306
2016-04-20,-0.00019999999999997797,-0.00019999999999997797,0.0,0.0,-0.007130087584970357
2016-04-21,-0.00019999999999997797,-0.00019999999999997797,0.0,0.0,-0.0075192161062048735
2016-04-22,-0.00019999999999997797,-0.00019999999999997797,0.0,0.0,-0.02913697125177761
2016-04-25,-0.00019999999999997797,-0.00019999999999997797,0.0,0.0,-0.027875389251296512
2016-04-26,-0.00019999999999997797,-0.00019999999999997797,0.0,0.0,-0.03636066780230707
2016-04-27,-0.00019999999999997797,-0.00019999999999997797,0.0,0.0,-0.047291104128623807
2016-04-28,-0.00019999999999997797,-0.00019999999999997797,0.0,0.0,-0.054634029857553834
2016-04-29,-0.00019999999999997797,-0.00019999999999997797,0.0,0.0,-0.048113013154421735
2016-05-02,-0.00019999999999997797,-0.00019999999999997797,0.0,0.0,-0.03645312332042905
2016-05-03,-0.00019999999999997797,-0.00019999999999997797,0.0,0.0,-0.04848344775242752
2016-05-04,-0.00019999999999997797,-0.00019999999999997797,0.0,0.0,-0.05725116916313833
2016-05-05,-0.00019999999999997797,-0.00019999999999997797,0.0,0.0,-0.0663050879281607
2016-05-06,-0.00019999999999997797,-0.00019999999999997797,0.0,0.0,-0.055466557091576774
2016-05-09,-0.00019999999999997797,-0.00019999999999997797,0.0,0.0,-0.058571730702501545
2016-05-10,-0.00019999999999997797,-0.00019999999999997797,0.0,0.0,-0.0447370465483683
2016-05-11,-0.00019999999999997797,-0.00019999999999997797,0.0,0.0,-0.046197590059667504
2016-05-12,-0.00019999999999997797,-0.00019999999999997797,0.0,0.0,-0.04981122368513724
2016-05-13,-0.00019999999999997797,-0.00019999999999997797,0.0,0.0,-0.03246127302284896
2016-05-16,-0.00019999999999997797,-0.00019999999999997797,0.0,0.0,-0.02089537144582776
2016-05-17,-0.00019999999999997797,-0.00019999999999997797,0.0,0.0,-0.03369917409962997
2016-05-18,-0.00019999999999997797,-0.00019999999999997797,0.0,0.0,-0.02229171445195166
2016-05-19,-0.00019999999999997797,-0.00019999999999997797,0.0,0.0,-0.022921227973367153
2016-05-20,-0.00019999999999997797,-0.00019999999999997797,0.0,0.0,-0.012039919829474943
2016-05-23,-0.00019999999999997797,-0.00019999999999997797,0.0,0.0,-0.018016790891389522
2016-05-24,-0.00019999999999997797,-0.00019999999999997797,0.0,0.0,-0.0006954356254672556
2016-05-25,-0.00019999999999997797,-0.00019999999999997797,0.0,0.0,0.0
2016-05-26,-0.00019999999999997797,-0.00019999999999997797,0.0,0.0,0.0
2016-05-27,-0.00019999999999997797,-0.00019999999999997797,0.0,0.0,0.0
2016-05-31,-0.00019999999999997797,-0.00019999999999997797,0.0,0.0,0.0
2016-06-01,-0.00019999999999997797,-0.00019999999999997797,0.0,0.0,-0.005253144185983882
2016-06-02,-0.00019999999999997797,-0.00019999999999997797,0.0,0.0,-0.0055804497121574315
2016-06-03,-0.00019999999999997797,-0.00019999999999997797,0.0,0.0,-0.011808370396945711
2016-06-06,-0.00019999999999997797,-0.00019999999999997797,0.0,0.0,-0.009997317741209155
2016-06-07,-0.00019999999999997797,-0.00019999999999997797,0.0,0.0,-0.003365871143358845
2016-06-08,-0.00019999999999997797,-0.00019999999999997797,0.0,0.0,0.0
2016-06-09,-0.00019999999999997797,-0.00019999999999997797,0.0,0.0,0.0
2016-06-10,-0.00019999999999997797,-0.00019999999999997797,0.0,0.0,-0.017749229425541357
2016-06-13,-0.00019999999999997797,-0.00019999999999997797,0.0,0.0,-0.02630056665301861
2016-06-14,-0.00019999999999997797,-0.00019999999999997797,0.0,0.0,-0.026320968177734216
2016-06-15,-0.00019999999999997797,-0.00019999999999997797,0.0,0.0,-0.025558435828723747
2016-06-16,-0.00019999999999997797,-0.00019999999999997797,0.0,0.0,-0.023435559022084385
2016-06-17,-0.00019999999999997797,-0.00019999999999997797,0.0,0.0,-0.03902571831931634
2016-06-20,-0.00019999999999997797,-0.00019999999999997797,0.0,0.0,-0.032085432848954376
2016-06-21,-0.00019999999999997797,-0.00019999999999997797,0.0,0.0,-0.02659360292703028
2016-06-22,-0.00019999999999997797,-0.00019999999999997797,0.0,0.0,-0.04358213712704495
2016-06-23,-0.00019999999999997797,-0.00019999999999997797,0.0,0.0,-0.032409196128247886
2016-06-24,-0.00019999999999997797,-0.00019999999999997797,0.0,0.0,-0.06575284279047466
2016-06-27,-0.00019999999999997797,-0.00019999999999997797,0.0,0.0,-0.07509006726307954
2016-06-28,-0.00019999999999997797,-0.00019999999999997797,0.0,0.0,-0.05636913125583953
2016-06-29,-0.00019999999999997797,-0.00019999999999997797,0.0,0.0,-0.040419460259580875
2016-06-30,-0.00019999999999997797,-0.00019999999999997797,0.0,0.0,-0.03275467500095963
2016-07-01,-0.00019999999999997797,-0.00019999999999997797,0.0,0.0,-0.02749089026783902
2016-07-05,-0.00019999999999997797,-0.00019999999999997797,0.0,0.0,-0.029146644562721535
2016-07-06,-0.00019999999999997797,-0.00019999999999997797,0.0,0.0,-0.02071297359464408
2016-07-07,-0.00019999999999997797,-0.00019999999999997797,0.0,0.0,-0.017047033323993377
2016-07-08,-0.00019999999999997797,-0.00019999999999997797,0.0,0.0,-0.0017387862411554211
2016-07-11,-0.00019999999999997797,-0.00019999999999997797,0.0,0.0,0.0
2016-07-12,-0.00019999999999997797,-0.00019999999999997797,0.0,0.0,0.0
2016-07-13,-0.00019999999999997797,-0.00019999999999997797,0.0,0.0,-0.004452731264156351
2016-07-14,-0.00019999999999997797,-0.00019999999999997797,0.0,0.0,0.0
2016-07-15,-0.00019999999999997797,-0.00019999999999997797,0.0,0.0,-0.004177527885451671
2016-07-18,-0.00019999999999997797,-0.00019999999999997797,0.0,0.0,0.0
2016-07-19,-0.00019999999999997797,-0.00019999999999997797,0.0,0.0,0.0
2016-07-20,-0.00019999999999997797,-0.00019999999999997797,0.0,0.0,0.0
2016-07-21,-0.00019999999999997797,-0.00019999999999997797,0.0,0.0,-0.010876230797459363
2016-07-22,-0.00019999999999997797,-0.00019999999999997797,0.0,0.0,-0.003585779531051325
2016-07-25,-0.00019999999999997797,-0.00019999999999997797,0.0,0.0,0.0
2016-07-26,-0.00019999999999997797,-0.00019999999999997797,0.0,0.0,-1.4409947874716167e-05
2016-07-27,-0.00019999999999997797,-0.00019999999999997797,0.0,0.0,0.0
2016-07-28,-0.00019999999999997797,-0.00019999999999997797,0.0,0.0,0.0
2016-07-29,-0.00019999999999997797,-0.00019999999999997797,0.0,0.0,0.0
2016-08-01,-0.00019999999999997797,-0.00019999999999997797,0.0,0.0,0.0
2016-08-02,-0.00019999999999997797,-0.00019999999999997797,0.0,0.0,-0.008478302815638994
2016-08-03,-0.00019999999999997797,-0.00019999999999997797,0.0,0.0,-0.00821197304174659
2016-08-04,-0.00019999999999997797,-0.00019999999999997797,0.0,0.0,0.0
2016-08-05,-0.00019999999999997797,-0.00019999999999997797,0.0,0.0,0.0
2016-08-08,-0.00019999999999997797,-0.00019999999999997797,0.0,0.0,0.0
2016-08-09,-0.00019999999999997797,-0.00019999999999997797,0.0,0.0,0.0
2016-08-10,-0.00019999999999997797,-0.00019999999999997797,0.0,0.0,-0.004546530080735023
2016-08-11,-0.00019999999999997797,-0.00019999999999997797,0.0,0.0,-0.0010588502453924287
2016-08-12,-0.00019999999999997797,-0.00019999999999997797,0.0,0.0,0.0
2016-08-15,-0.00019999999999997797,-0.00019999999999997797,0.0,0.0,-5.4726453075248926e-05
2016-08-16,-0.00019999999999997797,-0.00019999999999997797,0.0,0.0,-0.006336609148026251
2016-08-17,-0.00019999999999997797,-0.00019999999999997797,0.0,0.0,-0.0076796703080463935
2016-08-18,-0.00019999999999997797,-0.00019999999999997797,0.0,0.0,-0.0064148690289510535
2016-08-19,-0.00019999999999997797,-0.00019999999999997797,0.0,0.0,-0.006965934044848132
2016-08-22,-0.00019999999999997797,-0.00019999999999997797,0.0,0.0,-0.008053273465552846
2016-08-23,-0.00019999999999997797,-0.00019999999999997797,0.0,0.0,-0.004229350864302206
2016-08-24,-0.00019999999999997797,-0.00019999999999997797,0.0,0.0,-0.011273586037669259
2016-08-25,-0.00019999999999997797,-0.00019999999999997797,0.0,0.0,-0.01289989309436812
2016-08-26,-0.00019999999999997797,-0.00019999999999997797,0.0,0.0,-0.010161745839937342
2016-08-29,-0.00019999999999997797,-0.00019999999999997797,0.0,0.0,-0.010647431126603935
2016-08-30,-0.00019999999999997797,-0.00019999999999997797,0.0,0.0,-0.017753482916184615
2016-08-31,-0.00019999999999997797,-0.00019999999999997797,0.0,0.0,-0.018644545126054624
2016-09-01,-0.00019999999999997797,-0.00019999999999997797,0.0,0.0,-0.02019388761058538
2016-09-02,-0.00019999999999997797,-0.00019999999999997797,0.0,0.0,-0.020471547408480895
2016-09-06,-0.00019999999999997797,-0.00019999999999997797,0.0,0.0,-0.007266796616903326
2016-09-07,-0.00019999999999997797,-0.00019999999999997797,0.0,0.0,-0.008498741407169996
2016-09-08,-0.00019999999999997797,-0.00019999999999997797,0.0,0.0,-0.016627452878935856
2016-09-09,-0.00019999999999997797,-0.00019999999999997797,0.0,0.0,-0.04206493432192793
2016-09-12,-0.00019999999999997797,-0.00019999999999997797,0.0,0.0,-0.025881595031428062
2016-09-13,-0.00019999999999997797,-0.00019999999999997797,0.0,0.0,-0.03268234748921517
2016-09-14,-0.00019999999999997797,-0.00019999999999997797,0.0,0.0,-0.026047556152439144
2016-09-15,-0.00019999999999997797,-0.00019999999999997797,0.0,0.0,-0.006801819632835104
2016-09-16,-0.00019999999999997797,-0.00019999999999997797,0.0,0.0,-0.0017395663890235058
2016-09-19,-0.00019999999999997797,-0.00019999999999997797,0.0,0.0,-0.0032149132160536054
2016-09-20,-0.00019999999999997797,-0.00019999999999997797,0.0,0.0,-0.004282473069405546
2016-09-21,-0.00019999999999997797,-0.00019999999999997797,0.0,0.0,0.0
2016-09-22,-0.00019999999999997797,-0.00019999999999997797,0.0,0.0,0.0
2016-09-23,-0.00019999999999997797,-0.00019999999999997797,0.0,0.0,-0.005107202496313579
2016-09-26,-0.00019999999999997797,-0.00019999999999997797,0.0,0.0,-0.010515462283659627
2016-09-27,-0.00019999999999997797,-0.00019999999999997797,0.0,0.0,0.0
2016-09-28,-0.00019999999999997797,-0.00019999999999997797,0.0,0.0,0.0
2016-09-29,-0.00019999999999997797,-0.00019999999999997797,0.0,0.0,-0.008813128475059662
2016-09-30,-0.00019999999999997797,-0.00019999999999997797,0.0,0.0,-0.0006589898901206981
2016-10-03,-0.00019999999999997797,-0.00019999999999997797,0.0,0.0,0.0
2016-10-04,-0.00019999999999997797,-0.00019999999999997797,0.0,0.0,-0.0023582957679851857
2016-10-05,-0.00019999999999997797,-0.00019999999999997797,0.0,0.0,-0.001634512436777813
2016-10-06,-0.00019999999999997797,-0.00019999999999997797,0.0,0.0,-0.007118703897638579
2016-10-07,-0.00019999999999997797,-0.00019999999999997797,0.0,0.0,-0.011408555280758681
2016-10-10,-0.00019999999999997797,-0.00019999999999997797,0.0,0.0,-0.0005863087096186215
2016-10-11,-0.00019999999999997797,-0.00019999999999997797,0.0,0.0,-0.009151720318742784
2016-10-12,-0.00019999999999997797,-0.00019999999999997797,0.0,0.0,-0.005346650572113809
2016-10-13,-0.00019999999999997797,-0.00019999999999997797,0.0,0.0,-0.01298077587583979
2016-10-14,-0.00019999999999997797,-0.00019999999999997797,0.0,0.0,-0.013121555800317819
2016-10-17,-0.00019999999999997797,-0.00019999999999997797,0.0,0.0,-0.018046960844741333
2016-10-18,-0.00019999999999997797,-0.00019999999999997797,0.0,0.0,-0.006717255062846372
2016-10-19,-0.00019999999999997797,-0.00019999999999997797,0.0,0.0,-0.0019057011930702084
2016-10-20,-0.00019999999999997797,-0.00019999999999997797,0.0,0.0,-0.005440879235689922
2016-10-21,-0.00019999999999997797,-0.00019999999999997797,0.0,0.0,0.0
2016-10-24,-0.00019999999999997797,-0.00019999999999997797,0.0,0.0,0.0
2016-10-25,-0.00019999999999997797,-0.00019999999999997797,0.0,0.0,-3.339254659295854e-05
2016-10-26,-0.00019999999999997797,-0.00019999999999997797,0.0,0.0,-0.00819950451326601
2016-10-27,-0.00019999999999997797,-0.00019999999999997797,0.0,0.0,-0.015471503636970918
2016-10-28,-0.00019999999999997797,-0.00019999999999997797,0.0,0.0,-0.02507719319846502
2016-10-31,-0.00019999999999997797,-0.00019999999999997797,0.0,0.0,-0.025095029447353867
2016-11-01,-0.00019999999999997797,-0.00019999999999997797,0.0,0.0,-0.040028312634672214
2016-11-02,-0.00019999999999997797,-0.00019999999999997797,0.0,0.0,-0.052158844692931305
2016-11-03,-0.00019999999999997797,-0.00019999999999997797,0.0,0.0,-0.0652475312849905
2016-11-04,-0.00019999999999997797,-0.00019999999999997797,0.0,0.0,-0.06754508786673785
2016-11-07,-0.00019999999999997797,-0.00019999999999997797,0.0,0.0,-0.042211786076411295
2016-11-08,-0.00019999999999997797,-0.00019999999999997797,0.0,0.0,-0.03577130012405494
2016-11-09,-0.00019999999999997797,-0.00019999999999997797,0.0,0.0,-0.04746140411451727
2016-11-10,-0.00019999999999997797,-0.00019999999999997797,0.0,0.0,-0.0743133640934237
2016-11-11,-0.00019999999999997797,-0.00019999999999997797,0.0,0.0,-0.03509661081941895
2016-11-14,-0.00019999999999997797,-0.00019999999999997797,0.0,0.0,-0.06423098954948359
2016-11-15,-0.00019999999999997797,-0.00019999999999997797,0.0,0.0,-0.044100604059414183
2016-11-16,-0.00019999999999997797,-0.00019999999999997797,0.0,0.0,-0.029437416430316388
2016-11-17,-0.00019999999999997797,-0.00019999999999997797,0.0,0.0,-0.017803714093737932
2016-11-18,-0.00019999999999997797,-0.00019999999999997797,0.0,0.0,-0.021606882515463277
2016-11-21,-0.00019999999999997797,-0.00019999999999997797,0.0,0.0,-0.00833959285808561
2016-11-22,-0.00019999999999997797,-0.00019999999999997797,0.0,0.0,-0.000864112601724143
2016-11-23,-0.00019999999999997797,-0.00019999999999997797,0.0,0.0,-0.004092817953428307
2016-11-25,-0.00019999999999997797,-0.00019999999999997797,0.0,0.0,-0.00046843814885155766
2016-11-28,-0.00019999999999997797,-0.00019999999999997797,0.0,0.0,-0.002456761662572804
2016-11-29,-0.00019999999999997797,-0.00019999999999997797,0.0,0.0,-0.007113870444007575
2016-11-30,-0.00019999999999997797,-0.00019999999999997797,0.0,0.0,-0.019495871763400285
2016-12-01,-0.00019999999999997797,-0.00019999999999997797,0.0,0.0,-0.04305792367540795
2016-12-02,-0.00019999999999997797,-0.00019999999999997797,0.0,0.0,-0.041704145306331486
2016-12-05,-0.00019999999999997797,-0.00019999999999997797,0.0,0.0,-0.02272787599601056
2016-12-06,-0.00019999999999997797,-0.00019999999999997797,0.0,0.0,-0.020217788472325804
2016-12-07,-0.00019999999999997797,-0.00019999999999997797,0.0,0.0,-0.0029476578390921215
2016-12-08,-0.00019999999999997797,-0.00019999999999997797,0.0,0.0,-0.00414737110214225
2016-12-09,-0.00019999999999997797,-0.00019999999999997797,0.0,0.0,0.0
2016-12-12,-0.00019999999999997797,-0.00019999999999997797,0.0,0.0,-0.007778145865892427
2016-12-13,-0.00019999999999997797,-0.00019999999999997797,0.0,0.0,0.0
2016-12-14,-0.00019999999999997797,-0.00019999999999997797,0.0,0.0,0.0
2016-12-15,-0.00019999999999997797,-0.00019999999999997797,0.0,0.0,0.0
2016-12-16,-0.00019999999999997797,-0.00019999999999997797,0.0,0.0,0.0
2016-12-19,-0.00019999999999997797,-0.00019999999999997797,0.0,0.0,0.0
2016-12-20,-0.00019999999999997797,-0.00019999999999997797,0.0,0.0,0.0
2016-12-21,-0.00019999999999997797,-0.00019999999999997797,0.0,0.0,-0.000415468554597731
2016-12-22,-0.00019999999999997797,-0.00019999999999997797,0.0,0.0,-0.002289307042061206
2016-12-23,-0.00019999999999997797,-0.00019999999999997797,0.0,0.0,0.0
2016-12-27,-0.00019999999999997797,-0.00019999999999997797,0.0,0.0,0.0
2016-12-28,-0.00019999999999997797,-0.00019999999999997797,0.0,0.0,-0.013083500251201974
2016-12-29,-0.00019999999999997797,-0.00019999999999997797,0.0,0.0,-0.016012425047544188
2016-12-30,-0.00019999999999997797,-0.00019999999999997797,0.0,0.0,-0.03157531534714131
2017-01-03,-0.00019999999999997797,-0.00019999999999997797,0.0,0.0,-0.028601584118493895
2017-01-04,-0.00019999999999997797,-0.00019999999999997797,0.0,0.0,-0.01696665234291106
2017-01-05,-0.00019999999999997797,-0.00019999999999997797,0.0,0.0,-0.012394650748701275
2017-01-06,-0.00019999999999997797,-0.00019999999999997797,0.0,0.0,0.0
2017-01-09,-0.00019999999999997797,-0.00019999999999997797,0.0,0.0,0.0
2017-01-10,-0.00019999999999997797,-0.00019999999999997797,0.0,0.0,-0.0028650762085444814
2017-01-11,-0.00019999999999997797,-0.00019999999999997797,0.0,0.0,0.0
2017-01-12,-0.00019999999999997797,-0.00019999999999997797,0.0,0.0,-0.0011737670141573897
2017-01-13,-0.00019999999999997797,-0.00019999999999997797,0.0,0.0,0.0
2017-01-17,-0.00019999999999997797,-0.00019999999999997797,0.0,0.0,-0.006162185471965009
2017-01-18,-0.00019999999999997797,-0.00019999999999997797,0.0,0.0,-0.002052597593082628
2017-01-19,-0.00019999999999997797,-0.00019999999999997797,0.0,0.0,0.0
2017-01-20,-0.00019999999999997797,-0.00019999999999997797,0.0,0.0,0.0
2017-01-23,-0.00019999999999997797,-0.00019999999999997797,0.0,0.0,0.0
2017-01-24,-0.00019999999999997797,-0.00019999999999997797,0.0,0.0,0.0
2017-01-25,-0.00019999999999997797,-0.00019999999999997797,0.0,0.0,0.0
2017-01-26,-0.00019999999999997797,-0.00019999999999997797,0.0,0.0,0.0
2017-01-27,-0.00019999999999997797,-0.00019999999999997797,0.0,0.0,0.0
2017-01-30,-0.00019999999999997797,-0.00019999999999997797,0.0,0.0,-0.011135702001858427
2017-01-31,-0.00019999999999997797,-0.00019999999999997797,0.0,0.0,-0.015357694710989467
2017-02-01,-0.00019999999999997797,-0.00019999999999997797,0.0,0.0,-0.0006573294287448572
2017-02-02,-0.00019999999999997797,-0.00019999999999997797,0.0,0.0,0.0
2017-02-03,-0.00019999999999997797,-0.00019999999999997797,0.0,0.0,-0.004191188836223381
2017-02-06,-0.00019999999999997797,-0.00019999999999997797,0.0,0.0,0.0
2017-02-07,-0.00019999999999997797,-0.00019999999999997797,0.0,0.0,0.0
2017-02-08,-0.00019999999999997797,-0.00019999999999997797,0.0,0.0,0.0
2017-02-09,-0.00019999999999997797,-0.00019999999999997797,0.0,0.0,0.0
2017-02-10,-0.00019999999999997797,-0.00019999999999997797,0.0,0.0,-0.0018908564905375513
2017-02-13,-0.00019999999999997797,-0.00019999999999997797,0.0,0.0,0.0
2017-02-14,-0.00019999999999997797,-0.00019999999999997797,0.0,0.0,0.0
2017-02-15,-0.00019999999999997797,-0.00019999999999997797,0.0,0.0,0.0
2017-02-16,-0.00019999999999997797,-0.00019999999999997797,0.0,0.0,-0.006509887597518249
2017-02-17,-0.00019999999999997797,-0.00019999999999997797,0.0,0.0,-0.0036264863484211096
2017-02-21,-0.00019999999999997797,-0.00019999999999997797,0.0,0.0,0.0
2017-02-22,-0.00019999999999997797,-0.00019999999999997797,0.0,0.0,0.0
2017-02-23,-0.00019999999999997797,-0.00019999999999997797,0.0,0.0,-0.023853268190508814
2017-02-24,-0.00019999999999997797,-0.00019999999999997797,0.0,0.0,-0.023401818848197142
2017-02-27,-0.00019999999999997797,-0.00019999999999997797,0.0,0.0,-0.023891853117210093
2017-02-28,-0.00019999999999997797,-0.00019999999999997797,0.0,0.0,-0.02841608674790419
2017-03-01,-0.00019999999999997797,-0.00019999999999997797,0.0,0.0,-0.0165006925765947
2017-03-02,-0.00019999999999997797,-0.00019999999999997797,0.0,0.0,-0.026762030209188326
2017-03-03,-0.00019999999999997797,-0.00019999999999997797,0.0,0.0,-0.025166057018905508
2017-03-06,-0.00019999999999997797,-0.00019999999999997797,0.0,0.0,-0.02741451445865839
2017-03-07,-0.00019999999999997797,-0.00019999999999997797,0.0,0.0,-0.026462834173652805
2017-03-08,-0.00019999999999997797,-0.00019999999999997797,0.0,0.0,-0.025354077487464655
2017-03-09,-0.00019999999999997797,-0.00019999999999997797,0.0,0.0,-0.0257509356416874
2017-03-10,-0.00019999999999997797,-0.00019999999999997797,0.0,0.0,-0.023683689983893585
2017-03-13,-0.00019999999999997797,-0.00019999999999997797,0.0,0.0,-0.017158711712082497
2017-03-14,-0.00019999999999997797,-0.00019999999999997797,0.0,0.0,-0.011774661830771582
2017-03-15,-0.00019999999999997797,-0.00019999999999997797,0.0,0.0,-0.008827899620244328
2017-03-16,-0.00019999999999997797,-0.00019999999999997797,0.0,0.0,-0.0029866533946919516
2017-03-17,-0.00019999999999997797,-0.00019999999999997797,0.0,0.0,-0.0003365377640373035
2017-03-20,-0.00019999999999997797,-0.00019999999999997797,0.0,0.0,0.0
2017-03-21,-0.00019999999999997797,-0.00019999999999997797,0.0,0.0,-0.020651378131148035
2017-03-22,-0.00019999999999997797,-0.00019999999999997797,0.0,0.0,-0.010172626356118375
2017-03-23,-0.00019999999999997797,-0.00019999999999997797,0.0,0.0,-0.014293382316680758
2017-03-24,-0.00019999999999997797,-0.00019999999999997797,0.0,0.0,-0.00943618322363804
2017-03-27,-0.00019999999999997797,-0.00019999999999997797,0.0,0.0,-0.0033565989718757905
2017-03-28,-0.00019999999999997797,-0.00019999999999997797,0.0,0.0,0.0
2017-03-29,-0.00019999999999997797,-0.00019999999999997797,0.0,0.0,0.0
2017-03-30,-0.00019999999999997797,-0.00019999999999997797,0.0,0.0,0.0
2017-03-31,-0.00019999999999997797,-0.00019999999999997797,0.0,0.0,0.0
2017-04-03,-0.00019999999999997797,-0.00019999999999997797,0.0,0.0,0.0
2017-04-04,-0.00019999999999997797,-0.00019999999999997797,0.0,0.0,-0.004877070918868021
2017-04-05,-0.00019999999999997797,-0.00019999999999997797,0.0,0.0,-0.01121744209037756
2017-04-06,-0.00019999999999997797,-0.00019999999999997797,0.0,0.0,-0.01142250188008953
2017-04-07,-0.00019999999999997797,-0.00019999999999997797,0.0,0.0,-0.012056836172396501
2017-04-10,-0.00019999999999997797,-0.00019999999999997797,0.0,0.0,-0.00944127736049205
2017-04-11,-0.00019999999999997797,-0.00019999999999997797,0.0,0.0,-0.014391624221293142
2017-04-12,-0.00019999999999997797,-0.00019999999999997797,0.0,0.0,-0.022370153409076665
2017-04-13,-0.00019999999999997797,-0.00019999999999997797,0.0,0.0,-0.025155684138624346
2017-04-17,-0.00019999999999997797,-0.00019999999999997797,0.0,0.0,-0.011734777925690443
2017-04-18,-0.00019999999999997797,-0.00019999999999997797,0.0,0.0,-0.013395178825660659
2017-04-19,-0.00019999999999997797,-0.00019999999999997797,0.0,0.0,-0.010629672814259417
2017-04-20,-0.00019999999999997797,-0.00019999999999997797,0.0,0.0,-0.004455326063735887
2017-04-21,-0.00019999999999997797,-0.00019999999999997797,0.0,0.0,-0.001490357784637908
2017-04-24,-0.00019999999999997797,-0.00019999999999997797,0.0,0.0,0.0
2017-04-25,-0.00019999999999997797,-0.00019999999999997797,0.0,0.0,0.0
2017-04-26,-0.00019999999999997797,-0.00019999999999997797,0.0,0.0,-0.0032802026786822314
2017-04-27,-0.00019999999999997797,-0.00019999999999997797,0.0,0.0,0.0
2017-04-28,-0.00019999999999997797,-0.00019999999999997797,0.0,0.0,0.0
2017-05-01,-0.00019999999999997797,-0.00019999999999997797,0.0,0.0,0.0
2017-05-02,-0.00019999999999997797,-0.00019999999999997797,0.0,0.0,-0.004537300346646678
2017-05-03,-0.00019999999999997797,-0.00019999999999997797,0.0,0.0,-0.00794982068946537
2017-05-04,-0.00019999999999997797,-0.00019999999999997797,0.0,0.0,-0.017125594361374175
2017-05-05,-0.00019999999999997797,-0.00019999999999997797,0.0,0.0,-0.00999715834650794
2017-05-08,-0.00019999999999997797,-0.00019999999999997797,0.0,0.0,-0.004013345359193399
2017-05-09,-0.00019999999999997797,-0.00019999999999997797,0.0,0.0,0.0
2017-05-10,-0.00019999999999997797,-0.00019999999999997797,0.0,0.0,0.0
2017-05-11,-0.00019999999999997797,-0.00019999999999997797,0.0,0.0,0.0
2017-05-12,-0.00019999999999997797,-0.00019999999999997797,0.0,0.0,0.0
2017-05-15,-0.00019999999999997797,-0.00019999999999997797,0.0,0.0,0.0
2017-05-16,-0.00019999999999997797,-0.00019999999999997797,0.0,0.0,0.0
2017-05-17,-0.00019999999999997797,-0.00019999999999997797,0.0,0.0,-0.03434919409260628
2017-05-18,-0.00019999999999997797,-0.00019999999999997797,0.0,0.0,-0.016965285270303165
2017-05-19,-0.00019999999999997797,-0.00019999999999997797,0.0,0.0,-0.013244873787179867
2017-05-22,-0.00019999999999997797,-0.00019999999999997797,0.0,0.0,-0.004864598531562403
2017-05-23,-0.00019999999999997797,-0.00019999999999997797,0.0,0.0,-0.008529187970067631
2017-05-24,-0.00019999999999997797,-0.00019999999999997797,0.0,0.0,-1.1680889200005318e-05
2017-05-25,-0.00019999999999997797,-0.00019999999999997797,0.0,0.0,0.0
2017-05-26,-0.00019999999999997797,-0.00019999999999997797,0.0,0.0,0.0
2017-05-30,-0.00019999999999997797,-0.00019999999999997797,0.0,0.0,0.0
2017-05-31,-0.00019999999999997797,-0.00019999999999997797,0.0,0.0,-0.0024584935121870766
2017-06-01,-0.00019999999999997797,-0.00019999999999997797,0.0,0.0,-0.0013640820312056379
2017-06-02,-0.00019999999999997797,-0.00019999999999997797,0.0,0.0,0.0
2017-06-05,-0.00019999999999997797,-0.00019999999999997797,0.0,0.0,0.0
2017-06-06,-0.00019999999999997797,-0.00019999999999997797,0.0,0.0,-0.0003803401871299572
2017-06-07,-0.00019999999999997797,-0.00019999999999997797,0.0,0.0,0.0
2017-06-08,-0.00019999999999997797,-0.00019999999999997797,0.0,0.0,0.0
2017-06-09,-0.00019999999999997797,-0.00019999999999997797,0.0,0.0,-0.03700427073514079
2017-06-12,-0.00019999999999997797,-0.00019999999999997797,0.0,0.0,-0.044486629362427754
2017-06-13,-0.00019999999999997797,-0.00019999999999997797,0.0,0.0,-0.0284044129898805
2017-06-14,-0.00019999999999997797,-0.00019999999999997797,0.0,0.0,-0.029847693265210973
2017-06-15,-0.00019999999999997797,-0.00019999999999997797,0.0,0.0,-0.03602181030252627
2017-06-16,-0.00019999999999997797,-0.00019999999999997797,0.0,0.0,-0.03596545670922913
2017-06-19,-0.00019999999999997797,-0.00019999999999997797,0.0,0.0,-0.020266154403916548
2017-06-20,-0.00019999999999997797,-0.00019999999999997797,0.0,0.0,-0.02453985675229431
2017-06-21,-0.00019999999999997797,-0.00019999999999997797,0.0,0.0,-0.015073915133005156
2017-06-22,-0.00019999999999997797,-0.00019999999999997797,0.0,0.0,-0.014854657650971603
2017-06-23,-0.00019999999999997797,-0.00019999999999997797,0.0,0.0,-0.012809342972630922
2017-06-26,-0.00019999999999997797,-0.00019999999999997797,0.0,0.0,-0.023051208341654084
2017-06-27,-0.00019999999999997797,-0.00019999999999997797,0.0,0.0,-0.04695877866020193
2017-06-28,-0.00019999999999997797,-0.00019999999999997797,0.0,0.0,-0.029525118146650042
2017-06-29,-0.00019999999999997797,-0.00019999999999997797,0.0,0.0,-0.050072290296082844
2017-06-30,-0.00019999999999997797,-0.00019999999999997797,0.0,0.0,-0.05285166701526878
2017-07-03,-0.00019999999999997797,-0.00019999999999997797,0.0,0.0,-0.06886832540454901
2017-07-05,-0.00019999999999997797,-0.00019999999999997797,0.0,0.0,-0.06658704641902191
2017-07-06,-0.00019999999999997797,-0.00019999999999997797,0.0,0.0,-0.07873444943234953
2017-07-07,-0.00019999999999997797,-0.00019999999999997797,0.0,0.0,-0.06477418271031854
2017-07-10,-0.00019999999999997797,-0.00019999999999997797,0.0,0.0,-0.04975161835467601
2017-07-11,-0.00019999999999997797,-0.00019999999999997797,0.0,0.0,-0.04096155846701166
2017-07-12,-0.00019999999999997797,-0.00019999999999997797,0.0,0.0,-0.0247635667213858
2017-07-13,-0.00019999999999997797,-0.00019999999999997797,0.0,0.0,-0.02613089889248066
2017-07-14,-0.00019999999999997797,-0.00019999999999997797,0.0,0.0,-0.01541415793223766
2017-07-17,-0.00019999999999997797,-0.00019999999999997797,0.0,0.0,-0.01713405843338578
2017-07-18,-0.00019999999999997797,-0.00019999999999997797,0.0,0.0,-0.005134753069138798
2017-07-19,-0.00019999999999997797,-0.00019999999999997797,0.0,0.0,-0.00289471764454563
2017-07-20,-0.00019999999999997797,-0.00019999999999997797,0.0,0.0,0.0
2017-07-21,-0.00019999999999997797,-0.00019999999999997797,0.0,0.0,-0.001310650709604455
2017-07-24,-0.00019999999999997797,-0.00019999999999997797,0.0,0.0,0.0
2017-07-25,-0.00019999999999997797,-0.00019999999999997797,0.0,0.0,-0.004833041893465007
2017-07-26,-0.00019999999999997797,-0.00019999999999997797,0.0,0.0,0.0
2017-07-27,-0.00019999999999997797,-0.00019999999999997797,0.0,0.0,-0.011683045601898923
2017-07-28,-0.00019999999999997797,-0.00019999999999997797,0.0,0.0,-0.011314211986380718
2017-07-31,-0.00019999999999997797,-0.00019999999999997797,0.0,0.0,-0.028182818951665634
2017-08-01,-0.00019999999999997797,-0.00019999999999997797,0.0,0.0,-0.025324162151428076
2017-08-02,-0.00019999999999997797,-0.00019999999999997797,0.0,0.0,-0.017031951939506906
2017-08-03,-0.00019999999999997797,-0.00019999999999997797,0.0,0.0,-0.010669816608297245
2017-08-04,-0.00019999999999997797,-0.00019999999999997797,0.0,0.0,-0.002485111024900344
2017-08-07,-0.00019999999999997797,-0.00019999999999997797,0.0,0.0,0.0
2017-08-08,-0.00019999999999997797,-0.00019999999999997797,0.0,0.0,0.0
2017-08-09,-0.00019999999999997797,-0.00019999999999997797,0.0,0.0,-0.0006898036916868078
2017-08-10,-0.00019999999999997797,-0.00019999999999997797,0.0,0.0,-0.026475410773583063
2017-08-11,-0.00019999999999997797,-0.00019999999999997797,0.0,0.0,-0.025711499790483705
2017-08-14,-0.00019999999999997797,-0.00019999999999997797,0.0,0.0,-0.0023808608060790215
2017-08-15,-0.00019999999999997797,-0.00019999999999997797,0.0,0.0,-0.003316306473543418
2017-08-16,-0.00019999999999997797,-0.00019999999999997797,0.0,0.0,-0.004939144920059646
2017-08-17,-0.00019999999999997797,-0.00019999999999997797,0.0,0.0,-0.025196599212837123
2017-08-18,-0.00019999999999997797,-0.00019999999999997797,0.0,0.0,-0.02718950640259621
2017-08-21,-0.00019999999999997797,-0.00019999999999997797,0.0,0.0,-0.03519980392701216
2017-08-22,-0.00019999999999997797,-0.00019999999999997797,0.0,0.0,-0.020230182624842108
2017-08-23,-0.00019999999999997797,-0.00019999999999997797,0.0,0.0,-0.015146851057373234
2017-08-24,-0.00019999999999997797,-0.00019999999999997797,0.0,0.0,-0.018756426131154913
2017-08-25,-0.00019999999999997797,-0.00019999999999997797,0.0,0.0,-0.02429669220428976
2017-08-28,-0.00019999999999997797,-0.00019999999999997797,0.0,0.0,-0.0223157800435978
2017-08-29,-0.00019999999999997797,-0.00019999999999997797,0.0,0.0,-0.01717980596779134
2017-08-30,-0.00019999999999997797,-0.00019999999999997797,0.0,0.0,-0.007031777917614224
2017-08-31,-0.00019999999999997797,-0.00019999999999997797,0.0,0.0,0.0
2017-09-01,-0.00019999999999997797,-0.00019999999999997797,0.0,0.0,-0.00166984566726891
2017-09-05,-0.00019999999999997797,-0.00019999999999997797,0.0,0.0,-0.01470201228533552
2017-09-06,-0.00019999999999997797,-0.00019999999999997797,0.0,0.0,-0.015794164901592245
2017-09-07,-0.00019999999999997797,-0.00019999999999997797,0.0,0.0,-0.007638761337213196
2017-09-08,-0.00019999999999997797,-0.00019999999999997797,0.0,0.0,-0.021091548922909986
2017-09-11,-0.00019999999999997797,-0.00019999999999997797,0.0,0.0,-0.00016826236442080145
2017-09-12,-0.00019999999999997797,-0.00019999999999997797,0.0,0.0,-9.977003688987907e-06
2017-09-13,-0.00019999999999997797,-0.00019999999999997797,0.0,0.0,0.0
2017-09-14,-0.00019999999999997797,-0.00019999999999997797,0.0,0.0,-0.0027553945685514503
2017-09-15,-0.00019999999999997797,-0.00019999999999997797,0.0,0.0,0.0
2017-09-18,-0.00019999999999997797,-0.00019999999999997797,0.0,0.0,0.0
2017-09-19,-0.00019999999999997797,-0.00019999999999997797,0.0,0.0,-0.0006729718019243824
2017-09-20,-0.00019999999999997797,-0.00019999999999997797,0.0,0.0,-0.0037841523954683653
2017-09-21,-0.00019999999999997797,-0.00019999999999997797,0.0,0.0,-0.016459025030597485
2017-09-22,-0.00019999999999997797,-0.00019999999999997797,0.0,0.0,-0.027218026598744616
2017-09-25,-0.00019999999999997797,-0.00019999999999997797,0.0,0.0,-0.049017929086788925
2017-09-26,-0.00019999999999997797,-0.00019999999999997797,0.0,0.0,-0.044411911612803
2017-09-27,-0.00019999999999997797,-0.00019999999999997797,0.0,0.0,-0.03309884121336193
2017-09-28,-0.00019999999999997797,-0.00019999999999997797,0.0,0.0,-0.03213173540230008
2017-09-29,-0.00019999999999997797,-0.00019999999999997797,0.0,0.0,-0.023424699676577454
2017-10-02,-0.00019999999999997797,-0.00019999999999997797,0.0,0.0,-0.02547720358993011
2017-10-03,-0.00019999999999997797,-0.00019999999999997797,0.0,0.0,-0.02177909329081884
2017-10-04,-0.00019999999999997797,-0.00019999999999997797,0.0,0.0,-0.01875719162502898
2017-10-05,-0.00019999999999997797,-0.00019999999999997797,0.0,0.0,-0.007309146700870794
2017-10-06,-0.00019999999999997797,-0.00019999999999997797,0.0,0.0,-0.0030024881482425547
2017-10-09,-0.00019999999999997797,-0.00019999999999997797,0.0,0.0,-0.004078464830826745
2017-10-10,-0.00019999999999997797,-0.00019999999999997797,0.0,0.0,0.0
2017-10-11,-0.00019999999999997797,-0.00019999999999997797,0.0,0.0,0.0
2017-10-12,-0.00019999999999997797,-0.00019999999999997797,0.0,0.0,0.0
2017-10-13,-0.00019999999999997797,-0.00019999999999997797,0.0,0.0,0.0
2017-10-16,-0.00019999999999997797,-0.00019999999999997797,0.0,0.0,0.0
2017-10-17,-0.00019999999999997797,-0.00019999999999997797,0.0,0.0,0.0
2017-10-18,-0.00019999999999997797,-0.00019999999999997797,0.0,0.0,-0.0006881575383027583
2017-10-19,-0.00019999999999997797,-0.00019999999999997797,0.0,0.0,-0.010683488961539367
2017-10-20,-0.00019999999999997797,-0.00019999999999997797,0.0,0.0,-0.011879171529476373
2017-10-23,-0.00019999999999997797,-0.00019999999999997797,0.0,0.0,-0.023542734674153354
2017-10-24,-0.00019999999999997797,-0.00019999999999997797,0.0,0.0,-0.018829962655086963
2017-10-25,-0.00019999999999997797,-0.00019999999999997797,0.0,0.0,-0.02916165312555996
2017-10-26,-0.00019999999999997797,-0.00019999999999997797,0.0,0.0,-0.02650100659224175
2017-10-27,-0.00019999999999997797,-0.00019999999999997797,0.0,0.0,0.0
2017-10-30,-0.00019999999999997797,-0.00019999999999997797,0.0,0.0,0.0
2017-10-31,-0.00019999999999997797,-0.00019999999999997797,0.0,0.0,0.0
2017-11-01,-0.00019999999999997797,-0.00019999999999997797,0.0,0.0,-0.0028731694553548737
2017-11-02,-0.00019999999999997797,-0.00019999999999997797,0.0,0.0,-0.014974958548083617
2017-11-03,-0.00019999999999997797,-0.00019999999999997797,0.0,0.0,-0.0028767049160437486
2017-11-06,-0.00019999999999997797,-0.00019999999999997797,0.0,0.0,-0.0006072176337245105
2017-11-07,-0.00019999999999997797,-0.00019999999999997797,0.0,0.0,0.0
2017-11-08,-0.00019999999999997797,-0.00019999999999997797,0.0,0.0,0.0
2017-11-09,-0.00019999999999997797,-0.00019999999999997797,0.0,0.0,-0.006472186892672371
2017-11-10,-0.00019999999999997797,-0.00019999999999997797,0.0,0.0,-0.0019640832266534236
2017-11-13,-0.00019999999999997797,-0.00019999999999997797,0.0,0.0,0.0
2017-11-14,-0.00019999999999997797,-0.00019999999999997797,0.0,0.0,-0.0034773501175409116
2017-11-15,-0.00019999999999997797,-0.00019999999999997797,0.0,0.0,-0.010841795061623083
2017-11-16,-0.00019999999999997797,-0.00019999999999997797,0.0,0.0,-0.002861241547423954
2017-11-17,-0.00019999999999997797,-0.00019999999999997797,0.0,0.0,-0.007133026312340807
2017-11-20,-0.00019999999999997797,-0.00019999999999997797,0.0,0.0,-0.00888905383421057
2017-11-21,-0.00019999999999997797,-0.00019999999999997797,0.0,0.0,0.0
2017-11-22,-0.00019999999999997797,-0.00019999999999997797,0.0,0.0,-0.0010891250032073474
2017-11-24,-0.00019999999999997797,-0.00019999999999997797,0.0,0.0,0.0
2017-11-27,-0.00019999999999997797,-0.00019999999999997797,0.0,0.0,0.0
2017-11-28,-0.00019999999999997797,-0.00019999999999997797,0.0,0.0,-0.0029757455071834915
2017-11-29,-0.00019999999999997797,-0.00019999999999997797,0.0,0.0,-0.035684386697717896
2017-11-30,-0.00019999999999997797,-0.00019999999999997797,0.0,0.0,-0.025502158963322863
2017-12-01,-0.00019999999999997797,-0.00019999999999997797,0.0,0.0,-0.033977951159229525
2017-12-04,-0.00019999999999997797,-0.00019999999999997797,0.0,0.0,-0.056496632265434665
2017-12-05,-0.00019999999999997797,-0.00019999999999997797,0.0,0.0,-0.05265394244691335
2017-12-06,-0.00019999999999997797,-0.00019999999999997797,0.0,0.0,-0.040278094820348165
2017-12-07,-0.00019999999999997797,-0.00019999999999997797,0.0,0.0,-0.03377775095633584
2017-12-08,-0.00019999999999997797,-0.00019999999999997797,0.0,0.0,-0.029551751582970964
2017-12-11,-0.00019999999999997797,-0.00019999999999997797,0.0,0.0,-0.015531954668076664
2017-12-12,-0.00019999999999997797,-0.00019999999999997797,0.0,0.0,-0.015845662687164586
2017-12-13,-0.00019999999999997797,-0.00019999999999997797,0.0,0.0,-0.01871315734355139
2017-12-14,-0.00019999999999997797,-0.00019999999999997797,0.0,0.0,-0.017989618562357923
2017-12-15,-0.00019999999999997797,-0.00019999999999997797,0.0,0.0,-0.0029300369335746312
2017-12-18,-0.00019999999999997797,-0.00019999999999997797,0.0,0.0,0.0
2017-12-19,-0.00019999999999997797,-0.00019999999999997797,0.0,0.0,-0.009117694943844956
2017-12-20,-0.00019999999999997797,-0.00019999999999997797,0.0,0.0,-0.013447795394165407
2017-12-21,-0.00019999999999997797,-0.00019999999999997797,0.0,0.0,-0.013497453335304499
2017-12-22,-0.00019999999999997797,-0.00019999999999997797,0.0,0.0,-0.01790020950305049
2017-12-26,-0.00019999999999997797,-0.00019999999999997797,0.0,0.0,-0.023837986968923586
2017-12-27,-0.00019999999999997797,-0.00019999999999997797,0.0,0.0,-0.024777039973784776
2017-12-28,-0.00019999999999997797,-0.00019999999999997797,0.0,0.0,-0.02241394019927967
2017-12-29,-0.00019999999999997797,-0.00019999999999997797,0.0,0.0,-0.03219364724827689
2018-01-02,-0.00019999999999997797,-0.00019999999999997797,0.0,0.0,-0.012002812703361787
2018-01-03,-0.00019999999999997797,-0.00019999999999997797,0.0,0.0,0.0
2018-01-04,-0.00019999999999997797,-0.00019999999999997797,0.0,0.0,0.0
2018-01-05,-0.00019999999999997797,-0.00019999999999997797,0.0,0.0,0.0
2018-01-08,-0.00019999999999997797,-0.00019999999999997797,0.0,0.0,0.0
2018-01-09,-0.00019999999999997797,-0.00019999999999997797,0.0,0.0,-0.0011323364472883846
2018-01-10,-0.00019999999999997797,-0.00019999999999997797,0.0,0.0,-0.00039561002193289063
2018-01-11,-0.00019999999999997797,-0.00019999999999997797,0.0,0.0,0.0
2018-01-12,-0.00019999999999997797,-0.00019999999999997797,0.0,0.0,0.0
2018-01-16,-0.00019999999999997797,-0.00019999999999997797,0.0,0.0,-0.0037375588155770245
2018-01-17,-0.00019999999999997797,-0.00019999999999997797,0.0,0.0,0.0
2018-01-18,-0.00019999999999997797,-0.00019999999999997797,0.0,0.0,0.0
2018-01-19,-0.00019999999999997797,-0.00019999999999997797,0.0,0.0,0.0
2018-01-22,-0.00019999999999997797,-0.00019999999999997797,0.0,0.0,0.0
2018-01-23,-0.00019999999999997797,-0.00019999999999997797,0.0,0.0,0.0
2018-01-24,-0.00019999999999997797,-0.00019999999999997797,0.0,0.0,-0.01028615320244608
2018-01-25,-0.00019999999999997797,-0.00019999999999997797,0.0,0.0,-0.010923832479324935
2018-01-26,-0.00019999999999997797,-0.00019999999999997797,0.0,0.0,0.0
2018-01-29,-0.00019999999999997797,-0.00019999999999997797,0.0,0.0,0.0
2018-01-30,-0.00019999999999997797,-0.00019999999999997797,0.0,0.0,-0.004735054305025965
2018-01-31,-0.00019999999999997797,-0.00019999999999997797,0.0,0.0,0.0
2018-02-01,-0.00019999999999997797,-0.00019999999999997797,0.0,0.0,-0.007281807161163556
2018-02-02,-0.00019999999999997797,-0.00019999999999997797,0.0,0.0,-0.028991814517629888
2018-02-05,-0.00019999999999997797,-0.00019999999999997797,0.0,0.0,-0.07172182130541815
2018-02-06,-0.00019999999999997797,-0.00019999999999997797,0.0,0.0,-0.042699884758774176
2018-02-07,-0.00019999999999997797,-0.00019999999999997797,0.0,0.0,-0.05164985009593848
2018-02-08,-0.04004382046997612,-0.04004382046997612,-0.04219467874873939,-0.03750890290754394,-0.09736582735731492
2018-02-09,-0.024544822931264476,-0.024544822931264476,-0.02565383208361005,-0.023050820481242074,-0.07871387501962446
2018-02-12,-0.008728079347711137,-0.008728079347711137,-0.008364094254567855,-0.008704811794216116,-0.06565491273687862
2018-02-13,-0.004937015623572294,-0.004937015623572294,-0.0032457664981545564,-0.00623907551820424,-0.05814565442555397
2018-02-14,0.0,0.0,0.0,0.0,-0.03978901235177568
2018-02-15,0.0,0.0,0.0,0.0,-0.02165007441608513
2018-02-16,-0.0020864422322006693,-0.0020864422322006693,-0.004465843379623857,0.0,-0.026069369926645436
2018-02-20,-0.004212386794653189,-0.004212386794653189,-0.0024743733835880244,-0.0062611824788351145,-0.022510301616646022
2018-02-21,-0.008104737749054403,-0.008104737749054403,-0.005310740134161218,-0.011204268326750366,-0.025820872033312403
2018-02-22,-0.007522143835210882,-0.007522143835210882,-0.005431465981049266,-0.009922710997145368,-0.019578920714537706
2018-02-23,0.0,0.0,0.0,0.0,-0.0019249515953790874
2018-02-26,0.0,0.0,0.0,0.0,0.0
2018-02-27,-0.012434571868807143,-0.012434571868807143,-0.012382633133387055,-0.01248651060422723,-0.012134267057785975
2018-02-28,-0.020605440203778413,-0.020605440203778413,-0.01872058272816035,-0.022490104848034376,-0.022108777176320538
2018-03-01,-0.03572119158612552,-0.03572119158612552,-0.03474177453633942,-0.036703785223012875,-0.04268433042155617
2018-03-02,-0.028809513318485358,-0.028809513318485358,-0.025880214561505577,-0.031738062317137494,-0.034705461267079074
2018-03-05,-0.017814207785893488,-0.017814207785893488,-0.015082113600255576,-0.020546929040973994,-0.027179431671756737
2018-03-06,-0.01449175649614387,-0.01449175649614387,-0.01091549693060112,-0.018064012680553798,-0.024362968064055468
2018-03-07,-0.013532116165671515,-0.013532116165671515,-0.008626768036130716,-0.018423876321115418,-0.01903893988865024
2018-03-08,-0.008429918131848457,-0.008429918131848457,-0.0031689747973864257,-0.013673939821619241,-0.016334322752977193
2018-03-09,0.0,0.0,0.0,0.0,-6.868867083986707e-05
2018-03-12,0.0,0.0,0.0,-0.0012550869926631902,0.0
2018-03-13,-0.010038544981273101,-0.010038544981273101,-0.01361440195461161,-0.007709663764941421,-0.013024143141531885
2018-03-14,-0.012665102960721542,-0.012665102960721542,-0.013786817153199848,-0.012801690345777716,-0.017160852253073067
2018-03-15,-0.013634349410655444,-0.013634349410655444,-0.014648454876698636,-0.01387741666349318,-0.01757164851622961
2018-03-16,-0.016535376722801587,-0.016535376722801587,-0.017578110790483104,-0.016746093132729567,-0.020577348924453176
2018-03-19,-0.03445982291505434,-0.03445982291505434,-0.04009648238809871,-0.03004986204876947,-0.04744534241787712
2018-03-20,-0.032049801915760345,-0.032049801915760345,-0.0369370856326775,-0.028400269117615506,-0.04419483845602867
2018-03-21,-0.03508603398882093,-0.03508603398882093,-0.04113053531018551,-0.03026500731231263,-0.04609982209563701
2018-03-22,-0.059054305959618913,-0.059054305959618913,-0.06479778642376255,-0.05450561894644046,-0.07054337630594976
2018-03-23,-0.08147987476432261,-0.08147987476432261,-0.08944167716248952,-0.07465847057324948,-0.09652980384039211
2018-03-26,-0.05184953285352767,-0.05184953285352767,-0.05560666264218439,-0.04934202318841341,-0.06468689966095931
2018-03-27,-0.07525547067813709,-0.07525547067813709,-0.08616727850541694,-0.06551435914069714,-0.10752664591958494
2018-03-28,-0.08194065791790328,-0.08194065791790328,-0.09667969700154444,-0.06827557241115467,-0.12357247434512142
2018-03-29,-0.06766830971946514,-0.06766830971946514,-0.0801355514792601,-0.05637035714113747,-0.10159579911329863
2018-04-02,-0.09117996320602328,-0.09117996320602328,-0.10667513286357266,-0.07673824459849699,-0.13026033105801071
2018-04-03,-0.08024218875521871,-0.08024218875521871,-0.09662228370460735,-0.06490481737165599,-0.11556528873415062
2018-04-04,-0.06806953929411286,-0.06806953929411286,-0.08237589721424532,-0.054900124884931345,-0.09896141995579111
2018-04-05,-0.06173768201055907,-0.06173768201055907,-0.07714848226853865,-0.047441390972128294,-0.08650619350617139
2018-04-06,-0.0839318665990415,-0.0839318665990415,-0.10024124979719073,-0.06866996891665267,-0.10851279007955872
2018-04-09,-0.07845779095429095,-0.07845779095429095,-0.09392236863245984,-0.0640800209060789,-0.10689340466468611
2018-04-10,-0.06096533058547238,-0.06096533058547238,-0.0739314969084034,-0.04919855653505367,-0.07985003073402797
2018-04-11,-0.06613526944688153,-0.06613526944688153,-0.07927391375576132,-0.054182901051125665,-0.08557898244188356
2018-04-12,-0.05667120960800853,-0.05667120960800853,-0.06818701167470886,-0.04640155867600082,-0.07793119654563518
2018-04-13,-0.06049718223860845,-0.06049718223860845,-0.0730124458879674,-0.04919855653505378,-0.07910517324467492
2018-04-16,-0.05305442364735824,-0.05305442364735824,-0.06594666593972343,-0.04138132013834084,-0.0768100776032703
2018-04-17,-0.0377973965059174,-0.0377973965059174,-0.04584096762179257,-0.031125588366484935,-0.05850203329717252
2018-04-18,-0.036456469727003005,-0.036456469727003005,-0.04388786367926978,-0.030408364532679366,-0.056640612694076165
2018-04-19,-0.04355780311609203,-0.04355780311609203,-0.05267691907451133,-0.03578721498724202,-0.05789950759869267
2018-04-20,-0.05518155525636326,-0.05518155525636326,-0.06767002904060948,-0.04396317273385031,-0.07380186264703004
2018-04-23,-0.05644579700751973,-0.05644579700751973,-0.07002528902335747,-0.044106529954217266,-0.07986183264059821
2018-04-24,-0.07279501947614175,-0.07279501947614175,-0.08972883130106302,-0.056979898910178406,-0.10096480883638603
2018-04-25,-0.0710933167602148,-0.0710933167602148,-0.08863745273592738,-0.05464908559979964,-0.10401852028140479
2018-04-26,-0.056593807918770334,-0.056593807918770334,-0.0694508054384324,-0.045038899051565995,-0.07789031248884459
2018-04-27,-0.055859827942421725,-0.055859827942421725,-0.06887640950739604,-0.0441424239758057,-0.07144167350276054
2018-04-30,-0.0628395337514337,-0.0628395337514337,-0.07548253246458936,-0.051493475823844226,-0.0769463266690611
2018-05-01,-0.056649736862407596,-0.056649736862407596,-0.06491270067152477,-0.04980809830409483,-0.06406529213555523
2018-05-02,-0.06259990033988216,-0.06259990033988216,-0.07042735740969386,-0.056190996466189524,-0.06334159342851875
2018-05-03,-0.06369072132004372,-0.06369072132004372,-0.07054227165745652,-0.05827087992442981,-0.06649886800305682
2018-05-04,-0.0487470228962108,-0.0487470228962108,-0.05290674757003655,-0.046078840780686026,-0.04707381491098872
2018-05-07,-0.043185552516279646,-0.043185552516279646,-0.04503674319523099,-0.04285144296155419,-0.03355167954981275
2018-05-08,-0.043674775022048085,-0.043674775022048085,-0.04601329516649244,-0.04285144296155419,-0.03317898410761877
2018-05-09,-0.03384147088060774,-0.03384147088060774,-0.03561579091812761,-0.03359986833022288,-0.018522840838619103
2018-05-10,-0.024317516699042363,-0.024317516699042363,-0.025620442709987867,-0.024563438962434847,-0.009076368851015593
2018-05-11,-0.02328910222058267,-0.02328910222058267,-0.026539493730423858,-0.02158708042843438,-0.013484096306765059
2018-05-14,-0.022220703189757107,-0.022220703189757107,-0.024873631580363487,-0.021120895879760293,-0.016060900013875945
2018-05-15,-0.031002191979741744,-0.031002191979741744,-0.035673291868953516,-0.027862405958757663,-0.0321636749501083
2018-05-16,-0.025761224380529746,-0.025761224380529746,-0.02929690975339716,-0.023774536518446188,-0.02908654047900161
2018-05-17,-0.028046469054799128,-0.028046469054799128,-0.03303079009374321,-0.02459922355103039,-0.031664052814093124
2018-05-18,-0.03177312520691733,-0.03177312520691733,-0.03802846419781314,-0.027037718926173238,-0.03865827631912444
2018-05-21,-0.02541586578359789,-0.02541586578359789,-0.032628721707406605,-0.019722451666729923,-0.029657237787710566
2018-05-22,-0.027407219527231352,-0.027407219527231352,-0.03389251547113048,-0.022447770915599352,-0.036295538099436975
2018-05-23,-0.021963326984043574,-0.021963326984043574,-0.025735269303862496,-0.019758345688318024,-0.02516825752072649
2018-05-24,-0.02310929309611487,-0.02310929309611487,-0.02602251109632492,-0.021766441103382106,-0.026866167964090693
2018-05-25,-0.023783363516074463,-0.023783363516074463,-0.025045959125063466,-0.02409725441376065,-0.02587632037477139
2018-05-29,-0.031554082973922704,-0.031554082973922704,-0.029354323050334363,-0.03532113987156038,-0.027704308213043483
2018-05-30,-0.02162475053619084,-0.02162475053619084,-0.022403545003741643,-0.02244777091559913,-0.01686171874039666
2018-05-31,-0.024937623797272157,-0.024937623797272157,-0.02303535423171521,-0.028436163139203163,-0.016058404544483484
2018-06-01,-0.012497245773011922,-0.012497245773011922,-0.007697589176217545,-0.01889765520115283,0.0
2018-06-04,-0.005692208091928053,-0.005692208091928053,0.0,-0.014236028580395521,0.0
2018-06-05,-0.0037902713658952703,-0.0037902713658952703,0.0,-0.013518804746590174,0.0
2018-06-06,0.0,0.0,0.0,-0.00527127782279091,0.0
2018-06-07,-0.0041198279928488235,-0.0041198279928488235,-0.008131513303805571,-0.005378850454562434,-0.008559026720377227
2018-06-08,-0.0026191600920970615,-0.0026191600920970615,-0.008074594359245846,-0.0024383859421499565,-0.008096606248698124
2018-06-11,-0.0006122544034764532,-0.0006122544034764532,-0.005402006965455897,-0.001111620339303454,-0.0016851707525792348
2018-06-12,0.0,0.0,-0.0001705833003113888,0.0,0.0
2018-06-13,-0.0016238866720360567,-0.0016238866720360567,-0.00022741547818716512,-0.003190931469921554,-0.0011807955464998576
2018-06-14,0.0,0.0,0.0,-0.0006812076303568393,0.0
2018-06-15,-0.004615696570610339,-0.004615696570610339,-0.0034910492943067695,-0.0064176411112414344,-0.005258446054499544
2018-06-18,-0.006989175328826147,-0.006989175328826147,-0.006193727847478181,-0.008461264002312507,0.0
2018-06-19,-0.010298709313806165,-0.010298709313806165,-0.009009043066040556,-0.012261627933057406,-0.010285666479855293
2018-06-20,-0.005939933066314462,-0.005939933066314462,-0.001970755019634507,-0.010576552649548265,0.0
2018-06-21,-0.013374057305919895,-0.013374057305919895,-0.010641888089501728,-0.01677908707892639,-0.01270144841312515
2018-06-22,-0.013569578039850594,-0.013569578039850594,-0.01283783052331644,-0.01498645845448543,-0.021671844232157067
2018-06-25,-0.03139592170372274,-0.03139592170372274,-0.035078889483240894,-0.028395285553025618,-0.04375225535747451
2018-06-26,-0.028345378245372643,-0.028345378245372643,-0.03113737944397188,-0.026244109321022946,-0.03427836549912211
2018-06-27,-0.03897694366891191,-0.03897694366891191,-0.044313119963461434,-0.03431093813100716,-0.0455769895825352
2018-06-28,-0.032096289365087904,-0.032096289365087904,-0.0360923617219544,-0.028789611331986098,-0.0343578099035482
2018-06-29,-0.030486344633615103,-0.030486344633615103,-0.03350231983417429,-0.02739141789987376,-0.038985475485573295
2018-07-02,-0.034040975462593215,-0.03763777468909735,-0.027027043281519503,-0.02531201683740436,-0.031607847009630596
2018-07-03,-0.08026850294918764,-0.07796971985725631,-0.038288304155769115,-0.028753833160587883,-0.05251510915095514
2018-07-05,-0.06913509543506857,-0.07892055435909429,-0.026351395122377275,-0.02083044527630218,-0.04086363354159639
2018-07-06,-0.05850197306954685,-0.07653873745142414,-0.011204985499855269,-0.012548400371086288,-0.028863499227449574
2018-07-09,-0.04719164890783545,-0.06246453250886419,-0.0023085790992060096,-0.003657032418414974,-0.016759985537508792
2018-07-10,-0.0488744009887121,-0.061938549041527846,-0.001576569649067272,-7.177516953305041e-05,-0.013416408062861596
2018-07-11,-0.047955990845314544,-0.0648145753734366,-0.0066441885924407584,-0.007385730592995077,-0.019399016159697746
2018-07-12,-0.026372935297222844,-0.04588589840419577,0.0,0.0,-0.003774023329866538
2018-07-13,-0.020985402943526577,-0.04097018237719641,0.0,0.0,-0.0006735364192694826
2018-07-16,-0.018643760059924075,-0.038676339819229466,-0.002394120222198426,-0.0008941664697396101,-0.005580787077292149
2018-07-17,-0.006336247672443673,-0.026620062623931573,0.0,0.0,0.0
2018-07-18,-0.008098950530006088,-0.028346783149952093,-0.0018861240839920246,0.0,-0.002337592562338897
2018-07-19,-0.019167321357790645,-0.03918921357771765,-0.006878601341185231,-0.0037714280502429975,-0.008037548924237692
2018-07-20,-0.014609863593971206,-0.034724787918283706,-0.007100453480670121,-0.004910001048885504,-0.008341914009408424
2018-07-23,-0.015511758543798604,-0.03560827234420372,-0.003938573789536437,-0.003059792781017201,-0.009217837550699493
2018-07-24,0.0,-0.01972278936240579,0.0,0.0,-0.0022187063183404243
2018-07-25,0.0,-0.004051955804965424,0.0,0.0,0.0
2018-07-26,-0.10972456486166049,-0.11333192157908745,-0.015151537914275037,-0.0023591190616389923,-0.026499293444086747
2018-07-27,-0.11125824068759504,-0.11485938301835619,-0.028443343172005142,-0.009119383996458397,-0.039972799044980856
2018-07-30,-0.12185227132581833,-0.12541048711263691,-0.04217266384960816,-0.014295262205526682,-0.05729389332949886
2018-07-31,-0.12198033185193047,-0.125538028743157,-0.034843070346670446,-0.009436368794082495,-0.051284626629763186
2018-08-01,-0.09405414009870805,-0.09772499268471957,-0.031178273595201644,-0.011091244342627427,-0.04190643186203491
2018-08-02,-0.07782293910017724,-0.08155955979529639,-0.017995888924165926,-0.005704007117652066,-0.010617521281361841
2018-08-03,-0.07796121062086425,-0.08169727104589242,-0.014987448765959255,-0.0014436239851115529,-0.008838865381550431
2018-08-06,-0.07355689594261228,-0.0773108024560678,-0.009189409622935352,0.0,-0.0019010121455720341
2018-08-07,-0.07033939188322758,-0.07410633558093394,-0.00557928143308728,0.0,0.0
2018-08-08,-0.06997220044347041,-0.07374063198466252,-0.0043759053698047,-0.00042018041469849,0.0
2018-08-09,-0.07088850703846505,-0.07465322574583055,-0.004977593401446101,-0.0017857667624682216,-0.0056441125590626084
2018-08-10,-0.0775508213809546,-0.08128854468504543,-0.012580696639393874,-0.008473923327760424,-0.011847134739941922
2018-08-13,-0.07978838397037047,-0.08351704076973798,-0.013674652115981623,-0.012185659473267552,-0.011500250003852575
2018-08-14,-0.07396930989682104,-0.07772154532716047,-0.007493766114705758,-0.00588273952928442,-0.005863111895845652
2018-08-15,-0.08309172315127378,-0.08680699496627153,-0.019636863870774235,-0.013306211820298897,-0.018903758374860136
2018-08-16,-0.07787298430363099,-0.08160940221779689,-0.016409582539178347,-0.005322463355768914,-0.02124782217179
2018-08-17,-0.0765161710531641,-0.0802580867146565,-0.016190824829241723,-0.0018208174176107539,-0.035307816246725965
2018-08-20,-0.08236687369348805,-0.08608508256645386,-0.017066022595893293,0.0,-0.035149602002206626
2018-08-21,-0.08162079751358886,-0.08534202945426284,-0.013455894406045221,0.0,-0.02849785891642287
2018-08-22,-0.07636248519423572,-0.08010502358403648,-0.009627008506261414,-0.000593640121290262,-0.02082326108950605
2018-08-23,-0.07590246202274809,-0.07964686440610902,-0.011049142279480173,-0.001920750855635811,-0.019880465478273823
2018-08-24,-0.07423089798490046,-0.07798207347186781,-0.0018598161199978591,0.0,-0.011271090161134367
2018-08-27,-0.06585813089923054,-0.06964323246839443,0.0,0.0,-0.002096264100298728
2018-08-28,-0.06494833103471453,-0.06873711907272073,0.0,0.0,-0.004874333256355112
2018-08-29,-0.05703842555985983,-0.06085926418527143,0.0,0.0,0.0
2018-08-30,-0.05978034908112506,-0.0635900775536078,-0.0017671726536756527,-0.004048384619467882,-0.00020289523322536418
2018-08-31,-0.05915890482493269,-0.06297115136207676,-0.0004820156047548041,-0.004014043445982218,-0.0004200814113420881
2018-09-04,-0.06198534604657191,-0.06578613996880056,-0.004765981383036189,-0.005729426941090798,-0.00808568021004552
2018-09-05,-0.06930425378371563,-0.07307539181525269,-0.017618123852108147,-0.008405421005511893,-0.024972930209741895
2018-09-06,-0.07486507417457822,-0.07861368000765223,-0.02640038443583992,-0.011390171535208715,-0.036316329776855505
2018-09-07,-0.07754496470307326,-0.08128271173816348,-0.030148895347540283,-0.01331139267383441,-0.04599376858439708
2018-09-10,-0.07518963818027014,-0.07893692889433701,-0.026882318329185084,-0.01159600917872583,-0.03584206722093353
2018-09-11,-0.0701024741085512,-0.07387037778660932,-0.01938529650578369,-0.008336843357239387,-0.027990492690744495
2018-09-12,-0.07136092833225272,-0.07512373280941387,-0.02227698157726432,-0.008096664540236387,-0.030777316283720157
2018-09-13,-0.06365568370206398,-0.06744970948993323,-0.011834671997737245,-0.002230082302601133,-0.023835225123114756
2018-09-14,-0.06494518542984662,-0.06873398621370452,-0.014726357069217988,-0.0020584811338704156,-0.021546910922343065
2018-09-17,-0.07415421991474103,-0.07790570609785974,-0.02891725927185529,-0.007341891614440543,-0.03514891515491003
2018-09-18,-0.06781313803469002,-0.0715903180013423,-0.02088470087046379,-0.0019555623121119137,-0.0348704043693181
2018-09-19,-0.06767334738470243,-0.07145109377689052,-0.021634403052804063,-0.0008920329210404532,-0.028837770367095783
2018-09-20,-0.05874157002644487,-0.06255550758574846,-0.010817201526402198,0.0,-0.022103825871699234
2018-09-21,-0.0638637069577841,-0.06765688984461493,-0.01622576143389831,-0.005415888039422723,-0.030103662539379572
2018-09-24,-0.06496004923709742,-0.06874878979346533,-0.015261893647208091,-0.008719932133260722,-0.02387703009993314
2018-09-25,-0.06475818587679094,-0.06854774437457345,-0.013923133913642749,-0.009639575930592281,-0.018527052044362002
2018-09-26,-0.06582727646119801,-0.06961250305118094,-0.013226952704537998,-0.012602976560673551,-0.016204923182311926
2018-09-27,-0.060567848551829506,-0.06437438611126067,-0.0048731050409162036,-0.009843941218888208,-0.008280401838760776
2018-09-28,-0.06062050276276487,-0.06442682696966051,-0.0050873523566761225,-0.009741758574740245,-0.02108038349920105
2018-10-01,-0.05802804404075623,-0.06184487277581974,-0.0030524114140060288,-0.0063014363054415545,0.0
2018-10-02,-0.059365064612587504,-0.06317647579938357,-0.005301517961026514,-0.006880540588807271,-0.008378737523544566
2018-10-03,-0.05860057096499949,-0.062415079846268706,-0.004230526516456168,-0.006335531836754393,-0.007558454412141424
2018-10-04,-0.07131623025068645,-0.07507921584249921,-0.023347973021834778,-0.014101724641370605,-0.030481861746070593
2018-10-05,-0.07959278807975778,-0.08332223742502998,-0.03528976867745137,-0.01961979532494129,-0.04900833117192982
2018-10-08,-0.08240277847896471,-0.08612084186732683,-0.041180262478292984,-0.01961979532494129,-0.059842860312520285
2018-10-09,-0.08158610005903699,-0.08530747259226334,-0.03807433009105232,-0.02105045629280322,-0.052077504931009155
2018-10-10,-0.11632168456778924,-0.11990231004772656,-0.08037918669855981,-0.05204714039843317,-0.09659752863418736
2018-10-11,-0.13153404320305384,-0.13505302887811177,-0.09178536406477711,-0.07292722298446275,-0.1081840741045541
2018-10-12,-0.11341846503914876,-0.11701085423630819,-0.06650957375815247,-0.06005169007286759,-0.08275434721000496
2018-10-15,-0.12127411156908907,-0.12483467003368975,-0.0778087091778994,-0.06533140388662007,-0.09623492631659092
2018-10-16,-0.09888494751093102,-0.10253622587880551,-0.05097999353335936,-0.0448940434587044,-0.06510082565248232
2018-10-17,-0.09862663094155955,-0.10227895599675696,-0.050605183297894096,-0.04472366975193098,-0.06815132815344815
2018-10-18,-0.11558304250470841,-0.11916666092964112,-0.07261439658616287,-0.05851895041064825,-0.09013216829476611
2018-10-19,-0.1162315398993028,-0.11981253064145292,-0.07347114071497352,-0.05902986363138785,-0.09474227137788316
2018-10-22,-0.11594199176155162,-0.11952415573995945,-0.06870515933193744,-0.0632535515225574,-0.08941571468366893
2018-10-23,-0.11981897218791071,-0.12338542681297426,-0.07213238098140806,-0.06802235211557006,-0.0834361365442321
2018-10-24,-0.15329458415319985,-0.1567253970780358,-0.11459788222003042,-0.09625989692962422,-0.1288516937100912
2018-10-25,-0.13105336494695652,-0.13457429830906464,-0.08396705297914497,-0.08004632834266867,-0.08868318333452241
2018-10-26,-0.1498701071394385,-0.15331479589378938,-0.10752919160532937,-0.09622590534810171,-0.1089095390805378
2018-10-29,-0.1609732906125615,-0.16437298975818493,-0.12589701763977734,-0.1012330628109327,-0.13435367057743264
2018-10-30,-0.14784323234891228,-0.15129613391033658,-0.11149194983278987,-0.08791470379143285,-0.11974934613167698
2018-10-31,-0.13327721997509945,-0.1367891423749169,-0.09060724896232641,-0.07817284126690194,-0.09310723558762846
2018-11-01,-0.12294925060402506,-0.12650302147928916,-0.07861201404488394,-0.06836289162953602,-0.08063378548227462
2018-11-02,-0.1323770648566105,-0.13589263464518575,-0.09296347916722669,-0.0738809623131067,-0.09254172467894206
2018-11-05,-0.13105944235229772,-0.1345803510890281,-0.09521258571424718,-0.06877162220612787,-0.1016387833010427
2018-11-06,-0.12501872632091937,-0.1285641117720393,-0.08835814241530582,-0.06287891647727817,-0.09633571712628985
2018-11-07,-0.10192956643841045,-0.105568508144948,-0.059762254117090574,-0.04281619109464163,-0.06906846220622453
2018-11-08,-0.10560884761670597,-0.10923288103851503,-0.06575987157581176,-0.04455339999494745,-0.07744338576243204
2018-11-09,-0.11751330562421003,-0.12108910270829065,-0.08150369911636457,-0.053886427993096064,-0.09071479579189812
2018-11-12,-0.1391095550462239,-0.1425978450820935,-0.10929636425900446,-0.07156475307922627,-0.1261356305792405
2018-11-13,-0.13955266319702442,-0.14303915777825005,-0.10854666207666441,-0.0733019619795322,-0.12000076770021417
2018-11-14,-0.14577615025176172,-0.1492374275384888,-0.11534758440237047,-0.07963749381628638,-0.12539134993278234
2018-11-15,-0.13384667048165,-0.1373562854931818,-0.09987152515081277,-0.07003201341700693,-0.11181335541130033
2018-11-16,-0.1342405017442737,-0.13774852096893475,-0.1030309785112885,-0.06761351758918777,-0.13153421196387682
2018-11-19,-0.15562135088432627,-0.15904273585319906,-0.13216240338749352,-0.08338436401802918,-0.16932374991563293
2018-11-20,-0.17098935535130622,-0.1743484698452683,-0.14769198361228653,-0.10034741059512364,-0.17856569337445138
2018-11-21,-0.1664257024115201,-0.1698033086255034,-0.14121243226022007,-0.09728182732089452,-0.1774307716190161
2018-11-23,-0.1722240039692401,-0.17557811572156756,-0.14742421532329153,-0.10331081122520491,-0.18836261409753718
2018-11-26,-0.15597541159356643,-0.1593953619240931,-0.12771771126668752,-0.08883434758876485,-0.15983367485714006
2018-11-27,-0.15313062939028677,-0.15656210665257575,-0.12477242351056206,-0.0857687643145355,-0.1602293795374543
2018-11-28,-0.12975350391468277,-0.13327970425624602,-0.09660494813245679,-0.06471830802173228,-0.1327005081787982
2018-11-29,-0.1321228849335776,-0.13563948464796727,-0.09955023588858225,-0.06676196090469144,-0.1369005225107126
2018-11-30,-0.12632949838267116,-0.12986957264332621,-0.0930170818518713,-0.06107362046413767,-0.12560666641135632
2018-12-03,-0.11291080262053166,-0.11650524884337521,-0.07716613065343858,-0.048640913660447205,-0.10638258962350922
2018-12-04,-0.1442955912151157,-0.14776286766162572,-0.11256294127735988,-0.07946722405930351,-0.1409942901127771
2018-12-06,-0.14192402230221368,-0.14540090824114726,-0.1062975555296437,-0.0808637894958526,-0.13499162243099638
2018-12-07,-0.16605812883850757,-0.1694372244443637,-0.13580379064131431,-0.10222079372109971,-0.16379763783675227
2018-12-10,-0.1609005229854794,-0.16430051698231152,-0.12675376176858777,-0.10051768035210673,-0.15078121981060255
2018-12-11,-0.1594158945283045,-0.16282190417403197,-0.12386207669710714,-0.1003133150638108,-0.1509353591569621
2018-12-12,-0.1536004053544776,-0.15702997910532168,-0.11615080755794582,-0.09578307924019736,-0.14468472986167735
2018-12-13,-0.15361566735994947,-0.15704517926982198,-0.11588303926895083,-0.09608962717264125,-0.14066706145487673
2018-12-14,-0.17173407576188182,-0.17509017268165328,-0.13741031866387454,-0.11278011739881422,-0.16156029628358803
2018-12-17,-0.18924278459402566,-0.1925279369994073,-0.15695625980077266,-0.13018593810891788,-0.18432081817560775
2018-12-18,-0.1871380353837644,-0.1904317161399265,-0.15165474183974692,-0.1311396774375625,-0.1769289341118364
2018-12-19,-0.20320453635951308,-0.20643311636378103,-0.17248584002556566,-0.14415148852461823,-0.2006458378358683
2018-12-20,-0.21546464797638087,-0.21864355055021334,-0.18448115665441767,-0.15808294340900586,-0.21731325355770692
2018-12-21,-0.237890484889823,-0.2409785189635929,-0.20975686524963277,-0.18012123456176654,-0.24404601094827116
2018-12-24,-0.25846862905347345,-0.261473281396544,-0.23155191293355148,-0.20178483869435282,-0.26547727770276885
2018-12-26,-0.21658547836294129,-0.2197598393815826,-0.183570728129553,-0.16145512659057448,-0.21298447236983253
2018-12-27,-0.2120623514499156,-0.2152550399789086,-0.18041127476907726,-0.15501730815988146,-0.2158495024146032
2018-12-28,-0.2127765006751755,-0.21596629550306967,-0.18083968768918723,-0.15610732566398666,-0.2104997574691041
2018-12-31,-0.20600960454391937,-0.20922681853587433,-0.1739317234170107,-0.14871581987954474,-0.20760457197460291
2019-01-02,-0.20400098085200746,-0.20722633369839083,-0.17061154371401055,-0.14783021963863052,-0.20557494083817685
2019-01-03,-0.22650116716819846,-0.22963535025402515,-0.19770802764754547,-0.16816534544750283,-0.23795158273059014
2019-01-04,-0.1969997954568944,-0.20025351679708103,-0.16338229017960393,-0.1403024356787279,-0.2010566102322907
2019-01-07,-0.18905403900268036,-0.1923399561968565,-0.15342191449342213,-0.13352402575917355,-0.18692191269301395
2019-01-08,-0.1815767681390098,-0.18489298290426726,-0.145764166327496,-0.1253831979092782,-0.17979654481385
2019-01-09,-0.17632946471033817,-0.17966694131718386,-0.13880259937067485,-0.1212956842437789,-0.17218979738799944
2019-01-10,-0.17369872541875042,-0.17704686166494,-0.1363393272193042,-0.11819600543823683,-0.16887631924313096
2019-01-11,-0.17505051650959602,-0.1783931753580278,-0.13949878057978005,-0.1178553619744801,-0.1702546218140465
2019-01-14,-0.18121198266296878,-0.1845296755228535,-0.14710292606106146,-0.12323725843238054,-0.17752288487695156
2019-01-15,-0.168525925721987,-0.1718950219239358,-0.1304487517070535,-0.11318884797540574,-0.15925491588248153
2019-01-16,-0.16759671441531288,-0.17096957574040983,-0.1306093963381686,-0.11104290849850817,-0.15789040574031155
2019-01-17,-0.16115769788619783,-0.16455664982169815,-0.12375495303922723,-0.10429864608516204,-0.15124712658047212
2019-01-18,-0.15142278011701715,-0.15486117750908324,-0.11507981611337548,-0.09237685250221128,-0.1540841875789698
2019-01-22,-0.16565373252615523,-0.16903446672799705,-0.13280498191195378,-0.10463928954891866,-0.1745727125478569
2019-01-23,-0.16423986513749422,-0.1676263282675089,-0.13168046949414824,-0.10276580247315215,-0.17725247541287747
2019-01-24,-0.16131180653970012,-0.16471013403374746,-0.12605766227089232,-0.10228898478372528,-0.16952603442846914
2019-01-25,-0.15275301636346839,-0.1561860236970537,-0.11561535269136547,-0.09469306173609204,-0.1562665312957262
2019-01-28,-0.16120540488131196,-0.1646041635101766,-0.1265395961642376,-0.10157360232489909,-0.1786468525484658
2019-01-29,-0.16572165406824724,-0.16910211305500233,-0.13478632016997927,-0.10276580247315226,-0.1916504684896424
2019-01-30,-0.14850691780876557,-0.15195713014603807,-0.11277718859312003,-0.08856189518763369,-0.16089948051683745
2019-01-31,-0.13839495865047713,-0.14188614419936074,-0.09949663320393798,-0.08055724156340871,-0.1407858366746907
2019-02-01,-0.14000641199017771,-0.14349106800134714,-0.10329874680028361,-0.08011441545550413,-0.14665648999536263
2019-02-04,-0.13163992970445726,-0.1351584863320915,-0.09216025601165156,-0.07364260544328871,-0.13189507999477557
2019-02-05,-0.1259782921772613,-0.12951978950993925,-0.08412769761026007,-0.06975945706608533,-0.12105355484142244
2019-02-06,-0.1278575076509496,-0.13139139048558024,-0.0868587380506256,-0.07098575274565133,-0.1257239392625663
2019-02-07,-0.13787073206879674,-0.14136404176062112,-0.0991218229684725,-0.0798418591045823,-0.14235097567543198
2019-02-08,-0.13649858861140074,-0.13999745816787246,-0.09735465031479729,-0.07871785001895482,-0.14332977043473105
2019-02-11,-0.1366689881142964,-0.14016716721951328,-0.09821147615501713,-0.07820693679821522,-0.1439385476207452
2019-02-12,-0.12473531149007455,-0.12828184532556353,-0.0848773997925999,-0.06635323032809948,-0.1316772424997842
2019-02-13,-0.12300705335040663,-0.126560590011497,-0.08423482126813964,-0.0633217425851832,-0.1321642101202133
2019-02-14,-0.12344124011808777,-0.1269930174735845,-0.08311022713892458,-0.06539949099945519,-0.1332051342100744
2019-02-15,-0.1168221769472938,-0.1204007744542287,-0.07925459256934397,-0.05521490631681025,-0.1302617635961011
2019-02-19,-0.11518476847171466,-0.11877000068542731,-0.07743389894243335,-0.05357988006065251,-0.12914321045175192
2019-02-20,-0.11437014603037066,-0.11795867905821344,-0.07759454357354856,-0.0516724014033636,-0.1297232951126841
2019-02-21,-0.11756433596883542,-0.12113992628021497,-0.080968244249784,-0.05504453261003672,-0.13731405503905558
2019-02-22,-0.11156373607835213,-0.11516364055529105,-0.07416732192407793,-0.04918581846270931,-0.12742604813948655
2019-02-25,-0.10934033732065851,-0.11294925091110053,-0.07079362124784261,-0.04789153962009873,-0.12287434787568863
2019-02-26,-0.10919700553846301,-0.11280649990295188,-0.06982975346115228,-0.04857272259782164,-0.12306685013641427
2019-02-27,-0.10967041235597219,-0.11327798849695869,-0.07041881101237746,-0.0489814531744136,-0.11898764042970711
2019-02-28,-0.11152531573488689,-0.11512537588935956,-0.07256079390151815,-0.05075275760603226,-0.12018006473845644
2019-03-01,-0.10567356210969014,-0.1092973333112337,-0.06613476352268699,-0.04482585239607928,-0.11939760130332977
2019-03-04,-0.10722318357543437,-0.11084067577928436,-0.0659741188915719,-0.04830027019669081,-0.11748605441610005
2019-03-05,-0.10749758718911107,-0.1111139675216456,-0.06527793768246704,-0.049594652989091936,-0.11800381932169401
2019-03-06,-0.11273152529799013,-0.11632669794462158,-0.07057945564349277,-0.0553511844922715,-0.12357884215958526
2019-03-07,-0.1218871791445637,-0.1254452534864433,-0.0819857147211196,-0.06325355152255785,-0.13515904324077443
2019-03-08,-0.12343117187003172,-0.1269829900216246,-0.08337799542792013,-0.06512703859832447,-0.13176343939275303
2019-03-11,-0.10796005382442564,-0.1115745602625926,-0.0643140698957766,-0.05157021875921597,-0.10713725650492367
2019-03-12,-0.10382759151678733,-0.10745884250959059,-0.05917319656586595,-0.04799372226424714,-0.10456306050747355
2019-03-13,-0.09749505374470135,-0.10115196390069048,-0.05210458766257464,-0.04169218200901492,-0.0942031142264872
2019-03-14,-0.09854851159265587,-0.10220115318400269,-0.05371103397372534,-0.04230527787390281,-0.09739723061126426
2019-03-15,-0.09412498953218507,-0.09779555503942317,-0.04492877338999368,-0.04179436465316333,-0.0975063873964086
2019-03-18,-0.0922287675588781,-0.09590701647374855,-0.04439331852341333,-0.03832005080234202,-0.09902902304109817
2019-03-19,-0.09059011186196986,-0.09427500053730364,-0.041180262478292984,-0.038081589982733255,-0.09314785443513274
2019-03-20,-0.09015569207053709,-0.09384234099566657,-0.037378230593356876,-0.0409769034999794,-0.08427658158861306
2019-03-21,-0.07790612722585621,-0.08164241084636648,-0.02233050255049962,-0.030145023471343402,-0.06728669188534375
2019-03-22,-0.09690613523477143,-0.10056543166253551,-0.04380426097218815,-0.04881118341743085,-0.0902313852022768
2019-03-25,-0.09810548231619409,-0.10175991904258952,-0.045624954599098544,-0.0495264619264667,-0.09400100672115352
2019-03-26,-0.09264394478669946,-0.09632051142179154,-0.04118026247829276,-0.04244155604936384,-0.0882302719009419
2019-03-27,-0.09793016761601503,-0.10158531470982757,-0.047338606279538564,-0.047448713512194596,-0.09014639088944731
2019-03-28,-0.0951810512077057,-0.09884733759970732,-0.04514302070575327,-0.04383812148591293,-0.08767949381684292
2019-03-29,-0.08926506083077734,-0.09295531855432893,-0.03791368545993712,-0.03780903363181176,-0.08144780972563648
2019-04-01,-0.0752229322595388,-0.07897008806746864,-0.02516874836015448,-0.026398257219391374,-0.06724984687958147
2019-04-02,-0.06020154790254528,-0.06400956969601923,-0.021473758421689193,-0.025921335580173843,-0.061991054729025774
2019-04-03,-0.060241107460860754,-0.06404896896075274,-0.01585095119843305,-0.02438849196816395,-0.05402218724192731
2019-04-04,-0.05400108344825161,-0.057834229249664526,-0.01622576143389831,-0.021799830333152248,-0.060845056692668154
2019-04-05,-0.05020626992127253,-0.05405479213938491,-0.011138490788632605,-0.01706512527145243,-0.054155106547848386
2019-04-08,-0.04486830955341259,-0.04873846095102419,-0.008621615952616901,-0.01631575123110407,-0.05235694971899307
2019-04-09,-0.03906568588570103,-0.04295934925796696,-0.012102440286732241,-0.02135700422524789,-0.055574717841362586
2019-04-10,-0.035718973340170934,-0.03962619744376317,-0.006800922325706282,-0.01801886460009705,-0.04911757490326474
2019-04-11,-0.04057293788192318,-0.044460493935713385,-0.00915715253060656,-0.018291420951018655,-0.05348159209788039
2019-04-12,-0.03646892589524764,-0.040564219125443834,-0.0048731050409158705,-0.011649237232029708,-0.050911011893199465
2019-04-15,-0.034117361876760066,-0.03869442364654074,-0.004712460409800778,-0.012296428628230438,-0.05339682259734024
2019-04-16,-0.03616570396535701,-0.04189310519678646,-0.001285238760330154,-0.01164923723202993,-0.04740309288705258
2019-04-17,-0.027023800668079745,-0.03816748578455975,0.0,-0.014067629110058544,-0.044942807760710024
2019-04-18,-0.02663605784229739,-0.033193469006697396,0.0,-0.012126158871247572,-0.042949851652547166
2019-04-22,-0.01641014141005137,-0.023097036173272967,0.0,-0.011274602186751137,-0.04032214997338279
2019-04-23,-0.0029742363787299553,-0.01016699959331957,0.0,-0.0023842963467167744,-0.028443843127859525
2019-04-24,-0.006998164327820189,-0.015095120681429486,-0.0031527027083365633,-0.004598322936449573,-0.034256677206389474
2019-04-25,0.0,0.0,0.0,-0.005211522751128017,-0.03134854510684815
2019-04-26,-0.006966306823667501,-0.0017144373998403406,0.0,-0.0005790003335759408,-0.038548155931730554
2019-04-29,0.0,0.0,0.0,0.0,-0.031752494594420644
2019-04-30,-0.013170531077134062,-0.0003444925264198817,-0.007747937143887218,0.0,-0.04364542171874053
2019-05-01,0.0,-0.011710618596130762,-0.010941323159529226,-0.007516466694974855,-0.04748101664658999
2019-05-02,-0.00454898308659879,-0.019443681016694803,-0.015234025740878065,-0.009659194762293821,-0.04556204439942002
2019-05-03,0.0,-0.0017034408844281979,0.0,0.0,-0.02745692104990849
2019-05-06,-0.01178848981376246,-0.01347184970267623,-0.006122119016318872,-0.004115197293138584,-0.03377477580850796
2019-05-07,-0.035582499239362964,-0.03722532743981655,-0.025482680663670876,-0.020746203206613467,-0.05547662508442219
2019-05-08,-0.03607185101757937,-0.037713845636207166,-0.02794200366718791,-0.022106587854931692,-0.05734986471484016
2019-05-09,-0.04351327402583105,-0.04514259262026832,-0.03317459221203789,-0.0250654530074651,-0.0645548354858192
2019-05-10,-0.052924990196601684,-0.054538276488920956,-0.03197111920275253,-0.02016798524096297,-0.06702105181080398
2019-05-13,-0.09452659942958808,-0.09606901983988203,-0.06556432807953372,-0.04479139367551366,-0.10430366241987343
2019-05-14,-0.08229457760342773,-0.08385783453979956,-0.05530849924368808,-0.0361527902831148,-0.09556293973388885
2019-05-15,-0.07205226866721148,-0.07363297277137626,-0.041965382485727565,-0.030507095391433592,-0.08411383475918477
2019-05-16,-0.06337975074585955,-0.06497522797162258,-0.03233743872551531,-0.021528369889281085,-0.07788080075101933
2019-05-17,-0.06935169033901634,-0.07093699471871695,-0.042227027881563184,-0.02785430900046959,-0.09531720243602115
2019-05-20,-0.07857056751796809,-0.08014016808537372,-0.058395707322838164,-0.03428217057481864,-0.11205794652027312
2019-05-21,-0.07644786271897219,-0.07802107918851797,-0.04855841530877125,-0.025575584276747554,-0.10379741158571332
2019-05-22,-0.0731089397478284,-0.07468784387527316,-0.05279679925522551,-0.028568492777464982,-0.11330764607066168
2019-05-23,-0.0895326352730359,-0.09108356260604977,-0.06729109188048998,-0.040437996735782744,-0.1262017914761967
2019-05-24,-0.08772449461227827,-0.08927850200601839,-0.06776200568721491,-0.03826140205661266,-0.1302524492967051
2019-05-28,-0.09368219547475931,-0.09522605427727315,-0.07126783043110863,-0.04720608421058081,-0.13165334896016023
2019-05-29,-0.1004508312368999,-0.10198316006852481,-0.07890744483749401,-0.053600006227441765,-0.1395839471179443
2019-05-30,-0.09733161943570301,-0.09886926166023713,-0.07503530057083752,-0.05101520274215021,-0.13907935480541544
2019-05-31,-0.11061360062162151,-0.11212861777637728,-0.08979123859193772,-0.06380304677587179,-0.1555920486225476
2019-06-03,-0.12153558735566727,-0.12303199955168109,-0.10983206229986897,-0.06618369396275492,-0.18319987997731135
2019-06-04,-0.09963402742156946,-0.10116774763020786,-0.08476791845797704,-0.04591368246793548,-0.153961324157729
2019-06-05,-0.09238853025126825,-0.09393459273601457,-0.07796553738107914,-0.03764924453347418,-0.14858792066089632
2019-06-06,-0.08583207943259075,-0.08738931044371823,-0.07063994535547502,-0.03139139211865394,-0.13692239800320205
2019-06-07,-0.07243084453475213,-0.07401090375730668,-0.05269220497126248,-0.021698482839506372,-0.1209390144918332
2019-06-10,-0.06489721022412243,-0.06649010254737009,-0.04165143994791021,-0.01720912008843034,-0.10603459889335565
2019-06-11,-0.0643722732604266,-0.06596605978276004,-0.040343292811697795,-0.0174472159443273,-0.0997560971329231
2019-06-12,-0.06790190466053525,-0.06948967866443467,-0.045889823894364246,-0.019181662259887378,-0.11027018780587994
2019-06-13,-0.06321845182914831,-0.06481420381808112,-0.04023861868477063,-0.015134551663116946,-0.10182164999242471
2019-06-14,-0.06572785409064086,-0.06731933146116598,-0.04432003136231655,-0.01622279710735397,-0.10324238851474299
2019-06-17,-0.06273676287381924,-0.06433333539141206,-0.03856415202579533,-0.015848735440112116,-0.09096501045700134
2019-06-18,-0.05101984212404154,-0.05263637372347907,-0.024593150192202207,-0.005543668637825516,-0.07739016284018885
2019-06-19,-0.048167045769729966,-0.04978843693911239,-0.0209303541793997,-0.0032989872622877225,-0.07594579021971182
2019-06-20,-0.03919426506484425,-0.04083094083572625,-0.011825621367893557,0.0,-0.07222630203972291
2019-06-21,-0.04292668775871045,-0.044557005568177654,-0.013290739773014315,-0.006286708049932366,-0.07224514808579174
2019-06-24,-0.04455309900275439,-0.04618064631681362,-0.015436120238714657,-0.0075034503246090845,-0.07051777986153429
2019-06-25,-0.05743932780885852,-0.059044924193923376,-0.03233743872551453,-0.017237801116894325,-0.08735157431806251
2019-06-26,-0.05571774251685013,-0.057326271520687366,-0.027837409383225098,-0.01821802338175138,-0.07968032164892958
2019-06-27,-0.05223922944302628,-0.0538536838882504,-0.024122236385476947,-0.01473665100869126,-0.073574829348799
2019-06-28,-0.049190903674211195,-0.05081055076217911,-0.022866386391245497,-0.009666685233435834,-0.07116396766019817
2019-07-01,-0.03845952546252274,-0.04009745281888277,-0.009680320745158122,-0.0006759335474699757,-0.05948791458304925
2019-07-02,-0.03530225527376629,-0.03694556085324896,-0.005755879336520553,0.0,-0.05824083039900918
2019-07-03,-0.027815676180603544,-0.029471734704998087,0.0,0.0,-0.04750542809233527
2019-07-05,-0.0293590485719466,-0.03101247805270968,-0.002037188595250816,-0.0011378726632552683,-0.04999643285381816
2019-07-08,-0.035429763269109515,-0.03707285164625984,-0.009036751491206974,-0.0066264409291805215,-0.05812124699417798
2019-07-09,-0.03241347630975233,-0.03406170275342846,-0.0040743771905020765,-0.00538817074074982,-0.052795236956048264
2019-07-10,-0.025280727562869032,-0.026941104222378942,0.0,-0.0006358850373779923,-0.038281490739333734
2019-07-11,-0.024492573063992773,-0.02615429229809929,-0.0007270429550446655,0.0,-0.03581033358873076
2019-07-12,-0.019495250528374974,-0.021165482406001468,0.0,0.0,-0.027148644996242255
2019-07-15,-0.01776159779924602,-0.01943478285181066,0.0,0.0,-0.02173801748458737
2019-07-16,-0.02187517838338826,-0.0235413561946044,-0.005150656870652193,-0.0032252742168018544,-0.02540752223909304
2019-07-17,-0.02760868217547452,-0.029265093301920175,-0.01004376517921457,-0.010008345022859633,-0.027834611024158296
2019-07-18,-0.025272245893808498,-0.026932637001340076,-0.008910614380247983,-0.006384084547745417,-0.027494959501971228
2019-07-19,-0.0315507831300722,-0.033200479120581106,-0.01617305943013614,-0.01190352974984421,-0.032980081473770184
2019-07-22,-0.02650798976449198,-0.028166275855391443,-0.008344038980764967,-0.009476329521248994,-0.0231583456329556
2019-07-23,-0.019842259723328315,-0.02151190049130458,-0.0018542396171464803,-0.0023940190214567503,-0.014145566930847009
2019-07-24,-0.014099784260091841,-0.01577920699555002,0.0,0.0,-0.007174555388218318
2019-07-25,-0.02112773390704359,-0.0227951849457394,-0.009479840648664806,-0.00477707812414907,-0.03229702523389266
2019-07-26,-0.012809835201955999,-0.014491455289378563,0.0,0.0,-0.020378719712898286
2019-07-29,-0.015402185858832906,-0.01707939003015968,-0.0034307859694769904,-0.001821192320657694,-0.020724174663148465
2019-07-30,-0.01873542976210607,-0.02040695594949027,-0.0077320628744327324,-0.004271409897715017,-0.020459070988046668
2019-07-31,-0.03088864510743572,-0.03253946901092364,-0.021455206752340694,-0.015165116856219685,-0.03280596722539497
2019-08-01,-0.03751698017493621,-0.03915651310147461,-0.026319829824139607,-0.02374097942415454,-0.04311784926516038
2019-08-02,-0.04822684874916627,-0.04984813804770849,-0.04065741950732604,-0.031091733203560623,-0.05605014284285481
2019-08-05,-0.07935367596891596,-0.08092194255736929,-0.07455577888858289,-0.06022979985174226,-0.09248778001932523
2019-08-06,-0.0664546478932776,-0.06804488721352431,-0.061600692267272494,-0.047051493371640385,-0.0794803247469349
2019-08-07,-0.06365731394544272,-0.06525231835870349,-0.056531279971715476,-0.046488553660250176,-0.07404757046444344
2019-08-08,-0.04428253170472274,-0.04591053991417926,-0.035997741927292104,-0.027780584673165798,-0.05200396795884632
2019-08-09,-0.05203022649828426,-0.053645036967669535,-0.04506113009116264,-0.03440288173395556,-0.06428377417982178
2019-08-12,-0.0632392472694897,-0.06483496383461884,-0.05601918971131459,-0.04615741859756384,-0.07688639766223604
2019-08-13,-0.045690671004002814,-0.04731628053140602,-0.03533204021557157,-0.031323537852264494,-0.054868563197831954
2019-08-14,-0.07405866817885709,-0.07563595450006311,-0.06416098730127062,-0.05996495243053357,-0.08988911320402138
2019-08-15,-0.07336755755120306,-0.0749460211385079,-0.06523626746050804,-0.05748159103273742,-0.09036110004258657
2019-08-16,-0.05946558652185685,-0.061067731294987215,-0.050232976065601176,-0.043574726785785334,-0.0712591880119835
2019-08-19,-0.04282153030574398,-0.04445202724471564,-0.03512725099181324,-0.032051994570880815,-0.04963219791471485
2019-08-20,-0.046775207856025736,-0.04839896993901449,-0.042603268736045696,-0.03946893494353054,-0.05806585961707167
2019-08-21,-0.036296745491128934,-0.03793835701531578,-0.03410307047101113,-0.03165457186671694,-0.05236892482815747
2019-08-22,-0.04021115511427842,-0.04184609867307487,-0.03722663353784916,-0.03195266415689846,-0.05472146057320526
2019-08-23,-0.07787463917184556,-0.07944542521204834,-0.06769412881562509,-0.05681932090736519,-0.08863968946432721
2019-08-26,-0.06057135828696847,-0.06286230714582675,-0.05361250612863577,-0.04638922324626804,-0.07475590595544235
2019-08-27,-0.07623392831955811,-0.07015460154667008,-0.05560961126379771,-0.05013083725333167,-0.07892899712767443
2019-08-28,-0.07479019706814682,-0.0637554700622398,-0.05223000306675907,-0.043442252551064264,-0.07627972618254675
2019-08-29,-0.050372306943225365,-0.042540613147486916,-0.03773872379824972,-0.03122420743828236,-0.057898555364282456
2019-08-30,-0.049535643164077436,-0.034929413269173315,-0.040042973702047235,-0.03165457186671716,-0.05722817343835951
2019-09-03,-0.06593242695151769,-0.05157817409479892,-0.04936248513012176,-0.037316708608420956,-0.06703083398676368
2019-09-04,-0.0449508037077625,-0.030274116442575383,-0.03563926311821031,-0.026389857829177354,-0.056032412298108625
2019-09-05,-0.004545339236307622,0.0,-0.017973243010424356,-0.013873720426214042,-0.03071612186486672
2019-09-06,-0.00780947915027419,-0.0030790442826017506,-0.01894616762478407,-0.01311222093509301,-0.03599978373912904
2019-09-09,-0.0031040018163021044,0.0,-0.02099437239838131,-0.012615467816946446,-0.03326997920184649
2019-09-10,0.0,0.0,-0.02381071256257994,-0.012847272465650317,-0.0321963962038857
2019-09-11,0.0,0.0,-0.01464489071982844,-0.005827653748930572,-0.018259118651479445
2019-09-12,0.0,-0.0012920507504756706,-0.010548403038631027,-0.0023840309838144558,-0.015152277581014784
2019-09-13,-0.004473611772169539,-0.017309600544650805,-0.01408162268698887,-0.0030463011091869108,-0.019548044630892214
2019-09-16,-0.006589845203092248,-0.019398547959973755,-0.018485333270825577,-0.0061256449908780874,-0.025849634712285408
2019-09-17,-0.002412442511802504,-0.015275007320637246,-0.013774321650346089,-0.0036091397723431173,-0.0206134854292106
2019-09-18,-0.0007367565394446052,-0.013620927090308599,-0.014183978231866234,-0.0030131572884480873,-0.019935009773110246
2019-09-19,-0.013235410077709231,-0.025958427113824345,-0.01254543003978914,-0.0030794449299257343,-0.017151261211069913
2019-09-20,-0.03249580761802917,-0.04516529575787043,-0.022991399399539758,-0.012350620395737866,-0.029996778111890054
2019-09-23,-0.025246698949044633,-0.04207224239474383,-0.024527592046739266,-0.012582425044441625,-0.03019029550784913
2019-09-24,-0.06809323427825775,-0.08419749049302994,-0.03748267866804911,-0.02033050047977758,-0.05107577911818406
2019-09-25,-0.041238754343505546,-0.06255806582817458,-0.026678230499217248,-0.014535990551586497,-0.035158669939873044
2019-09-26,-0.014580463622282047,-0.03552510174601409,-0.030262627920013774,-0.01658888647271395,-0.03384844836136247
2019-09-27,-0.031351190496687664,-0.042915817796913,-0.04229604583340618,-0.02188674433099258,-0.045335688085240355
2019-09-30,-0.021852698764548095,-0.033530727862947196,-0.0331814017630937,-0.017350487012068982,-0.03864810472237801
2019-10-01,-0.02656248923306126,-0.03818428848747957,-0.041067076088845855,-0.029038837282433727,-0.043050942452230734
2019-10-02,-0.05009606315129589,-0.06143689678769393,-0.05755538235851354,-0.046190562418303216,-0.057145552780856645
2019-10-03,-0.041420512704587575,-0.05286492310333346,-0.0472117685436404,-0.0383761993414895,-0.047748546141065606
2019-10-04,-0.019501160406970364,-0.031017837334475495,-0.0331814017630937,-0.02536340986861374,-0.03722475594053676
2019-10-07,-0.01303505227836721,-0.031995365574869816,-0.036100097472169024,-0.029568633173085,-0.035591074866807126
2019-10-08,-0.03782407880405014,-0.04492396845976543,-0.050540198968240024,-0.044634318567088216,-0.048762701930133656
2019-10-09,-0.02273925574182456,-0.03440383429427951,-0.041271943446607784,-0.03556180392924113,-0.03607886387497572
2019-10-10,-0.009880144164423066,-0.025057683308215895,-0.0338471034748139,-0.02903883728243395,-0.03031884106958016
2019-10-11,0.0,-0.009576782766569147,-0.021404028979901124,-0.01897291745652796,-0.017594306856320796
2019-10-14,0.0,-0.009450461261417686,-0.021506462658781977,-0.02006555201033533,-0.013745281256413389
2019-10-15,0.0,-0.0006532355374206933,-0.009063388163869979,-0.010363911067854392,0.0
2019-10-16,-0.007518349726959528,-0.0023647457281352757,-0.011521327652990632,-0.011953298739808216,-0.0011497056256333238
2019-10-17,-0.0053871567931543796,0.0,-0.00890977671255011,-0.009039471865343263,0.0
2019-10-18,-0.012725213380689104,-0.0009471052777852984,-0.01843407736438296,-0.013377068356301924,-0.01239293952819287
2019-10-21,0.0,0.0,-0.009729089875590291,-0.0066885847022681855,-0.00219693067571447
2019-10-22,-0.002163759704962187,-0.0023810671490791524,-0.017614764201342892,-0.009933445591185586,-0.010508841739578667
2019-10-23,0.0,0.0,-0.0157201708790653,-0.007052762537459456,-0.004948664447374296
2019-10-24,0.0,0.0,-0.006144692454793765,-0.0054303320930007,0.0
2019-10-25,0.0,0.0,0.0,-0.0013575830232507302,0.0
2019-10-28,0.0,0.0,0.0,0.0,0.0
2019-10-29,-0.029094686628632793,-0.029094686628632904,-0.007744161468674515,-0.0002967238427720176,-0.013878804488823282
2019-10-30,-0.031012107905352027,-0.031012107905351916,-0.002935677529752101,0.0,-0.011571756705850755
2019-10-31,-0.020196338528083335,-0.020196338528083224,-0.0024801613352168905,-0.0026633393738347833,-0.009762704898574115
2019-11-01,-0.008993087533436417,-0.008993087533436195,0.0,0.0,-0.0008341554465355339
2019-11-04,0.0,0.0,0.0,0.0,0.0
2019-11-05,-0.002507752242772665,-0.002507752242772776,0.0,-0.0011061468044757383,-0.0011001436947583043
2019-11-06,0.0,0.0,-0.002247700873784564,-0.0008783844160484833,-0.0013426837502260591
2019-11-07,0.0,0.0,0.0,0.0,0.0
2019-11-08,0.0,0.0,0.0,0.0,0.0
2019-11-11,0.0,0.0,-0.0013416936808834379,-0.0019097440707843694,0.0
2019-11-12,0.0,0.0,0.0,0.0,0.0
2019-11-13,-0.007939032175910521,-0.007939032175910521,0.0,0.0,-0.0028297447375874585
2019-11-14,-0.00039414022126882386,-0.0003941402212689349,-0.00079370834374759,0.0,-9.377415564659763e-05
2019-11-15,-0.009901004737953634,-0.009901004737953745,0.0,0.0,0.0
2019-11-18,-0.010469345793672868,-0.01046934579367298,0.0,0.0,0.0
2019-11-19,0.0,0.0,0.0,-0.00028843132190059517,0.0
2019-11-20,-0.01597314722566312,-0.01597314722566323,-0.005998924374267189,-0.004006153592759798,-0.005871586625544212
2019-11-21,-0.01453317725268688,-0.01453317725268688,-0.008211625161238634,-0.005608615029863762,-0.007194073043986449
2019-11-22,-0.0452243185998038,-0.045224318599803914,-0.007572372144894701,-0.0033972104221416943,-0.012647679490306318
2019-11-25,-0.032123590041420735,-0.032123590041420735,0.0,0.0,0.0
2019-11-26,-0.04657867752169387,-0.046578677521693757,0.0,0.0,-0.0027645217205893857
2019-11-27,-0.03674050685674368,-0.03674050685674346,0.0,0.0,0.0
2019-11-29,-0.039764075949326405,-0.03976407594932618,-0.004562158868408828,-0.0037086768954915916,-0.005026818965970237
2019-12-02,-0.038141323801407,-0.03814132380140656,-0.014754384513646857,-0.012171916457987764,-0.015414534924300338
2019-12-03,-0.04480624093344743,-0.044806240933447095,-0.022471315156731175,-0.018796827015504336,-0.020225736007559836
2019-12-04,-0.04509401593078988,-0.045094015930789544,-0.017520873267250714,-0.012742549103766376,-0.016347536586624023
2019-12-05,-0.04190282555831326,-0.04190282555831293,-0.015579458161893323,-0.010967483999505423,-0.015733531909439602
2019-12-06,-0.024645218777205602,-0.02464521877720538,-0.005047531159101282,-0.0019336117912306383,-0.0038499606013639998
2019-12-09,-0.026187908426442474,-0.026187908426442363,-0.009561182421406245,-0.005071656040943506,-0.005009590729723068
2019-12-10,-0.009991122358469218,-0.009991122358469107,-0.010386330127066579,-0.006181095914554957,-0.0016894567128720173
2019-12-11,-0.0002916369942754793,-0.00029163699427536827,-0.005144620428722768,-0.003359951571194064,0.0
2019-12-12,0.0,0.0,0.0,0.0,0.0
2019-12-13,0.0,0.0,0.0,0.0,0.0
2019-12-16,0.0,0.0,0.0,0.0,0.0
2019-12-17,-0.0023070119594529315,-0.0023070119594529315,0.0,0.0,0.0
2019-12-18,0.0,0.0,0.0,0.0,0.0
2019-12-19,0.0,0.0,0.0,0.0,0.0
2019-12-20,0.0,0.0,0.0,-0.0005297068039553654,0.0
2019-12-23,0.0,0.0,0.0,0.0,0.0
2019-12-24,0.0,0.0,0.0,0.0,0.0
2019-12-26,0.0,0.0,0.0,0.0,0.0
2019-12-27,-0.005899443497998869,-0.005899443497998869,-0.0008419134731919575,-0.0002477769531146201,-0.0015937969813792918
2019-12-30,-0.011897445486726221,-0.011897445486726221,-0.007390367285109667,-0.005759632919672408,-0.013951651882862293
2019-12-31,-0.009766012481575825,-0.009766012481575936,-0.005519400873931213,-0.0033443273725115574,-0.009757210572146624
2020-01-02,0.0,0.0,0.0,0.0,0.0
2020-01-03,-0.00836608286166407,-0.00836608286166407,-0.009159932239005353,-0.007572233484322677,-0.005326696504520223
2020-01-06,-0.0032798666475710725,-0.0032798666475711835,-0.0027757498767139177,-0.003786069773252909,0.0
2020-01-07,-0.004750499333486036,-0.004750499333486147,-0.0029145303115242216,-0.006587201536071174,0.0
2020-01-08,0.0,0.0,0.0,-0.0012927722364902694,0.0
2020-01-09,0.0,0.0,0.0,0.0,0.0
2020-01-10,-0.0027174791136987952,-0.0027174791136987952,-0.0025572528578264864,-0.002877705369571104,-0.0014589471363132267
2020-01-13,0.0,0.0,0.0,0.0,0.0
2020-01-14,-0.0027310714923840518,-0.0027310714923839408,-0.003937520385625115,-0.0015246225991428775,-0.005637182146768449
2020-01-15,-0.0014003244816612748,-0.0014003244816611637,-0.0035302049788195067,0.0,-0.008572493334139786
2020-01-16,0.0,0.0,0.0,0.0,-0.0006696701424468987
2020-01-17,0.0,0.0,0.0,0.0,0.0
2020-01-21,-0.0012029473322211492,-0.0012029473322211492,-0.0004476949652144624,-0.001958199699227836,0.0
2020-01-22,0.0,0.0,0.0,-0.0018376738867541542,0.0
2020-01-23,0.0,0.0,0.0,-0.000692908503900469,0.0
2020-01-24,-0.008654205560327255,-0.008654205560327033,-0.008415332029326095,-0.009579825505100392,-0.009500583591202982
2020-01-27,-0.026837945892615123,-0.0268379458926149,-0.028897058373922424,-0.025455676747380473,-0.030560536220860524
2020-01-28,-0.014265147603230499,-0.014265147603230277,-0.013981029613288842,-0.015243251611745334,-0.01307727180255469
2020-01-29,-0.013871037858481983,-0.01387103785848176,-0.012378105991482036,-0.016056685928119374,-0.0038445640136024473
2020-01-30,-0.010514748182654854,-0.010514748182654743,-0.008860547071656621,-0.012863441404505349,0.0
2020-01-31,-0.02773967722838344,-0.02773967722838333,-0.024578071613515662,-0.03078777178754577,-0.010375731395145582
2020-02-03,0.0,0.0,-0.00984011528168538,-0.023587940358201664,0.0
2020-02-04,0.0,0.0,0.0,-0.008706174249618948,0.0
2020-02-05,-0.08180204418073334,-0.08180204418073334,0.0,0.0,-0.015366198538239395
2020-02-06,-0.06752118251474004,-0.06752118251473993,0.0,0.0,-0.0036571279074955054
2020-02-07,-0.0756880576363319,-0.0756880576363319,-0.004300818813432361,-0.005329656628371371,-0.0050362864685924436
2020-02-10,-0.049260384828735626,-0.049260384828735626,0.0,0.0,0.0
2020-02-11,-0.05808145350327887,-0.05808145350327887,0.0,0.0,-0.0025202873144334337
2020-02-12,-0.061703987917240966,-0.06170398791724108,0.0,0.0,0.0
2020-02-13,-0.04179812357824064,-0.04179812357824064,-0.0012805867003309324,-0.0010669665544832396,0.0
2020-02-14,-0.04007848541173653,-0.039886845036452234,0.0,0.0,0.0
2020-02-18,-0.0003844128030543459,0.0,0.0,-0.0025769997081124263,0.0
2020-02-19,0.0,0.0,0.0,0.0,0.0
2020-02-20,-0.013759870327772594,-0.017451195550890697,-0.009283471127966236,-0.00410824657416875,-0.011561667968540301
2020-02-21,-0.02616973449559945,-0.03230969050320698,-0.02831459015972282,-0.014364205840769029,-0.033364621175643094
2020-02-24,-0.09691477719029107,-0.1026086888868023,-0.06578612802329009,-0.04705321003271934,-0.08028665388646983
2020-02-25,-0.13381805292797255,-0.13927929113137894,-0.09118913410394791,-0.07592954637189975,-0.10594531016823927
2020-02-26,-0.1359923867514815,-0.14143991587796234,-0.08650519187100203,-0.07932847617308081,-0.10262093591441135
2020-02-27,-0.21564352783814011,-0.22058886010388312,-0.13224743397296235,-0.12067738669444761,-0.1580008344916375
2020-02-28,-0.19519311670924044,-0.20026738789700793,-0.13157225604658007,-0.12437189521702763,-0.14811457102738845
2020-03-02,-0.1570010131641424,-0.162316083846351,-0.08675836749626753,-0.08645149942837038,-0.10226811470510977
2020-03-03,-0.18258592509417404,-0.18773968405782804,-0.11604355007085643,-0.1126086378078286,-0.13096944956862022
2020-03-04,-0.148354498563376,-0.15372408513110225,-0.07916277679574557,-0.07530889419553544,-0.09798208234421835
2020-03-05,-0.1754469996607354,-0.18064576922803943,-0.10713984238078822,-0.10604718706380811,-0.128335593488773
2020-03-06,-0.1892184067208661,-0.19433034818628503,-0.12220437158068842,-0.12082522115412786,-0.1456690480469658
2020-03-09,-0.2490374384080969,-0.2537722235702179,-0.18317996955839966,-0.18948390981105767,-0.2108011677402566
2020-03-10,-0.20916303778764433,-0.21414922925157354,-0.13870366997127803,-0.14754384184689318,-0.16498505556142729
2020-03-11,-0.24566150442355494,-0.2504175746975521,-0.17621738230955275,-0.18909975669099743,-0.20005768147199932
2020-03-12,-0.31633116142290707,-0.3206416626892251,-0.2517511582366331,-0.26668439056619486,-0.27768789052244935
2020-03-13,-0.2581537276362095,-0.26283103500492444,-0.18837032743038762,-0.20399595011150706,-0.21507705904316932
2020-03-16,-0.34317360515159556,-0.3473148660179497,-0.285593695231535,-0.29109768664777025,-0.3186970632878954
2020-03-17,-0.3005344906734917,-0.3049445892381314,-0.23141192221533036,-0.2528225873736383,-0.28352611460302934
2020-03-18,-0.32887999801261325,-0.33311137942885405,-0.2547893945168417,-0.290654363664653,-0.3155855107876644
2020-03-19,-0.3261528253481547,-0.3304014014653389,-0.25031645343445397,-0.2891470204230735,-0.28977375278741424
2020-03-20,-0.35575633362549475,-0.35981826095496683,-0.2796860493469683,-0.32375715100717306,-0.3136758318790209
2020-03-23,-0.36444528865869574,-0.36845243251763315,-0.2806987518480305,-0.34104746893243965,-0.31382702948368724
2020-03-24,-0.3110457393873808,-0.31538956500182114,-0.22499786069172178,-0.28134422022734407,-0.24733061907176113
2020-03-25,-0.308439704367515,-0.3127999609155,-0.23073674428894808,-0.2705858132135507,-0.25040013470420774
2020-03-26,-0.27004074944416867,-0.27464310967522765,-0.19022703453368284,-0.22799546304251272,-0.21781838883925908
2020-03-27,-0.2934646029436465,-0.29791927683232133,-0.218077447917582,-0.25099012557811273,-0.24423966978817646
2020-03-30,-0.2691424361234477,-0.2737504601795753,-0.18963626994522642,-0.22666549409316117,-0.21742441517379663
2020-03-31,-0.27771001245466054,-0.28226401832750825,-0.196556682719366,-0.23819234264401812,-0.2168706551490157
2020-04-01,-0.3093081593981659,-0.31366294037625797,-0.2306945698142412,-0.2724773997731522,-0.25608983335558344
2020-04-02,-0.2943303415378118,-0.29877955698360315,-0.21508145050059124,-0.25568952959507896,-0.2489754175713007
2020-04-03,-0.30443799215237666,-0.30882347931582554,-0.22622162873185325,-0.26644793660887256,-0.25688541803443776
2020-04-06,-0.25621432634701957,-0.2609038615536018,-0.1709005010134429,-0.21717802146260534,-0.2007028872427623
2020-04-07,-0.2559866145685953,-0.2606775854876947,-0.1712380899766337,-0.2163799498950324,-0.1983738118010263
2020-04-08,-0.23560040126374082,-0.2404199063404725,-0.15364161135854515,-0.1900750672538557,-0.18093625322450924
2020-04-09,-0.2292317269835008,-0.23409138626501813,-0.15241790770692454,-0.1777501471354257,-0.17568298765428292
2020-04-13,-0.22858683169017058,-0.23345055700749595,-0.14326102439159116,-0.1852574137087376,-0.15292679398475484
2020-04-14,-0.20043642628452063,-0.20547763864133284,-0.10600048767858206,-0.16122831584620378,-0.11215774503708709
2020-04-15,-0.2135164776096241,-0.21847522083135362,-0.11625455122141459,-0.17905062135121086,-0.1158591609849482
2020-04-16,-0.2044466254703362,-0.20946255370171618,-0.10013501626872301,-0.1750901190387606,-0.09905598604389343
2020-04-17,-0.18989530109403452,-0.19500297477088646,-0.09152672306713883,-0.15280481837512916,-0.09347687009115346
2020-04-20,-0.20182912087175098,-0.20686155235185322,-0.10228707347199117,-0.16773068692512916,-0.1045320084589807
2020-04-21,-0.22867271726255278,-0.2335359010752085,-0.1354122580658037,-0.19300108914039105,-0.1431853660484439
2020-04-22,-0.20866872633727385,-0.2136580344126563,-0.1097560763598805,-0.1750901190387606,-0.10862368799635247
2020-04-23,-0.2095410579225666,-0.2145248659865533,-0.11165495793788316,-0.17514928890181747,-0.11068778343479502
2020-04-24,-0.19779912871554162,-0.20285696911486384,-0.09764537010226348,-0.16365193508452713,-0.09491805236609252
2020-04-27,-0.1887896729584707,-0.19390431757097093,-0.090387368364933,-0.15159309895392925,-0.0833079635291809
2020-04-28,-0.19829424856314615,-0.20334896725410667,-0.10751960581868658,-0.15549443140332264,-0.10378144910354703
2020-04-29,-0.17358588425425603,-0.17879638807045894,-0.07587136489027135,-0.13338655013089995,-0.06589571335202093
2020-04-30,-0.17760292160920033,-0.18278809818562258,-0.07625112832816994,-0.14145529901751874,-0.057835564837843245
2020-05-01,-0.200078425502764,-0.20512189503839717,-0.1022870734719914,-0.1641839226642674,-0.0936269090117876
2020-05-04,-0.19431273961497497,-0.19939256154071006,-0.091822073167112,-0.16187855295409603,-0.07342608031068154
2020-05-05,-0.1860235988976161,-0.1911556834826138,-0.08152583514957257,-0.1541348775224426,-0.06381895263636961
2020-05-06,-0.18627688724820946,-0.19140737486155301,-0.07587136489027135,-0.1598687619653235,-0.05647808170276347
2020-05-07,-0.17612831055778022,-0.18132278449053318,-0.06397159539470187,-0.14973105222687522,-0.04602715760393272
2020-05-08,-0.16366685095685285,-0.16893989383170027,-0.051143536735995476,-0.13566233490954305,-0.029713256587170833
2020-05-11,-0.15984312208342122,-0.1651402733967713,-0.04266183134704438,-0.1354850057162963,-0.020154735998537565
2020-05-12,-0.1770111729674303,-0.18220008049241376,-0.06270571726837415,-0.15271615377850567,-0.03824587339477492
2020-05-13,-0.18943896989350317,-0.19454952071804243,-0.07443666008809235,-0.16770110199360078,-0.051255719296331215
2020-05-14,-0.1799880002373433,-0.18515813900032896,-0.06392942091999465,-0.15774072144839923,-0.040172049109366004
2020-05-15,-0.17544167539586086,-0.18064047853241527,-0.05785294835957733,-0.15386888373257257,-0.028199824930563278
2020-05-18,-0.15520215279171035,-0.16052856520762937,-0.040298772993217824,-0.12809598867113636,-0.011195075091633866
2020-05-19,-0.16059931835677332,-0.16589170188664393,-0.04270400582175149,-0.1370514737219517,-0.011968192971219649
2020-05-20,-0.14508875743356642,-0.15047893435217774,-0.02358847345206949,-0.12239168915978393,0.0
2020-05-21,-0.15269518729997178,-0.1580374060205182,-0.03422230043280017,-0.1284506470576302,-0.00669356841504265
2020-05-22,-0.15042828773140504,-0.1557847991517346,-0.03088864966410787,-0.12679551445535142,-0.001873665249449652
2020-05-26,-0.1463414805041262,-0.15172375906014235,-0.03350494803171078,-0.11603715254053892,-0.007575569397992088
2020-05-27,-0.1376612391814106,-0.14309824626840884,-0.02823024121030826,-0.10288466612096958,-0.009018593851530365
2020-05-28,-0.13901838876149153,-0.14444683908145084,-0.029496119336635873,-0.10453979872324837,-0.01434569654089668
2020-05-29,-0.13113666335852148,-0.1366148076025171,-0.015275530350458033,-0.1005497114792695,0.0
2020-06-01,-0.1294266443747093,-0.107360517781522,-0.012321707408175064,-0.09691437281974657,0.0
2020-06-02,-0.12824615518294324,-0.11461727456452064,-0.005696644734007883,-0.08943669117796338,0.0
2020-06-03,-0.12994361865182924,-0.11671076541199032,-0.0012237036516201671,-0.07731868518430884,0.0
2020-06-04,-0.13321683501109272,-0.12615531373944633,-0.008228529763685377,-0.0797423044226322,-0.010459190144219921
2020-06-05,-0.12168285078322583,-0.10792313835396272,0.0,-0.056156529543215594,0.0
2020-06-08,-0.12008252568518885,-0.11245595296139876,0.0,-0.044747840322548416,0.0
2020-06-09,-0.09465379896963766,-0.08636736298755576,0.0,-0.05187086357783799,0.0
2020-06-10,-0.07049419811217139,-0.07388290065460756,0.0,-0.05716142503760191,0.0
2020-06-11,-0.11451060587341011,-0.12614593819476372,-0.04954917101680367,-0.11151507771681968,-0.049931550661205804
2020-06-12,-0.1100695061874426,-0.11147355962073524,-0.041994948771940765,-0.10087487513219706,-0.04627660782923382
2020-06-15,-0.07877193839890495,-0.07305503640630395,-0.030338726275966788,-0.09248096259265093,-0.029290683910914828
2020-06-16,-0.07522328442687398,-0.08247441597503491,-0.013686926734139515,-0.07501331547413748,-0.016852904215204023
2020-06-17,-0.06612972838578235,-0.06948854105901414,-0.010559686827330772,-0.07885556825843576,-0.01216541685127881
2020-06-18,-0.05810163883763586,-0.0646862425232606,-0.007879142359630387,-0.07850090987194203,-0.010134368844136099
2020-06-19,-0.05599366183436305,-0.06391742539794731,-0.00804157143092643,-0.0877814683777225,-0.01089020810420116
2020-06-22,-0.04556534035887261,-0.0535766367603161,0.0,-0.08192942460465158,0.0
2020-06-23,-0.04582955067245986,-0.0538386293556834,0.0,-0.07770292850233096,0.0
2020-06-24,-0.07615102976452981,-0.08390559719977742,-0.020615615252853492,-0.10122953351869068,-0.02373834245705786
2020-06-25,-0.05134077154751271,-0.0593035903600182,-0.011292387075822585,-0.0915942264284545,-0.010699911355233405
2020-06-26,-0.08108760955816718,-0.0888007405225818,-0.03464071388862555,-0.11317021031909857,-0.045886226201012015
2020-06-29,-0.06932359586140235,-0.07713547114492081,-0.02411187947396043,-0.1001359734276811,-0.029148374854328307
2020-06-30,-0.054241533854886614,-0.06218000436193216,-0.0049830825133564405,-0.08860912487682404,-0.003061505728036318
2020-07-01,-0.04540963427326061,-0.053422237634369485,0.0,-0.08222500332605065,0.0
2020-07-02,-0.03954193513070592,-0.047603790555904135,0.0,-0.0771708507246287,0.0
2020-07-06,-0.020706416144350426,-0.028926372413802692,0.0,-0.06292489441201166,0.0
2020-07-07,-0.023297442353806153,-0.023961833104783836,-0.006888924478358427,-0.07258969623581446,-0.0042218147008472595
2020-07-08,-0.0185398995260595,-0.02101585829443986,0.0,-0.06549625791205338,0.0
2020-07-09,0.0,-0.009092542769244871,0.0,-0.07081631410538358,0.0
2020-07-10,0.0,0.0,0.0,-0.061328841474827755,0.0
2020-07-13,-0.030404784255332995,-0.03577837969393771,-0.02057049153566992,-0.06945676022450353,-0.023161935221881036
2020-07-14,-0.02713601442987068,-0.01384617333240934,-0.01363793645818745,-0.057397833895943884,-0.01333092813146064
2020-07-15,-0.029618554892974713,-0.01146624165248733,-0.011630137174761468,-0.04873792756652762,-0.013686670350079644
2020-07-16,-0.045303653544304656,-0.030441629491776423,-0.0183733230332509,-0.051870863577838544,-0.02269323613621943
2020-07-17,-0.0514664467873438,-0.02737805446455388,-0.017236760889221436,-0.049122170884550065,-0.023035074163214375
2020-07-20,0.0,0.0,0.0,-0.04143757511799129,0.0
2020-07-21,-0.02961539296332405,-0.02961539296332405,-0.010420566729204883,-0.039398199197690165,-0.015185043415042787
2020-07-22,-0.020836925457837663,-0.020836925457837774,-0.006934575725244363,-0.03393039874264148,-0.0110174956007133
2020-07-23,-0.06749041117656973,-0.06749041117656984,-0.03287348771947163,-0.04545724729349854,-0.04442916019577403
2020-07-24,-0.09843605627494945,-0.09843605627494956,-0.042057130489701056,-0.0516048697879683,-0.0537625544031477
2020-07-27,-0.049396510067095445,-0.04939651006709567,-0.024964403975498595,-0.044688760657454196,-0.03149005530942295
2020-07-28,-0.07827489098220541,-0.07827489098220564,-0.03737162180944176,-0.05074771855530047,-0.04811874053121812
2020-07-29,-0.05993591065492321,-0.05993591065492332,-0.026276369284431556,-0.03907312574272492,-0.03427071018970407
2020-07-30,-0.05690974377947444,-0.056909743779474664,-0.021178476356312426,-0.04250164047543459,-0.029934439266087964
2020-07-31,-0.07486024556408533,-0.07486024556408544,-0.0037108862692289968,-0.03493529423702779,-0.010129248699892734
2020-08-03,-0.04008914735758351,-0.04008914735758362,0.0,-0.02822600903332706,0.0
2020-08-04,-0.029961549743317217,-0.02996154974331733,0.0,-0.024472420845652265,0.0
2020-08-05,-0.028058675111634845,-0.028058675111634845,0.0,-0.01841346294780577,0.0
2020-08-06,-0.02446740557528604,-0.02446740557528615,0.0,-0.01185201220378529,0.0
2020-08-07,-0.042587752711553795,-0.042587752711553795,-0.01154243103209951,-0.011142605232835834,-0.011139848594278634
2020-08-10,-0.046879873410915485,-0.046879873410915485,-0.015766155180943375,-0.008186998414771773,-0.01780162099361937
2020-08-11,-0.07589470808401233,-0.07589470808401233,-0.03440872306654963,-0.016374087027504647,-0.03942245597811633
2020-08-12,0.0,0.0,-0.010122448108785709,-0.0026600280966662115,-0.002522947359659744
2020-08-13,0.0,0.0,-0.007864854161453216,-0.00446299515862536,0.0
2020-08-14,0.0,0.0,-0.009030042433921137,-0.004433410227096868,0.0
2020-08-17,0.0,0.0,0.0,-0.0012708892842574482,0.0
2020-08-18,0.0,0.0,0.0,0.0,0.0
2020-08-19,-0.0016406761858630547,-0.0016406761858630547,-0.00672732708197088,-0.0041637243123002765,-0.006059433206948461
2020-08-20,0.0,0.0,0.0,-0.0010631226481443434,0.0
2020-08-21,0.0,0.0,0.0,0.0,0.0
2020-08-24,-0.002746774503799232,-0.002746774503799232,0.0,0.0,0.0
2020-08-25,-0.0045747101047157734,-0.0045747101047158845,0.0,0.0,0.0
2020-08-26,0.0,0.0,0.0,0.0,0.0
2020-08-27,0.0,0.0,-0.003116877958428854,0.0,-0.0018606812353607616
2020-08-28,-0.0064715767462221185,-0.0064715767462221185,0.0,0.0,0.0
2020-08-31,0.0,0.0,0.0,-0.0036225371165337084,0.0
2020-09-01,-0.003432145772971351,-0.003432145772971351,0.0,0.0,0.0
2020-09-02,-0.04278959441101593,-0.04278959441101604,0.0,0.0,0.0
2020-09-03,-0.12429576746452131,-0.12429576746452142,-0.050700243124573996,-0.03441430567094572,-0.06057896570985433
2020-09-04,-0.11182789290813167,-0.11182789290813178,-0.06335058321674358,-0.04229802730354815,-0.07284302483485472
2020-09-08,-0.2352497103133756,-0.23524971031337572,-0.10836965418250866,-0.06846524997538628,-0.13309955833021447
2020-09-09,-0.1782299046235204,-0.1782299046235204,-0.08217731563053121,-0.05006989949931373,-0.0973827619484855
2020-09-10,-0.18596735783702056,-0.18596735783702056,-0.10047566536704544,-0.0665641508136513,-0.1153074643434594
2020-09-11,-0.1899612621577722,-0.18996126215777231,-0.10671818112175979,-0.06608894001030974,-0.12171058255209188
2020-09-14,-0.11543230441937358,-0.1154323044193738,-0.09116133311292185,-0.05378814675806409,-0.09821441192466118
2020-09-15,-0.07958424215526749,-0.0795842421552676,-0.07827986339866388,-0.049007543139670706,-0.08053918958005546
2020-09-16,-0.10465015633780639,-0.1046501563378065,-0.09297801395849536,-0.052781672458778184,-0.10037465507911791
2020-09-17,-0.12504998226998976,-0.12504998226998976,-0.10714758024522097,-0.061112706522605365,-0.11721799037902669
2020-09-18,-0.11533535765210123,-0.11533535765210134,-0.11854278468355495,-0.07562207824273359,-0.12714438647011783
2020-09-21,-0.0961896709669735,-0.09618967096697362,-0.11642885078279641,-0.08591000821253003,-0.122711573582999
2020-09-22,-0.11714012520836048,-0.11714012520836059,-0.10001320452703588,-0.07660056885377964,-0.11038215120894401
2020-09-23,-0.18074253468168244,-0.18074253468168244,-0.12749374044939732,-0.09801508627934163,-0.14705313168950696
2020-09-24,-0.16516399440337703,-0.16516399440337692,-0.12343108043270512,-0.09561087794214773,-0.1388238746871917
2020-09-25,-0.12634761427119623,-0.12634761427119612,-0.10305195930989708,-0.08098965678518266,-0.1148789509518996
2020-09-28,-0.10601286679354693,-0.10601286679354671,-0.08442329480164967,-0.06572549332768207,-0.09889166652025794
2020-09-29,-0.10173214417441334,-0.10173214417441301,-0.08855197745352195,-0.07081357625222306,-0.09920681556138533
2020-09-30,-0.08073003122141753,-0.0807300312214172,-0.0823094616988076,-0.06376851210558987,-0.089954831270317
2020-10-01,-0.057359499552216975,-0.05735949955221675,-0.06774345720725239,-0.057757905946482446,-0.07498580046721248
2020-10-02,-0.11125684622386278,-0.11125684622386256,-0.09396885747577832,-0.0667039839387279,-0.10483839828781383
2020-10-05,-0.08017996783763737,-0.08017996783763726,-0.07464660250543287,-0.05015376524791049,-0.08288938496676213
2020-10-06,-0.0896519076770178,-0.0896519076770177,-0.09116133311292163,-0.06365674798487564,-0.10099529390963136
2020-10-07,-0.06966702176429329,-0.06966702176429318,-0.07543927731925903,-0.047358126539849166,-0.0861111961497758
2020-10-08,-0.07316121217538529,-0.07316121217538529,-0.0705179198535606,-0.03891532835530809,-0.08142184292159826
2020-10-09,-0.06691484091124544,-0.06691484091124544,-0.05631529185028672,-0.030332697045690193,-0.06806449760067412
2020-10-12,-0.04228880078478903,-0.042288800784788805,-0.027183282867176417,-0.014733070593801578,-0.03541683499241821
2020-10-13,-0.03683032995708602,-0.036830329957085906,-0.027216344583724572,-0.021163005495893672,-0.036691294864845236
2020-10-14,-0.02620581216440354,-0.02620581216440354,-0.035341563819192845,-0.027313444780077578,-0.041183971623266924
2020-10-15,-0.04364154008773158,-0.04364154008773147,-0.0418153099939117,-0.028515548948674585,-0.050182028470704076
2020-10-16,-0.05887799149986894,-0.05887799149986894,-0.0470669822313432,-0.029102609188853212,-0.05723167762070169
2020-10-19,-0.0790286208546277,-0.07902862085462758,-0.06262393103809749,-0.043863578154772265,-0.07669326650566222
2020-10-20,-0.08348995367491163,-0.08348995367491152,-0.060609081489067296,-0.040033566775308005,-0.0713485509545927
2020-10-21,-0.08678483821108096,-0.08678483821108085,-0.0613357336677135,-0.04185071487232339,-0.0672540653244511
2020-10-22,-0.08891001822273459,-0.08891001822273437,-0.06136879538426154,-0.03659498576671116,-0.06727536425172354
2020-10-23,-0.08661430069591403,-0.08661430069591392,-0.05951915362005611,-0.03332405093918556,-0.06108970380824785
2020-10-26,-0.10208270521884844,-0.10208270521884821,-0.07362269727160164,-0.05118813791931387,-0.0769115445814047
2020-10-27,-0.08865354130783698,-0.08865354130783676,-0.06638923720168821,-0.0544590727468397,-0.06469917181547613
2020-10-28,-0.1348574084668399,-0.1348574084668398,-0.10278766717334387,-0.08677664938673912,-0.1081659830066426
2020-10-29,-0.11613257759052209,-0.11613257759052187,-0.08709867309622954,-0.07749510840010598,-0.0870624861658279
2020-10-30,-0.15727480161826923,-0.157274801618269,-0.11025235766326213,-0.08711211238112682,-0.11499870105564625
2020-11-02,-0.1421623298487774,-0.1421623298487772,-0.10827056983078032,-0.07688006447168749,-0.11148020919983925
2020-11-03,-0.10215481883936095,-0.10215481883936084,-0.09284586789021898,-0.06058152834278363,-0.09107580566580875
2020-11-04,-0.07853319608963416,-0.07853319608963416,-0.05235171618532308,-0.03958625434408347,-0.0490603413556735
2020-11-05,-0.04759129364302406,-0.047591293643023946,-0.02764564290926974,-0.020855526189745843,-0.023702722513774144
2020-11-06,-0.04292012248988919,-0.04292012248988908,-0.026919091528539885,-0.021079139747296805,-0.023668437227541528
2020-11-09,-0.08319516643987401,-0.08319516643987401,-0.04680279089270678,-0.008778346495051381,-0.049202878265861116
2020-11-10,-0.12400325851975003,-0.12400325851975014,-0.06387896589401709,-0.01023204790943899,-0.07202054601726382
2020-11-11,-0.0945515295712619,-0.0945515295712619,-0.04293829957947126,-0.0028795044566580774,-0.05060322836921971
2020-11-12,-0.09907233088105072,-0.09907233088105072,-0.04743035871962464,-0.012552475814158859,-0.055674905310851286
2020-11-13,-0.10816656460607021,-0.1081665646060701,-0.03907390906415198,0.0,-0.051702204281378394
2020-11-16,-0.10816877063569152,-0.1081687706356913,-0.031576156857685445,0.0,-0.045726201608351724
2020-11-17,-0.07465111351954379,-0.07465111351954357,-0.0346479733570948,-0.0053783053414221405,-0.04289601569043189
2020-11-18,-0.03299381666216772,-0.03299381666216761,-0.04178234907528,-0.017348397324264186,-0.0404188389125788
2020-11-19,-0.015464757391270956,-0.015464757391270734,-0.03428459686881369,-0.013211265267837002,-0.03317389000234705
2020-11-20,-0.031594622391141414,-0.03159462239114108,-0.04089048911180937,-0.019968614628067982,-0.044982006933307006
2020-11-23,-0.028675406531828207,-0.028675406531827874,-0.040857427395261214,-0.014093873640714905,-0.04130182436088892
2020-11-24,-0.014026014123310282,-0.01402601412331006,-0.02738145157063332,0.0,-0.02329956889525453
2020-11-25,-0.01175587339566242,-0.011755873395662308,-0.021403127154555834,-0.0015417585945480816,-0.014200942106780134
2020-11-27,-0.005826755278642848,-0.005826755278642737,-0.012386047955617041,0.0,-0.006541300196815536
2020-11-30,-0.007013359440742106,-0.007013359440741884,-0.010371299204503193,-0.004427133966767305,-0.01061722358704309
2020-12-01,0.0,0.0,0.0,0.0,0.0
2020-12-02,0.0,0.0,0.0,0.0,0.0
2020-12-03,0.0,0.0,0.0,-0.00027265220203875895,0.0
2020-12-04,0.0,0.0,0.0,0.0,0.0
2020-12-07,0.0,0.0,0.0,-0.0020549134867724472,0.0
2020-12-08,0.0,0.0,0.0,0.0,0.0
2020-12-09,-0.015804963218782442,-0.015804963218782553,-0.02264105482779899,-0.008968871609766116,-0.026009514956843338
2020-12-10,-0.01398977614347019,-0.013989776143470412,-0.018716206725231,-0.009293033786157423,-0.02160274482349378
2020-12-11,-0.016054117294292736,-0.016054117294292958,-0.020889429637379386,-0.010454724840971319,-0.024343090380866572
2020-12-14,0.0,0.0,-0.013785720854397221,-0.014885078655083261,-0.016069844610358874
2020-12-15,-0.002625241043912818,-0.002625241043912818,-0.0032436990245640063,-0.0015668937753030576,-0.00730718945990394
2020-12-16,-0.01197982727049307,-0.011979827270493182,0.0,-1.1102230246251565e-16,-0.004287338474231239
2020-12-17,0.0,0.0,0.0,0.0,0.0
2020-12-18,0.0,0.0,-0.0030225158887662307,-0.008220496558327794,0.0
2020-12-21,-0.0036260840611272993,-0.0036260840611272993,-0.006688059717895989,-0.011766615618205578,-0.004860249092523583
2020-12-22,-0.0031110942433185684,-0.0031110942433184574,-0.003987106862942125,-0.013432194635648487,-0.006208425168601206
2020-12-23,-0.005173411905595171,-0.00517341190559506,-0.009003176183179362,-0.012545623878874035,-0.009935743137319708
2020-12-24,-0.0010433561290732474,-0.0010433561290731364,-0.00463023293056708,-0.008704035889145145,-0.005103308553547903
2020-12-28,0.0,0.0,0.0,-0.00018798841735578886,0.0
2020-12-29,-0.0005061544953398611,-0.0005061544953397501,0.0,-0.0020954190838169406,-0.0010502579565385695
2020-12-30,0.0,0.0,0.0,-0.0006716097317824854,-0.0010582651371378038
2020-12-31,0.0,0.0,0.0,0.0,0.0
2021-01-04,-0.013866966434029515,-0.013866966434029626,-0.014119949045934277,-0.013613983822124975,-0.009693956928466863
2021-01-05,-0.00640615721160076,-0.00640615721160076,-0.0059922386094549696,-0.006820419057569471,-0.0004946773781464575
2021-01-06,-0.01031782824036509,-0.01031782824036509,-0.01976152827958433,-0.000882681837845789,-0.018381412954281084
2021-01-07,0.0,0.0,0.0,0.0,0.0
2021-01-08,0.0,0.0,0.0,0.0,0.0
2021-01-11,-0.05065988219944928,-0.05065988219944928,-0.014450005859015347,-0.006740825836411779,-0.02123473454480118
2021-01-12,-0.03337505553389597,-0.03337505553389586,-0.016017256593783724,-0.0065310304993273505,-0.022151711887392622
2021-01-13,-0.02781554125554353,-0.02781554125554342,-0.009372128783548983,-0.003855639676468625,-0.015214363489379656
2021-01-14,-0.03771216672066735,-0.03771216672066724,-0.014669443919657521,-0.007344117502038117,-0.028362294493677664
2021-01-15,-0.0493569843185383,-0.04935698431853819,-0.022474417625831467,-0.01458321726952605,-0.03536196735214836
2021-01-19,-0.023135325446316357,-0.023135325446316246,-0.00821237854500334,-0.00684576352695665,-0.01844705260477375
2021-01-20,0.0,0.0,0.0,0.0,0.0
2021-01-21,-0.0021249992779825977,-0.0021249992779824867,0.0,0.0,0.0
2021-01-22,0.0,0.0,-0.0028801690342508124,-0.0035394164744093626,0.0
2021-01-25,0.0,0.0,0.0,0.0,0.0
2021-01-26,-4.89864733009826e-05,-4.89864733009826e-05,0.0,-0.001560930514972858,0.0
2021-01-27,-0.026206284091212062,-0.026206284091212062,-0.027876696686438662,-0.025963242035451417,-0.025268354774736324
2021-01-28,-0.019137984829678656,-0.019137984829678545,-0.02212480323410737,-0.017586330310395137,-0.027797280797409507
2021-01-29,-0.039274020925635145,-0.039274020925635034,-0.04269758341903329,-0.03725384837927115,-0.05062407057613583
2021-02-01,-0.01927514374269501,-0.0192751437426949,-0.018777147749232226,-0.021228448583849202,-0.02303990942120604
2021-02-02,-0.004341507162860192,-0.004341507162860192,-0.0027694198613813503,-0.007388399144723334,-0.00742497767646122
2021-02-03,-0.005925068856521887,-0.005925068856521665,-0.006725680878019169,-0.006607894191125063,-0.0038747316376771535
2021-02-04,0.0,0.0,0.0,0.0,0.0
2021-02-05,0.0,0.0,0.0,0.0,0.0
2021-02-08,0.0,0.0,0.0,0.0,0.0
2021-02-09,-0.0004377980978926832,-0.0004377980978927942,-0.0002097751947283122,-0.0006658210010571652,-0.00326928471329202
2021-02-10,-0.0017944409302229625,-0.0017944409302230735,-0.002488118609255574,-0.0011011835359033828,-0.00546701149689599
2021-02-11,0.0,0.0,0.0,0.0,-0.0008560648572434326
2021-02-12,0.0,0.0,0.0,0.0,0.0
2021-02-16,0.0,0.0,-0.0027047217390184786,-0.0008660015352055517,-0.0007805672264223906
2021-02-17,-0.012625044985605793,-0.012625044985605793,-0.00749002657101816,-0.000636715542667976,-0.0042198076073975965
2021-02-18,-0.02183696168291882,-0.02183696168291893,-0.011829427379777102,-0.004890009566278053,-0.010084731197660068
2021-02-19,-0.022789133509285353,-0.022789133509285464,-0.01613916777039126,-0.006647350681966535,-0.018694968009140944
2021-02-22,-0.039211924509495955,-0.039211924509495955,-0.04164068734526949,-0.014287937193981026,-0.04665981988302592
2021-02-23,-0.040058807447212796,-0.040058807447212574,-0.04449398328893983,-0.013090908864802797,-0.04841469080450189
2021-02-24,-0.0308134061078027,-0.030813406107802588,-0.036617645644898555,-0.0022158353766990047,-0.037580307708880545
2021-02-25,-0.05938424597308112,-0.059384245973080896,-0.07020367001868733,-0.026258220485763095,-0.07838447075684751
2021-02-26,-0.059838070676757615,-0.05983807067675728,-0.06630999182388386,-0.031275542070948514,-0.07193665960968254
2021-03-01,-0.03430220703087661,-0.034302207030876164,-0.038222664296494124,-0.007793469748394899,-0.04412100509216399
2021-03-02,-0.04581431044255502,-0.045814310442554684,-0.05364844005248559,-0.015535874785909232,-0.06269686881222036
2021-03-03,-0.06597900969772308,-0.06597900969772297,-0.08111162893383783,-0.028575796663896647,-0.08930512527815881
2021-03-04,-0.0794017012833167,-0.07940170128331636,-0.09615100291216339,-0.04059698921842847,-0.10144335649522018
2021-03-05,-0.06400130103221013,-0.06400130103220991,-0.08253832225799418,-0.02294725302945111,-0.09148380278585078
2021-03-08,-0.07958233120481029,-0.07958233120480995,-0.10851540627425782,-0.027811769102321415,-0.12318994190409593
2021-03-09,-0.054860515817638955,-0.05486051581763873,-0.07335420507630341,-0.013931339182535862,-0.07510288924223552
2021-03-10,-0.053267970648882,-0.05326797064888178,-0.07599942456974706,-0.00779346974839501,-0.0782709031632729
2021-03-11,-0.03756615389298601,-0.03756615389298579,-0.0547183920171207,0.0,-0.05337624633460647
2021-03-12,-0.0408218075091098,-0.04082180750910969,-0.06238674391557786,0.0,-0.06294689963281608
2021-03-15,-0.03283838920414195,-0.03283838920414173,-0.05237041163762324,0.0,-0.05219707864595591
2021-03-16,-0.030794052130165728,-0.030794052130165506,-0.04716904460981308,-0.001261320338490246,-0.04894643125907672
2021-03-17,-0.027146231715757252,-0.02714623171575692,-0.043245705996864725,0.0,-0.04163654751954893
2021-03-18,-0.04912311872292063,-0.04912311872292019,-0.07255165039818423,-0.014549661776192768,-0.07401028177847868
2021-03-19,-0.049876027380338805,-0.04987602738033836,-0.06928220155406062,-0.019584147883112912,-0.06740804263207467
2021-03-22,-0.03778422784321023,-0.03778422784320978,-0.05302430140644798,-0.011755558860529591,-0.05153062174111667
2021-03-23,-0.04366983630039367,-0.04366983630039312,-0.05715562576498012,-0.019533830677301744,-0.05458245723046751
2021-03-24,-0.05416496438667451,-0.05416496438667395,-0.07305696596235711,-0.024517999578410832,-0.07363245964307896
2021-03-25,-0.05232339614250148,-0.05232339614250103,-0.07466198461395268,-0.019030351338544915,-0.07599611708003617
2021-03-26,-0.03757984110561474,-0.03757984110561419,-0.06078172526398207,-0.0032220680356223053,-0.07004982689270611
2021-03-29,-0.037959951529037195,-0.03795995152903664,-0.06104921325514079,-0.0037255473743790235,-0.06615694736333477
2021-03-30,-0.04165708374481669,-0.04165708374481614,-0.06577501584156553,-0.006368621852447576,-0.06786777809952149
2021-03-31,-0.032382140588274266,-0.03238214058827371,-0.05147869429578422,-0.002341094423040757,-0.04859407608100974
2021-04-01,-0.018910272419710772,-0.018910272419710217,-0.03530986610724851,0.0,-0.03205598107069685
2021-04-05,-0.0020757890987517236,-0.0020757890987510574,-0.016050005106671095,0.0,-0.0062858963312080185
2021-04-06,-0.0027170978224304587,-0.0027170978224297926,-0.016733555293640512,-0.0005905853012750928,-0.00912528050695871
2021-04-07,-0.0009342088254515879,-0.0009342088254509218,-0.014355823791355693,0.0,-0.0015619627517741153
2021-04-08,0.0,0.0,-0.004072003522242351,0.0,0.0
2021-04-09,0.0,0.0,0.0,0.0,0.0
2021-04-12,-0.0004702702368821754,-0.0004702702368820644,-0.0013051287204360884,0.0,0.0
2021-04-13,0.0,0.0,0.0,0.0,0.0
2021-04-14,-0.007711673086190585,-0.007711673086190585,-0.012008209819725058,-0.003415136352656112,-0.017477935080232432
2021-04-15,0.0,0.0,0.0,0.0,0.0
2021-04-16,0.0,0.0,0.0,0.0,-0.0007004620565257413
2021-04-19,-0.007032420426773545,-0.007032420426773545,-0.009151793203238223,-0.004913047650308977,-0.012152529880571694
2021-04-20,-0.01428617907085239,-0.01428617907085239,-0.01637380761853513,-0.01219862009002426,-0.017640698646842146
2021-04-21,-0.00540337137031055,-0.00540337137031055,-0.007952987172998638,-0.002851944623388891,-0.008759141168330875
2021-04-22,-0.015939976821964574,-0.015939976821964574,-0.019911690781391433,-0.01195901988008874,-0.025888158438405973
2021-04-23,-0.004410771737396235,-0.004410771737396124,-0.007572867062182187,-0.001246272154242778,-0.010237340035837428
2021-04-26,-0.0001303838651859346,-0.0001303838651859346,-0.001111092868518515,0.0,-0.0025182341259678553
2021-04-27,-0.002403941215713523,-0.002403941215713523,-0.005438483716939446,-0.00021550331899955477,-0.009269888553318895
2021-04-28,-0.00423365369321016,-0.004233653693210271,-0.008800940556353165,-0.0005028410776657388,-0.009944201975667588
2021-04-29,0.0,0.0,-0.00523378992956558,0.0,-0.0022189993339069014
2021-04-30,-0.006562563906881591,-0.006562563906881591,-0.011754099051091815,-0.006570513216364815,-0.0058988185163245666
2021-05-03,-0.00813655874756758,-0.008136558747567468,-0.01701706721451568,-0.004427904019360884,-0.014490096863394086
2021-05-04,-0.020120787176309496,-0.020120787176309496,-0.034706572258870305,-0.010569924456534041,-0.03370969506299293
2021-05-05,-0.021614838614544718,-0.021614838614544718,-0.037952137702704336,-0.010260433232499255,-0.03611742417233155
2021-05-06,-0.01402113842695829,-0.014021138426958513,-0.030700855823476147,-0.0023567829360777726,-0.028452837515251517
2021-05-07,-0.0064328558311189665,-0.0064328558311189665,-0.022835581812198913,0.0,-0.021759166585434198
2021-05-10,-0.023898139402560026,-0.023898139402560026,-0.04751322925061785,-0.009902380186043391,-0.05225953327640653
2021-05-11,-0.028928077587743406,-0.028928077587743406,-0.04882901590651045,-0.018738756167931303,-0.055913860266025406
2021-05-12,-0.05181050599593329,-0.051810505995933176,-0.07344812841706616,-0.03958587995917873,-0.08214114656620386
2021-05-13,-0.04245005058002149,-0.04245005058002149,-0.06628464892963237,-0.028048887697451064,-0.0778618609755285
2021-05-14,-0.024528460353086645,-0.024528460353086756,-0.045671163624397604,-0.013124250471442056,-0.054424324681299874
2021-05-17,-0.02872831365732864,-0.028728313657328752,-0.05146049998822211,-0.015635378991424864,-0.05855631145898654
2021-05-18,-0.03619078948346266,-0.03619078948346277,-0.05786382848409577,-0.024116347942615524,-0.06740476834895581
2021-05-19,-0.03690088260703683,-0.036900882607036944,-0.05678200307950876,-0.026674902624546526,-0.06827576942691715
2021-05-20,-0.022405583835387377,-0.0224055838353876,-0.0385369516008951,-0.016203914566974564,-0.04946319797356902
2021-05-21,-0.0255111179889409,-0.0255111179889409,-0.04385836546210875,-0.017009364064329402,-0.053402262065981865
2021-05-24,-0.012349023899363432,-0.012349023899363543,-0.027776964792669,-0.006988490769393896,-0.030536927145103032
2021-05-25,-0.012761533212733212,-0.012761533212733323,-0.026431999902918002,-0.009191710716606405,-0.028858065635311014
2021-05-26,-0.01006224764652508,-0.01006224764652508,-0.023040275599573,-0.007225404691199255,-0.024516110266339264
2021-05-27,-0.011654109104549226,-0.011654109104549226,-0.0266951393880821,-0.006704222981619323,-0.026840079845087628
2021-05-28,-0.009211416591148547,-0.009211416591148658,-0.02362508949776365,-0.004927477012047876,-0.024215716756558203
2021-06-01,-0.011294481720166116,-0.011294481720166227,-0.026870565711524685,-0.005803993456346523,-0.024941737511764872
2021-06-02,-0.009551596850938648,-0.00955159685093876,-0.02497005438751465,-0.00424052062358482,-0.02372149299560311
2021-06-03,-0.016542727031217508,-0.01654272703121762,-0.03511595983361848,-0.007936146456615223,-0.03547088342996896
2021-06-04,-0.0037009443781189644,-0.0037009443781190754,-0.018742152215083352,0.0,-0.015509184573264334
2021-06-07,-0.0026998907315727294,-0.0026998907315728404,-0.015818261184276206,-0.0009701932233500132,-0.010417841602002098
2021-06-08,-0.0023565611878308967,-0.0023565611878310078,-0.01535042791173824,-0.0007572345470820974,-0.01028791615502167
2021-06-09,-0.0029822804844613637,-0.0029822804844613637,-0.015116555890505756,-0.0022480174948186216,-0.011262504985491528
2021-06-10,0.0,0.0,-0.004853669818749018,0.0,-0.0021349969020914017
2021-06-11,0.0,0.0,-0.002251453200968534,0.0,0.0
2021-06-14,0.0,0.0,0.0,0.0,0.0
2021-06-15,-0.004182592001534258,-0.004182592001534258,-0.006531014879743946,-0.0018341691233246804,-0.007977867142803241
2021-06-16,-0.008781055871033727,-0.008781055871033616,-0.010159356479601644,-0.007407290461660332,-0.009229003907556987
2021-06-17,-0.0026523959282467313,-0.0026523959282466203,0.0,-0.007736463503199009,0.0
2021-06-18,-0.014897148662935789,-0.014897148662935789,-0.007847314194173283,-0.024314527819320086,-0.0072028982332601466
2021-06-21,-0.005358857829104613,-0.005358857829104502,-0.002837814897551638,-0.010346668656870506,-0.002440246814719993
2021-06-22,0.0,0.0,0.0,-0.005055787905491993,0.0
2021-06-23,-0.00035812518808886473,-0.00035812518808886473,0.0,-0.006255005410866987,0.0
2021-06-24,0.0,0.0,0.0,-0.0003762490204464175,0.0
2021-06-25,0.0,0.0,-0.0012290239085314125,0.0,-0.005108803341931423
2021-06-28,0.0,0.0,0.0,0.0,0.0
2021-06-29,-0.004227651955927891,-0.004227651955927891,0.0,0.0,0.0
2021-06-30,-0.010744779107631497,-0.010744779107631497,-0.0015775023916140274,0.0,-0.0018238453931161969
2021-07-01,0.0,0.0,-0.00118308380999399,0.0,0.0
2021-07-02,0.0,0.0,0.0,0.0,0.0
2021-07-06,0.0,0.0,0.0,-0.001821471324122359,0.0
2021-07-07,-0.011138732886212699,-0.01113873288621281,0.0,0.0,-0.0005797929717874517
2021-07-08,-0.029349263610764065,-0.029349263610763954,-0.006039681727754154,-0.008147995435638933,-0.007066211491111751
2021-07-09,-0.019249097699433282,-0.019249097699433393,0.0,0.0,-0.0004509868201643119
2021-07-12,-0.00804785724892254,-0.00804785724892254,0.0,0.0,0.0
2021-07-13,-0.01988877668857658,-0.01988877668857658,0.0,-0.0034089646750015135,-0.0034854198190304997
2021-07-14,-0.02919889421798405,-0.02919889421798405,0.0,-0.0019218366516348118,-0.0050884642278749
2021-07-15,-0.05726631726055442,-0.0572663172605542,-0.007023489297120045,-0.005330801326636436,-0.016250709868260493
2021-07-16,-0.08494085798389073,-0.0849408579838905,-0.015065968299106891,-0.013132585363585303,-0.028163766219468256
2021-07-19,-0.07499873604126017,-0.07499873604125995,-0.02313601709596269,-0.0277065656712705,-0.03506692310805326
2021-07-20,-0.07266503125668855,-0.07266503125668844,-0.011788356771301522,-0.013773197580796759,-0.023579035159296602
2021-07-21,-0.046583069943911926,-0.046583069943911815,-0.0041590044210856325,-0.005788411405285077,-0.01484879866093436
2021-07-22,-0.03523484049931358,-0.03523484049931347,0.0,-0.0037064042439737266,-0.007037992720167585
2021-07-23,-0.010958702471785098,-0.010958702471784987,0.0,0.0,0.0
2021-07-26,-0.009355266049825728,-0.009355266049825506,0.0,0.0,0.0
2021-07-27,-0.01707016018681584,-0.01707016018681562,-0.011017931738149467,-0.004557569493714109,-0.012377988406088614
2021-07-28,-0.015383682222795847,-0.015383682222795625,-0.007218659210844636,-0.004965766849489239,-0.006162405196813436
2021-07-29,-0.012467122111061713,-0.012467122111061602,-0.005454637307158561,-0.0008389531685738527,-0.004420763055766996
2021-07-30,-0.017438451543730027,-0.017438451543729916,-0.010637963076454149,-0.005691304953456489,-0.015137886973172754
2021-08-02,-0.018428755151097542,-0.01842875515109732,-0.010556553051509487,-0.007777408646379658,-0.011765502057721755
2021-08-03,-0.011461131831358995,-0.011461131831358662,-0.004559127032766064,0.0,-0.006003726952331312
2021-08-04,-0.013178241998141327,-0.013178241998140994,-0.003120828046788704,-0.004918923133127029,-0.002561246042783072
2021-08-05,-0.006923862512880907,-0.006923862512880574,0.0,0.0,0.0
2021-08-06,-0.008676601851779209,-0.008676601851778987,-0.004382356090352091,0.0,-0.006170117772996253
2021-08-09,-0.012339553407536341,-0.0061157834212320905,-0.0025428149627018115,-0.0008135446213637376,-0.004317199591386767
2021-08-10,-0.024312010406440043,-0.015290974780320488,-0.007655522457996056,0.0,-0.009318207045847515
2021-08-11,-0.029242924877390886,-0.02304432420323199,-0.009359758289760989,0.0,-0.012214704919200514
2021-08-12,-0.019329419268362846,-0.014656402154372472,-0.005788986314022249,0.0,-0.002794237539793354
2021-08-13,-0.0074107587441514244,-0.005735994282758172,-0.0022993644943879454,0.0,0.0
2021-08-16,-0.03471422729309914,-0.009496025386489193,-0.0018665361439742512,0.0,-0.001960670461883307
2021-08-17,-0.0610082921353885,-0.02761083752870319,-0.010658160787435755,-0.00655523338877162,-0.016652170635081287
2021-08-18,-0.05467572478345584,-0.04236900826544088,-0.02018021938940595,-0.017428481830205178,-0.02434512653937959
2021-08-19,-0.046505666002705004,-0.02249033017708668,-0.015446267658311252,-0.01590714331996057,-0.019647611789862407
2021-08-20,-0.01737572408720056,0.0,-0.005247930237613052,-0.008076640175585625,-0.003936021437709214
2021-08-23,0.0,0.0,0.0,0.0,0.0
2021-08-24,-0.0070888648901015205,0.0,0.0,0.0,0.0
2021-08-25,0.0,0.0,0.0,0.0,0.0
2021-08-26,-0.008098131510312356,-0.00551084385061229,-0.006349985172755868,-0.005903174076911544,-0.0064860499168198915
2021-08-27,0.0,0.0,0.0,0.0,0.0
2021-08-30,0.0,0.0,0.0,0.0,0.0
2021-08-31,-0.009493837084069257,-0.006307528309157151,-0.0008152252422881645,-0.0014815766566952382,-0.0012628615630281281
2021-09-01,-0.008336902855375472,-0.0032859294084200963,0.0,-0.000950894860828444,0.0
2021-09-02,-0.010448243862268947,-0.010903576344190036,-0.0004729430924690359,0.0,-0.0035622632519541897
2021-09-03,-0.000787390983009173,0.0,0.0,-0.00024275881759971973,0.0
2021-09-07,0.0,0.0,0.0,-0.003817407659057692,0.0
2021-09-08,-0.006495590095419224,-0.012168269498604167,-0.0034806380970179296,-0.0050309997286219765,-0.004355858626962639
2021-09-09,-0.009445636293268445,-0.019061759583874127,-0.0069089639948308745,-0.00928968298594024,-0.008986147085007556
2021-09-10,-0.0149206595180843,-0.028640237241122524,-0.014446073709885154,-0.01710099507546392,-0.018440421700415377
2021-09-13,-0.017561854818784917,-0.03379313968843889,-0.015126531629313211,-0.01458552888089193,-0.01780161601185959
2021-09-14,-0.014581028362007031,-0.036449812806413684,-0.017926711806903084,-0.01990332744561818,-0.018111218995948364
2021-09-15,-0.00488305598443628,-0.03134554739308171,-0.010625206653152919,-0.011716934464546691,-0.010238649655387122
2021-09-16,-0.006324272896329974,-0.0342717210644361,-0.009944748733724973,-0.01328358741640634,-0.011171696559083677
2021-09-17,-0.012322974787474683,-0.05074913260515923,-0.021669150497804157,-0.026015597169856353,-0.0245748877100318
2021-09-20,-0.04913415496773588,-0.07481850441468907,-0.04294567997073673,-0.04225599371857336,-0.048770630128959436
2021-09-21,-0.04014232189873823,-0.0708590085871087,-0.04176805649398019,-0.04316069960330304,-0.04581292602917464
2021-09-22,-0.016290220747475992,-0.051483488655686305,-0.03281771874086492,-0.033826909259380256,-0.03749480766377311
2021-09-23,-0.0030505429062005485,-0.03663717145720058,-0.023893577020329015,-0.022087887446103127,-0.028555055746558367
2021-09-24,0.0,-0.041821133872368965,-0.022977674271502546,-0.020477059796782937,-0.023990482595738216
2021-09-27,-0.013551646183492694,-0.054806034846630824,-0.030776424848534045,-0.023279392166937307,-0.02918357793952464
2021-09-28,-0.053762155689022206,-0.09333489525105343,-0.05820311189699201,-0.04296211548316409,-0.05834753162361794
2021-09-29,-0.06306504607612495,-0.1022487282138772,-0.05974716036604155,-0.041351287833843786,-0.059827891078225504
2021-09-30,-0.06088357738672623,-0.1001584910185761,-0.06320168229643364,-0.0530682222983907,-0.0640958742927763
2021-10-01,-0.05041127943037005,-0.09012415643700411,-0.05739183354657551,-0.0418147181203129,-0.05534278582716845
2021-10-04,-0.05657328632659453,-0.11092554136474098,-0.07717670661561638,-0.05417151230325934,-0.07825324079564755
2021-10-05,-0.04879934451816603,-0.09677085603684166,-0.06471953473290448,-0.04433018431488489,-0.06377619485120611
2021-10-06,-0.04209173631713026,-0.08880281493000997,-0.058726473486899966,-0.040358367233148784,-0.05618356207637831
2021-10-07,-0.029667098829582628,-0.07916620767570681,-0.05009024852687294,-0.03206160484790377,-0.04820914964725154
2021-10-08,-0.0326779780155787,-0.07874994276310976,-0.05482709819838438,-0.03382690925938037,-0.05127353418608016
2021-10-11,-0.03172183694196429,-0.08462903056410187,-0.06207629115292934,-0.04082173018013979,-0.056438795756406535
2021-10-12,-0.03188861493382711,-0.09328134221821072,-0.06534760058717493,-0.04318278695203348,-0.05916354846115712
2021-10-13,-0.024649124570022884,-0.08363907288689998,-0.0578628829372787,-0.03974052752400137,-0.05281241395042191
2021-10-14,-0.007645216722458104,-0.05409494785866198,-0.04051184491948767,-0.0235883456912499,-0.03516915984462843
2021-10-15,0.0,-0.05084497178283154,-0.03446647147427806,-0.01615218183275169,-0.026065023446955604
2021-10-18,0.0,-0.03829671634470566,-0.02475724743590413,-0.01323948005842357,-0.01122302928247132
2021-10-19,-0.0018258822300445399,-0.03527946288998862,-0.017377154184417543,-0.0056267520890389555,-0.006158338565836807
2021-10-20,-0.005129405437995227,-0.04426977117263253,-0.01865948192553679,-0.0017211297140159454,-0.00833010385344568
2021-10-21,0.0,-0.031141262202170505,-0.012666500545485015,0.0,0.0
2021-10-22,0.0,-0.04535690462242026,-0.02096249654579807,-0.001036180745822568,-0.012305314846870141
2021-10-25,0.0,0.0,-0.010939239580288862,0.0,0.0
2021-10-26,0.0,0.0,-0.007824946609610972,0.0,0.0
2021-10-27,0.0,0.0,-0.005521931989349693,-0.004430189164679854,0.0
2021-10-28,0.0,0.0,0.0,0.0,0.0
2021-10-29,0.0,0.0,0.0,0.0,0.0
2021-11-01,0.0,0.0,0.0,0.0,0.0
2021-11-02,-0.0040250724967432205,-0.0040250724967433316,0.0,0.0,0.0
2021-11-03,0.0,0.0,0.0,0.0,0.0
2021-11-04,0.0,0.0,0.0,0.0,0.0
2021-11-05,-0.004001214468366987,-0.004001214468366876,0.0,0.0,0.0
2021-11-08,-0.010495984680572668,-0.010495984680572445,-0.0013547630121751864,0.0,-0.0034457107784795493
2021-11-09,-0.07217924663428144,-0.07217924663428132,-0.008228797614330707,-0.003305371414023539,-0.016825657169515673
2021-11-10,-0.07016036732203601,-0.0701603673220359,-0.022804807322381104,-0.011323646688270461,-0.030216500195965335
2021-11-11,-0.05740029558474424,-0.05740029558474402,-0.020095357859941432,-0.011003782531942008,-0.02678740386331635
2021-11-12,-0.0707348317460661,-0.07073483174606598,-0.009784229394797173,-0.0035399818481161027,-0.016809034160277014
2021-11-15,-0.08532093798209506,-0.08532093798209484,-0.010010087031752213,-0.003198771721639959,-0.017821931378342426
2021-11-16,-0.06395304522457967,-0.06395304522457945,-0.002960342844236852,0.0,-0.011690526315052963
2021-11-17,-0.06333887949720907,-0.06333887949720896,-0.0024335203358005764,-0.002429219514628267,-0.010387304944927456
2021-11-18,-0.021532647700437835,-0.021532647700437724,0.0,0.0,0.0
2021-11-19,0.0,0.0,0.0,-0.0017882535035963487,0.0
2021-11-22,-0.006886937229204415,-0.006886937229204415,-0.011609204571344178,-0.004598393995677963,-0.010351603847020607
2021-11-23,-0.030684159162698843,-0.030684159162698732,-0.016114209276002378,-0.0032784972407620128,-0.017779518114009574
2021-11-24,-0.013470660439705462,-0.013470660439705129,-0.012945816963721657,-0.0006173941160644292,-0.011330611837924942
2021-11-26,-0.04621185646580939,-0.046211856465809165,-0.03165914586132068,-0.022906796487266012,-0.03715478329743216
2021-11-29,0.0,0.0,-0.01064379785863978,-0.01092117761869349,-0.01128323839157963
2021-11-30,-0.007069660585635518,-0.007069660585635407,-0.025173848748717642,-0.030166293607641892,-0.023923286452250392
2021-12-01,-0.04750504637519748,-0.04750504637519748,-0.041758448290761474,-0.04093843385895113,-0.04355960013846227
2021-12-02,-0.04155950122307761,-0.0415595012230775,-0.03485231543508538,-0.026249157604287365,-0.03950637091172149
2021-12-03,-0.09370077213534034,-0.09370077213534023,-0.05163490644770785,-0.0347220683735886,-0.06067012884924328
2021-12-06,-0.10604685431559213,-0.10604685431559202,-0.04403569013435882,-0.023289979744821387,-0.05241286545150292
2021-12-07,-0.05154839383662957,-0.05154839383662935,-0.015247911609234444,-0.0030869056119846583,-0.020068082928009212
2021-12-08,-0.0525778117139708,-0.05257781171397058,-0.010841864869649886,-0.000447112102152758,-0.013744087789482218
2021-12-09,-0.10133912127395905,-0.10133912127395894,-0.02539661748078048,-0.0071956332441168724,-0.03020026061056169
2021-12-10,-0.09972018106985958,-0.09972018106985936,-0.014802298604677078,0.0,-0.022523872731492034
2021-12-13,-0.15248881090336208,-0.15248881090336197,-0.02903532451867097,-0.008858357047762166,-0.04273056805235664
2021-12-14,-0.1533044583093367,-0.15330445830933637,-0.03908507242514336,-0.015677454722166417,-0.051024511983915
2021-12-15,-0.11388186309199477,-0.11388186309199444,-0.017178649494210663,-0.00029737038229882273,-0.02512930642709954
2021-12-16,-0.16629709128636794,-0.1662970912863676,-0.04245153174843408,-0.009113264469431948,-0.055490232539132545
2021-12-17,-0.17236136132102953,-0.172528101902772,-0.047228859708123294,-0.023091293161168425,-0.06167014690433814
2021-12-20,-0.1880611965079957,-0.17710879583218175,-0.057674666096184546,-0.03347915956789693,-0.07447035816168457
2021-12-21,-0.15079314446010206,-0.14912785909591986,-0.03658506184948307,-0.01631472327634076,-0.050392846863999585
2021-12-22,-0.11422418293330938,-0.13785516780775842,-0.02485204651114936,-0.006479134673580744,-0.034080187730962
2021-12-23,-0.08509004838548473,-0.13276546035489512,-0.017500376191347478,-0.0002973703822987117,-0.022729164851731487
2021-12-27,-0.05376504125803072,-0.10405862994994763,-0.0012623561483557921,0.0,-0.0034757998361709674
2021-12-28,-0.05634444796384086,-0.10650093791645132,-0.005891247160434321,-0.0008171953242616103,-0.008141956116633375
2021-12-29,-0.05581136971792844,-0.1059961934557081,-0.0060397596484760285,0.0,-0.011144513971384162
2021-12-30,-0.05852728267878282,-0.10856775219659398,-0.009010084949746644,-0.0027645289726203615,-0.01671450560136445
2021-12-31,-0.06265315639462188,-0.11247433048930144,-0.015198357086265712,-0.005277748750244893,-0.025852359414086146
2022-01-03,-0.05542777234428986,-0.10563298476920802,-0.005717957410908192,0.0,-0.001520044100562945
2022-01-04,-0.061711747683365514,-0.11158295884555958,-0.01861429539209325,-0.00033493890638958135,-0.016996645681294886
2022-01-05,-0.08513294143171646,-0.1337592864280912,-0.048763539111510656,-0.01953064984855557,-0.05276066495937182
2022-01-06,-0.08588407408279364,-0.13447049542568545,-0.04943192084813086,-0.020451715870360987,-0.05363466878539891
2022-01-07,-0.09264226581034518,-0.1408694806877535,-0.059729214748150294,-0.024324371114352594,-0.06345383923991244
2022-01-10,-0.092908225439982,-0.14112130422561098,-0.059110387534498376,-0.025538468752333787,-0.06028018449409056
2022-01-11,-0.0819640296680485,-0.13075880634555126,-0.04497631958557813,-0.01666281132373315,-0.04824931041364733
2022-01-12,-0.07890278414604068,-0.12786026990731425,-0.04118910005964571,-0.014004317600787353,-0.04048869218827189
2022-01-13,-0.09676964253691123,-0.14477748210426078,-0.06517484890402814,-0.027589945597821464,-0.07067223789533161
2022-01-14,-0.09377472706912604,-0.14194175019370137,-0.05935785798761395,-0.027192209639175124,-0.061425785452830506
2022-01-18,-0.11307902504425715,-0.1602200002371028,-0.08277433414131252,-0.04442025831628138,-0.08529237546235813
2022-01-19,-0.12255452003293921,-0.16919186064410907,-0.09284878376883798,-0.054342575871200616,-0.0979641146348681
2022-01-20,-0.13310866475048444,-0.17918503917823958,-0.10463127808970829,-0.06480917713438605,-0.11084998758214337
2022-01-21,-0.15363633417428502,-0.19862163692553292,-0.1294586228798057,-0.08316757275211017,-0.13923025518576426
2022-01-24,-0.14990192828730142,-0.1950857194498613,-0.12547341188329453,-0.07927402774607617,-0.13680392471326208
2022-01-25,-0.16494458963980163,-0.20932884426452303,-0.14574619744576545,-0.09051514728144683,-0.1578579649566355
2022-01-26,-0.1666453679904647,-0.21093922408780752,-0.14708280983814304,-0.09279685869085352,-0.15258220932661393
2022-01-27,-0.17289906511898112,-0.21686052927890953,-0.15567213458524887,-0.09727659469536776,-0.16722620423172807
2022-01-28,-0.14965568617370906,-0.19485256541705198,-0.12918637516520604,-0.07485708879381825,-0.13905358489251518
2022-01-31,-0.12840155738025494,-0.17472812053737363,-0.10133915055087017,-0.05819427747008521,-0.10503961736912082
2022-02-01,-0.12249194559262577,-0.16913261211469643,-0.09522513465837223,-0.0518305660148104,-0.0998419349851678
2022-02-02,-0.11466479457224388,-0.16172148410256593,-0.08787346433857035,-0.04261996967982029,-0.0877322360984456
2022-02-03,-0.14301713340710598,-0.18856686015335355,-0.12485458466964294,-0.06512316239566884,-0.14472073460233903
2022-02-04,-0.13559687162890033,-0.1815409947038943,-0.1138146527889824,-0.06072717708851805,-0.12424167003022468
2022-02-07,-0.14046076345359648,-0.18614636450653532,-0.12094355437672144,-0.06374156336296066,-0.13497844582828977
2022-02-08,-0.13209609098632102,-0.17822628499445037,-0.11106709621977495,-0.056038160165191475,-0.12691808175863228
2022-02-09,-0.11654896384179647,-0.16350550738470448,-0.09222995655518662,-0.04222223372117406,-0.10669808355101018
2022-02-10,-0.13448220194420202,-0.1804855711272917,-0.11277506537268867,-0.059429328753173305,-0.1271948144473518
2022-02-11,-0.15674348550859118,-0.20156363922389675,-0.14091931496310872,-0.07797617941073143,-0.1584557386680494
2022-02-14,-0.15759954148006194,-0.2023741947342731,-0.1398549502853309,-0.08099056568517393,-0.15434931402912233
2022-02-15,-0.1403341502674107,-0.18602648097184882,-0.11846824552211377,-0.06616982252198744,-0.12995765605608223
2022-02-16,-0.1399610043561027,-0.18567316823919477,-0.11869101425417661,-0.06512316239566895,-0.1303306421537186
2022-02-17,-0.16193726004778486,-0.20648135805618617,-0.14490452595961967,-0.08509345549308467,-0.16207577178159316
2022-02-18,-0.16942973902716607,-0.2135756022709453,-0.15465724889000831,-0.09101752369949923,-0.17428214594624447
2022-02-22,-0.17805743107960825,-0.22174472154351155,-0.16314761567204028,-0.10077240374275553,-0.1863382410507416
2022-02-23,-0.19587460527168143,-0.23861489031986893,-0.18458372387736288,-0.11672349384655978,-0.21154685978618104
2022-02-24,-0.17631282233439605,-0.22009284096676274,-0.15718211226758405,-0.10343096134876573,-0.18031593277122482
2022-02-25,-0.16083942083413605,-0.20544187038974138,-0.14411248453687298,-0.08364905940811984,-0.16832896302272682
2022-02-28,-0.16066305927230595,-0.20527488266869987,-0.1415629194382444,-0.08599356786978296,-0.15937996695279721
2022-03-01,-0.17348044130883988,-0.21741100458659512,-0.15470680341297638,-0.09991413477320676,-0.17414550497075376
2022-03-02,-0.1589437586860759,-0.20364696509017066,-0.14052325648151953,-0.08335596390887978,-0.15986142837145356
2022-03-03,-0.167044534349595,-0.21131717424846552,-0.15280076724905256,-0.08791945061075745,-0.17475190474573987
2022-03-04,-0.17646384061501685,-0.22023583243414813,-0.16507835355701694,-0.09532975830928647,-0.18758796704725056
2022-03-07,-0.20378889826324453,-0.24610852859684162,-0.19587120175157047,-0.12199870176836636,-0.22353172392369014
2022-03-08,-0.20865764681206544,-0.25071849698255766,-0.1996088667545345,-0.12865544483981695,-0.22287038138561344
2022-03-09,-0.18380596979932362,-0.22718771813621308,-0.17079631096792602,-0.10529398315441951,-0.19073577357150195
2022-03-10,-0.1901805947105074,-0.23322352364489396,-0.18000446292868355,-0.1093340759100736,-0.1963375799249385
2022-03-11,-0.2037262074260099,-0.24604916985715153,-0.19700982267336908,-0.12065894614280781,-0.21594827853711884
2022-03-14,-0.21428199057036457,-0.2560438997336275,-0.21243094849169852,-0.12708545465033916,-0.2331928781368251
2022-03-15,-0.19332011188513842,-0.2361961714981019,-0.18772741446859031,-0.10788967982510878,-0.20433238575304113
2022-03-16,-0.1694178053156602,-0.21356430285134798,-0.15760287247022553,-0.08810784176752695,-0.17263506759554303
2022-03-17,-0.15919451356879044,-0.20388439203269726,-0.1474046120757111,-0.07669922083742908,-0.1603054206761848
2022-03-18,-0.14730139711052948,-0.19262340980483095,-0.12995371486689988,-0.0694773042956699,-0.13623822473162317
2022-03-21,-0.14913636062338975,-0.19436084267868037,-0.13344390941674855,-0.06974938226673866,-0.135636520281055
2022-03-22,-0.135797346945995,-0.1817308145035107,-0.11641377241057893,-0.05886415528286437,-0.11519509797924354
2022-03-23,-0.14757201803939812,-0.19287964688795134,-0.12911211892118513,-0.07098449743289104,-0.12478356057604101
2022-03-24,-0.13167379762301767,-0.17782643705923495,-0.10975518554844987,-0.056980179832103794,-0.10122201140551546
2022-03-25,-0.12991565933480975,-0.1761617460518674,-0.11049774798865963,-0.05237484972307638,-0.10074999329233592
2022-03-28,-0.12009005281127216,-0.16685838298232403,-0.09673503680027573,-0.04563435595426246,-0.08255004245025432
2022-03-29,-0.10707594395306563,-0.15453599052294587,-0.08119010021495687,-0.03382806294858265,-0.06992740633563288
2022-03-30,-0.11476418323561322,-0.16181559013236668,-0.09133888162693449,-0.03979397456214684,-0.08006452075087167
2022-03-31,-0.12706279321455172,-0.17346051338577417,-0.10260150669922674,-0.05457281043511952,-0.09611262126956821
2022-04-01,-0.12665649859359895,-0.1730758138394538,-0.10430947585214045,-0.0518933630670666,-0.09503801474377949
2022-04-04,-0.11392526026071537,-0.16102125697805592,-0.08586847020957233,-0.043771334148608676,-0.0708297853187495
2022-04-05,-0.12935866463564472,-0.1756343563277084,-0.10616595749309621,-0.055849769008421646,-0.09325461074544583
2022-04-06,-0.14316302399502356,-0.18870499647140848,-0.1255723698483684,-0.0652906637903955,-0.12198098048112505
2022-04-07,-0.1399855255898339,-0.1856963861382387,-0.1234931194753498,-0.060580693221962134,-0.12141598586653723
2022-04-08,-0.14714646663206565,-0.19247671407788147,-0.13574592852182998,-0.06309263919528785,-0.13715091507174737
2022-04-11,-0.16452322061469882,-0.20892987153775977,-0.1561919282933958,-0.07910652635134874,-0.16471652805793036
2022-04-12,-0.16783566617026546,-0.21206625640903554,-0.15975637908726525,-0.08251864858443747,-0.1681241128839822
2022-04-13,-0.15461234217630915,-0.19954576886383635,-0.1426767630985587,-0.07201020391410262,-0.15067427124863497
2022-04-14,-0.1695413973976564,-0.21368132585736543,-0.162281242464841,-0.08356530871075607,-0.17359565792185527
2022-04-18,-0.1690516670017782,-0.21321762525342491,-0.16163763798970499,-0.08318852639721674,-0.16772089405434998
2022-04-19,-0.15305860444543418,-0.1980746142648252,-0.14289953183062165,-0.06838873687913727,-0.14953606116916118
2022-04-20,-0.15954872210692983,-0.20421977393759538,-0.1553998868706491,-0.06907956833702344,-0.16969636610780392
2022-04-21,-0.1745275032984448,-0.21840241390288262,-0.1728755613409444,-0.08300013524044714,-0.1892417364164123
2022-04-22,-0.19666047793700814,-0.23935899285587492,-0.1945345138187614,-0.10816182167924171,-0.21010018683581966
2022-04-25,-0.18917203350044332,-0.23226856874286228,-0.18418774093620505,-0.10299131809990547,-0.19965968540255818
2022-04-26,-0.21621547761867876,-0.2578746194920093,-0.2149805135903271,-0.1289694301010993,-0.23818726901245635
2022-04-27,-0.21558313647699756,-0.25727588808435753,-0.21592114304154708,-0.12652028118003,-0.2419487534819279
2022-04-28,-0.19174655436968968,-0.23470625056121508,-0.18807391842721122,-0.10445666782997731,-0.20339585943975758
2022-04-29,-0.2248664806512345,-0.2660658107365179,-0.22460950129415802,-0.13755205591352437,-0.24179121147612748
2022-05-02,-0.21606274319732288,-0.2577300030989462,-0.2116636087900049,-0.13236059868908134,-0.2235560221492523
2022-05-03,-0.21384749262633818,-0.2556324959066407,-0.21082201284428992,-0.1283833029856838,-0.2213937555208767
2022-05-04,-0.18858640335496202,-0.23171406558269292,-0.18413818641323687,-0.10184001751418115,-0.1929694991115526
2022-05-05,-0.22343942075763312,-0.2647146008869933,-0.22522832850780994,-0.13376315136689654,-0.2406873388212305
2022-05-06,-0.23040895744568857,-0.2713136978567484,-0.23451073671258849,-0.13893365494623278,-0.2477791660785701
2022-05-09,-0.25778492994281843,-0.2972346026795214,-0.26446198896142714,-0.16650264689894712,-0.28468523700677084
2022-05-10,-0.25241896439239664,-0.2921538450067357,-0.2555260847152693,-0.16457682804103713,-0.2744820880527974
2022-05-11,-0.26944301985136376,-0.308273050317004,-0.27760587293615924,-0.17784847077678845,-0.3028599976639127
2022-05-12,-0.2706879795343897,-0.30945183881320415,-0.27931384208907295,-0.17870673974633733,-0.3078511641561137
2022-05-13,-0.24845570024748898,-0.28840123337993673,-0.2526052383965358,-0.1590713855553113,-0.27773937482498
2022-05-16,-0.25433626065600634,-0.2939692345411641,-0.26126881938766244,-0.16248350778840015,-0.2885834335615458
2022-05-17,-0.23701009644465332,-0.27756397794203136,-0.24213465474699014,-0.14525545911129378,-0.2673765533248028
2022-05-18,-0.2711164859791998,-0.30985756959676003,-0.2793385438101257,-0.1797115564655064,-0.3074106037368227
2022-05-19,-0.27530135757696295,-0.3138200099591075,-0.2832000951205105,-0.18473551229522256,-0.3109466152261998
2022-05-20,-0.2762693347275269,-0.3147365378958965,-0.2854278579815711,-0.18437961974372585,-0.31795704888383636
2022-05-23,-0.2634818999655696,-0.30262877151693535,-0.2735463301551956,-0.16911929721474372,-0.3048049795899982
2022-05-24,-0.27412309245160127,-0.3127043711202061,-0.2889923087754406,-0.1754620550249114,-0.32976777163226256
2022-05-25,-0.26583712125877657,-0.3048588098099745,-0.27904151883404194,-0.16817734143089558,-0.3168883596866713
2022-05-26,-0.24833155562455078,-0.2882836872012291,-0.2590658337880861,-0.15155637351431217,-0.2932716691497903
2022-05-27,-0.2268380590250595,-0.26793259721812734,-0.23488201793269348,-0.13072781144734746,-0.26582490356833954
2022-05-31,-0.23003271404828374,-0.2709574522733138,-0.23691178932317525,-0.13560528341050782,-0.26408023644559653
2022-06-01,-0.23599395447475346,-0.276601845207168,-0.24255549049006342,-0.1425969653883481,-0.26973801464824787
2022-06-02,-0.21825789203845414,-0.2598084769938461,-0.2218123902019824,-0.12626902908794024,-0.24492875812353243
2022-06-03,-0.23484292877336788,-0.27551199798229553,-0.24206039850296934,-0.14060828559511707,-0.2723051389784783
2022-06-06,-0.2324036499861959,-0.2732023699577525,-0.23953561066582474,-0.13799163527932068,-0.2654724487521658
2022-06-07,-0.2254116363844758,-0.2665819907508139,-0.23297605730920068,-0.1297230586112429,-0.2609481600191712
2022-06-08,-0.232409522091221,-0.27320792995294463,-0.23849594770909965,-0.13918484315525936,-0.2644260429870534
2022-06-09,-0.2518170903133684,-0.29158396129869857,-0.2588925440385599,-0.15965751267072725,-0.286846758120483
2022-06-10,-0.2758585212353567,-0.3143475596620978,-0.28503179949998203,-0.18402379107529365,-0.31631807913167276
2022-06-13,-0.3064406321919847,-0.3433041926171223,-0.318275179287659,-0.21500490526109672,-0.35249392598555884
2022-06-14,-0.30685602961182257,-0.34369751113701685,-0.3170375248603552,-0.21737036736786697,-0.34980772731768495
2022-06-15,-0.2932606374169956,-0.3308247312879238,-0.29998268613313284,-0.20621293464679513,-0.3279309711795536
2022-06-16,-0.3192129832439444,-0.35539767700441127,-0.3282258936886264,-0.23248414214722923,-0.35801050615882524
2022-06-17,-0.315807376721462,-0.35217308278981896,-0.32005740468459376,-0.23413788303407046,-0.3494120075931645
2022-06-21,-0.29923754720369544,-0.3364839607356297,-0.30424022038467524,-0.21485835751147653,-0.3301904251026383
2022-06-22,-0.3003838331652323,-0.33756932014384045,-0.3052550305394849,-0.21628179995133445,-0.33254285118318894
2022-06-23,-0.2917451566754068,-0.32938980027067544,-0.2949082576569284,-0.2085993503986724,-0.3241065003692849
2022-06-24,-0.2683524056809341,-0.30724040367356376,-0.2707492946034512,-0.18343766395987793,-0.29525271978348266
2022-06-27,-0.2724318313259184,-0.3111030026693181,-0.27609589525382416,-0.1865566906937265,-0.30228191380601754
2022-06-28,-0.29094829975674696,-0.3286352973083382,-0.29815090621323004,-0.20317765861031012,-0.32952993451790213
2022-06-29,-0.2909119555529567,-0.328600884845095,-0.2975073772785254,-0.2038265827779825,-0.3284791073727332
2022-06-30,-0.29818980935227524,-0.3354919114804398,-0.30622043725218906,-0.21029493469266325,-0.3403994701618437
2022-07-01,-0.29216228481218864,-0.3297847575177124,-0.3016411007630786,-0.2019426073272219,-0.33772965064538363
2022-07-05,-0.28543489006394274,-0.32341493233642293,-0.2896853922331136,-0.20043541419000066,-0.32043642070042544
2022-07-06,-0.28193731880914996,-0.3201032614317325,-0.28513083300548736,-0.19773501317684083,-0.3154668392932607
2022-07-07,-0.26887715288287517,-0.30773725989589373,-0.2698333668732843,-0.18571937536928462,-0.29717462944696516
2022-07-08,-0.26871933194637554,-0.30758782734242085,-0.26891751468354863,-0.1863891892989996,-0.29584962283183325
2022-07-11,-0.28070796648504304,-0.3189392507435215,-0.2845367075128883,-0.19568353633135338,-0.3176418905541941
2022-07-12,-0.28737444900562426,-0.3252514012593354,-0.29146761763004847,-0.2028008762967709,-0.3250188367127894
2022-07-13,-0.28998012226817205,-0.32771857968175766,-0.29292804078941515,-0.20698751680204497,-0.3251960805700659
2022-07-14,-0.28957456354318034,-0.3273345769175945,-0.2904031774118394,-0.20891333565995507,-0.32474251539531673
2022-07-15,-0.27634490021783287,-0.31480808698451124,-0.27753161669213855,-0.1937995608805929,-0.3117582114763636
2022-07-18,-0.2823945154270451,-0.32053615746927033,-0.2836456325846366,-0.20045630395204317,-0.31411710686566097
2022-07-19,-0.2616656040978892,-0.3009090140792381,-0.2616153988867149,-0.17885328749595752,-0.29008056734466914
2022-07-20,-0.25345912091941813,-0.29313871589453844,-0.24990716080986553,-0.17361998686436497,-0.2756268689229646
2022-07-21,-0.24429972542165412,-0.28446615388942376,-0.239139552184236,-0.1652047985636027,-0.26111263032953425
2022-07-22,-0.2544311882632527,-0.294059116625636,-0.2524815031699783,-0.1729501090515857,-0.28084133385333987
2022-07-25,-0.2561014921049768,-0.29564064169879933,-0.2567390374215207,-0.1719452923324165,-0.28710057233283326
2022-07-26,-0.2678104445327436,-0.30672724844806964,-0.2713433445556195,-0.18174201578282267,-0.3070621371607797
2022-07-27,-0.242833219044718,-0.28307759418720535,-0.24055049636106607,-0.16049482799516934,-0.26835432428888817
2022-07-28,-0.23438307684150217,-0.27507658776409405,-0.23312456979724316,-0.14996542967972726,-0.26377717367164044
2022-07-29,-0.22182095332040885,-0.2631821570476578,-0.2191390898767961,-0.13757300955863194,-0.24242690753500995
2022-08-01,-0.22320749047937638,-0.2644949979973118,-0.21960940460240597,-0.1401268628221718,-0.24308207923836034
2022-08-02,-0.2269279088782855,-0.2680176714376481,-0.2219362009689717,-0.14579974281956032,-0.2447393464750519
2022-08-03,-0.21034856049760464,-0.25231953646018657,-0.20074748767633344,-0.1324233957413382,-0.2220172461121407
2022-08-04,-0.20876891824826627,-0.25082385420073716,-0.1970098226733692,-0.13300952285675416,-0.21677913210780164
2022-08-05,-0.2126693176798108,-0.25451694245345446,-0.20356937602999325,-0.13447487258682578,-0.2282749557718997
2022-08-08,-0.21439880086470342,-0.2561545014126071,-0.20614371839010592,-0.13547968930599485,-0.23377519140065905
2022-08-09,-0.22040458629244652,-0.26184107172439597,-0.2151291016188006,-0.1389127013011262,-0.24222226754847664
2022-08-10,-0.2013376587370701,-0.24378757556175046,-0.19322260314743667,-0.12082644753753524,-0.21550811192575303
2022-08-11,-0.20360429611194686,-0.2459337382841189,-0.19780193963654713,-0.12082644753753524,-0.2223628549351062
2022-08-12,-0.18911005309108941,-0.23220988267091003,-0.18218267126677612,-0.10594290732209222,-0.2028433958206327
2022-08-15,-0.18416278414621579,-0.22752556734782248,-0.17557363892761535,-0.10225870711793472,-0.19620235699665078
2022-08-16,-0.18431908749588488,-0.22767356297613028,-0.1775043768125918,-0.10050026188862282,-0.19804536433277364
2022-08-17,-0.19186580261592734,-0.23481916061185681,-0.18688581852287556,-0.10688492698900465,-0.20816562041454012
2022-08-18,-0.18971964784908713,-0.23278707669403287,-0.18493030337641458,-0.10428916643525088,-0.20598704552814628
2022-08-19,-0.2030630035921971,-0.24542121614861534,-0.20082181946078537,-0.116325757887914,-0.22567733596039663
2022-08-22,-0.22185067267165104,-0.26321029677767194,-0.22186194472495036,-0.13472606079585192,-0.24794129855763702
2022-08-23,-0.22311371350181286,-0.26440620538509507,-0.222505473659655,-0.1368193810484889,-0.2471913662682621
2022-08-24,-0.22074484741955303,-0.2621632475408545,-0.22025293353711028,-0.13405618298307265,-0.2452427302401352
2022-08-25,-0.2083549132970406,-0.2504318541379812,-0.20646552062767354,-0.1218312003736397,-0.23011900983188127
2022-08-26,-0.23797716561218252,-0.278479646156236,-0.2389910396961935,-0.15155637351431184,-0.2654899506544548
2022-08-29,-0.2442515786616164,-0.2844205661907734,-0.24649122250403743,-0.15716645645944383,-0.2746483640524934
2022-08-30,-0.2526079639545834,-0.2923327990023794,-0.2548825557805643,-0.16641896008464807,-0.2840936729100987
2022-08-31,-0.25762394173744274,-0.29708217120153213,-0.2592143462761277,-0.17276171789481576,-0.2877994687742458
2022-09-01,-0.2562979579247592,-0.29582666511097366,-0.25889254403855977,-0.1701659573410621,-0.2901417952899661
2022-09-02,-0.2654724975501832,-0.3045135663141476,-0.269363052147674,-0.17891608454821395,-0.30204854554667904
2022-09-06,-0.2694960697628582,-0.3083232805583901,-0.27461077037340453,-0.1820141576369556,-0.30667253604965383
2022-09-07,-0.2555557389932749,-0.2951238960574658,-0.2599569087163375,-0.16731907246134647,-0.292655812798826
2022-09-08,-0.2511930285487768,-0.290993069208739,-0.2561202102078681,-0.16187642702787708,-0.2889812073941702
2022-09-09,-0.23719132090399608,-0.2777355700914125,-0.23985741290339258,-0.1488559725011519,-0.27042489452338014
2022-09-12,-0.22855884467461718,-0.26956192092698417,-0.23082255069216095,-0.13970817321841822,-0.2608531070197172
2022-09-13,-0.26648260363324583,-0.3054699839772177,-0.2730017591855646,-0.1771157959117523,-0.30769321509765735
2022-09-14,-0.262173540257189,-0.30138995278717406,-0.2672343227921187,-0.17397581553279662,-0.3025253406836024
2022-09-15,-0.2725056892698644,-0.3111729349698287,-0.2794375773156308,-0.18335391326251393,-0.3130406473755377
2022-09-16,-0.2789816391748354,-0.3173046799203104,-0.2838436240552151,-0.19289944850389384,-0.31735531394169336
2022-09-19,-0.2740302622036024,-0.31261647491767686,-0.27956138808262,-0.1866404413910896,-0.31020150820597137
2022-09-20,-0.28109017713094464,-0.31930114640862384,-0.2853040472145818,-0.195976631830593,-0.31635768510183593
2022-09-21,-0.2937968466882497,-0.33133244035603937,-0.2981014272306932,-0.21000183919342275,-0.3288702478257538
2022-09-22,-0.30110873302274,-0.3382556906541293,-0.30674023096033576,-0.2166376925028306,-0.33698002377698144
2022-09-23,-0.3126531781108045,-0.3491865338375384,-0.3180276332941121,-0.22976278748896184,-0.3496020400961175
2022-09-26,-0.31747509539685925,-0.35375216010152644,-0.3208495216477718,-0.23738250387243187,-0.3537061528782295
2022-09-27,-0.31820941527062496,-0.3544474499422562,-0.3205771983927407,-0.23932927637544887,-0.35280318284590595
2022-09-28,-0.30472070583515765,-0.3416756825284979,-0.3070620331979037,-0.2243620493457067,-0.33833997766489987
2022-09-29,-0.32200416794172915,-0.358040506693901,-0.3270377937842909,-0.24056432765853708,-0.3613119835879466
2022-09-30,-0.3329945192838558,-0.3684467069170335,-0.33844893134462506,-0.25230788749502453,-0.3711543189268218
2022-10-03,-0.31636557467284754,-0.3527016118118168,-0.3229287720207904,-0.23256789284459234,-0.36156789774283626
2022-10-04,-0.29502679204598514,-0.33249701255738917,-0.3016411007630785,-0.20878774155544166,-0.3409481245539532
2022-10-05,-0.29603486431608006,-0.33345150450723127,-0.30201238198318336,-0.2106298735990526,-0.34412753037913535
2022-10-06,-0.30243696984012025,-0.33951332999932626,-0.3075075706620295,-0.21877285616261732,-0.34823914706829706
2022-10-07,-0.32545585246593667,-0.3613087298059605,-0.3338943721169987,-0.24056432765853708,-0.3780918447178422
2022-10-10,-0.33140250466570165,-0.36693930989586976,-0.34055295897912774,-0.24636286564350296,-0.38391174560207764
2022-10-11,-0.33811228667113014,-0.37329245847397063,-0.34961259845184345,-0.25113563326419297,-0.39365153195746005
2022-10-12,-0.33931724714235545,-0.3744333737672303,-0.3498353671839064,-0.2536057358303694,-0.3942426373881157
2022-10-13,-0.322851887918139,-0.35884316927793136,-0.3345874555746716,-0.23390758458708683,-0.3797268803781447
2022-10-14,-0.34074420405663164,-0.37578448611091164,-0.3545879934225429,-0.2513658678281123,-0.4037410738948217
2022-10-17,-0.32138897517298315,-0.3574580122014043,-0.33327554490334677,-0.2321282495957323,-0.3763652422492141
2022-10-18,-0.3147190534740192,-0.3511426053039026,-0.3280031249565635,-0.2231060444175118,-0.37186381441532457
2022-10-19,-0.3183966933328177,-0.3546247739378149,-0.3304537320901184,-0.22861148690323763,-0.3734116607494944
2022-10-20,-0.32299315560328956,-0.35897692840636786,-0.33386967039594595,-0.2350798388179186,-0.3790190004542725
2022-10-21,-0.3068298713704515,-0.34367274323936614,-0.31825040202617483,-0.21649114475321107,-0.3657507563630107
2022-10-24,-0.29877598320464327,-0.33604692944878545,-0.3107502192183309,-0.20690376610468153,-0.36076654481987025
2022-10-25,-0.2859244924710218,-0.3238785117543318,-0.29649249158328417,-0.19423914024638855,-0.3422387139319927
2022-10-26,-0.29650367456776083,-0.33389539689918313,-0.3120374281686028,-0.2003098200854876,-0.3665192045104527
2022-10-27,-0.3047859339876634,-0.34173744372193315,-0.32456248492968287,-0.20458014740506092,-0.39219676073683296
2022-10-28,-0.28587912078099975,-0.3238355516272047,-0.303893640885623,-0.1856565783170281,-0.3770490854574774
2022-10-31,-0.29261011740097487,-0.33020878723617064,-0.31198787364563463,-0.191538803116293,-0.38864423880835774
2022-11-01,-0.2977718088557607,-0.33509612824069757,-0.3190178172682999,-0.19507651945389493,-0.39683370621189085
2022-11-02,-0.318618640220354,-0.3548349240666604,-0.34235996163754645,-0.21527704711522977,-0.4201706166206366
2022-11-03,-0.32878200615648023,-0.3644580942074457,-0.3552068206361946,-0.22335723262653795,-0.4312078922863438
2022-11-04,-0.3185532435924301,-0.3547730033524895,-0.3448352704921541,-0.21217891014342383,-0.42133176442991926
2022-11-07,-0.31154797007977375,-0.3481400690157057,-0.3376321126603943,-0.20464294445731734,-0.4151383853190519
2022-11-08,-0.3071822451541998,-0.3440063879093971,-0.3328052301777369,-0.20035166349263722,-0.4145575056723849
2022-11-09,-0.3223128436768784,-0.3583327759220626,-0.3482016542750136,-0.21682608365960065,-0.42969919475677076
2022-11-10,-0.2786892168936166,-0.31702780025438004,-0.3001064213596908,-0.17378742437602734,-0.3779097183869067
2022-11-11,-0.26855312635401285,-0.3074304557881834,-0.28721008337850573,-0.16579092567901843,-0.3635216803362815
2022-11-14,-0.274864745408125,-0.3134066042810413,-0.2934478344975616,-0.17288731199932894,-0.37033809904929893
2022-11-15,-0.2667550612787838,-0.30572796015318626,-0.283670334305689,-0.16583283296923224,-0.3608823178760939
2022-11-16,-0.27455612226963677,-0.3131143848539616,-0.29344783449756173,-0.17219648054144254,-0.37236177759401023
2022-11-17,-0.2764665775158832,-0.3149232969797797,-0.29500729116243374,-0.17472944404293989,-0.37733126647093884
2022-11-18,-0.2748112963121412,-0.3133559960723281,-0.29498251390094943,-0.17098238290346157,-0.3799926274265144
2022-11-21,-0.2798597943957536,-0.3181361600769854,-0.3022351507152464,-0.1739967691779042,-0.3911995207864777
2022-11-22,-0.2698283235135972,-0.3086378746006957,-0.2921854028087739,-0.1628812437470466,-0.3809439820269507
2022-11-23,-0.26386343187602923,-0.3029900245222459,-0.2850812784825191,-0.1576060358252399,-0.36907416938174
2022-11-25,-0.26636710012704,-0.3053606196289239,-0.28978435019818727,-0.1577944908650739,-0.37390348520466077
2022-11-28,-0.27760274804986096,-0.31599907860824106,-0.300205454865196,-0.17123357111248794,-0.3835898794313197
2022-11-29,-0.2809572292848438,-0.31917526490923487,-0.30550257653303203,-0.17265701355234564,-0.3889760888110191
2022-11-30,-0.25324305940167924,-0.2929341383206183,-0.273843430671711,-0.14659521473685255,-0.3529561678048818
2022-12-01,-0.25305959093640407,-0.2927604214370674,-0.27295228020302786,-0.14722318525941802,-0.35136102825416937
2022-12-02,-0.2549781627240847,-0.29457701869984365,-0.2758484248007086,-0.14820704833348008,-0.3525122959161642
2022-12-05,-0.2679313427881834,-0.3068417208078308,-0.28800212480125253,-0.16353016791471886,-0.36635359615204655
2022-12-06,-0.28079203942403463,-0.31901885509912964,-0.3027550199638245,-0.1755877130124891,-0.38438181691381146
2022-12-07,-0.28287192545852524,-0.32098819255181366,-0.3056016100385369,-0.17699020180724,-0.38894922637675533
2022-12-08,-0.27581943911408113,-0.3143105548051581,-0.2973835665115361,-0.17054280353766604,-0.3803588036470579
2022-12-09,-0.28083322983624626,-0.31905785618866767,-0.30186386949514155,-0.17673901359821365,-0.38181280618359614
2022-12-12,-0.27113577792918153,-0.30987583615512193,-0.29310133053894105,-0.16486985965721312,-0.3782253278795228
2022-12-13,-0.2644594101469062,-0.30355432579181596,-0.285502114225592,-0.15854805549215256,-0.36952278130725524
2022-12-14,-0.2695373243161885,-0.30836234237986504,-0.29079923589342804,-0.1639279038733652,-0.37510549447381303
2022-12-15,-0.2907346706273459,-0.3284330228382295,-0.31461169498828445,-0.1843796197437263,-0.39560998821604254
2022-12-16,-0.2999046711062192,-0.33711562615625146,-0.32114654662385567,-0.19769316976969153,-0.4031636708132691
2022-12-19,-0.30861667439440654,-0.34536457541540433,-0.33228543646958997,-0.20449646059076199,-0.41475058464029013
2022-12-20,-0.30841273928922763,-0.34517147971982975,-0.3328052301777369,-0.20340789317422947,-0.4181789754706611
2022-12-21,-0.2982261254286046,-0.33552629731123296,-0.32312676349136926,-0.19149689582607932,-0.409388375898587
2022-12-22,-0.3118164364831262,-0.3483942660890751,-0.3396865857719289,-0.20303111086069026,-0.4306494082346114
2022-12-23,-0.30906322516487794,-0.34578739144581716,-0.3382014608915094,-0.19844673439676985,-0.42917677053136205
2022-12-27,-0.3153098973719418,-0.35170204509895564,-0.34755812534030894,-0.20160766842083233,-0.44701106782717337
2022-12-28,-0.32408441365397356,-0.3600101847070101,-0.3561721518084675,-0.21152998597575146,-0.45196646865610135
2022-12-29,-0.30976326939581844,-0.34645022743762866,-0.34047870273510683,-0.1973372772181946,-0.4326770798733346
2022-12-30,-0.31087958901187474,-0.34750721324964406,-0.3408747612166957,-0.1994515511159386,-0.4325350131884772
2023-01-03,-0.3146592898895392,-0.3510860182297689,-0.34533028693881695,-0.2028217660588133,-0.44034966430158307
2023-01-04,-0.3103813329696473,-0.3470354401482757,-0.34221144914950463,-0.19666739940541533,-0.4364872991271994
2023-01-05,-0.3197145662163414,-0.3558726002053899,-0.3525087430495242,-0.20583615233325592,-0.4476079624786259
2023-01-06,-0.30252592730340966,-0.3395975592605678,-0.3346370100976398,-0.1876243044651521,-0.43296931708470043
2023-01-09,-0.3004661485483888,-0.33764726035993653,-0.3303299213231292,-0.18808483747605476,-0.42356547658065846
2023-01-10,-0.2950526960162557,-0.3325215396987715,-0.3246615184351883,-0.18239100383355922,-0.41726864292472443
2023-01-11,-0.2844968082762318,-0.3225267107860188,-0.312978057619823,-0.17204999667488707,-0.403267407545168
2023-01-12,-0.28126086823071894,-0.31946276505986304,-0.3092650943379116,-0.16903561040044446,-0.3978917172055122
2023-01-13,-0.27739403679633223,-0.3158014606226617,-0.3045124680992751,-0.16581187932412533,-0.3924886074470111
2023-01-17,-0.27732292683599746,-0.31573413024694696,-0.30310152392244516,-0.1673400261064535,-0.386178320934082
2023-01-18,-0.2877251251414763,-0.32558343851361027,-0.31216116339516087,-0.18048607473769174,-0.39417904992676134
2023-01-19,-0.29381658578754444,-0.3313511302971608,-0.31891878376279503,-0.18645198635125593,-0.3978658552847213
2023-01-20,-0.2775758055491492,-0.3159735681356284,-0.3002797111092168,-0.17129636816474425,-0.37583175200136765
2023-01-23,-0.265217108920778,-0.304271751914447,-0.28473477452389806,-0.1613530969647181,-0.357128759447933
2023-01-24,-0.2663615640330199,-0.30535537778532573,-0.28619519768326473,-0.16225320934141652,-0.35889375026671944
2023-01-25,-0.26703816891187737,-0.30599602025635864,-0.28777935606918936,-0.16193922408013406,-0.36128738890864587
2023-01-26,-0.2558649860294092,-0.2954167062212405,-0.2738929096542476,-0.15272862774514362,-0.34023809876762856
2023-01-27,-0.25130639199116744,-0.29110040724032515,-0.2666649745610036,-0.15078185524212662,-0.3223097751400844
2023-01-30,-0.26357209798683234,-0.3027141753989204,-0.28149212596759665,-0.16143684766208177,-0.3425565163765708
2023-01-31,-0.2526400399410359,-0.2923631701094527,-0.2707245173419671,-0.14910716071017838,-0.3296340110649586
2023-02-01,-0.24067805375634022,-0.2810369786684973,-0.2551300262336801,-0.14006406576991515,-0.31156205282845717
2023-02-02,-0.22152534047357175,-0.26290225639872034,-0.2283967208200901,-0.12754598766124237,-0.2665692441759082
2023-02-03,-0.23258025612344824,-0.2733695892547229,-0.24210995302593719,-0.13681938104848912,-0.2804430691192059
2023-02-06,-0.23817107206577637,-0.27866324623578265,-0.2485209938945192,-0.1420945889702958,-0.28413208262142253
2023-02-07,-0.22529715599525335,-0.2664735951395383,-0.23295128004771637,-0.13087435919696744,-0.2656584718800802
2023-02-08,-0.23642029335791193,-0.27700552363772524,-0.24659025600954254,-0.14037805103119794,-0.2791222014176824
2023-02-09,-0.24310433141322252,-0.2833342965893223,-0.2532488428716716,-0.14783026601994076,-0.28650583817076725
2023-02-10,-0.2447049821813958,-0.2848498707381736,-0.25814990605791854,-0.14584158622670984,-0.2972723206808203
2023-02-13,-0.23422338851383084,-0.27492538707366043,-0.24626845377197448,-0.13581462821238466,-0.2862250147647497
2023-02-14,-0.23157035824403538,-0.2724133687290148,-0.24069900884910733,-0.13621230028796638,-0.2752947040796513
2023-02-15,-0.2273792064629454,-0.2684449819830528,-0.23488201793269314,-0.1334072588154004,-0.2708849817296649
2023-02-16,-0.23994705151912876,-0.2803448301277295,-0.24923885461367634,-0.14533920980865755,-0.2896113485709477
2023-02-17,-0.24357779669697255,-0.2837825965924824,-0.25453597628151237,-0.14747437346844405,-0.2934670407012797
2023-02-21,-0.2601192624134898,-0.2994448624174483,-0.2721849405013338,-0.16457682804103735,-0.31205726762581043
2023-02-22,-0.26035227954959594,-0.29966549439710555,-0.2716403695317029,-0.165728128626762,-0.310082099830434
2023-02-23,-0.25515496064667353,-0.2947444195885166,-0.2652788076456578,-0.1612902999124618,-0.2967482151820289
2023-02-24,-0.265369217811094,-0.30441577602423875,-0.27758109567467515,-0.17024970803842598,-0.3094099480324013
2023-02-27,-0.26148778200310385,-0.30074064345442175,-0.27240770923339686,-0.1674237129207532,-0.3023110010899259
2023-02-28,-0.2633299176718097,-0.3024848672749333,-0.27334833868461694,-0.17050089624745224,-0.3018296886634809
2023-03-01,-0.267703935736725,-0.3066264007297044,-0.27919003132208375,-0.17368278391662173,-0.30978677714249125
2023-03-02,-0.2618260529264943,-0.3010609348490173,-0.273224603458059,-0.16725627540909038,-0.3072903803810445
2023-03-03,-0.24827630611905216,-0.28823137427705225,-0.25819946058088716,-0.1539008819759755,-0.2873811961172036
2023-03-06,-0.24758950436237848,-0.2875810769051974,-0.2573578646351723,-0.1533147548605599,-0.2878432085263223
2023-03-07,-0.257970721468872,-0.29741051915022354,-0.26646698309042494,-0.16629336598013555,-0.2967879096690714
2023-03-08,-0.25551222246477256,-0.2950826924876703,-0.26280349879105036,-0.16493265670947,-0.29430610969471827
2023-03-09,-0.2688295331262558,-0.3076921711897619,-0.27557610154567747,-0.18033952698807232,-0.30942524594161747
2023-03-10,-0.27923887813622583,-0.3175482463045044,-0.28574966021913917,-0.19216677363885892,-0.31871010721257487
2023-03-13,-0.2770797685758817,-0.3155038961568891,-0.2804524630108718,-0.19331813810764786,-0.3127666522625183
2023-03-14,-0.2627985349417621,-0.30198172821123503,-0.26391741799179635,-0.1799836344365756,-0.2891590073353373
2023-03-15,-0.26317021610012026,-0.30233365404441703,-0.2600559422218429,-0.18511229460876222,-0.2838768713510844
2023-03-16,-0.24699463581984538,-0.28701782638050166,-0.24055049636106596,-0.1708149453917993,-0.2601849225918229
2023-03-17,-0.25459107958784233,-0.2942105095234453,-0.2441397244164194,-0.18362605511664798,-0.266092888806544
2023-03-20,-0.2502627413379287,-0.2901122279435474,-0.24262974673408444,-0.17577610416925882,-0.2644429794915264
2023-03-21,-0.23998648386849686,-0.28038216659769477,-0.23181265912591809,-0.1649536103545769,-0.2462159704926734
2023-03-22,-0.2516315974401381,-0.2914083276070447,-0.24225846551397967,-0.17918822640234766,-0.25566744291686117
2023-03-23,-0.24618291203960407,-0.28624924674913976,-0.23327308228528498,-0.1769692481621331,-0.24589089011255683
2023-03-24,-0.2423224461502148,-0.28259396952014226,-0.23045119393162516,-0.17156851001887774,-0.24542687109611594
2023-03-27,-0.24420962038171445,-0.2843808380466878,-0.23572361387840857,-0.17001947347450685,-0.2520238819695807
2023-03-28,-0.24706509974496693,-0.2870845450585946,-0.2397831566593721,-0.1718824952801603,-0.2575657982790527
2023-03-29,-0.23472870610946872,-0.2754038463979156,-0.2259214119654832,-0.1598459038274972,-0.24304246114567818
2023-03-30,-0.22886651267772584,-0.26985323598534217,-0.2185945189071653,-0.154926588457187,-0.23593644776904854
2023-03-31,-0.2170198217709608,-0.25863621173200246,-0.20559914742047525,-0.14301559110903705,-0.21907479554562348
2023-04-03,-0.21647952296962314,-0.25812463049751666,-0.2075298853054519,-0.1397500166255684,-0.22307872389356653
2023-04-04,-0.21997460955027015,-0.26143394879164483,-0.21020318563063844,-0.14452278424625842,-0.22443115051100593
2023-04-05,-0.22484613710835144,-0.26604654847875286,-0.21800039341456623,-0.14676265224851548,-0.2361559976083002
2023-04-06,-0.22072115351522614,-0.2621408129976075,-0.2127280490082143,-0.1434342807127903,-0.22646816507118883
2023-04-10,-0.22054174383596514,-0.261970939170444,-0.2131735864723402,-0.14255512198119868,-0.22899914070717708
2023-04-11,-0.22293824983443855,-0.26424006783428033,-0.21822323768706053,-0.14232482353421516,-0.23545598138254575
2023-04-12,-0.22795409958523405,-0.26898931880643584,-0.22512929500230527,-0.1458206964646671,-0.2439638211431686
2023-04-13,-0.21526749534283696,-0.25697702367698116,-0.2099556396370914,-0.1344748725868261,-0.22540747381519588
2023-04-14,-0.2169635609686965,-0.25858294126276515,-0.21144084005794228,-0.1365891464845702,-0.2248260258877679
2023-04-17,-0.21522688153070257,-0.2569385685404947,-0.21077253386175343,-0.13349100951276394,-0.2250214521652243
2023-04-18,-0.21494635071256463,-0.2566729482912936,-0.2107230548792166,-0.13292583604245511,-0.22552293735932794
2023-04-19,-0.2151973116326411,-0.25691057032003506,-0.2110943360993215,-0.1330723199090108,-0.22531622411762087
2023-04-20,-0.22033054066945046,-0.2617709617202155,-0.21710931848631443,-0.13780324412255118,-0.23911793280541283
2023-04-21,-0.21962093233726676,-0.2610990699712775,-0.21629249980208376,-0.1371333663097719,-0.23617322564979015
2023-04-24,-0.22002724985219824,-0.2614837911947324,-0.2179261371705452,-0.1362332539330735,-0.23901295402294753
2023-04-25,-0.23357445712858171,-0.274310947214937,-0.23267903233311737,-0.14994453991768497,-0.254807518773693
2023-04-26,-0.23287352036285824,-0.2736472661276985,-0.2280254395999859,-0.15354505330754342,-0.2474017769792407
2023-04-27,-0.2148081132599805,-0.25654205833471755,-0.20703479331835795,-0.13669378694397627,-0.21544183295505803
2023-04-28,-0.20874884770229096,-0.25080485042974743,-0.20156438190099601,-0.12932532265259677,-0.2118557714010526
2023-05-01,-0.20960213393937932,-0.2516127834206382,-0.20248023409073168,-0.1302044813841884,-0.21212902088432228
2023-05-02,-0.21749061536351888,-0.25908198204774724,-0.2094358459289447,-0.13998031507255182,-0.21900148249094997
2023-05-03,-0.22273652743331074,-0.2640490672347289,-0.2146092323702229,-0.14588349351692387,-0.2228165642330976
2023-05-04,-0.22686100832349276,-0.2679543267322303,-0.21738156620091442,-0.1519331558278515,-0.22630777435800253
2023-05-05,-0.21148831178190586,-0.25339870851754864,-0.20074748767633388,-0.1362332539330735,-0.2073499699119029
2023-05-08,-0.21040642123469822,-0.2523743218256872,-0.19876727080882028,-0.13600301936915427,-0.20320187570600945
2023-05-09,-0.21463805212575415,-0.2563810361655583,-0.20384162374459336,-0.1397919239157821,-0.20827511118459952
2023-05-10,-0.20853025612555487,-0.2505978772726759,-0.19517804275346662,-0.13577272092217074,-0.19737971245293073
2023-05-11,-0.2079302632138521,-0.2500297747455341,-0.19255422141081702,-0.137279914059392,-0.1903532528382963
2023-05-12,-0.20986967943610024,-0.2518661085347321,-0.19545036600849763,-0.13841032488307392,-0.19619778746712557
2023-05-15,-0.20636743361317755,-0.2485500115211392,-0.19109379825145023,-0.13543778201578105,-0.19252759847127532
2023-05-16,-0.20856994643282312,-0.2506354579897515,-0.19017794606171434,-0.14121536635563992,-0.1873970265767153
2023-05-17,-0.1989765837431705,-0.2415519946996385,-0.18037574414878887,-0.130790608499604,-0.1732034228505367
2023-05-18,-0.1876795407144397,-0.23085540384219216,-0.16515260980103807,-0.12241732748905576,-0.1565927739613333
2023-05-19,-0.18918575034408092,-0.23228155651885674,-0.16703379316304656,-0.12369428606235777,-0.15845708337662245
2023-05-22,-0.18765974076748315,-0.2308366562875398,-0.16423668207087094,-0.12333839351086107,-0.1517480995747812
2023-05-23,-0.19736686036270867,-0.24002783015935358,-0.1748310764874057,-0.13317702425148115,-0.1626812500244138
2023-05-24,-0.20233289853740188,-0.24472991710388048,-0.17906383347746413,-0.13945698500939252,-0.16489363862247786
2023-05-25,-0.18917426221629763,-0.23227067899964182,-0.15908807289107696,-0.1320047700206497,-0.1323487992343958
2023-05-26,-0.17356542025217014,-0.21749146679126208,-0.13760241016278607,-0.12076365048527882,-0.10948367578093932
2023-05-30,-0.17153404020252627,-0.21556805716878324,-0.13369137986986457,-0.12042871157888901,-0.10067769172621566
2023-05-31,-0.17618641878661734,-0.21997315592793687,-0.13861729585802707,-0.1253061196589852,-0.10767148177782493
2023-06-01,-0.16751449057200318,-0.21176215170134716,-0.12866650591662832,-0.11699563570069327,-0.09046985903528948
2023-06-02,-0.15837342488072004,-0.20310694525024087,-0.12213172982148846,-0.10422636938299434,-0.08290141246000704
2023-06-05,-0.15888317399598462,-0.2035896005532316,-0.12151290260783676,-0.10594290732209222,-0.0808026491189704
2023-06-06,-0.15803852280136477,-0.20278984364134556,-0.12166141509587869,-0.1039961348190751,-0.0790866428877014
2023-06-07,-0.16663625002225368,-0.2109305907511766,-0.13656274720606143,-0.10709427179088105,-0.09779442830092011
2023-06-08,-0.158943548652143,-0.20364676621980848,-0.12584469310340007,-0.1016934697645615,-0.08387338639763353
2023-06-09,-0.15658141721804564,-0.20141018506863517,-0.12250301104159356,-0.1000816361679342,-0.07823534412651201
2023-06-12,-0.1456301019144779,-0.19104094606908117,-0.10767593517543195,-0.09191769995926236,-0.06208680659786281
2023-06-13,-0.1395311923097553,-0.18526620124848048,-0.10081928130229278,-0.08593077081752698,-0.05199785977304183
2023-06-14,-0.1358921360438078,-0.18182056544050218,-0.09428450520715292,-0.08484226728405864,-0.04503615874984568
2023-06-15,-0.12538737639254338,-0.17187414709371718,-0.08349211932003942,-0.07349644340621742,-0.03401109304536187
2023-06-16,-0.1312417692492962,-0.17741737154175907,-0.08925963125391656,-0.08006949966336874,-0.03883432716907165
2023-06-20,-0.1347114267777495,-0.18070261237008334,-0.09180919635254525,-0.08484226728405864,-0.03133649815550654
2023-06-21,-0.1428241202516095,-0.18838410589197763,-0.10418574062558339,-0.08953128420738521,-0.047208873685505304
2023-06-22,-0.1362201785198811,-0.18213117204273377,-0.09361612347053261,-0.08624475607880977,-0.03181118606814681
2023-06-23,-0.14376678407177168,-0.18927666593399461,-0.1026015066992273,-0.09315275124235078,-0.04058841556527071
2023-06-26,-0.15125506318002302,-0.19636693350610335,-0.11463154701364464,-0.09685790509161518,-0.06466582441724633
2023-06-27,-0.13930582322076657,-0.1850528108125321,-0.09940841266589395,-0.08695647729873868,-0.04645205235288097
2023-06-28,-0.13824892752983253,-0.18405209046861837,-0.09765088899001195,-0.08649594428783602,-0.04359104270772396
2023-06-29,-0.1374135428290063,-0.1832611075246231,-0.09945789164843077,-0.08289549478104197,-0.04698146864139918
2023-06-30,-0.12567335256213963,-0.17214492326703723,-0.08557136969305768,-0.07207300096636016,-0.02970254915869397
2023-07-03,-0.12414084762627464,-0.17069387291303983,-0.08341786307601795,-0.07100538719493465,-0.023550635310935042
2023-07-05,-0.12480397387860287,-0.17132175316364584,-0.08344264033750215,-0.07238698622764295,-0.01854010063307332
2023-07-06,-0.1315633490552487,-0.1777218589729872,-0.09042302943719926,-0.07965081005961616,-0.025829586532399307
2023-07-07,-0.13410127131751914,-0.18012488744676303,-0.09344290926143795,-0.08197442875923666,-0.028093526665545543
2023-07-10,-0.13286357939040405,-0.17895298041602548,-0.09314588428535397,-0.07965081005961616,-0.0370172573270493
2023-07-11,-0.12796031217886672,-0.17431032807831548,-0.08866550576131726,-0.07378953890545825,-0.031712221002609176
2023-07-12,-0.11894519305347828,-0.16577437397331884,-0.07715533469547797,-0.06633732391671532,-0.01499782376022274
2023-07-13,-0.10796921064662246,-0.1553817789583154,-0.061486662883601606,-0.05892695233512202,0.0
2023-07-14,-0.10834109443558393,-0.15573389665202708,-0.06168465435418036,-0.059513079450537854,0.0
2023-07-17,-0.10262966104182725,-0.15032603319012827,-0.052922115397979974,-0.056247504967068984,0.0
2023-07-18,-0.09562512260670031,-0.14369379486057077,-0.04517438659658912,-0.04923486934412191,0.0
2023-07-19,-0.09472506514166812,-0.14284157659184726,-0.04539715532865196,-0.04712059544637792,-0.00014639173413555362
2023-07-20,-0.10816225947609459,-0.1555645669975504,-0.06740261176508955,-0.05344246349450299,-0.033377310224145584
2023-07-21,-0.10949969043392827,-0.15683091180296949,-0.07019972285726506,-0.05344246349450299,-0.0415155657925419
2023-07-24,-0.10679941585584185,-0.15427416024496488,-0.06871452243641418,-0.04921391569901501,-0.03617655513809259
2023-07-25,-0.1025532342626484,-0.15025366859123745,-0.06240251507333738,-0.046618219028325525,-0.029872726126197846
2023-07-26,-0.1039769354561283,-0.15160169825981384,-0.06552142840308117,-0.04647167127870544,-0.027785548729307274
2023-07-27,-0.10801528344320244,-0.15542540292729778,-0.0677491912641418,-0.05279353932683062,-0.029243733514771164
2023-07-28,-0.09552526231586078,-0.14359924227089782,-0.050768533240508895,-0.04352008205651958,-0.005001552223503958
2023-07-31,-0.0944283450636546,-0.14256062756247512,-0.050273516793846174,-0.04169890365801554,-0.0058136875385143005
2023-08-01,-0.0967743048431402,-0.14478189660299867,-0.05247650239342283,-0.044441148078325,-0.011068138970529606
2023-08-02,-0.11296685602432233,-0.16011379314290441,-0.07326908166404067,-0.05773374445918322,-0.03622399121650899
2023-08-03,-0.11494870133598023,-0.16199030086157373,-0.07475428208489154,-0.06043414547234316,-0.03470908989146082
2023-08-04,-0.11902194646698161,-0.16584704784550564,-0.07908607258045497,-0.06468358302987387,-0.03459676073561613
2023-08-07,-0.11144758628013851,-0.15867527451335672,-0.07128886479652696,-0.05651964682120214,-0.026177854017467528
2023-08-08,-0.11715699787994949,-0.16408122364222333,-0.07918510608595997,-0.060622536629112767,-0.034051719656059465
2023-08-09,-0.12496126406163843,-0.17147068317387482,-0.08930911023645349,-0.06690249738702403,-0.0520409276842968
2023-08-10,-0.12399556606313278,-0.1705563132493204,-0.08762591834502365,-0.06656755848063434,-0.05000084210931388
2023-08-11,-0.1270435199294926,-0.17344226450027211,-0.09344290926143795,-0.06711184218890054,-0.05808016734208932
2023-08-14,-0.11973591356037727,-0.1665230666819668,-0.08326935058797635,-0.061962292254671314,-0.043538020466174054
2023-08-15,-0.1295334395353811,-0.17579984171976104,-0.0929972962568808,-0.07288936264569523,-0.05528721966331984
2023-08-16,-0.13733591859509997,-0.18318760911724274,-0.10260150669922741,-0.07969265346676568,-0.06808535177955932
2023-08-17,-0.1453340557550976,-0.19076063513871155,-0.11240378415258434,-0.08670528908971287,-0.07900878911610465
2023-08-18,-0.14566463517247297,-0.1910736438405961,-0.11351762781289898,-0.08626570972391712,-0.08395376241529051
2023-08-21,-0.13600307240900644,-0.1819256053971282,-0.09923512291636827,-0.08032068787239555,-0.058815246016992506
2023-08-22,-0.13779048669437033,-0.18361801634525576,-0.10052225632620904,-0.08281174408367886,-0.060846708148571294
2023-08-23,-0.12619104742138187,-0.172635101987631,-0.08633878493518343,-0.07259633102951957,-0.04327249386368459
2023-08-24,-0.1415852762993921,-0.18721110806773356,-0.10586893251701346,-0.08544928416151776,-0.06271277360767591
2023-08-25,-0.13523246076514495,-0.18119595273993216,-0.09893809794028463,-0.07900188589194401,-0.05678459086683085
2023-08-28,-0.12923595638079177,-0.17551817017230098,-0.09215570031116638,-0.07316150449982839,-0.04964402330309359
2023-08-29,-0.11343393671612167,-0.16055604790327682,-0.07232852775325249,-0.059764267659564,-0.022374439155003922
2023-08-30,-0.10913606071542326,-0.15648660946539605,-0.06715514131197431,-0.05589161241557261,-0.018029669042642582
2023-08-31,-0.1084522853302805,-0.15583917760958543,-0.06435803021979858,-0.05727321144828068,-0.014473519761888265
2023-09-01,-0.10809254812205171,-0.15549856089042835,-0.06534813865355538,-0.055514830102033175,-0.020721799270558283
2023-09-05,-0.10945301117771955,-0.15678671360845742,-0.06415996320878825,-0.05959683014790129,-0.013308574373826265
2023-09-06,-0.11636827688075102,-0.1633344241649045,-0.0724027839972734,-0.06591863431296219,-0.027408094192790333
2023-09-07,-0.12088444316908509,-0.16761055048465423,-0.07903659359791837,-0.0687864728377846,-0.032254906731852384
2023-09-08,-0.11960810727312399,-0.16640205346104853,-0.07774946018807771,-0.0673839840430337,-0.032074287408295876
2023-09-11,-0.11152638217351785,-0.15874988230502218,-0.06688281805694318,-0.061250507151678124,-0.010576308001731816
2023-09-12,-0.11888916583618314,-0.16572132467371314,-0.07722959093949955,-0.06640012096897174,-0.024296029935857444
2023-09-13,-0.11669737692348614,-0.16364603212278805,-0.07371469466859815,-0.06531155355243923,-0.015507735970473724
2023-09-14,-0.10927781474921783,-0.15662082909242914,-0.06614025561673342,-0.05725232168623784,-0.006305833912833458
2023-09-15,-0.12381613265132518,-0.17038641695102497,-0.08213072966617796,-0.07188460980959033,-0.025769371463043367
2023-09-18,-0.12373642781735283,-0.17031094853011208,-0.08250201088628284,-0.07134032610132413,-0.026600859549080647
2023-09-19,-0.12557885382681933,-0.17205544725940425,-0.08445752603274359,-0.07326620884229862,-0.028169606290809
2023-09-20,-0.13589866611424928,-0.18182674842941382,-0.09765088899001251,-0.08178597371940266,-0.047339779365074386
2023-09-21,-0.15095687907362587,-0.1960845982633137,-0.11418600954951941,-0.09696254555102146,-0.06688553716516743
2023-09-22,-0.15185210060440124,-0.19693223763382217,-0.11406219878253021,-0.0989930687514019,-0.06944238455403928
2023-09-25,-0.14805454580148458,-0.1933365276872262,-0.10985421905395598,-0.09520416420477384,-0.06215956133382661
2023-09-26,-0.16070913798343933,-0.2053185122378699,-0.1232208717607508,-0.10849676058563218,-0.07831369345485117
2023-09-27,-0.15955829213228834,-0.20422883530396396,-0.12116632310878506,-0.10814093191719976,-0.07773305511659778
2023-09-28,-0.15360682919280932,-0.19859370017126077,-0.11381465278898317,-0.10297042833786352,-0.0683128826819751
2023-09-29,-0.1543265714646952,-0.1992751872281474,-0.11317112385427863,-0.10514743540479965,-0.06635355984017821
2023-10-02,-0.15096586168781556,-0.19609310344016162,-0.10576989901150846,-0.10550332795629636,-0.05155273996343379
2023-10-03,-0.16409861384800695,-0.2085278331594831,-0.12146334808486903,-0.11747712235670305,-0.07073090669196869
2023-10-04,-0.15536735803483148,-0.2002606546714738,-0.10950763955490384,-0.11105061384917181,-0.052944730169212306
2023-10-05,-0.1567708268545155,-0.20158952734259328,-0.11213146089755355,-0.1113855527555615,-0.05257076753335388
2023-10-06,-0.14470073725332822,-0.19016097831890044,-0.09725483050842343,-0.10083520079501274,-0.03537334127709846
2023-10-09,-0.13978180877312196,-0.1855034971288232,-0.09265079229826045,-0.09507857010026077,-0.031994126596969985
2023-10-10,-0.13516122820812704,-0.1811285062837037,-0.08762591834502409,-0.09036859953182741,-0.026863150118593082
2023-10-11,-0.13030446856208588,-0.17652988957537252,-0.08111584397093696,-0.08664249203745578,-0.01542410702114394
2023-10-12,-0.134466615065153,-0.18047081271064191,-0.08430901354470155,-0.09221073157543824,-0.019757384203939243
2023-10-13,-0.142062016038786,-0.18766250848506527,-0.09581918461054106,-0.096732310987102,-0.03715603401760803
2023-10-16,-0.13269853872816983,-0.1787967118744016,-0.08559614695454254,-0.08722861915287161,-0.02478849442878006
2023-10-17,-0.13413885860384922,-0.1801604769211319,-0.08859124951729691,-0.08727052644308553,-0.030397257788089216
2023-10-18,-0.14558683660649463,-0.19099998036711463,-0.10054703358769346,-0.09943271200026171,-0.050522960140493955
2023-10-19,-0.15333774866041072,-0.19833892161058297,-0.10896306858527327,-0.10734545999990719,-0.06365028175707887
2023-10-20,-0.1648548696782045,-0.2092438930327265,-0.12225546504804718,-0.11831443768114491,-0.08069781166224865
2023-10-23,-0.1643185835419494,-0.20873611118508273,-0.11960686644391338,-0.11984258446347318,-0.07211840577677209
2023-10-24,-0.15710352408064288,-0.20190454128900748,-0.11104231895829186,-0.11320673115406554,-0.06299359683076122
2023-10-25,-0.17346752769127616,-0.21739877734419089,-0.13280030494161366,-0.12593415406461483,-0.09175440986944394
2023-10-26,-0.1862960494792799,-0.22954544692163048,-0.1493353499606892,-0.13640075532780027,-0.11578472887259983
2023-10-27,-0.1861868231331606,-0.2294420260943998,-0.14525110545867304,-0.1403152539789414,-0.10376105195429841
2023-10-30,-0.17673801585757942,-0.22049543491468038,-0.13562211775484212,-0.1300370438725258,-0.09337723404588516
2023-10-31,-0.17218431634452414,-0.2161837703087276,-0.1314883942702889,-0.12457344479394927,-0.09137792884038143
2023-11-01,-0.16058596522891644,-0.20520188627153813,-0.11641377241058015,-0.11523725435444598,-0.0695926560631952
2023-11-02,-0.14492347301628627,-0.1903718753934378,-0.10037374383816733,-0.09828134753147277,-0.05224679782496844
2023-11-03,-0.13599980603168982,-0.1819225126319105,-0.08980420222354824,-0.0900546142705444,-0.04191529637469937
2023-11-06,-0.133243735394314,-0.17931293064596465,-0.08609123894163673,-0.08796129401790731,-0.03489532388713912
2023-11-07,-0.12791374372373554,-0.17426623479566306,-0.07745235967156283,-0.08536559734721794,-0.025025144934527455
2023-11-08,-0.1273136075939334,-0.17369799666264552,-0.07685830971939489,-0.08469571953443888,-0.02144363269757754
2023-11-09,-0.1340744597203949,-0.18009950092004579,-0.08396243404564974,-0.09183394926189903,-0.031415530425463856
2023-11-10,-0.1175841813571028,-0.1644857017755318,-0.06336784624561076,-0.07766219414944919,-0.009747549533175581
2023-11-13,-0.1193806573104399,-0.16618669275248188,-0.06628876810477558,-0.07854135288104058,-0.007754876076221384
2023-11-14,-0.1013600193617662,-0.14912387457635334,-0.046189272291830785,-0.06066438003626207,0.0
2023-11-15,-0.10007061971038256,-0.1479030081525018,-0.04547141157267376,-0.05867576412609532,-0.0010397253654456096
2023-11-16,-0.09913516931351785,-0.14701727813118093,-0.044654517348011624,-0.05752439965730649,0.0
2023-11-17,-0.09846988757318609,-0.1463873569594939,-0.044431748615948896,-0.05635214542647493,-0.0009891519114268998
2023-11-20,-0.08951207857177124,-0.13790566687266326,-0.03279784232355187,-0.049088321594501605,0.0
2023-11-21,-0.09314896612109258,-0.14134924923405578,-0.038416766228955845,-0.05116075208509607,-0.003113784719808277
2023-11-22,-0.08954250829227417,-0.13793447921491053,-0.03448103421498139,-0.04749744164298131,-0.0014831439328208962
2023-11-24,-0.08990425731553409,-0.13827700081857708,-0.035842423868843065,-0.04691131452756536,-0.006503564826123243
2023-11-27,-0.09112098323861018,-0.13942905621499324,-0.03668401981455782,-0.04862778858359906,-0.005819582557372804
2023-11-28,-0.08947998558300718,-0.13787527966697322,-0.03415923197741322,-0.047685832799750805,0.0
2023-11-29,-0.09024360141330234,-0.1385983083469704,-0.035099861428633305,-0.04835571061253019,-0.006877830857283218
2023-11-30,-0.08959613401500632,-0.13798525466243583,-0.037525691300704156,-0.044608649473051876,-0.01520251990901611
2023-12-01,-0.0856037176299772,-0.13420504027406788,-0.03477805919106536,-0.03895665923770608,-0.015980185470445107
2023-12-04,-0.09224812144939909,-0.14049628559970384,-0.04373866515827585,-0.04400156871252903,-0.029985504750904668
2023-12-05,-0.09119793752530436,-0.13950192028370556,-0.041337612547689306,-0.044189959869298856,-0.02017219182136154
2023-12-06,-0.09565725218732923,-0.1437242167132209,-0.04688235574950361,-0.04804166146818334,-0.027978534672375988
2023-12-07,-0.08588916333618246,-0.13447531417879932,-0.0335651820252455,-0.040777837636210124,-0.009237909631076957
2023-12-08,-0.08188726305023741,-0.13068611997088275,-0.02925809325073503,-0.03665399418319237,-0.002868878447533363
2023-12-11,-0.07618040434998241,-0.12528258805172132,-0.020965869020144634,-0.03290699692677845,-0.012736436611196278
2023-12-12,-0.07039198456061124,-0.1198018301188194,-0.013168585695785606,-0.028490057974520755,-0.004832253691695154
2023-12-13,-0.05807126461606449,-0.10813597207253023,-0.0006188272136528061,-0.015092821134256362,0.0
2023-12-14,-0.05696801248934946,-0.10709135919621682,-0.0014851248804204076,-0.011931887110193884,0.0
2023-12-15,-0.057365928992036186,-0.10746812593188748,0.0,-0.017542033938390267,0.0
2023-12-18,-0.052691529259459524,-0.10304217647623182,0.0,-0.012015637807557322,0.0
2023-12-19,-0.04739110744256092,-0.0980234788043669,0.0,-0.006007818903779216,0.0
2023-12-20,-0.061069154298875494,-0.11097452011481268,-0.014859754216995147,-0.019781838057582934,-0.013040503805665682
2023-12-21,-0.05115529776760397,-0.10158759763742287,-0.003397239798603069,-0.010487491025229057,-0.0002768662700998181
2023-12-22,-0.049492128216916176,-0.10001282765867481,-0.0019063417057278986,-0.008498875115062643,-0.0010890944207418984
2023-12-26,-0.04457597008929248,-0.09535796957342535,0.0,-0.004312234609788468,0.0
2023-12-27,-0.042991384999543025,-0.09385760719180447,0.0,-0.0025119459733271565,0.0
2023-12-28,-0.04304321909464126,-0.09390668623897835,-0.0004860563961875952,-0.002135163659787831,-0.0026093333815551123
2023-12-29,-0.0464991306499416,-0.09717891171006443,-0.004811691339800972,-0.005023955829717486,-0.008659360779018188
2024-01-02,-0.05723487745259437,-0.10734403994805208,-0.021652499786414037,-0.01059219536769973,-0.024676767230381036
2024-01-03,-0.06607245100355374,-0.11571188525118026,-0.032004892898503945,-0.01867238087900791,-0.03433231607946896
2024-01-04,-0.06997978689475326,-0.11941154128192055,-0.03698663723135631,-0.0218333149030705,-0.04057636292086375
2024-01-05,-0.06879136381866624,-0.1182862844002639,-0.035844471445929504,-0.020493559277511952,-0.037081534388545556
2024-01-08,-0.05252133950506643,-0.10288103252323055,-0.015917345790932513,-0.006510195321831724,-0.01319153827271724
2024-01-09,-0.05230415239358299,-0.10267538918230146,-0.0139732685297691,-0.008017388459052976,-0.01075014063694113
2024-01-10,-0.04641280254128344,-0.0970971720499193,-0.007290400972053468,-0.0024073055139210986,0.0
2024-01-11,-0.0456307856230973,-0.09635672032320086,-0.00522477253094622,-0.00284688487971696,-0.0012107644263654738
2024-01-12,-0.04505543112888444,-0.0958119466503965,-0.004714465228204956,-0.0021561173048949556,-0.0025751384645771314
2024-01-16,-0.0468549824798723,-0.09751584956370996,-0.004811691339801194,-0.005819427747009831,-0.0031921884763019825
2024-01-17,-0.05219232051258649,-0.10256950130767828,-0.010425294155338771,-0.011345759994778493,-0.009641909763871137
2024-01-18,-0.0412513262261317,-0.09221003475008194,0.0,-0.0025538532635412947,0.0
2024-01-19,-0.025768896956282927,-0.0775505162408805,0.0,0.0,0.0
2024-01-22,-0.024102847118749215,-0.07597301906618703,0.0,0.0,-0.0015217018067330557
2024-01-23,-0.020654975138648557,-0.0727084058566777,0.0,0.0,0.0
2024-01-24,-0.01740239391885401,-0.06962870345576855,0.0,0.0,0.0
2024-01-25,-0.014130303095362451,-0.06653052841135387,0.0,0.0,-0.008124463204570831
2024-01-26,-0.017693221527725567,-0.06990407320821068,-0.0059575665733782035,-0.0012704037021049608,-0.009389384954334834
2024-01-29,-0.008773969298318418,-0.061458890552032575,0.0,0.0,0.0
2024-01-30,-0.012456380541828516,-0.06494557696550463,-0.006656559953623686,-0.0007734532410522688,-0.0056436648254981625
2024-01-31,-0.030184498981111862,-0.08173142341533168,-0.02611232707032174,-0.017078153191698142,-0.03306746016960538
2024-02-01,-0.01812795191519667,-0.07031569712397767,-0.014644374875753763,-0.004213521796428976,-0.018852626567260944
2024-02-02,-0.004662592651459296,-0.057566038790693774,0.0,0.0,0.0
2024-02-05,-0.007124314422678246,-0.05989691692620491,-0.0013053251575636526,-0.00364118193248264,-0.0032838812118985983
2024-02-06,-0.006679489560300067,-0.05947573506968018,-0.0033099773791062104,-0.000748447684068565,-0.0031339118578512792
2024-02-07,0.0,-0.05071445730798829,0.0,0.0,0.0
2024-02-08,0.0,-0.0496258081176818,0.0,0.0,0.0
2024-02-09,0.0,-0.042202201800346395,0.0,0.0,0.0
2024-02-12,-0.0021757626619793857,-0.044286142487395264,-0.003912576370756371,-0.0004389489532021784,-0.008079409582904762
2024-02-13,-0.016828850372894943,-0.05832083763373663,-0.019448576221048786,-0.014205956626801908,-0.023737938224521082
2024-02-14,-0.00700457038761737,-0.04891116389494099,-0.008763268914859124,-0.005247415839499392,-0.010610521314344923
2024-02-15,-0.002100434263747619,-0.04421399311342711,-0.005811641913480714,0.0,-0.0061424430017777976
2024-02-16,-0.009109516776419135,-0.05092727691146359,-0.014826634594987342,-0.004979980381600746,-0.014019880879916902
2024-02-20,-0.015576825566277486,-0.05712165103066713,-0.02226285491480018,-0.010457958801361578,-0.025871686763613955
2024-02-21,-0.017100664950393862,-0.058581181037583696,-0.0261755011118443,-0.009561598807139249,-0.027217649137559752
2024-02-22,0.0,-0.03505927693575017,0.0,0.0,0.0
2024-02-23,-0.0011275435586413085,-0.036147289632512014,-0.0029447543163282353,0.0,-0.004705507332174896
2024-02-26,-0.0032197498494130894,-0.03816614468352897,-0.0034698096327901995,-0.003662529972996542,-0.007677585575918133
2024-02-27,-0.0010951058357819843,-0.03611598915276193,-0.0010728906632391233,-0.001811584949645173,-0.005177376483687768
2024-02-28,-0.004414558717432349,-0.03931906441655941,-0.006391714255102321,-0.0031308384735285744,-0.009678190263595177
2024-02-29,0.0,-0.033476028122432444,0.0,0.0,0.0
2024-03-01,0.0,-0.02166260277107379,0.0,0.0,0.0
2024-03-04,-0.00232027451438932,-0.02393261410033809,-0.0035681344452732633,-0.0010724145835053767,-0.01182575241776318
2024-03-05,-0.016259745826538108,-0.037570120182612965,-0.021453732799662006,-0.011055831490833334,-0.029101381313880847
2024-03-06,-0.010676537921624929,-0.03210785909273228,-0.015304811451341327,-0.006044605115551938,-0.02785326660905374
2024-03-07,0.0,-0.01995861502437024,-0.00035899811447215324,0.0,-0.00918415884374868
2024-03-08,-0.010218550083840983,-0.029973217000980434,-0.014788708858692878,-0.00600220732414769,-0.020652730040087275
2024-03-11,-0.012481490681410135,-0.03219099243833967,-0.018446558590108575,-0.006856896322987915,-0.026087378117431448
2024-03-12,-9.189489748817614e-05,-0.02004867582697667,-0.004375982930262867,0.0,-0.006161068008898041
2024-03-13,-0.004718262473763057,-0.0245827075138354,-0.012028422898409108,-0.0015675114126452172,-0.013975675712370794
2024-03-14,-0.006956671126162939,-0.02677644062967477,-0.01451935754541156,-0.003541191582680958,-0.015531778429015541
2024-03-15,-0.01779555763395413,-0.03739899797436408,-0.026233639972419565,-0.013448744786182076,-0.025673646340494183
2024-03-18,-0.01084772496190789,-0.030589834419873174,-0.018244596468860896,-0.007585517479547499,-0.0077833696481299786
2024-03-19,-0.006867041029527066,-0.026688599425632398,-0.015798519464929606,-0.002070527620184226,-0.0044678260374145795
2024-03-20,0.0,-0.016417255083486793,-0.004129163165944139,0.0,0.0
2024-03-21,0.0,-0.01246477802133883,0.0,0.0,-0.003413671639168281
2024-03-22,-0.00037597676627221244,-0.012836068320678518,0.0,-0.001895806609024997,0.0
2024-03-25,-0.003570770339978546,-0.015991039501664583,-0.003629183878011699,-0.004653375371461932,-0.002569824506175711
2024-03-26,-0.0061040519720761965,-0.01849274434055259,-0.0068551402955358,-0.006491793506687049,-0.005799252952582434
2024-03-27,-0.00023515122160655544,-0.012696998135166782,-0.0034724187768083725,0.0,-0.0029817282436761516
2024-03-28,-0.0012521343028725207,-0.013701304748073295,-0.005309366663521775,-0.00019109579907738983,-0.008396555827740237
2024-04-01,-0.0010637301763258833,-0.013515249037142518,-0.0032035321030038366,-0.0019305575599096736,-0.0036287413280017278
2024-04-02,-0.0085499309647451,-0.0209081359945108,-0.011806128127610616,-0.008276384724142494,-0.012899562914772678
2024-04-03,-0.006892778554291823,-0.019271639621001202,-0.00958824036130479,-0.007186975339658841,-0.00834514056002822
2024-04-04,-0.02054639993055718,-0.032755071637624145,-0.024732309745415515,-0.019305342270892423,-0.01825876477579169
2024-04-05,-0.009659384695274498,-0.022003760630564195,-0.013239848553836642,-0.00906013416138407,-0.006631093555004575
2024-04-08,-0.009236267014650967,-0.021585917017906575,-0.012948605932324941,-0.008505863012778225,-0.0031234400436582765
2024-04-09,-0.006830556056898307,-0.01921019271322577,-0.00929699773979309,-0.007358938226008083,-6.907445445092364e-05
2024-04-10,-0.01613736952514444,-0.02840099881750402,-0.017944374026627408,-0.017298369724172313,-0.0047277842441195705
2024-04-11,-0.004569539729687988,-0.016977359452636565,-0.0022626680285332545,-0.009882032759979786,0.0
2024-04-12,-0.0193740255457846,-0.03159731063931548,-0.018168412071391193,-0.023548707320917406,-0.014429509979468458
2024-04-15,-0.033582881283583,-0.04562905614440482,-0.034320550106720416,-0.03578181339646869,-0.03694703032364666
2024-04-16,-0.034419305976319814,-0.046455054989015254,-0.03423092121545224,-0.03754034973797826,-0.040669773048209734
2024-04-17,-0.04316727737284587,-0.05509398486394668,-0.04601462502854281,-0.0432364161861174,-0.05106160517329017
2024-04-18,-0.0468817429258549,-0.05876215042836963,-0.051458400845560415,-0.0452051812394324,-0.056570835480775905
2024-04-19,-0.0612821872285183,-0.07298309638939149,-0.07108295765769801,-0.05353896470175923,-0.08307630833351554
2024-04-22,-0.04020081517176388,-0.05216449895570985,-0.06174111128886439,-0.04482287297717569,-0.07604847524757419
2024-04-23,-0.008353432053566978,-0.020714086398641696,-0.04773958807628054,-0.033488138819081525,-0.059597279233251754
2024-04-24,-0.027470802266453376,-0.03959316283547276,-0.044513631658756436,-0.033946862068148786,-0.050152325516894414
2024-04-25,-0.06079243832323733,-0.0724994520955009,-0.04912852824027891,-0.037616823056839666,-0.058917923470510614
2024-04-26,-0.030135260293225885,-0.04222440898439428,-0.034454959260216134,-0.028499290157271373,-0.034746991455429144
2024-04-29,-0.026448903706859372,-0.03858400201458434,-0.030534532760692623,-0.025058749125165036,-0.021300760616644765
2024-04-30,-0.04333875365189277,-0.055263323729239144,-0.048814929671059604,-0.04050303460828919,-0.04467108218742877
2024-05-01,-0.048350545512693355,-0.060212644717005825,-0.05569249428111578,-0.043618666116323146,-0.04557390074105472
2024-05-02,-0.0378268335368257,-0.049820108474877944,-0.04363997216103355,-0.03467321276720592,-0.030780250023812017
2024-05-03,-0.022194527993151136,-0.03476272810637715,-0.02441864280938344,-0.02270767580959332,-0.010240461343818952
2024-05-06,-0.011790568731936957,-0.014066365305292927,-0.013732704905591975,-0.012615356005756917,0.0
2024-05-07,-0.0111667795028223,-0.013314142757736014,-0.013575871437575993,-0.01152582995717133,-0.0039301827847698645
2024-05-08,-0.011410942107881517,-0.019474926924162306,-0.014158356680599726,-0.011430282057632746,-0.006174549682910091
2024-05-09,-0.007484578177121337,-0.026824670223601688,-0.012007741857854248,-0.0057342739415443544,-0.005566311751090236
2024-05-10,-0.006072072854909294,-0.0243740216508308,-0.009677869252572857,-0.004453535429779221,-0.008113695318528902
2024-05-13,-0.001747406897329662,-0.020128989047696222,-0.00739284527633155,-0.004319838368886275,-0.005404992181048285
2024-05-14,0.0,-0.01146638316517834,-0.001008137018030708,0.0,0.0
2024-05-15,0.0,0.0,0.0,0.0,0.0
2024-05-16,0.0,0.0,-0.0020313157927895897,-0.002057508390634233,-0.002960012621739727
2024-05-17,-0.004565237773809128,-0.004565237773809239,-0.002517076940212859,-0.0006229322956580186,-0.0020573277206915597
2024-05-20,0.0,0.0,0.0,0.0,0.0
2024-05-21,0.0,0.0,0.0,0.0,0.0
2024-05-22,-0.006418146787282919,-0.006418146787283141,-0.00019744699495594098,-0.0028793441431358424,-0.0053457505762147806
2024-05-23,0.0,0.0,-0.0046950069946720685,-0.010162532986622175,-0.006990941674824835
2024-05-24,0.0,0.0,0.0,-0.0036133374041819044,0.0
2024-05-28,0.0,0.0,0.0,-0.002917020166551154,0.0
2024-05-29,0.0,0.0,-0.0070483603506760195,-0.009899145420490973,-0.002814861015728476
2024-05-30,-0.029606173321317097,-0.029606173321317097,-0.017686227402432864,-0.01646717901463879,-0.01617463900554572
2024-05-31,-0.03231365029550737,-0.03231365029550748,-0.019513577627099155,-0.007509015252127327,-0.01756371771947507
2024-06-03,-0.006748201307249624,-0.006748201307249846,-0.014249016483927512,-0.006699784810176079,-0.007962564892535884
2024-06-04,0.0,0.0,-0.011551508969717128,-0.005589375912753547,-0.005351950598439181
2024-06-05,0.0,0.0,0.0,0.0,0.0
2024-06-06,-0.002125985191254287,-0.002125985191254287,-0.00034518512832126813,-1.8721390661391446e-05,0.0
2024-06-07,-0.008988144223289418,-0.008988144223289307,-0.0012297096751447967,-0.0012343560806220566,-0.0014477137648543081
2024-06-10,-0.003728825950033432,-0.00372882595003321,0.0,0.0,0.0
2024-06-11,-0.0027455450881891386,-0.0027455450881890275,0.0,0.0,0.0
2024-06-12,0.0,0.0,0.0,0.0,0.0
2024-06-13,0.0,0.0,0.0,0.0,0.0
2024-06-14,0.0,0.0,0.0,0.0,0.0
2024-06-17,0.0,0.0,0.0,0.0,0.0
2024-06-18,0.0,0.0,0.0,0.0,-0.00270237846961785
2024-06-20,-0.028458177455912947,-0.02845817745591306,-0.007707982729620366,-0.002716531314889248,-0.0090451839713519
2024-06-21,-0.04936379176727135,-0.04936379176727146,-0.010366643036786027,-0.007256249958270566,-0.010330599218422054
2024-06-24,-0.08221918276077311,-0.08221918276077333,-0.023185837468562287,-0.010483327138828935,-0.021266624547599644
2024-06-25,-0.03889870863323197,-0.03889870863323219,-0.01201538854297346,-0.006672816659730185,-0.0022150254077534237
2024-06-26,-0.03810893477277044,-0.038108934772770664,-0.009975054972334974,-0.005433062629778274,0.0
2024-06-27,-0.0432770849513292,-0.043277084951329314,-0.0074194805690617205,-0.0038651482341207632,0.0
2024-06-28,-0.053615423014113595,-0.05361542301411382,-0.012571888895409056,-0.007785045501787935,-0.012229506023356373
2024-07-01,-0.03693236540781564,-0.03693236540781586,-0.006780524072633964,-0.0057429733176351805,0.0
2024-07-02,-0.035426863174809364,-0.035426863174809586,0.0,0.0,0.0
2024-07-03,-0.010568123990237321,-0.010568123990237321,0.0,0.0,0.0
2024-07-05,-0.009518556700009673,-0.009518556700009673,0.0,0.0,0.0
2024-07-08,0.0,0.0,0.0,0.0,0.0
2024-07-09,0.0,0.0,0.0,0.0,0.0
2024-07-10,0.0,0.0,0.0,0.0,0.0
2024-07-11,-0.07005398879513891,-0.07005398879513891,-0.021930171319167413,-0.008622580332635743,-0.03476103816245624
2024-07-12,-0.04963493157887777,-0.049448942376636884,-0.016184158321042696,-0.002369445365369982,-0.031063276086694236
2024-07-15,-0.03323681945428014,-0.04394727277212196,-0.013539839498748485,0.0,-0.028046990217008516
2024-07-16,-0.02487047102973594,-0.04427146189703812,-0.013162070998998576,0.0,-0.031030691012464362
2024-07-17,-0.05252106094131259,-0.09093728251535538,-0.042130592495245756,-0.014021143496696697,-0.06102261841602008
2024-07-18,-0.060857526534823125,-0.07765994937948473,-0.046663753816289844,-0.021598294309054578,-0.06326373755145698
2024-07-19,-0.07985828533147943,-0.10862301712041667,-0.05511373010109266,-0.028095449365757696,-0.07265555453662231
2024-07-22,-0.06826096808504079,-0.09738824589786443,-0.04103702974693313,-0.01807520660389028,-0.054348149153812475
2024-07-23,-0.07063373660488925,-0.09968683883260177,-0.04441704453123663,-0.019615402652024327,-0.05431949210910991
2024-07-24,-0.09783295549317161,-0.12603577756977513,-0.07869410538551902,-0.04183338437065143,-0.10170340320271942
2024-07-25,-0.10515768054658803,-0.1331315229473108,-0.08885399077591993,-0.046825784960797034,-0.11133455686657989
2024-07-26,-0.09555795178723858,-0.12383189320380561,-0.07950928684940273,-0.03615052126138307,-0.10293108393233386
2024-07-29,-0.09438374769200575,-0.12269439613459543,-0.07766024777754588,-0.03558399622417496,-0.09602573774000989
2024-07-30,-0.10289557435363861,-0.1309401329026253,-0.09032526134802676,-0.040470180123194144,-0.1106402320821086
2024-07-31,-0.08233021136655472,-0.11101766778772271,-0.06340461403023456,-0.0248733989967872,-0.0827660961677823
2024-08-01,-0.09994139651661083,-0.12807830620215,-0.08609032234890224,-0.038682109111231044,-0.09930074606960548
2024-08-02,-0.11900164802850288,-0.14654271142881325,-0.10778191581053409,-0.0565803239144449,-0.12406356952374542
2024-08-05,-0.14496461006532024,-0.1716940401840069,-0.13438443909296005,-0.08405619392423247,-0.1587633025865961
2024-08-06,-0.13693810795362438,-0.16391845613934974,-0.12611339620130912,-0.07561158879207519,-0.14892931990109037
2024-08-07,-0.14449584306170626,-0.1712399273982329,-0.1355773890565941,-0.08179020182900165,-0.15882251760630806
2024-08-08,-0.12152200876233354,-0.1489842826681953,-0.10913389745387314,-0.060563611912088366,-0.13455569443845028
2024-08-09,-0.11764264483697118,-0.1452261923043353,-0.10448144720406105,-0.05642105290455646,-0.1279836079682316
2024-08-12,-0.0970266665872821,-0.1252546942205438,-0.10255286195437385,-0.05592530297689846,-0.12546263531529012
2024-08-13,-0.05977804659225405,-0.08917051068849147,-0.08028472556234933,-0.04039940501364381,-0.10114038971861894
2024-08-14,-0.05096925170557154,-0.08063708927772018,-0.07998644256447418,-0.03737206723613784,-0.10405199159231793
2024-08-15,-0.025339912891039318,-0.055808954283398826,-0.05674403235290504,-0.020872390208355407,-0.08019198025546359
2024-08-16,-0.01563319961741061,-0.04640568448963511,-0.055531241351780225,-0.018677173222674925,-0.07861033848087895
2024-08-19,0.0,-0.025999542000977094,-0.043124707352281466,-0.009294338661168466,-0.064667553065193
2024-08-20,-0.009204573703334162,-0.034964801003710355,-0.04513277810384364,-0.010905309818852627,-0.0667153796702592
2024-08-21,-0.004578771331606557,-0.030459267375034793,-0.0406791629606299,-0.007506267649205367,-0.06250272909161969
2024-08-22,-0.027126315829732683,-0.05242058604296296,-0.055889108138083676,-0.015295851843815989,-0.08190174837091602
2024-08-23,0.0,-0.025989382170726327,-0.0456497372458079,-0.004833021526655101,-0.06813159127050838
2024-08-26,-0.010497384562140333,-0.03621394619368812,-0.05491489499449442,-0.007205338366614411,-0.07763087898284093
2024-08-27,-0.001447600498697188,-0.02739936042683233,-0.052091582103092726,-0.005842134119157016,-0.07984527682973963
2024-08-28,-0.015287527842750337,-0.040879596609925684,-0.06284791213733276,-0.011613493128763586,-0.08988754435153379
2024-08-29,-0.0395499766160925,-0.06451147932969958,-0.06421979549411838,-0.011524997228425371,-0.09372972858785633
2024-08-30,-0.034315802504698456,-0.05941333816963468,-0.05306585592263746,-0.0020890002945543884,-0.08025916543676404
2024-09-03,-0.058911741055589495,-0.08337004347367893,-0.08181564059883983,-0.02262501963874264,-0.10846645070964156
2024-09-04,-0.06109756500393748,-0.08549905920807532,-0.08420154052610762,-0.02462552403295859,-0.1094332188013295
2024-09-05,-0.0618010922447374,-0.08618430221054652,-0.08334655563533078,-0.0269978408729179,-0.09933707806752867
2024-09-06,-0.08226198732534662,-0.10611343126935058,-0.10790120473930154,-0.043373580418785807,-0.1294750566502979
2024-09-09,-0.07122350296411983,-0.09536183029677336,-0.0964291411324546,-0.032662983191398154,-0.11845351270116211
2024-09-10,-0.06490899433193664,-0.08921143184265234,-0.0880785520629731,-0.02844954102071362,-0.10716121784773658
2024-09-11,-0.04995952811626181,-0.07465049301770499,-0.06827580110009124,-0.01848246063121073,-0.08598009766628045
2024-09-12,-0.041295460480295754,-0.06621159914668306,-0.05912993228017249,-0.010214847299730101,-0.07397298246509487
2024-09-13,-0.03702794182593172,-0.06205499066554798,-0.05491489499449442,-0.005045454908908065,-0.07068393261432782
2024-09-16,-0.05773999394920737,-0.08222874935065183,-0.05909018952923517,-0.003576033970324244,-0.07604892251616469
2024-09-17,-0.0544519176267817,-0.07902612810037613,-0.05859313210071737,-0.0031688879966067507,-0.07286797938339118
2024-09-18,-0.04733691097587811,-0.0720960360764702,-0.06266897874418109,-0.006125342610960205,-0.07469227534189482
2024-09-19,0.0,-0.02075644761341222,-0.038969314530987176,0.0,-0.045561780155440657
2024-09-20,-0.013286376193113125,-0.03376704583510093,-0.04079845188939746,-0.004781219240837187,-0.04921403794768964
2024-09-23,0.0,-0.007307197036294122,-0.03960550192576362,-0.00229429682896809,-0.043890488502630665
2024-09-24,0.0,0.0,-0.0349729533893981,0.0,-0.037559149366599764
2024-09-25,0.0,0.0,-0.03407822574768371,-0.0022055133774684377,-0.034311546185728736
2024-09-26,-0.005860553635303911,-0.005860553635303911,-0.02682119942651484,0.0,-0.03347040251930411
2024-09-27,0.0,0.0,-0.03222918667582686,-0.0014503182029492745,-0.03564210581899574
2024-09-30,0.0,0.0,-0.0296047088910234,0.0,-0.03011769055499769
2024-10-01,-0.01144546996837148,-0.011445469968371591,-0.043124707352281244,-0.00895847490405799,-0.04275328171611792
2024-10-02,-0.010538454458919433,-0.010538454458919544,-0.04177266503298638,-0.00854019856849908,-0.04682593860060025
2024-10-03,-0.011812474073558232,-0.011812474073558343,-0.042488459281549096,-0.010352764815088178,-0.04752141453960612
2024-10-04,-0.001443694153649866,-0.001443694153649977,-0.03109588117657691,-0.0013595044680676516,-0.03316311029414232
2024-10-07,-0.011305482369055375,-0.011305482369055375,-0.04147444271106715,-0.010387656635551856,-0.048878684383857895
2024-10-08,0.0,0.0,-0.02715922517532743,-0.0010283513061665195,-0.033637890116862246
2024-10-09,0.0,0.0,-0.019504528640962082,0.0,-0.031890719755351515
2024-10-10,-0.0014427888679244827,-0.0014427888679244827,-0.020617932426765573,-0.0017500255397129294,-0.0323295986823009
2024-10-11,0.0,0.0,-0.01908701739027463,0.0,-0.03839726928525522
2024-10-14,0.0,0.0,-0.010855717249561025,0.0,-0.03039672320153919
2024-10-15,-0.010568249712909594,-0.010568249712909594,-0.024077432712943603,-0.007769677523338014,-0.03678034635986127
2024-10-16,-0.008357544343138734,-0.008357544343138734,-0.023958143784175823,-0.0034570432398853823,-0.03609141936753557
2024-10-17,-0.007971582584116566,-0.007971582584116566,-0.023282152962506353,-0.0033714945810303654,-0.035994039638758024
2024-10-18,-0.0028123988551497225,-0.0028123988551498336,-0.016880050856158735,0.0,-0.03137934697312317
2024-10-21,-0.0026732614599915827,-0.0026732614599916937,-0.014991208357408858,-0.0016422140791900741,-0.026731868176608553
2024-10-22,-0.002394615538611311,-0.002394615538611311,-0.013917607998498394,-0.002172496062037621,-0.022872247031560988
2024-10-23,-0.014595932892451646,-0.014595932892451868,-0.02902816596063096,-0.011290026031739786,-0.041638424810866104
2024-10-24,-0.009535151510932427,-0.009535151510932427,-0.021154732606220694,-0.009151775390133898,-0.014914673191604444
2024-10-25,-0.0066884087161726,-0.006688408716172711,-0.015190043464007097,-0.009493916374144762,-0.004843308243610345
2024-10-28,-0.0050728491042877355,-0.0050728491042879575,-0.015031011784302106,-0.006431874635032808,-0.005229511013505106
2024-10-29,0.0,0.0,-0.005567018929017231,-0.004823905976274689,0.0
2024-10-30,-0.005291423145494134,-0.005291423145494134,-0.013082524821168229,-0.007834579584738766,-0.0011148822082454046
2024-10-31,-0.027595702144175394,-0.027595702144175394,-0.03799504071144255,-0.027284099068242695,-0.03370522224730754
2024-11-01,-0.022335242153153634,-0.022335242153153523,-0.03087720503248803,-0.023178720480421466,-0.024385370428218534
2024-11-04,-0.039975229123603406,-0.039975229123603295,-0.033700457247934135,-0.025282725701595288,-0.031743106914978836
2024-11-05,-0.012916470155328819,-0.012916470155328708,-0.021373469426265945,-0.013496663107440021,-0.016102776141747266
2024-11-06,0.0,0.0,0.0,0.0,0.0
2024-11-07,0.0,0.0,0.0,0.0,0.0
2024-11-08,0.0,0.0,0.0,0.0,0.0
2024-11-11,0.0,0.0,-0.0005834748987080252,0.0,0.0
2024-11-12,-0.025724703704726903,-0.025724703704726903,-0.002392425154356781,-0.003106395419243957,-0.0015140168107348195
2024-11-13,-0.011027448529133177,-0.011027448529133177,-0.0036760699315145917,-0.0026220978332089917,-0.0013455755586921914
2024-11-14,-0.045618184214395674,-0.045618184214395674,-0.010600249060089051,-0.00903539663880526,-0.010841939111505439
2024-11-15,-0.05100328513907448,-0.051003285139074594,-0.03417358467271392,-0.02172825431464176,-0.030629408450246864
2024-11-18,-0.026474237784961052,-0.026474237784961163,-0.027463385911366656,-0.01771992981915327,-0.021800336691828015
2024-11-19,-0.009019050160242181,-0.009019050160242181,-0.020772596742275273,-0.014129236813874124,-0.007723046689700475
2024-11-20,-0.018893728472383797,-0.018893728472383797,-0.021336602692175966,-0.013795192783262467,-0.01149975518727031
2024-11-21,-0.03320232484560415,-0.03320232484560426,-0.01781616563801791,-0.008500946577011836,-0.019737662092857433
2024-11-22,-0.01788398066825947,-0.01788398066825958,-0.016240724054955025,-0.005427884205680633,-0.02017485943593056
2024-11-25,-0.026555154770858014,-0.026555154770858125,-0.014684751420699471,-0.002054212787576448,-0.02114363200484104
2024-11-26,-0.011585482373726697,-0.011585482373726808,-0.009394361365058668,0.0,-0.00993881212797565
2024-11-27,-0.024428567847379457,-0.024428567847379568,-0.01719381219824645,-0.0030300628489846604,-0.017373345560838027
2024-11-29,-0.001351862125351877,-0.001351862125351988,-0.008558027558060233,0.0,-0.0061848405347361135
2024-12-02,0.0,0.0,0.0,0.0,0.0
2024-12-03,-0.0014610771382821408,-0.0014610771382820298,0.0,0.0,0.0
2024-12-04,0.0,0.0,0.0,0.0,0.0
2024-12-05,0.0,0.0,-0.0027711122194886695,-0.001645657183614091,0.0
2024-12-06,0.0,0.0,0.0,0.0,0.0
2024-12-09,-0.012009973546990294,-0.012009973546990294,-0.007787524194722617,-0.005149643631043976,-0.003560836162847525
2024-12-10,-0.011125664792860479,-0.011125664792860479,-0.011168525111965755,-0.008242723525030415,0.0
2024-12-11,0.0,0.0,0.0,-0.0005757976791155306,0.0
2024-12-12,-0.014921869822402511,-0.014921869822402622,-0.006453772306103223,-0.005725441310159507,-0.006712382593086708
2024-12-13,-0.004842587808481458,-0.004842587808481569,0.0,-0.0059228633954649945,-0.00785820764430667
2024-12-16,0.0,0.0,0.0,-0.0016781881432471613,0.0
2024-12-17,0.0,0.0,-0.004403803988419663,-0.005791315617362125,0.0
2024-12-18,-0.05935880502757929,-0.05935880502757929,-0.04032185535448918,-0.03542220158963916,-0.037426494708290514
2024-12-19,-0.06331583682787378,-0.0633158368278739,-0.044595575305445,-0.03571843513574857,-0.03565142355688189
2024-12-20,-0.07233547617432423,-0.07233547617432434,-0.03625250457137075,-0.02740983730351554,-0.031723712172966656
2024-12-23,-0.05402354960058964,-0.05402354960058964,-0.028429656574738726,-0.02158568495070312,-0.019241149493739007
2024-12-24,-0.015628289427956576,-0.015628289427956576,-0.01525533046846006,-0.010710600009499416,-0.00163771005021629
2024-12-26,-0.025585499224076824,-0.025585499224076824,-0.01592435029147543,-0.010644725702296687,-0.005906732086073396
2024-12-27,-0.05676610620783873,-0.05676610620783884,-0.029005678219270692,-0.02105919258383815,-0.023538749403805292
2024-12-30,-0.07605408211260856,-0.07605408211260856,-0.0419198362506219,-0.03223051107115105,-0.035890574761650695
2024-12-31,-0.09575922611831578,-0.09575922611831578,-0.05005848111065225,-0.03575127187119853,-0.04781126677680991
2025-01-02,-0.1229449646516182,-0.1229449646516182,-0.051916630081712545,-0.03812043731301473,-0.0521001349843776
2025-01-03,-0.08162949307377321,-0.08162949307377332,-0.03640107483211841,-0.026093656595428616,-0.030569251644640083
2025-01-06,-0.07394221414212399,-0.07394221414212387,-0.02532657954854378,-0.020483394904722285,-0.013930259083655416
2025-01-07,-0.10393142562216506,-0.10393142562216495,-0.042718826698688206,-0.03155590193123148,-0.03659062908875077
2025-01-08,-0.10323214138142878,-0.10323214138142867,-0.042551543389831026,-0.0301410101804922,-0.037585202445042265
2025-01-10,-0.10989842929285953,-0.10989842929285942,-0.05756541883147315,-0.04494826908730609,-0.04983369462444054
2025-01-13,-0.1012118784374515,-0.10121187843745127,-0.06059421072729443,-0.04346750302936442,-0.05342315985014556
2025-01-14,-0.11039598747612067,-0.11039598747612056,-0.06148614264763752,-0.04215132232127783,-0.06075158709615314
2025-01-15,-0.06322387433838206,-0.06322387433838195,-0.03989440397070443,-0.02472807015694023,-0.029854107414907682
2025-01-16,-0.08461583723631061,-0.0846158372363105,-0.046620894172949345,-0.0266036803854931,-0.04511643869355275
2025-01-17,-0.059639783112865774,-0.05963978311286566,-0.030529373985029418,-0.01683088549027001,-0.029316129303146088
2025-01-21,-0.05239230397298378,-0.052392303972983556,-0.02484344267008165,-0.007831410777619063,-0.025388208911810373
2025-01-22,-0.05357229831095778,-0.053572298310957556,-0.012375222245799011,-0.002253985822363025,-0.012402782659747258
2025-01-23,-0.05585885034382487,-0.05585885034382465,-0.010275504835507987,0.0,-0.009883381505450983
2025-01-24,-0.06364135970239215,-0.06364135970239182,-0.015868551384385365,-0.0029192772396472444,-0.014015344016436004
2025-01-27,-0.07336375234318848,-0.07336375234318815,-0.04452117676265832,-0.017023378241594722,-0.04098113423560101
2025-01-28,-0.06689436730163911,-0.06689436730163878,-0.0303992899475658,-0.00857725374128726,-0.01622588240217049
2025-01-29,-0.07954624859352244,-0.0795462485935221,-0.03222023964723264,-0.013021734221248416,-0.024642229025840234
2025-01-30,-0.07103995052536916,-0.07103995052536871,-0.02809520336943716,-0.007724513280289003,-0.023551373742702664
2025-01-31,-0.06000926383548755,-0.0600092638354871,-0.029507414733428994,-0.013005318041461655,-0.024358341985659115
2025-02-03,-0.0848246883054744,-0.08482468830547418,-0.03727446382297117,-0.019647364442394455,-0.03968929434062429
2025-02-04,-0.065708738142785,-0.06570873814278488,-0.02545666358600729,-0.013070882661951555,-0.025007672372518108
2025-02-05,-0.09379818602669898,-0.09379818602669876,-0.02103425996189101,-0.009069338740262167,-0.032655526502566534
2025-02-06,-0.0933077194264259,-0.09330771942642557,-0.01592435029147543,-0.005625244240723526,-0.026047500743444085
2025-02-07,-0.1272448086268525,-0.12724480862685217,-0.028336771808668226,-0.014727315241902295,-0.04280993788964915
2025-02-10,-0.13862719755979713,-0.1386271975597968,-0.016574657066381504,-0.008036120400266356,-0.037368290001310034
2025-02-11,-0.16448417696686812,-0.1644841769668678,-0.018915942915903372,-0.0072816768206741544,-0.04328090239616267
2025-02-12,-0.15105922777511605,-0.1510592277751157,-0.018339921271371185,-0.010479728820725343,-0.04288159955025472
2025-02-13,-0.12468957832814798,-0.12468957832814775,-0.004217921043865869,-3.28323595731872e-05,-0.025640463155527593
2025-02-14,-0.12011581837273966,-0.12011581837273921,-3.708585898032357e-05,-8.19808002763267e-05,-0.021671562710393166
2025-02-18,-0.1361444352544987,-0.13614443525449837,0.0,0.0,-0.025756877410513135
2025-02-19,-0.14377958725631146,-0.14377958725631124,0.0,0.0,-0.023129336725074667
2025-02-20,-0.1562956455413964,-0.1562956455413962,-0.004244585890417318,-0.004160324708269991,-0.028017753752932584
2025-02-21,-0.1752429996550834,-0.17524299965508316,-0.024911035651806412,-0.02119326903496188,-0.051396494196364384
2025-02-24,-0.18194264134523952,-0.1819426413452392,-0.036421307278152515,-0.025647253178945673,-0.06356579996144718
2025-02-25,-0.1885496382672831,-0.18854963826728288,-0.048561705327996085,-0.03049288281654161,-0.08246930566265487
2025-02-26,-0.18952393542546753,-0.1895239354254672,-0.04626338424724663,-0.03000345042368535,-0.08306483672957632
2025-02-27,-0.20398234347039434,-0.203982343470394,-0.07274990565072947,-0.04548644252355938,-0.10989021574543845
2025-02-28,-0.19050450697156152,-0.19050450697156118,-0.05810721561500787,-0.03059076929511284,-0.091755132533197
2025-03-03,-0.21231225470560333,-0.212312254705603,-0.0787181757873977,-0.0475747205928555,-0.11849980069580246
2025-03-04,-0.22370457640431918,-0.22370457640431873,-0.08149842479706981,-0.05884849453483754,-0.12401030891228815
2025-03-05,-0.2050310801958466,-0.20503108019584615,-0.0695247783357783,-0.048733126905388224,-0.10916181840461747
2025-03-06,-0.23692453513601874,-0.2369245351360183,-0.09512159969301393,-0.06561919172455966,-0.13438802534436922
2025-03-07,-0.2413655451135851,-0.24136554511358466,-0.08846754385091626,-0.060382115752005694,-0.1311213038957313
2025-03-10,-0.2661698418501546,-0.26616984185015413,-0.12379523674200399,-0.08540938804022413,-0.17611552219951987
2025-03-11,-0.27009702958999937,-0.27009702958999904,-0.12588970004624667,-0.09301226966679266,-0.17356413407916838
2025-03-12,-0.264043468788545,-0.26404346878854446,-0.11602906998317508,-0.08819930204849624,-0.15520642651217575
2025-03-13,-0.2755689036622183,-0.27556890366221776,-0.13193212599451332,-0.1003540542976199,-0.17452449599248476
2025-03-14,-0.2593321284552812,-0.25933212845528064,-0.11095049989275363,-0.08177115774411015,-0.1519062447001096
2025-03-17,-0.25407520777321657,-0.254075207773216,-0.10518614409690275,-0.07469037052969751,-0.15863327481340006
2025-03-18,-0.2644643928910212,-0.26446439289102086,-0.12044040746214446,-0.08469152067092578,-0.1781883434043131
2025-03-19,-0.2555378432761676,-0.25553784327616713,-0.10867067534167063,-0.07472303254899704,-0.16453981439547538
2025-03-20,-0.2578759523496227,-0.25787595234962213,-0.11169188831580401,-0.07739872906904799,-0.16548304936824654
2025-03-21,-0.25764349936646824,-0.2576434993664677,-0.1087633842472463,-0.07986232162230678,-0.155423668294
2025-03-24,-0.24341582457678945,-0.243415824576789,-0.09056200715515872,-0.06338403414774296,-0.12713546533840203
2025-03-25,-0.24034771348053818,-0.24034771348053763,-0.08537223162949525,-0.06113254556127656,-0.11768330695705476
2025-03-26,-0.2518712286595982,-0.25187122865959766,-0.10220198074641318,-0.07234099546465955,-0.14176157620444363
2025-03-27,-0.2549960634112235,-0.25499606341122305,-0.10731765702478913,-0.07480458801791834,-0.1458196337197467
2025-03-28,-0.27230478619133003,-0.2723047861913295,-0.13082001507778218,-0.0934364776003771,-0.17321240729743603
2025-03-31,-0.2698778545877776,-0.269877854587777,-0.130857064701426,-0.08735088618132691,-0.17530270245400736
2025-04-01,-0.26590398216637,-0.26590398216636957,-0.12385083945962483,-0.08477317571917431,-0.16353087822520107
2025-04-02,-0.26090226644805536,-0.2609022664480548,-0.1174563006759658,-0.07898124373583804,-0.15529544405972295
2025-04-03,-0.2988971917701764,-0.29889719177017593,-0.16470198074641318,-0.12436979978082596,-0.20891829403275097
2025-04-04,-0.3411918693325493,-0.34119186933254875,-0.21658140916631408,-0.17563179348840818,-0.25576472592471455
2025-04-07,-0.3409836775442133,-0.34098367754421277,-0.21469086020288886,-0.1771001404566409,-0.25380532937168
2025-04-08,-0.35207862680176205,-0.3520786268017616,-0.22883306921571067,-0.18998904129504912,-0.270957897848083
2025-04-09,-0.27917125056712,-0.27917125056711944,-0.1362693076618845,-0.10492225592982451,-0.16905805709274402
2025-04-10,-0.3102934649532082,-0.31029346495320775,-0.17300567815178558,-0.14414366508684073,-0.2097031238969408
2025-04-11,-0.2977870583574652,-0.29778705835746466,-0.15776991131621043,-0.12887277695375887,-0.19479390162228427
2025-04-14,-0.29200094395923915,-0.2920009439592387,-0.15206110167366982,-0.12042157903934825,-0.19387898494648725
2025-04-15,-0.2925978301236253,-0.29259783012362484,-0.15111585547411266,-0.12288517159260703,-0.197325225535102
2025-04-16,-0.31112523219718335,-0.3111252321971829,-0.17671267683134828,-0.1423817084725577,-0.2268683926839744
2025-04-17,-0.3106958218001131,-0.3106958218001127,-0.176860931890234,-0.14115807770075328,-0.23118396240729477
2025-04-21,-0.32742847575994627,-0.3274284757599457,-0.19723092809816267,-0.16160081734711718,-0.25521852945841084
2025-04-22,-0.30985088990620546,-0.3098508899062049,-0.17615659309082732,-0.13978756742142828,-0.23310563962582853
2025-04-23,-0.2966781456406772,-0.2966781456406766,-0.157473344634128,-0.1264581774294492,-0.2089184790689972
2025-04-24,-0.27938133302309653,-0.279381333023096,-0.13376707224031725,-0.10807105383308224,-0.18639600021897862
2025-04-25,-0.2727612733861112,-0.27276127338611067,-0.12411035651806346,-0.10162657851904644,-0.16542344847990054
2025-04-28,-0.27273803943439545,-0.2727380394343948,-0.12438837010616843,-0.10128402563371053,-0.16778905125925125
2025-04-29,-0.26804580503095,-0.26804580503094944,-0.11860546121634041,-0.09562264214824479,-0.16282961202794988
2025-04-30,-0.2679467496921025,-0.2679467496921021,-0.11871666665158243,-0.09526375825325906,-0.168354305114636
2025-05-01,-0.26057216056410715,-0.2605721605641067,-0.10720645158954711,-0.08885194495852278,-0.14908726647699932
2025-05-02,-0.2495960694109236,-0.24959606941092316,-0.09395394262297263,-0.07532668243007412,-0.13732383525966785
2025-05-05,-0.2539735019626621,-0.25397350196266166,-0.0993290793954763,-0.08062908244122702,-0.1455153362612006
2025-05-06,-0.260560950688594,-0.26056095068859353,-0.10770687604813622,-0.08831351953671707,-0.1530370416854836
2025-05-07,-0.2575545984339158,-0.25755459843391537,-0.10420379170939098,-0.08447941670413328,-0.15354726582198575
2025-05-08,-0.2511351634540677,-0.2511351634540674,-0.09495479154015052,-0.07810026542869619,-0.14343286250492315
2025-05-09,-0.2518576354377401,-0.25185763543773965,-0.09554792490431518,-0.0792749031715515,-0.1404232412809332
2025-05-12,-0.2242558182209855,-0.22425581822098506,-0.05870034897917198,-0.04884734439360905,-0.09469915674878804
2025-05-13,-0.2157828644322899,-0.21578286443228933,-0.04435422562553293,-0.042565980017416294,-0.07627629064203123
2025-05-14,-0.2129318042536219,-0.21293180425362146,-0.03862697601763665,-0.041342349245611865,-0.06276155472030309
2025-05-15,-0.2105771688460608,-0.21057716884606037,-0.037570467818526576,-0.03665993012518609,-0.07022340150187856
2025-05-16,-0.2063590939606853,-0.20635909396068486,-0.03338154121004122,-0.030558107275813207,-0.06530933188041044
2025-05-19,-0.20554458010432974,-0.2055445801043293,-0.03245479154015052,-0.029497687021178942,-0.06695333609878895
2025-05-20,-0.20820419559223124,-0.2082041955922308,-0.035679862290790565,-0.032760702412657716,-0.0723283989983895
2025-05-21,-0.22037706614258445,-0.22037706614258412,-0.04908073944487268,-0.04905944836040155,-0.08274136347425509
2025-05-22,-0.21949378487037163,-0.2194937848703713,-0.04730133935237868,-0.04868413387643922,-0.07703934007477253
2025-05-23,-0.22577158941295083,-0.2257715894129504,-0.05612401431031744,-0.05517760221942425,-0.0885837740630353
2025-05-27,-0.20861631108783607,-0.20861631108783552,-0.03391912842089562,-0.03553418583195311,-0.06123282510506123
2025-05-28,-0.2126592185484959,-0.21265921854849545,-0.038200707370645626,-0.04111401384849733,-0.06597536768581225
2025-05-29,-0.21033140618973667,-0.21033140618973623,-0.036310101842909726,-0.037328904044862776,-0.06105601981575426
2025-05-30,-0.21171160999378147,-0.21171160999378102,-0.037829984876964984,-0.03840565530914675,-0.06704087356076838
2025-06-02,-0.20943773471242688,-0.20943773471242633,-0.03023056970668836,-0.0329890378097728,-0.06129752296948998
2025-06-03,-0.19656649248074354,-0.19656649248074298,-0.022649820759010786,-0.02747453383182763,-0.05831619492564255
2025-06-04,-0.2088343561498941,-0.20883435614989354,-0.019925117902648837,-0.027735630827569135,-0.05601491339778597
2025-06-05,-0.27062368760913735,-0.2706236876091368,-0.027302122202441548,-0.032434380957644615,-0.07402921405229423
2025-06-06,-0.2528895572946497,-0.25288955729464924,-0.017793661539073358,-0.022498455275688056,-0.05652771189139871
2025-06-09,-0.2486087670256989,-0.24860876702569834,-0.016347877752305506,-0.021617476968546656,-0.048993635300587424
2025-06-10,-0.2465597762070868,-0.24655977620708625,-0.00984207696909345,-0.016070310971302182,-0.037400738575558035
2025-06-11,-0.24815686139267668,-0.24815686139267612,-0.013178466283597423,-0.018876555989223998,-0.04463481743588227
2025-06-12,-0.2374742826094728,-0.23747428260947223,-0.010861592108870721,-0.014977228697368394,-0.044190257110327424
2025-06-13,-0.24870689910016397,-0.24855439395668522,-0.023279947182508476,-0.025989905643609146,-0.05199712144781399
2025-06-16,-0.2409898467924464,-0.2380492902013589,-0.009693878474518858,-0.016722953881328828,-0.038069271456344644
2025-06-17,-0.2565971531133937,-0.24042476171933813,-0.01935053763246175,-0.025125158766790112,-0.04821213139345204
2025-06-18,-0.24818921362680912,-0.23509303500226386,-0.019517402349635615,-0.02527203827431057,-0.04728227925859119
2025-06-20,-0.2502838140900231,-0.24163987335660997,-0.02352091114696986,-0.03042755877794301,-0.055201496230410485
2025-06-23,-0.21267295654086205,-0.2339657302341639,-0.014587030753789088,-0.020850616570299185,-0.04121166307314561
2025-06-24,-0.2186130062736482,-0.22081712570672563,0.0,-0.010033712581201004,-0.032590249557169826
2025-06-25,-0.23171701040343373,-0.20221519872927507,0.0,-0.009479055729072927,-0.028930843456319466
2025-06-26,-0.22975061871361702,-0.19618242655246731,0.0,-0.0017293941743108387,-0.01925916870175548
2025-06-27,-0.23361535525108745,-0.19032454572638635,0.0,0.0,-0.010065521763377494
2025-06-30,-0.23189656032628547,-0.1885086611427409,0.0,0.0,-0.010799928263391045
2025-07-01,-0.24743576985285787,-0.20492563481084258,-0.00842945451849797,-0.00032362414789344207,-0.02317141226682129
2025-07-02,-0.238474442055418,-0.19545810802125774,-0.0015227808591879999,0.0,-0.010923530063280729
2025-07-03,-0.2274048458661928,-0.18376322297293746,0.0,0.0,-0.0021819097302760992
2025-07-07,-0.2312479990573728,-0.18782346455949905,-0.0075328855973175735,-0.007452000479036269,-0.016017844457759556
2025-07-08,-0.23124268390853564,-0.18781784917357125,-0.006975556528025284,-0.00799565002282454,-0.01673171235054205
2025-07-09,-0.22621670689192697,-0.1825079695302695,0.0,-0.002046933255354877,-0.007105336333706802
2025-07-10,-0.2256819928453324,-0.18194305106334907,-0.0014381803019662964,0.0,-0.0010396736568559772
2025-07-11,-0.2279142877041923,-0.18430144167869367,-0.0036853713132022348,-0.0035154072757080934,0.0
2025-07-14,-0.22577750794469564,-0.18204396152912727,-7.187061095514924e-05,-0.0016138981716858902,0.0
2025-07-15,-0.22707682519935224,-0.18341667338552725,0.0,-0.00588027329377927,0.0
2025-07-16,-0.22538911056583377,-0.1816336247272049,0.0,-0.0025567041679203095,0.0
2025-07-17,-0.21988457002296202,-0.17581814891469383,0.0,0.0,0.0
2025-07-18,-0.22054514536896486,-0.1765160382148272,-0.0009611570649281642,-0.0007323752525194571,0.0
2025-07-21,-0.21778552779834348,-0.1736005379821126,0.0,0.0,0.0
2025-07-22,-0.21975382679682853,-0.17568002038910524,-0.005175714764358963,0.0,-0.003627298537201562
2025-07-23,-0.21465540210479905,-0.17029360071475075,-0.0006380795903135894,0.0,0.0
2025-07-24,-0.21368964137469704,-0.16927328700775945,0.0,0.0,-0.0027699195861389247
2025-07-25,-0.21139702357455958,-0.16685116598599736,0.0,0.0,0.0
2025-07-28,-0.20493971609853479,-0.16002910424473205,0.0,-0.0002510958258695739,0.0
2025-07-29,-0.20767431534402725,-0.16291817294087718,-0.001548922554516885,-0.002888033104412435,-0.005920999174596653
2025-07-30,-0.19866936784191802,-0.15340456249808299,-0.00021120694563603326,-0.00414370383683238,-0.006012628210885107
2025-07-31,-0.18598219633365998,-0.140000730069053,-0.005509213929860923,-0.00787938893181861,0.0
2025-08-01,-0.2026420460719297,-0.15760164561112144,-0.025099463860944637,-0.02414064585180309,-0.027527204760652846
2025-08-04,-0.17945913255732204,-0.13310919764789853,-0.007110991935676214,-0.009307789833655988,-0.009108486708372054
2025-08-05,-0.18946838103554176,-0.14368383906858495,-0.013852210571820844,-0.014330568564872026,-0.014472571804758472
2025-08-06,-0.1889890091089209,-0.14317738883486475,-0.0014433190816988128,-0.00678064111537513,0.0
2025-08-07,-0.1891050532814924,-0.14329998800068366,0.0,-0.007612581654044215,0.0
2025-08-08,-0.1840043129007788,-0.13791112183121723,0.0,0.0,0.0
2025-08-11,-0.18628428869990388,-0.14031988674259444,-0.0029588586600820532,-0.0019774785462639555,-0.00030547826803284384
2025-08-12,-0.17908951396620665,-0.13271870039208877,0.0,0.0,0.0
2025-08-13,-0.18539345111975492,-0.13937872837344745,0.0,0.0,-0.0016291353451761692
2025-08-14,-0.1824525512933317,-0.13627170578466297,-0.0007754285181217346,0.0,0.0
2025-08-15,-0.18404471005880085,-0.13795380090561782,-0.005169383225650193,-0.002341281862229483,-0.003438458401161304
2025-08-18,-0.1813180697686525,-0.1350731407427438,-0.00556577412281567,-0.0025583756614192543,-0.004512011084332634
2025-08-19,-0.19952641817896566,-0.1543100250823597,-0.01905778861837537,-0.007969632608964994,-0.01914277754190219
2025-08-20,-0.20454090756262966,-0.15960776819019373,-0.024881968799650878,-0.01060551473138538,-0.028804712696475443
2025-08-21,-0.20463524577232206,-0.15970743528727271,-0.029396555069675756,-0.014574810816570971,-0.03401212912915985
2025-08-22,-0.18517201782562343,-0.1391447869652448,-0.01442267595722524,0.0,-0.011170811049939444
2025-08-25,-0.1762615922369637,-0.12973103770017047,-0.017265773628510228,-0.0044010272058597755,-0.009020643471140066
2025-08-26,-0.1744389622106126,-0.12780545267616206,-0.013319848961290903,-0.00023248425505584258,-0.004973310053993152
2025-08-27,-0.17414747555079346,-0.12749750079413935,-0.011803488134723872,0.0,-0.004307262020993297
2025-08-28,-0.16911981918076047,-0.12218584693568846,-0.005617413265959326,0.0,0.0
2025-08-29,-0.18043874302203577,-0.13414414342018488,-0.017127893961175755,-0.0059637477949624484,-0.012792194411102797
2025-09-02,-0.1914401548368284,-0.1457669925597468,-0.025364495049636337,-0.013329784267259726,-0.022720367738831238
2025-09-03,-0.15488186674853688,-0.10714363453950504,-0.017696555563981198,-0.007982482913457267,-0.005113572390569976
2025-09-04,-0.14930178463035026,-0.10124835003076227,-0.008805262691266136,0.0,0.0
2025-09-05,-0.15585525509443232,-0.10817200672382221,-0.007375037217518976,-0.002896236284437914,-0.0017271349169986072
2025-09-08,-0.15431953652415353,-0.10654953993831617,-0.002533052469681496,-0.0004467248421324843,-0.00038063539153587733
2025-09-09,-0.13806501712291275,-0.08937685064923118,0.0,0.0,0.0
2025-09-10,-0.12231081661603849,-0.07273274179407507,0.0,0.0,-0.004145566697204228
2025-09-11,-0.1205049364194003,-0.07082485274828687,0.0,0.0,0.0
2025-09-12,-0.11810492567723085,-0.06828927247375749,0.0,-0.00033458287585352853,0.0
2025-09-15,-0.09848347898651,-0.04755946809723588,0.0,0.0,0.0
2025-09-16,-0.10656771796641495,-0.05610036190736112,-0.0008450513895844614,-0.0013768488621856978,0.0
2025-09-17,-0.12119162126157235,-0.07155032639306558,-0.002839360290321391,-0.0026175735562272706,-0.0038961553870892063
2025-09-18,-0.1014363467188456,-0.05067913462366003,0.0,0.0,-0.00014072511022467094
2025-09-19,-0.09572454271377706,-0.0446446876469192,0.0,0.0,0.0
2025-09-22,-0.08012667403959861,-0.0396256491960596,0.0,0.0,0.0
2025-09-23,-0.08467472746788962,-0.05052517390845801,-0.006642311389765898,-0.005443591771073009,-0.01363801519085317
2025-09-24,-0.09670809300580596,-0.04016710411747271,-0.010129585681570186,-0.008607838519530508,-0.013077326946890455
2025-09-25,-0.09101260514501763,-0.06381526790768999,-0.01439718155830183,-0.013181630838733693,-0.020421844528471178
2025-09-26,-0.09212055743242131,-0.043768224732581795,-0.010345468910027855,-0.007528071694979377,-0.013922791670106238
2025-09-29,-0.09853550798984523,-0.05052482618445531,-0.005762257834508899,-0.004738818985700166,-0.009893739909693555
2025-09-30,-0.09993574112250847,-0.051999633688024516,-0.003038885839834027,-0.0009897938832497122,-0.008189592363362252
2025-10-01,-0.09515427607225668,-0.046963514794913785,0.0,0.0,-0.0037227564441560945
2025-10-02,-0.09071942995503857,-0.04229247525280011,0.0,0.0,-0.005185883153323356
2025-10-03,-0.08995680430731667,-0.04148923327727616,-0.004209776427106071,-1.4866158967508092e-05,-0.011333837948806824
2025-10-06,-0.055742923767849284,-0.005453171446735294,0.0,0.0,0.0
2025-10-07,-0.08554683565574572,-0.03684439613828416,-0.005265689377054961,-0.003707494362329311,-0.00932422066683014
2025-10-08,-0.0817556655820243,-0.032851313885333466,0.0,0.0,-0.0007691192112695422
2025-10-09,-0.09085193456912466,-0.0424320368690434,-0.0012102417758411699,-0.0028970186885768356,0.0
2025-10-10,-0.12320058615244311,-0.07650353037432922,-0.03588251071863546,-0.029846483126854118,-0.03628614152506571
2025-10-13,-0.08539367243205676,-0.036683075665073006,-0.015422596882978534,-0.014960418866701408,-0.015018732220429598
2025-10-14,-0.08994573128660721,-0.04147757052366152,-0.021980901458429125,-0.016163784700251815,-0.024750312454573375
2025-10-15,-0.0733362054975304,-0.023983445657565494,-0.015079209246151248,-0.011795995623596456,-0.018062129975675023
2025-10-16,-0.07935703180327769,-0.030324932375933256,-0.018726305379616393,-0.018525903603423655,-0.022029382991354596
2025-10-17,-0.06465113915546061,-0.014835825370993705,-0.012282496623770678,-0.012954748693217777,-0.013826159889350098
2025-10-20,-0.050006304125847945,0.0,0.0,-0.0026890071429388485,0.0
2025-10-21,-0.0664093928124263,-0.01726652372307047,-0.00026159065683206695,-0.002703878064248655,-0.001340949748601994
2025-10-22,-0.06794541662462128,-0.018883401623277618,-0.009893037267137084,-0.007888751725797727,-0.0071157245462296626
2025-10-23,-0.05474470546421484,-0.004987823981302264,-0.0015697435523293057,-0.0020055794971346463,0.0
2025-10-24,-0.058034725072026005,-0.00845102549737542,0.0,0.0,0.0
2025-10-27,-0.020785659221923214,0.0,0.0,0.0,0.0
2025-10-28,-0.015260301480007676,0.0,0.0,0.0,0.0
2025-10-29,-0.0011640002024461138,0.0,0.0,0.0,0.0
2025-10-30,-0.011763932474414762,-0.010612284973826602,-0.015288597196589704,-0.010998119550020391,-0.02622919696462822
2025-10-31,0.0,0.0,-0.010538421129028919,-0.007753992604285775,-0.016248723412985222
2025-11-03,0.0,0.0,-0.005803989379881247,-0.005891833903115762,-0.0074547620036254925
2025-11-04,-0.009051212587443347,-0.009051212587443236,-0.02598426950586652,-0.01767559050196088,-0.027444477337959072
2025-11-05,0.0,0.0,-0.01964545330964773,-0.014271370473152967,-0.020889769305199035
2025-11-06,0.0,0.0,-0.037906846628066204,-0.02484763631397735,-0.04002343742375225
2025-11-07,-0.013004543316790795,-0.013004543316790795,-0.04094252402160581,-0.023887521778608534,-0.04584887891140865
2025-11-10,0.0,0.0,-0.019724174901713076,-0.008655947977473044,-0.02176196430623334
2025-11-11,-0.004214626784696973,-0.004214626784696973,-0.022335139705865314,-0.006386497555805781,-0.023510432510790658
2025-11-12,-0.02229234260320656,-0.022292342603206672,-0.0231058432925747,-0.005833674740934436,-0.03255324609166932
2025-11-13,-0.06865193060520736,-0.06865193060520736,-0.04305015064624662,-0.022330898462271875,-0.055188993834783595
2025-11-14,-0.06971510778606294,-0.06971510778606305,-0.04232668001477646,-0.022490902752730912,-0.053586465359840685
2025-11-17,-0.06367837727555836,-0.06367837727555836,-0.0505057574284381,-0.03159782841679759,-0.05754046282003733
2025-11-18,-0.06492887533034564,-0.06492887533034564,-0.062066503232961145,-0.039729988764182655,-0.07309843809453631
2025-11-19,-0.04894220580628428,-0.04894220580628417,-0.056466997988567025,-0.036020322143155425,-0.06752698363526133
2025-11-20,-0.05848913687568158,-0.05848913687568147,-0.07880213769443245,-0.05071354632550429,-0.0837875573141661
2025-11-21,-0.03261898571479194,-0.03261898571479194,-0.07188135772857829,-0.04125748810312169,-0.07726952059838033
2025-11-24,0.0,0.0,-0.04814641371307049,-0.02714621071304213,-0.049643257105141836
2025-11-25,0.0,0.0,-0.0422794470595369,-0.017995599082879177,-0.042074052121480854
2025-11-26,-0.004348082574361145,-0.004348082574361367,-0.0338172599202643,-0.011216371795275126,-0.03681582618691159
2025-11-28,-0.0016584767380749543,-0.0016584767380752874,-0.025984269505866187,-0.005819112752235567,-0.030067428603494317
2025-12-01,-0.0022978083161944163,-0.0022978083161946383,-0.029255919671719033,-0.010358013595570092,-0.031316026771397
2025-12-02,0.0,0.0,-0.021658806027692767,-0.008524978871797595,-0.026073348292847687
2025-12-03,0.0,0.0,-0.01926797367549915,-0.005091723658206093,-0.026505620283791442
2025-12-04,-0.009214997837906802,-0.009214997837906802,-0.02018028012598483,-0.004364334564176731,-0.021461061617719324
2025-12-05,-0.007108748977324608,-0.007108748977324608,-0.016185159328661936,-0.002473140678222907,-0.018090039195455376
2025-12-08,-0.035600057495158155,-0.035600057495158155,-0.01807255749940251,-0.0054699801939195325,-0.02391124906072084
2025-12-09,-0.02430362071404335,-0.02430362071404335,-0.01686149300683415,-0.006328338393624344,-0.02283370023542375
2025-12-10,-0.01260585231276623,-0.012605852312766341,-0.012834883572684919,0.0,-0.021397498785514224
2025-12-11,-0.029587719278102442,-0.029587719278102553,-0.01602781214647242,0.0,-0.026371628734703778
2025-12-12,-0.021553369180269066,-0.021553369180269177,-0.03483968059769993,-0.010752025375860397,-0.035637092065757825
2025-12-15,-0.03057682105120929,-0.03057682105120929,-0.039684226573797776,-0.012246619340219644,-0.03573275759120731
2025-12-16,-0.03228748159375239,-0.0322874815937525,-0.03778098808270258,-0.014945496827176274,-0.030078956993776496
2025-12-17,-0.05271430850592085,-0.05271430850592107,-0.05561766881173369,-0.02578457991025196,-0.04884002033681223
2025-12-18,-0.0429419392959699,-0.04294193929597012,-0.04193345606221499,-0.018427982242353425,-0.031908436289974085
2025-12-19,-0.03328683937908017,-0.03328683937908039,-0.029444659488792935,-0.012449694948199919,-0.024054923497795144
2025-12-22,-0.02858355927803391,-0.02858355927803402,-0.0260471507775768,-0.006297380802898989,-0.019088754766348415
2025-12-23,-0.02408890674471542,-0.024088906744715533,-0.021485810529031646,-0.0017556785227221816,-0.010574226579831869
2025-12-24,-0.020944930644287707,-0.020944930644287818,-0.018623128634153052,0.0,-0.008947003035051027
2025-12-26,-0.021417558995230457,-0.021417558995230568,-0.018686009905864,-0.0001014040437492536,-0.011235040177387856
2025-12-29,-0.03735096945823013,-0.03735096945823013,-0.023436185973424783,-0.003664690864424003,-0.018035222228591885
2025-12-30,-0.0423616033533224,-0.04236160335332251,-0.02570115978025511,-0.004881362573296966,-0.018718574604383864
2025-12-31,-0.048621174537231915,-0.048621174537231915,-0.03375437864855346,-0.012254152659146533,-0.025569249810021955
2026-01-02,-0.057866673000091184,-0.057866673000091295,-0.03375437864855346,-0.012254152659146533,-0.034621165027349354
2026-01-05,-0.06230719687229558,-0.06230719687229558,-0.03375437864855346,-0.012254152659146533,-0.026427913551181903
2026-01-06,-0.07416167566953291,-0.07416167566953291,-0.03375437864855346,-0.012254152659146533,-0.0296087614484275
2026-01-07,-0.06649229355270003,-0.06649229355269992,-0.03375437864855346,-0.012254152659146533,-0.027127860402304083
2026-01-08,-0.06378943402735093,-0.06378943402735082,-0.03375437864855346,-0.012254152659146533,-0.027282819429481076
2026-01-09,-0.058690979764905005,-0.05887822187809966,-0.03375437864855346,-0.012254152659146533,-0.02050712344473815
2026-01-12,-0.05238142140647506,-0.05589743708183004,-0.03375437864855346,-0.012254152659146533,-0.020832710998948567
2026-01-13,-0.045056942006557965,-0.0574632158716305,-0.03375437864855346,-0.012254152659146533,-0.025036055986015215
2026-01-14,-0.04723535077030516,-0.0692038819583135,-0.03375437864855346,-0.012254152659146533,-0.04035770355865875
2026-01-15,-0.054782812447006335,-0.07043543581347034,-0.03375437864855346,-0.012254152659146533,-0.038548859108107125
2026-01-16,-0.06363619687857391,-0.07266977085378423,-0.03375437864855346,-0.012254152659146533,-0.04067621742909011
2026-01-20,-0.09116438147653061,-0.09993237716780912,-0.03375437864855346,-0.012254152659146533,-0.07026516755877477
2026-01-21,-0.08041081324457156,-0.08928255403342533,-0.03375437864855346,-0.012254152659146533,-0.06026459744414625
2026-01-22,-0.0760867600297983,-0.08500021714136585,-0.03375437864855346,-0.012254152659146533,-0.040836042020364394
2026-01-23,-0.08031107996923159,-0.08936678289187683,-0.03375437864855346,-0.012254152659146533,-0.030411217127619183
2026-01-26,-0.05917367718913702,-0.08337513239290029,-0.03375437864855346,-0.012254152659146533,-0.025486915218124406
2026-01-27,-0.052085240592196325,-0.06956753621559508,-0.03375437864855346,-0.012254152659146533,-0.01640347473018422
2026-01-28,-0.05337513311104858,-0.07071251244482446,-0.03375437864855346,-0.012254152659146533,-0.015904553983985714
2026-01-29,-0.04682371472123481,-0.07006238509857299,-0.03375437864855346,-0.012254152659146533,-0.018248652937173038
2026-01-30,-0.04515230952983296,-0.07526614686178201,-0.03375437864855346,-0.012254152659146533,-0.020634413079557712
2026-02-02,-0.02981319279709327,-0.04871912698072289,-0.03375437864855346,-0.012254152659146533,-0.021518115014316774
2026-02-03,-0.04409590741816716,-0.05516076981498552,-0.03375437864855346,-0.012254152659146533,-0.03675292353660797
2026-02-04,-0.06475700624756453,-0.05214736186187252,-0.03375437864855346,-0.012254152659146533,-0.05253677553308922
2026-02-05,-0.0879429125637351,-0.055688754867010415,-0.03375437864855346,-0.012254152659146533,-0.0707192608619106
2026-02-06,-0.1250072586713109,-0.06405461763572184,-0.03375437864855346,-0.012254152659146533,-0.06451100795398879
2026-02-09,-0.11260503911794528,-0.0507884503022491,-0.03375437864855346,-0.012254152659146533,-0.053913946379663846
2026-02-10,-0.12471648595298401,-0.06374358947493686,-0.03375437864855346,-0.012254152659146533,-0.05782486147989874
2026-02-11,-0.1365088469233512,-0.07635741502579574,-0.03375437864855346,-0.012254152659146533,-0.06328154559860477
2026-02-12,-0.15142020380136556,-0.0923075080443625,-0.03375437864855346,-0.012254152659146533,-0.08405580441988347
2026-02-13,-0.1628189882124289,-0.10450034020191856,-0.03375437864855346,-0.012254152659146533,-0.09391615049321433
