Date,AAPL,ADBE,AMAT,AMD,AMZN,ANET,AVGO,COST,CRM,CRWD,CSCO,GOOGL,IBM,INTC,INTU,KLAC,LRCX,META,MSFT,MU,NFLX,NOW,NVDA,ORCL,PANW,PLTR,QCOM,QQQ,SNOW,SPY,TSLA,TXN,XLK
2025-01-02,242.52517700195312,441.0,162.04379272460938,120.62999725341797,220.22000122070312,111.79000091552734,229.42124938964844,902.5426635742188,327.69580078125,347.3399963378906,56.99873352050781,188.55825805664062,213.18495178222656,20.219999313354492,615.661865234375,630.405517578125,71.69671630859375,596.8452758789062,414.5685729980469,87.00818634033203,88.6729965209961,210.8679962158203,138.2646942138672,163.3908233642578,180.74000549316406,75.19000244140625,149.31739807128906,507.01611328125,157.50999450683594,576.2802734375,379.2799987792969,179.89691162109375,115.1238021850586
2025-01-03,242.03782653808594,430.57000732421875,168.164794921875,125.37000274658203,224.19000244140625,115.19999694824219,229.9849853515625,909.2586669921875,329.91571044921875,359.0199890136719,57.15409469604492,190.90740966796875,215.81170654296875,20.559999465942383,623.0167236328125,650.5965576171875,74.33930969238281,602.2138061523438,419.2928771972656,89.538818359375,88.1050033569336,214.75399780273438,144.4226837158203,163.6761932373047,183.25,79.88999938964844,153.3895263671875,515.3134765625,162.22000122070312,583.4857788085938,410.44000244140625,183.32261657714844,116.99977111816406
2025-01-06,243.66891479492188,431.17999267578125,175.50210571289062,129.5500030517578,227.61000061035156,118.9800033569336,233.80239868164062,915.3396606445312,327.5669250488281,366.3599853515625,57.06669998168945,195.9640350341797,215.8311004638672,19.8700008392334,618.0046997070312,683.5615234375,77.17987823486328,627.681640625,423.749755859375,98.89420318603516,88.17900085449219,215.41000366210938,149.38104248046875,163.05621337890625,179.5,75.91999816894531,155.3527069091797,521.2359619140625,163.0800018310547,586.8471069335938,411.04998779296875,184.9296112060547,118.48863220214844
2025-01-07,240.89407348632812,422.6300048828125,175.83834838867188,127.33000183105469,222.11000061035156,115.29000091552734,226.11810302734375,914.0103759765625,322.01715087890625,359.92999267578125,57.222068786621094,194.5903778076172,217.0814971923828,20.010000228881836,608.3861083984375,682.5712890625,76.72457122802734,615.4208984375,418.322265625,101.53445434570312,87.91899871826172,210.8300018310547,140.09408569335938,159.4543914794922,175.50999450683594,69.98999786376953,156.0038604736328,511.9348449707031,158.83999633789062,580.2133178710938,394.3599853515625,184.95849609375,116.11141967773438
2025-01-08,241.38140869140625,419.5799865722656,175.01759338378906,121.83999633789062,222.1300048828125,115.51000213623047,226.7807159423828,919.9623413085938,323.969482421875,358.7200012207031,57.4842414855957,193.05746459960938,216.325439453125,19.8799991607666,618.8846435546875,679.5015869140625,76.24951934814453,608.2794189453125,420.4913024902344,99.04367065429688,87.5,209.8159942626953,140.06410217285156,160.54676818847656,172.8300018310547,68.2300033569336,154.60435485839844,512.0242919921875,161.02999877929688,581.0609741210938,394.94000244140625,184.4292449951172,116.07171630859375
2025-01-10,235.56317138671875,405.9200134277344,169.7371063232422,116.04000091552734,218.94000244140625,114.33999633789062,221.8358612060547,929.4559936523438,315.0005798339844,348.8399963378906,57.037574768066406,191.15623474121094,213.00076293945312,19.149999618530273,617.3200073242188,676.3922119140625,73.884033203125,613.39892578125,414.93505859375,98.97391510009766,83.76899719238281,204.91400146484375,135.86549377441406,152.4178009033203,173.4199981689453,67.26000213623047,152.5634307861328,503.9952087402344,162.4600067138672,572.189697265625,394.739990234375,182.97621154785156,113.54064178466797
2025-01-13,233.12649536132812,408.5,168.9558868408203,117.31999969482422,218.4600067138672,112.63999938964844,222.8050537109375,917.3137817382812,316.2096862792969,341.4599914550781,57.05698776245117,190.1309814453125,210.72296142578125,19.200000762939453,607.2100219726562,684.2448120117188,73.68608093261719,605.8990478515625,413.1919250488281,94.70968627929688,84.02899932861328,203.1479949951172,133.18637084960938,151.84561157226562,167.82000732421875,64.9800033569336,152.70921325683594,502.3755187988281,162.42999267578125,573.0768432617188,403.30999755859375,183.8807373046875,112.73665618896484
2025-01-14,232.01258850097656,412.7099914550781,171.7147979736328,116.08999633789062,217.75999450683594,114.91000366210938,222.2215576171875,909.9033813476562,320.6396179199219,348.0400085449219,57.610477447509766,188.78720092773438,211.06224060058594,19.200000762939453,617.6864013671875,694.41455078125,74.28983306884766,591.8753051757812,411.6864929199219,97.001220703125,82.83999633789062,206.25799560546875,131.71682739257812,154.20339965820312,170.5800018310547,65.91000366210938,155.0417022705078,501.89849853515625,163.41000366210938,573.8652954101562,396.3599853515625,186.1998291015625,113.034423828125
2025-01-15,236.57765197753906,417.2799987792969,176.39212036132812,119.95999908447266,223.35000610351562,116.0999984741211,225.4851531982422,916.1234130859375,318.28094482421875,362.0199890136719,58.24163055419922,194.6501007080078,213.27218627929688,19.719999313354492,615.3594360351562,709.2581787109375,75.36863708496094,614.6538696289062,422.2244873046875,102.80973815917969,84.82599639892578,210.8260040283203,136.1953887939453,156.1764373779297,174.19000244140625,68.13999938964844,159.78440856933594,513.4453735351562,165.7100067138672,584.3038940429688,428.2200012207031,190.05853271484375,115.2826156616211
2025-01-16,227.0198516845703,426.92999267578125,184.4018096923828,118.44000244140625,220.66000366210938,118.12999725341797,226.87962341308594,912.4033203125,317.1313171386719,363.3800048828125,58.086265563964844,192.02223205566406,215.82142639160156,19.670000076293945,601.3184814453125,739.9654541015625,78.40714263916016,608.8570556640625,420.5110778808594,102.2219009399414,84.23699951171875,211.4320068359375,133.5262451171875,157.3898468017578,177.1699981689453,69.23999786376953,156.8882293701172,509.8481140136719,167.63999938964844,583.1802368164062,413.82000732421875,180.30108642578125,114.39425659179688
2025-01-17,228.7305145263672,429.989990234375,189.90975952148438,121.45999908447266,225.94000244140625,119.94999694824219,234.82106018066406,935.6561279296875,321.65045166015625,357.0,58.48439025878906,195.09803771972656,217.88595581054688,21.489999771118164,598.209228515625,750.0757446289062,79.47606658935547,610.3213500976562,424.91845703125,105.36029052734375,85.80999755859375,214.29600524902344,137.66490173339844,158.85980224609375,177.11000061035156,71.7699966430664,159.93019104003906,518.45361328125,170.7899932861328,589.0353393554688,426.5,185.1605682373047,116.18585968017578
2025-01-21,221.43040466308594,436.3599853515625,190.72061157226562,122.27999877929688,230.7100067138672,121.5,237.6593780517578,940.1597900390625,323.9100036621094,366.4100036621094,59.261199951171875,197.1385955810547,217.37225341796875,21.770000457763672,603.4374389648438,759.7504272460938,80.66374969482422,613.99658203125,424.3935546875,108.97692108154297,86.96800231933594,219.3699951171875,140.78387451171875,170.24427795410156,183.50999450683594,73.06999969482422,162.56393432617188,521.4943237304688,173.52999877929688,594.427001953125,424.07000732421875,187.8645477294922,117.15361785888672
2025-01-22,222.61392211914062,437.32000732421875,193.33119201660156,123.75,235.00999450683594,129.82000732421875,238.25277709960938,937.1539306640625,329.63818359375,377.9800109863281,59.843814849853516,197.45713806152344,216.40298461914062,21.860000610351562,605.6851806640625,764.3748168945312,82.39579010009766,621.0083618164062,441.9239196777344,108.82746124267578,95.39900207519531,225.03399658203125,147.02186584472656,181.7372589111328,187.6999969482422,76.87000274658203,165.4503936767578,528.162109375,177.49000549316406,597.7686157226562,415.1099853515625,189.61590576171875,119.79883575439453
2025-01-23,222.44485473632812,437.2799987792969,188.57479858398438,123.04000091552734,235.4199981689453,129.1199951171875,237.6297149658203,934.6343383789062,331.659912109375,377.70001220703125,60.42642593383789,197.06890869140625,219.09759521484375,21.56999969482422,592.436279296875,753.5218505859375,80.39651489257812,633.9066162109375,442.4290466308594,104.45364379882812,98.48600006103516,226.83999633789062,147.17178344726562,183.95693969726562,187.32000732421875,78.9800033569336,169.45448303222656,529.284912109375,174.94000244140625,601.0313110351562,412.3800048828125,193.0415802001953,120.01223754882812
2025-01-24,221.56964111328125,435.3800048828125,184.66880798339844,122.83999633789062,234.85000610351562,129.1699981689453,242.00096130371094,932.1740112304688,330.88690185546875,374.9200134277344,60.42642593383789,199.28866577148438,217.89569091796875,20.829999923706055,592.0897216796875,742.5005493164062,78.8624267578125,644.9025268554688,439.8044128417969,102.80973815917969,97.75900268554688,224.99600219726562,142.57327270507812,181.12562561035156,187.6999969482422,78.9800033569336,167.2677764892578,526.2938232421875,174.1199951171875,599.2767333984375,406.5799865722656,178.52088928222656,118.7615966796875
2025-01-27,228.6111602783203,438.6000061035156,172.6245574951172,115.01000213623047,235.4199981689453,100.30000305175781,199.9005126953125,957.5399169921875,343.9884033203125,373.75,57.36772537231445,190.9273223876953,217.24627685546875,20.290000915527344,600.6748046875,695.850341796875,74.85397338867188,657.2429809570312,430.39544677734375,90.77424621582031,97.18900299072266,228.12399291992188,118.38121032714844,156.1468505859375,189.3000030517578,75.44000244140625,166.36392211914062,510.97100830078125,175.52000427246094,590.7997436523438,397.1499938964844,179.97393798828125,112.94014739990234
2025-01-28,236.96551513671875,442.8399963378906,170.92372131347656,114.16999816894531,238.14999389648438,106.54000091552734,205.07281494140625,951.0123901367188,356.72320556640625,408.67999267578125,57.70757293701172,194.40126037597656,218.72926330566406,19.799999237060547,594.7730712890625,696.058349609375,73.74547576904297,671.63525390625,442.9143371582031,87.9247817993164,97.18299865722656,234.0780029296875,128.94775390625,161.78976440429688,192.94000244140625,80.2300033569336,166.72352600097656,518.5230712890625,188.02000427246094,595.8760986328125,398.0899963378906,173.7576446533203,115.95260620117188
2025-01-29,238.0595245361328,441.67999267578125,173.3266143798828,117.3499984741211,237.07000732421875,107.83999633789062,204.07395935058594,956.3197021484375,350.8265380859375,397.07000732421875,57.824092864990234,194.51072692871094,221.60804748535156,19.75,587.1783447265625,706.0101318359375,74.37889862060547,673.78662109375,438.0909729003906,88.6819839477539,97.81500244140625,228.7259979248047,123.65948486328125,159.83644104003906,185.4199981689453,79.76000213623047,166.8790283203125,517.5493774414062,182.8800048828125,593.204833984375,389.1000061035156,173.46896362304688,115.0096664428711
2025-01-30,236.29916381835938,446.0,179.69488525390625,118.86000061035156,234.63999938964844,113.86000061035156,213.28128051757812,971.1900024414062,340.4900207519531,396.8699951171875,58.71743392944336,199.9456329345703,250.33770751953125,20.010000228881836,598.674560546875,735.1826782226562,79.90164947509766,684.2545166015625,411.01300048828125,92.15912628173828,97.3239974975586,202.5500030517578,124.60918426513672,168.0837860107422,187.4199981689453,81.22000122070312,167.0928192138672,519.7553100585938,179.2899932861328,596.3886108398438,400.2799987792969,178.28033447265625,115.22305297851562
2025-01-31,234.71778869628906,437.45001220703125,178.3401336669922,115.94999694824219,237.67999267578125,115.2300033569336,218.82940673828125,972.0530395507812,338.6368103027344,398.07000732421875,58.84366226196289,203.0811309814453,247.8466339111328,19.43000030517578,595.6148071289062,731.0335693359375,80.21837615966797,686.4259033203125,411.08233642578125,90.90377044677734,97.6760025024414,203.67599487304688,120.03067016601562,167.76808166503906,184.4199981689453,82.48999786376953,168.06468200683594,519.0001220703125,181.50999450683594,593.214599609375,404.6000061035156,178.95889282226562,114.54810333251953
2025-02-03,226.77122497558594,438.6000061035156,176.8074188232422,114.2699966430664,237.4199981689453,111.5,215.32843017578125,997.7957153320312,336.1988525390625,397.57000732421875,59.270912170410156,200.303955078125,252.72216796875,19.3799991607666,594.8721923828125,732.984375,79.36719512939453,694.6728515625,406.9820556640625,89.588623046875,97.89399719238281,204.18800354003906,116.62179565429688,166.32777404785156,182.7899932861328,83.73999786376953,165.4503936767578,514.8463745117188,182.5399932861328,589.2225952148438,383.67999267578125,175.40122985839844,113.00465393066406
2025-02-04,231.53518676757812,440.2300109863281,176.57008361816406,119.5,242.05999755859375,112.31999969482422,219.97659301757812,1013.6976928710938,341.054931640625,407.5199890136719,59.562217712402344,205.43026733398438,256.3376159667969,19.290000915527344,585.9207763671875,742.00537109375,79.09007263183594,701.3758544921875,408.4180908203125,90.3259048461914,99.48699951171875,202.0260009765625,118.61113739013672,165.62733459472656,183.39999389648438,103.83000183105469,168.1715850830078,521.1663818359375,189.11000061035156,593.1752319335938,392.2099914550781,175.03285217285156,114.63247680664062
2025-02-05,231.2069854736328,437.6300048828125,178.65658569335938,112.01000213623047,236.1699981689453,115.48999786376953,229.44102478027344,1034.5499267578125,344.81097412109375,417.2200012207031,60.756568908691406,190.4495391845703,255.2132110595703,19.649999618530273,582.4946899414062,751.7394409179688,81.09922790527344,702.05322265625,409.329345703125,93.25506591796875,101.11100006103516,205.41200256347656,124.78910827636719,169.34652709960938,186.85000610351562,101.36000061035156,170.91226196289062,523.5313720703125,188.92999267578125,595.5803833007812,378.1700134277344,176.0313262939453,116.22557067871094
2025-02-06,231.95291137695312,435.3999938964844,180.76283264160156,110.16000366210938,238.8300018310547,115.2699966430664,228.80810546875,1042.594970703125,327.8443908691406,420.510009765625,60.465267181396484,190.71827697753906,245.65606689453125,19.3799991607666,584.4157104492188,754.3833618164062,81.9801025390625,709.1447143554688,411.8350524902344,94.19161224365234,101.56800079345703,204.66000366210938,128.63783264160156,170.02723693847656,187.3699951171875,111.27999877929688,164.5562744140625,526.2640380859375,186.3699951171875,597.6503295898438,374.32000732421875,177.6696014404297,116.54318237304688
2025-02-07,226.39328002929688,433.07000732421875,177.99404907226562,107.55999755859375,229.14999389648438,118.47000122070312,222.3896942138672,1036.616455078125,322.9090576171875,421.5899963378906,60.465267181396484,184.48709106445312,244.58982849121094,19.100000381469727,573.1769409179688,740.4011840820312,81.48523712158203,711.6646728515625,405.8232116699219,91.9598617553711,101.39299774169922,201.6580047607422,129.79747009277344,172.10879516601562,193.94000244140625,110.8499984741211,163.2345428466797,519.6260986328125,184.02999877929688,592.1797485351562,361.6199951171875,174.49000549316406,115.54564666748047
2025-02-10,226.66209411621094,451.1000061035156,181.61325073242188,110.4800033569336,233.13999938964844,120.2300033569336,232.44749450683594,1054.601806640625,324.2668151855469,428.9200134277344,60.98961639404297,185.6118927001953,243.2238006591797,19.770000457763672,581.0886840820312,744.12451171875,82.87086486816406,714.5331420898438,408.2695617675781,95.57648468017578,102.76000213623047,204.36199951171875,133.5262451171875,176.50868225097656,196.39999389648438,116.6500015258789,166.53887939453125,525.9161987304688,186.1199951171875,596.2013549804688,350.7300109863281,174.79051208496094,117.2330322265625
2025-02-11,231.61053466796875,458.82000732421875,181.15838623046875,111.0999984741211,232.75999450683594,116.83999633789062,232.44749450683594,1051.0462646484375,321.4918518066406,431.6400146484375,60.62062454223633,184.46719360351562,248.52210998535156,20.969999313354492,580.1380615234375,751.2145385742188,82.40568542480469,716.9235229492188,407.4970397949219,93.73330688476562,100.80799865722656,201.80999755859375,132.7565155029297,174.802001953125,195.49000549316406,112.62000274658203,167.15115356445312,524.6641845703125,183.5500030517578,596.6548461914062,328.5,173.76295471191406,117.2876205444336
2025-02-12,235.84210205078125,462.760009765625,178.87413024902344,111.72000122070312,228.92999267578125,109.63999938964844,233.74307250976562,1057.7796630859375,323.1964416503906,434.6300048828125,60.71773147583008,182.76504516601562,249.6051788330078,22.479999542236328,570.8895874023438,743.2233276367188,80.73303985595703,722.4812622070312,405.1199951171875,91.34213256835938,102.73100280761719,196.47999572753906,131.0970458984375,169.89898681640625,196.72999572753906,117.38999938964844,165.4989471435547,524.9722900390625,187.22999572753906,594.732666015625,336.510009765625,174.48031616210938,117.03451538085938
2025-02-13,240.4818878173828,459.2200012207031,182.2164764404297,111.80999755859375,230.3699951171875,109.75,233.19912719726562,1069.438720703125,326.8930358886719,453.7699890136719,61.98976516723633,185.2834014892578,252.90321350097656,24.1299991607666,578.1774291992188,756.8193359375,82.4452896118164,725.6486206054688,406.6056213378906,95.30747985839844,104.36900329589844,197.89599609375,135.2456817626953,171.5168914794922,201.8800048828125,117.91000366210938,167.30665588378906,532.5243530273438,192.66000366210938,601.0115966796875,355.94000244140625,175.26553344726562,118.69210815429688
2025-02-14,243.53854370117188,460.1600036621094,167.3144073486328,113.0999984741211,228.67999267578125,106.87000274658203,230.46957397460938,1064.463134765625,323.6126708984375,451.739990234375,62.98991394042969,184.37759399414062,254.94252014160156,23.600000381469727,581.6233520507812,743.4115600585938,81.90091705322266,733.72607421875,404.5158996582031,99.15325164794922,105.86000061035156,197.3260040283203,138.80453491210938,171.81283569335938,200.02999877929688,119.16000366210938,167.38436889648438,534.76025390625,187.60000610351562,600.9819946289062,355.8399963378906,177.42724609375,119.09410858154297
2025-02-18,243.40911865234375,464.1099853515625,170.0832061767578,114.27999877929688,226.64999389648438,111.05999755859375,226.00929260253906,1048.752197265625,326.010986328125,455.3599853515625,62.718017578125,182.92433166503906,256.6890869140625,27.389999389648438,574.2562866210938,750.8482055664062,85.6916275024414,713.5072631835938,405.7142639160156,106.3964614868164,103.58499908447266,199.49600219726562,139.35435485839844,177.3768310546875,208.27999877929688,124.62000274658203,168.75473022460938,535.9725341796875,192.77999877929688,602.7463989257812,354.1099853515625,180.7522735595703,120.18096160888672
2025-02-19,243.807373046875,456.989990234375,172.12025451660156,114.69000244140625,226.6300048828125,103.91999816894531,226.2071075439453,1055.2174072265625,321.6207275390625,450.1400146484375,62.96076965332031,184.41741943359375,257.9088134765625,25.719999313354492,576.4842529296875,767.1871337890625,86.76054382324219,700.9576416015625,410.79510498046875,103.97541809082031,104.33300018310547,197.42799377441406,139.18438720703125,179.0736541748047,205.19000244140625,112.05999755859375,170.29026794433594,536.1216430664062,186.55999755859375,604.1658935546875,360.55999755859375,190.31044006347656,120.1908950805664
2025-02-20,244.76321411132812,454.69000244140625,174.4493865966797,114.16999816894531,222.8800048828125,103.4000015258789,224.23907470703125,1027.6982421875,315.5754089355469,436.1400146484375,62.79570770263672,183.71067810058594,258.31854248046875,26.09000015258789,573.4047241210938,770.0390014648438,88.1065902709961,692.0632934570312,412.968505859375,102.79976654052734,102.4540023803711,193.5959930419922,140.06410217285156,173.62803649902344,198.80999755859375,106.2699966430664,168.81301879882812,533.845947265625,184.9600067138672,601.65234375,354.3999938964844,197.71658325195312,119.80874633789062
2025-02-21,244.48443603515625,444.32000732421875,170.4551239013672,110.83999633789062,216.5800018310547,98.30000305175781,216.24818420410156,1027.8968505859375,307.02276611328125,406.67999267578125,62.125701904296875,178.83323669433594,255.13766479492188,24.8700008392334,559.9280395507812,746.9367065429688,85.13736724853516,680.8184204101562,405.108642578125,98.47576904296875,100.31500244140625,187.6820068359375,134.38595581054688,165.5484161376953,191.02999877929688,101.3499984741211,160.7756805419922,522.7662353515625,177.88999938964844,591.3616333007812,337.79998779296875,195.8165740966797,116.56303405761719
2025-02-24,246.0277099609375,444.4200134277344,167.0753631591797,108.11000061035156,212.7100067138672,92.69000244140625,205.63653564453125,1028.463134765625,305.5560607910156,391.7200012207031,61.40715408325195,178.42510986328125,255.51820373535156,24.270000457763672,561.6806640625,732.0198974609375,82.48487091064453,665.4600219726562,400.93060302734375,95.05841827392578,98.84700012207031,185.51600646972656,130.23733520507812,167.66943359375,190.38999938964844,90.68000030517578,156.56752014160156,516.5952758789062,170.9199981689453,588.6705932617188,330.5299987792969,194.59512329101562,114.8955078125
2025-02-25,245.96795654296875,443.4100036621094,164.07223510742188,103.95999908447266,212.8000030517578,92.87999725341797,200.30596923828125,1048.3848876953125,303.1379089355469,379.75,62.40729904174805,174.6127166748047,251.49810791015625,22.989999771118164,550.1845092773438,719.5147094726562,79.46617126464844,654.87255859375,394.876953125,92.87647247314453,97.7239990234375,184.45799255371094,126.5885238647461,166.26856994628906,188.00999450683594,87.83999633789062,156.68414306640625,510.0865478515625,164.1999969482422,585.7431030273438,302.79998779296875,193.8583984375,113.40664672851562
2025-02-26,239.31695556640625,441.5,167.01588439941406,104.73999786376953,214.35000610351562,96.37999725341797,210.59127807617188,1024.85791015625,304.5748596191406,394.55999755859375,62.222808837890625,171.93511962890625,249.6344451904297,23.520000457763672,619.3796997070312,732.9627685546875,80.46580505371094,671.0078125,396.6930847167969,97.34992980957031,99.00599670410156,188.39199829101562,131.23699951171875,170.14561462402344,189.5500030517578,89.30999755859375,157.53939819335938,511.3188171386719,166.19000244140625,586.0386962890625,290.79998779296875,192.17166137695312,114.64241027832031
2025-02-27,236.27024841308594,437.19000244140625,155.2511444091797,99.51000213623047,208.74000549316406,91.56999969482422,195.61827087402344,1014.6687622070312,292.2563171386719,380.239990234375,61.960628509521484,167.72459411621094,247.08775329589844,23.09000015258789,594.5355224609375,693.89892578125,75.38844299316406,655.6095581054688,389.5477600097656,91.48162841796875,96.30699920654297,184.19200134277344,120.11064910888672,162.53952026367188,187.5,84.7699966430664,150.09490966796875,497.11883544921875,173.69000244140625,576.6844482421875,281.95001220703125,185.44410705566406,110.46862030029297
2025-02-28,240.79054260253906,438.55999755859375,156.66847229003906,99.86000061035156,212.27999877929688,93.05000305175781,197.23028564453125,1041.383544921875,295.1799011230469,389.6600036621094,62.2519416809082,169.49639892578125,246.3169403076172,23.729999542236328,607.8240966796875,703.5060424804688,75.95257568359375,665.5297241210938,393.973876953125,93.28495025634766,98.05599975585938,185.95199584960938,124.87908172607422,163.82200622558594,190.42999267578125,84.91999816894531,152.7480926513672,504.96905517578125,177.10000610351562,585.6839599609375,292.9800109863281,189.99053955078125,111.9277114868164
2025-03-03,236.9970703125,440.7200012207031,150.7811279296875,98.2300033569336,205.02000427246094,86.01000213623047,185.3032989501953,1039.6356201171875,290.43280029296875,382.7300109863281,61.640193939208984,166.24143981933594,244.12149047851562,22.739999771118164,595.1990966796875,685.9491577148438,75.00244140625,652.4322509765625,385.5384521484375,90.20635223388672,97.37000274658203,182.06199645996094,114.02263641357422,159.83644104003906,183.67999267578125,83.41999816894531,149.2979736328125,493.9190368652344,173.64999389648438,575.4227905273438,284.6499938964844,188.43951416015625,108.52317810058594
2025-03-04,234.9061737060547,446.0299987792969,151.5145721435547,100.75,203.8000030517578,85.5199966430664,185.41209411621094,1029.7244873046875,284.76409912109375,390.1600036621094,61.426570892333984,170.13345336914062,247.0682373046875,21.329999923706055,592.2086181640625,693.7401123046875,75.65567779541016,637.4424438476562,385.65753173828125,90.8639144897461,97.25800323486328,181.21800231933594,115.9520034790039,155.34776306152344,184.3800048828125,84.4000015258789,150.11434936523438,492.42852783203125,173.60000610351562,568.611572265625,272.0400085449219,188.875732421875,108.43881225585938
2025-03-05,234.7169952392578,451.239990234375,153.94285583496094,101.66999816894531,208.36000061035156,87.81999969482422,189.46688842773438,1040.529296875,289.3526306152344,365.44000244140625,62.10628128051758,172.2238006591797,245.2533721923828,20.809999465942383,611.4580688476562,710.4236450195312,78.47501373291016,653.8466186523438,397.9732666015625,93.9923324584961,99.09200286865234,183.1580047607422,117.2615737915039,159.3826446533203,184.27999877929688,90.12999725341797,154.0309600830078,498.84783935546875,177.30999755859375,574.7229614257812,279.1000061035156,189.58340454101562,109.96240997314453
2025-03-06,234.30877685546875,444.7799987792969,150.19635009765625,98.8499984741211,200.6999969482422,84.33999633789062,177.4706573486328,1019.544921875,283.4856872558594,347.7300109863281,61.572227478027344,171.55686950683594,242.65786743164062,20.75,600.4271850585938,686.9218139648438,75.91378021240234,625.420654296875,393.8746643066406,88.94102478027344,90.63600158691406,173.41799926757812,110.53378295898438,148.90577697753906,179.3300018310547,80.45999908447266,152.46759033203125,485.1248779296875,156.22000122070312,564.52099609375,263.45001220703125,183.54408264160156,106.91024780273438
2025-03-07,238.03256225585938,449.3999938964844,154.2996368408203,100.30999755859375,199.25,83.36000061035156,192.80958557128906,957.6643676757812,280.3540344238281,333.5,62.08686065673828,173.0599365234375,255.19618225097656,20.639999389648438,603.635498046875,705.9376220703125,78.43531036376953,623.1597290039062,390.3218688964844,92.61742401123047,89.11100006103516,170.12600708007812,112.65309143066406,153.06890869140625,180.92999267578125,84.91000366210938,157.52899169921875,488.6922302246094,158.91000366210938,567.6849975585938,262.6700134277344,184.68798828125,108.45866394042969
2025-03-10,226.4928436279297,435.0799865722656,148.6601104736328,96.62999725341797,194.5399932861328,77.55999755859375,182.41551208496094,927.9703979492188,270.4535217285156,308.8599853515625,60.261348724365234,165.2968292236328,250.66873168945312,19.93000030517578,574.0978393554688,673.2554321289062,73.27311706542969,595.6004028320312,377.2717590332031,86.75909423828125,86.66799926757812,156.76600646972656,106.94496154785156,146.78472900390625,173.8300018310547,76.37999725341797,151.43185424804688,469.7523193359375,147.58999633789062,552.5643920898438,222.14999389648438,180.78134155273438,103.84815979003906
2025-03-11,219.8816680908203,433.6600036621094,145.68670654296875,96.76000213623047,196.58999633789062,79.12999725341797,187.99330139160156,924.0774536132812,274.56634521484375,329.75,58.9116325378418,163.47314453125,242.91156005859375,19.780000686645508,580.9598999023438,659.2218017578125,72.8263931274414,603.28955078125,377.5595397949219,88.72184753417969,89.51000213623047,161.67999267578125,108.72438049316406,142.2368621826172,178.92999267578125,78.05000305175781,149.5948944091797,468.62939453125,149.89999389648438,547.970947265625,230.5800018310547,171.9114227294922,103.42630767822266
2025-03-12,216.0384063720703,438.6000061035156,147.7383575439453,100.79000091552734,198.88999938964844,80.25,192.08763122558594,920.6909790039062,282.0288391113281,346.760009765625,58.707725524902344,166.5325469970703,243.57508850097656,20.68000030517578,585.3465576171875,675.2701416015625,76.03290557861328,617.0841064453125,380.3581237792969,95.28754425048828,91.96800231933594,168.6280059814453,115.71273803710938,148.85646057128906,179.47999572753906,83.6500015258789,149.3017578125,473.9158935546875,152.3699951171875,550.8788452148438,248.08999633789062,170.32162475585938,105.05413055419922
2025-03-13,208.77008056640625,377.8399963378906,148.62046813964844,98.11000061035156,193.88999938964844,80.13999938964844,189.24928283691406,884.482177734375,269.303955078125,332.5299987792969,57.940616607666016,162.1975860595703,239.83798217773438,23.700000762939453,575.6227416992188,676.371826171875,74.71258544921875,588.27978515625,375.892333984375,94.53035736083984,89.01699829101562,162.32400512695312,115.55277252197266,145.66998291015625,176.32000732421875,79.62000274658203,148.46145629882812,465.38995361328125,149.8300018310547,543.5353393554688,240.67999267578125,168.28591918945312,103.0590591430664
2025-03-14,212.5635528564453,394.739990234375,154.27984619140625,100.97000122070312,197.9499969482422,83.51000213623047,193.38319396972656,897.6904907226562,276.8952941894531,353.7349853515625,58.74656295776367,164.91815185546875,242.32614135742188,24.049999237060547,592.931396484375,707.6347045898438,78.11763000488281,605.7103271484375,385.60791015625,100.4185791015625,91.80000305175781,168.86599731445312,121.6413345336914,147.25828552246094,182.33999633789062,86.23999786376953,152.99522399902344,476.638671875,156.11000061035156,554.7625122070312,249.97999572753906,171.01959228515625,106.17574310302734
2025-03-17,213.0713348388672,399.3399963378906,154.08160400390625,104.58999633789062,195.74000549316406,85.08999633789062,192.35467529296875,910.2930297851562,278.2331848144531,364.8299865722656,59.12525939941406,163.7222900390625,246.83407592773438,25.690000534057617,596.2089233398438,712.8849487304688,77.74039459228516,603.018798828125,385.74688720703125,102.73001861572266,95.00199890136719,168.58599853515625,119.50183868408203,151.93438720703125,185.0,87.3499984741211,154.33384704589844,479.7290344238281,156.38999938964844,559.0403442382812,238.00999450683594,174.48031616210938,106.91520690917969
2025-03-18,211.7670135498047,391.3699951171875,152.1488800048828,103.51000213623047,192.82000732421875,83.98999786376953,186.58897399902344,891.8609619140625,276.2313232421875,363.1499938964844,58.55236053466797,160.1147918701172,240.9600830078125,25.920000076293945,593.1592407226562,704.6573486328125,76.79730224609375,580.5487670898438,380.606201171875,101.34514617919922,92.99800109863281,166.0,115.40280151367188,147.43585205078125,183.10000610351562,83.88999938964844,152.71185302734375,471.5508728027344,154.36000061035156,552.998046875,225.30999755859375,173.9568328857422,105.28738403320312
2025-03-19,214.30596923828125,387.8900146484375,153.09048461914062,106.2300033569336,195.5399932861328,84.41999816894531,193.41287231445312,897.819580078125,276.8854064941406,375.04998779296875,59.34859085083008,163.3236846923828,246.17056274414062,24.1200008392334,597.1991577148438,714.1950073242188,77.3631591796875,582.2435302734375,384.8735656738281,101.68389892578125,95.9489974975586,168.82400512695312,117.49230194091797,150.3954315185547,187.5399932861328,86.0999984741211,154.63674926757812,477.86090087890625,155.9600067138672,559.0206298828125,235.86000061035156,176.1767578125,106.65713500976562
2025-03-20,213.17091369628906,389.6099853515625,153.01119995117188,107.13999938964844,194.9499969482422,82.97000122070312,189.008544921875,889.229248046875,276.52862548828125,369.0299987792969,58.86308670043945,162.23744201660156,237.4181365966797,23.959999084472656,594.5355224609375,711.0687255859375,76.98593139648438,584.1775512695312,383.9010009765625,102.62042999267578,95.08399963378906,164.82400512695312,118.50206756591797,150.6617889404297,184.00999450683594,87.38999938964844,154.33384704589844,476.2411193847656,157.19000244140625,557.4041748046875,236.25999450683594,175.149169921875,105.8978271484375
2025-03-21,217.3228302001953,387.260009765625,150.77122497558594,106.44000244140625,196.2100067138672,83.12999725341797,190.1195526123047,902.9937133789062,278.1043701171875,362.239990234375,58.55236053466797,163.42333984375,237.95477294921875,24.260000228881836,598.1200561523438,701.173828125,75.2883529663086,594.3956298828125,388.2874755859375,94.37094116210938,96.02899932861328,165.5500030517578,117.6722640991211,150.1783905029297,182.32000732421875,90.95999908447266,153.22975158691406,477.8111572265625,158.38999938964844,557.5880737304688,248.7100067138672,173.52061462402344,106.18566131591797
2025-03-24,219.7721405029297,394.4700012207031,153.57614135742188,113.8499984741211,203.25999450683594,87.51000213623047,189.7128448486328,919.6580200195312,283.396484375,372.6400146484375,59.20294189453125,167.1005859375,242.42369079589844,24.219999313354492,607.0814208984375,722.25390625,77.42271423339844,616.92529296875,390.0935974121094,96.582763671875,97.1989974975586,169.9459991455078,121.38140106201172,152.78280639648438,184.7899932861328,96.75,156.41510009765625,488.29644775390625,163.1699981689453,567.5736083984375,278.3900146484375,179.8313446044922,108.1966781616211
2025-03-25,222.77902221679688,403.6400146484375,152.2777557373047,114.80999755859375,205.7100067138672,86.94000244140625,186.7468719482422,923.8490600585938,286.022705078125,384.95001220703125,59.22236251831055,169.97064208984375,243.83851623535156,24.200000762939453,612.6561889648438,716.4181518554688,77.10504913330078,624.3621826171875,392.1578063964844,93.83292388916016,99.72799682617188,172.2760009765625,120.66156768798828,151.85546875,189.9499969482422,96.5,156.48350524902344,491.08294677734375,162.8300018310547,568.9379272460938,288.1400146484375,178.33847045898438,108.55463409423828
2025-03-26,220.5686798095703,397.80999755859375,149.34397888183594,110.19000244140625,201.1300048828125,81.66000366210938,177.82913208007812,923.342529296875,278.4710693359375,371.4100036621094,60.008880615234375,164.4896240234375,244.26785278320312,23.420000076293945,608.833984375,700.2308959960938,75.58617401123047,609.079833984375,387.0072326660156,91.79048919677734,97.06500244140625,167.7100067138672,113.73320007324219,145.80810546875,184.9600067138672,92.27999877929688,154.76377868652344,482.04669189453125,159.74000549316406,562.1458740234375,272.05999755859375,178.84255981445312,106.13346862792969
2025-03-27,222.8786163330078,396.1499938964844,146.37057495117188,106.6500015258789,201.36000061035156,78.95999908447266,170.60763549804688,932.2804565429688,275.3195495605469,366.55999755859375,59.620479583740234,161.67938232421875,240.238037109375,23.6200008392334,609.2697143554688,694.7326049804688,74.2658462524414,600.7058715820312,387.612548828125,90.82406616210938,97.6719970703125,165.54800415039062,111.40374755859375,143.81532287597656,174.44000244140625,90.08999633789062,154.3533935546875,479.29998779296875,156.97999572753906,560.6529541015625,273.1300048828125,175.2267303466797,105.15406799316406
2025-03-28,216.9544219970703,385.7099914550781,143.77381896972656,103.22000122070312,192.72000122070312,77.94000244140625,167.76072692871094,923.2531127929688,267.5498352050781,357.1099853515625,59.09613037109375,153.79672241210938,238.0816192626953,22.709999084472656,593.0502319335938,668.5311889648438,72.08184814453125,574.9462890625,375.9220886230469,88.11408996582031,93.38500213623047,159.552001953125,109.64415740966797,138.9714813232422,172.75999450683594,85.8499984741211,149.2235870361328,466.68109130859375,150.6300048828125,549.3623046875,263.54998779296875,170.93234252929688,102.60363006591797
2025-03-31,221.1660614013672,383.5299987792969,143.83328247070312,102.73999786376953,190.25999450683594,77.4800033569336,166.0842742919922,939.2620849609375,265.9542236328125,352.5799865722656,59.92148971557617,154.1056365966797,242.62860107421875,22.709999084472656,607.9724731445312,674.6845703125,72.17119598388672,574.5674438476562,372.5379943847656,86.68251037597656,93.25299835205078,159.22799682617188,108.35446166992188,137.92576599121094,170.63999938964844,84.4000015258789,150.09323120117188,466.6611633300781,146.16000366210938,553.0501098632812,259.1600036621094,174.19918823242188,102.65335083007812
2025-04-01,222.22146606445312,383.20001220703125,144.36849975585938,102.77999877929688,192.1699981689453,78.48999786376953,167.16554260253906,947.8226928710938,267.77777099609375,362.3800048828125,60.008880615234375,156.52725219726562,244.26785278320312,22.049999237060547,607.7645874023438,677.3245849609375,72.30025482177734,584.1775512695312,379.2863464355469,88.4981689453125,92.83799743652344,162.31199645996094,110.12405395507812,140.02706909179688,171.30999755859375,84.68000030517578,149.54605102539062,470.4229736328125,149.5399932861328,554.6121826171875,268.4599914550781,172.54153442382812,103.40406799316406
2025-04-02,222.9184112548828,385.7799987792969,146.43997192382812,102.95999908447266,196.00999450683594,80.16000366210938,170.70684814453125,958.4290771484375,269.1057434082031,371.489990234375,60.02830123901367,156.49734497070312,243.9165802001953,21.979999542236328,614.82470703125,681.0264892578125,73.24333953857422,582.1139526367188,379.2367248535156,88.388427734375,93.552001953125,164.80599975585938,110.39398193359375,143.89422607421875,173.17999267578125,87.44999694824219,150.5524444580078,473.8563232421875,153.91000366210938,558.1219482421875,282.760009765625,172.7353973388672,104.16969299316406
2025-04-03,202.30825805664062,367.25,134.3084716796875,93.80000305175781,178.41000366210938,71.2699966430664,152.7721710205078,960.4152221679688,252.9419708251953,347.3900146484375,56.02055358886719,150.19920349121094,237.58399963378906,22.43000030517578,592.6641235351562,616.1483764648438,64.74560546875,529.9666748046875,370.2752990722656,74.16248321533203,91.70500183105469,154.81399536132812,101.7760238647461,135.3805389404297,165.1699981689453,83.5999984741211,136.2280731201172,448.4891052246094,139.89999389648438,530.6171875,267.2799987792969,159.17364501953125,97.06031799316406
2025-04-04,187.56253051757812,349.07000732421875,125.82439422607422,85.76000213623047,171.0,64.37000274658203,145.11419677734375,910.1638793945312,238.6016845703125,321.6300048828125,53.3128776550293,145.09689331054688,221.9623260498047,19.850000381469727,556.0266723632812,572.1917724609375,58.660194396972656,503.1602783203125,357.10614013671875,64.5654525756836,85.58599853515625,144.3300018310547,94.28778076171875,126.54130554199219,153.57000732421875,74.01000213623047,124.54190826416016,420.63397216796875,130.52999877929688,499.5533752441406,239.42999267578125,146.7557830810547,90.6668472290039
2025-04-07,180.6725616455078,340.70001220703125,131.67208862304688,83.63999938964844,175.25999450683594,68.16999816894531,152.90110778808594,901.8714599609375,242.020751953125,324.3599853515625,53.1858024597168,146.24288940429688,220.30355834960938,19.56999969482422,550.7885131835938,600.0703735351562,61.74757385253906,514.6444091796875,355.14117431640625,68.20674133300781,86.78299713134766,147.10000610351562,97.61698913574219,125.44625854492188,152.44000244140625,77.83999633789062,126.75016784667969,421.6490783691406,131.0399932861328,498.66357421875,233.2899932861328,149.285888671875,91.20877075195312
2025-04-08,171.6717987060547,340.0,127.81658172607422,78.20999908447266,170.66000366210938,69.5,154.7759246826172,902.4872436523438,241.80271911621094,325.0400085449219,51.99325180053711,144.19998168945312,215.6687774658203,18.1299991607666,538.7378540039062,594.9987182617188,59.8117561340332,508.86248779296875,351.8662109375,65.38349914550781,87.04000091552734,145.52000427246094,96.27731323242188,122.82210540771484,152.52999877929688,77.31999969482422,121.80601501464844,414.0557861328125,133.50999450683594,490.85308837890625,221.86000061035156,141.54046630859375,89.35435485839844
2025-04-09,197.98709106445312,364.6400146484375,148.40240478515625,96.83999633789062,191.10000610351562,76.0,183.661865234375,958.5382690429688,262.7928466796875,378.010009765625,56.822105407714844,158.1615753173828,229.60240173339844,21.530000686645508,590.6340942382812,698.0176391601562,70.59276580810547,583.9483032226562,387.52325439453125,77.6840591430664,94.5469970703125,165.19000244140625,114.30306243896484,137.80738830566406,173.02000427246094,92.01000213623047,140.3026123046875,463.7552490234375,151.14999389648438,542.402099609375,272.20001220703125,164.31141662597656,101.35079193115234
2025-04-10,189.59368896484375,350.04998779296875,137.01429748535156,88.69999694824219,181.22000122070312,72.6500015258789,170.9151611328125,957.6643676757812,253.23020935058594,368.6099853515625,55.316749572753906,152.29193115234375,223.9821319580078,19.8799991607666,572.8091430664062,651.8179321289062,65.94680786132812,544.5909423828125,378.45269775390625,69.88273620605469,92.11699676513672,156.697998046875,107.5446548461914,132.02542114257812,168.27000427246094,88.58999633789062,131.322998046875,444.0306701660156,144.4499969482422,518.6346435546875,252.39999389648438,151.8063201904297,96.63275909423828
2025-04-11,197.2901153564453,352.4700012207031,143.65487670898438,93.4000015258789,184.8699951171875,72.66999816894531,180.47767639160156,956.7705078125,253.11111450195312,377.8999938964844,56.04010772705078,156.59701538085938,229.7682647705078,19.739999771118164,582.3019409179688,665.1766357421875,66.98916625976562,541.8795166015625,385.498779296875,69.38392639160156,91.8290023803711,157.13400268554688,110.90386199951172,131.0353546142578,168.33999633789062,88.55000305175781,136.06198120117188,452.21112060546875,144.9600067138672,527.8884887695312,252.30999755859375,143.08180236816406,98.61145782470703
2025-04-14,201.64114379882812,350.9100036621094,143.24851989746094,94.5,182.1199951171875,73.58999633789062,176.9264373779297,972.5709228515625,252.66444396972656,378.6600036621094,56.11830520629883,158.52035522460938,233.26145935058594,20.309999465942383,588.7593994140625,664.9285278320312,67.36640167236328,529.8270263671875,384.8636169433594,70.85040283203125,93.12799835205078,159.96400451660156,110.68391418457031,133.30259704589844,169.97999572753906,92.62000274658203,136.00335693359375,455.2762756347656,144.5500030517578,533.009765625,252.35000610351562,146.35833740234375,99.51130676269531
2025-04-15,201.2628173828125,350.3800048828125,144.16036987304688,95.29000091552734,179.58999633789062,73.19999694824219,177.51170349121094,970.1874389648438,253.0416259765625,392.79998779296875,55.91302490234375,155.76988220214844,234.86167907714844,19.850000381469727,589.2850952148438,671.1216430664062,67.94218444824219,519.8981323242188,382.7994384765625,70.87035369873047,97.62799835205078,163.3000030517578,112.1735610961914,132.6095428466797,173.5500030517578,98.4000015258789,135.42684936523438,455.7837829589844,146.5399932861328,531.5169067382812,254.11000061035156,146.5522003173828,99.87423706054688
2025-04-16,193.4269561767578,344.19000244140625,136.96473693847656,88.29000091552734,174.3300018310547,71.87000274658203,173.20657348632812,961.0806274414062,247.98931884765625,379.8399963378906,54.50542449951172,152.8001708984375,232.78334045410156,19.229999542236328,583.3335571289062,637.3576049804688,64.66618347167969,500.7477722167969,368.7867126464844,69.1644515991211,96.16300201416016,159.33200073242188,104.46538543701172,128.4710693359375,169.75999450683594,92.70999908447266,132.63233947753906,442.04034423828125,146.0800018310547,519.702392578125,241.5500030517578,142.06393432617188,96.40406799316406
2025-04-17,196.12521362304688,348.79998779296875,136.2412109375,87.5,172.61000061035156,71.19999694824219,169.61569213867188,987.6463012695312,245.42843627929688,375.6199951171875,54.50542449951172,150.63766479492188,233.0175323486328,18.93000030517578,580.6553955078125,629.656005859375,63.296226501464844,499.9203796386719,364.9858093261719,68.63571166992188,97.3030014038086,154.4320068359375,101.4660873413086,127.34239196777344,167.69000244140625,93.77999877929688,133.53126525878906,441.96075439453125,143.42999267578125,520.44384765625,241.3699951171875,143.89608764648438,95.8820571899414
2025-04-21,192.32179260253906,343.2200012207031,134.35804748535156,85.55999755859375,167.32000732421875,67.66999816894531,164.87411499023438,951.16943359375,234.50991821289062,362.69000244140625,53.14670181274414,147.15972900390625,230.49034118652344,18.84000015258789,564.2488403320312,616.1285400390625,61.93619155883789,483.15264892578125,356.3916015625,66.58061981201172,98.79100036621094,151.197998046875,96.88717651367188,121.60000610351562,160.0500030517578,90.80000305175781,133.023193359375,431.02362060546875,137.0,508.0558776855469,227.5,141.1527099609375,93.40620422363281
2025-04-22,198.87322998046875,349.9100036621094,137.07374572753906,86.26000213623047,173.17999267578125,68.66999816894531,168.21702575683594,972.4815063476562,241.58709716796875,368.45001220703125,53.801631927490234,150.94659423828125,235.0568084716797,19.510000228881836,578.8500366210938,631.5714721679688,63.01826095581055,498.7240905761719,364.0331115722656,70.04234313964844,104.03399658203125,153.36599731445312,98.86670684814453,125.9760971069336,163.6300048828125,93.98999786376953,135.56365966796875,442.33892822265625,140.22999572753906,521.2743530273438,237.97000122070312,142.2675018310547,95.68318939208984
2025-04-23,203.71212768554688,351.9599914550781,142.30694580078125,90.38999938964844,180.60000610351562,70.76000213623047,175.48809814453125,969.114990234375,248.6245880126953,385.75,54.378353118896484,154.81320190429688,239.52574157714844,20.59000015258789,591.2392578125,652.1653442382812,66.24462890625,518.6519775390625,371.54559326171875,72.75584411621094,104.95899963378906,162.5399932861328,102.68580627441406,130.09475708007812,168.32000732421875,100.81999969482422,137.24427795410156,452.3703308105469,147.38999938964844,529.3516845703125,250.74000549316406,147.49252319335938,98.45733642578125
2025-04-24,207.46575927734375,360.9100036621094,148.83851623535156,94.47000122070312,186.5399932861328,75.29000091552734,186.63775634765625,968.75732421875,262.7392883300781,414.04998779296875,55.023502349853516,158.72959899902344,223.76747131347656,21.489999771118164,609.86767578125,684.2322387695312,70.38429260253906,531.491943359375,384.3575134277344,77.23512268066406,109.68699645996094,187.71400451660156,106.40491485595703,136.1440887451172,176.0399932861328,107.77999877929688,143.8397674560547,465.0987243652344,158.66000366210938,540.4940185546875,259.510009765625,157.1670379638672,102.13133239746094
2025-04-25,208.371826171875,367.7200012207031,150.20628356933594,96.6500015258789,188.99000549316406,77.91000366210938,190.7643280029297,970.42578125,265.8659362792969,424.8800048828125,55.43405532836914,161.40036010742188,226.7727508544922,20.049999237060547,619.0826416015625,689.3831176757812,70.90050506591797,545.5679931640625,388.8729553222656,79.5895004272461,110.15299987792969,189.052001953125,110.98385620117188,137.11434936523438,178.97999572753906,112.77999877929688,145.15882873535156,470.28363037109375,158.39999389648438,544.3992309570312,284.95001220703125,157.87469482421875,103.64269256591797
2025-04-28,209.22808837890625,368.6199951171875,149.4530029296875,96.38999938964844,187.6999969482422,78.30999755859375,190.92303466796875,971.7962646484375,263.67230224609375,423.0799865722656,55.561126708984375,160.05502319335938,230.4318084716797,20.510000228881836,613.2401733398438,688.4998168945312,71.04940795898438,548.0302734375,388.1882019042969,78.37240600585938,111.03800201416016,187.48199462890625,108.70438385009766,138.74795532226562,181.5399932861328,114.6500015258789,144.2403564453125,470.1343688964844,158.9600067138672,544.6068725585938,285.8800048828125,157.46754455566406,103.47367095947266
2025-04-29,210.29345703125,370.9800109863281,148.2239990234375,96.05999755859375,187.38999938964844,80.7300033569336,189.63348388671875,984.8656005859375,265.776611328125,430.989990234375,56.04988098144531,159.60658264160156,233.5834503173828,20.34000015258789,618.1205444335938,682.7733154296875,70.38429260253906,552.7156982421875,391.0462951660156,76.6964111328125,112.56400299072266,188.57200622558594,108.99431610107422,139.39151000976562,186.64999389648438,116.08000183105469,143.51730346679688,473.23931884765625,160.35000610351562,548.0375366210938,292.0299987792969,155.8486785888672,103.95591735839844
2025-04-30,211.5778350830078,374.9800109863281,149.37371826171875,97.3499984741211,184.4199981689453,82.2699966430664,190.92303466796875,987.6463012695312,266.7195739746094,428.8699951171875,56.43110275268555,158.2512664794922,235.95452880859375,20.100000381469727,622.4056396484375,697.4024047851562,71.14869689941406,547.2925415039062,392.25701904296875,76.76624298095703,113.1719970703125,191.0019989013672,108.89433288574219,139.32220458984375,186.92999267578125,118.44000244140625,145.06112670898438,473.1795959472656,159.49000549316406,548.2550659179688,282.1600036621094,156.47434997558594,104.38844299316406
2025-05-01,212.39431762695312,374.6300048828125,147.63925170898438,96.6500015258789,190.1999969482422,87.83999633789062,195.74398803710938,992.155029296875,267.3349304199219,431.8800048828125,56.81232833862305,160.74261474609375,233.846923828125,19.979999542236328,618.1602172851562,671.2208251953125,71.208251953125,570.430419921875,422.16802978515625,77.58428192138672,113.34700012207031,191.58999633789062,111.58370208740234,144.04483032226562,186.27000427246094,116.19999694824219,132.11448669433594,479.35968017578125,165.36000061035156,552.1405029296875,280.5199890136719,154.72434997558594,105.91968536376953
2025-05-02,204.45889282226562,380.8699951171875,153.72479248046875,98.80000305175781,189.97999572753906,91.0199966430664,202.00326538085938,1002.6558227539062,273.0423278808594,440.5799865722656,57.99510955810547,163.4632110595703,239.5940399169922,20.6200008392334,626.5817260742188,692.9063720703125,73.97795867919922,595.1632690429688,431.97296142578125,80.5272445678711,115.64900207519531,195.4720001220703,114.47303009033203,149.2327423095703,187.6999969482422,124.27999877929688,136.60916137695312,486.4752197265625,167.66000366210938,560.3365478515625,287.2099914550781,160.834716796875,107.68958282470703
2025-05-05,198.02691650390625,381.05999755859375,153.2391357421875,100.58999633789062,186.35000610351562,90.37999725341797,199.1067352294922,1009.2089233398438,270.6105041503906,443.4700012207031,57.985328674316406,163.64259338378906,243.135986328125,20.270000457763672,627.07763671875,688.072998046875,73.37240600585938,597.4063110351562,432.8562316894531,80.22796630859375,113.40599822998047,195.61000061035156,113.7931900024414,147.8070526123047,188.1300048828125,123.7699966430664,136.2476348876953,483.5892333984375,167.8699951171875,557.1234130859375,280.260009765625,158.79141235351562,107.11784362792969
2025-05-06,197.6485595703125,382.9800109863281,151.67315673828125,98.62000274658203,185.00999450683594,90.7699966430664,198.48178100585938,1004.843505859375,271.3350830078125,443.2099914550781,57.88758087158203,162.66595458984375,243.0774383544922,19.940000534057617,621.4931030273438,674.3074340820312,72.62786102294922,585.4833984375,430.0179443359375,80.31775665283203,113.76899719238281,193.052001953125,113.51325988769531,146.2328643798828,188.69000244140625,108.86000061035156,136.6970977783203,479.0910339355469,168.4499969482422,552.4667358398438,275.3500061035156,157.49111938476562,106.2279281616211
2025-05-07,195.39837646484375,384.9700012207031,154.42849731445312,100.36000061035156,188.7100067138672,86.44999694824219,203.1638641357422,1001.5123901367188,276.1690368652344,422.5199890136719,58.229705810546875,150.85691833496094,247.224365234375,20.309999465942383,635.9652709960938,689.1250610351562,74.51403045654297,594.953857421875,430.0576477050781,82.42272186279297,115.54100036621094,196.6580047607422,117.03242492675781,147.88626098632812,188.13999938964844,110.4800033569336,140.99636840820312,480.97186279296875,170.55999755859375,554.7901611328125,276.2200012207031,161.10845947265625,107.2918472290039
2025-05-08,196.63299560546875,383.989990234375,154.61680603027344,101.69999694824219,192.0800018310547,87.2699966430664,206.10006713867188,1002.0691528320312,277.6678161621094,428.6300048828125,58.366554260253906,153.7469024658203,247.97567749023438,21.0,650.7847290039062,698.0375366210938,74.35519409179688,596.1502075195312,434.84100341796875,84.94667053222656,114.44300079345703,194.8979949951172,117.34236145019531,148.80703735351562,188.52999877929688,119.1500015258789,141.77804565429688,485.9378662109375,173.97000122070312,558.6558227539062,284.82000732421875,161.93946838378906,108.31598663330078
2025-05-09,197.66847229003906,383.2799987792969,154.2302703857422,102.83999633789062,193.05999755859375,86.5199966430664,206.52659606933594,1002.4470825195312,273.3798828125,410.57000732421875,58.42520523071289,152.22216796875,244.77357482910156,21.420000076293945,648.6025390625,695.923583984375,74.81185150146484,590.6472778320312,435.3967590332031,85.65497589111328,114.02200317382812,196.01199340820312,116.62252044677734,148.84661865234375,186.92999267578125,117.30000305175781,141.856201171875,485.6194152832031,174.13999938964844,557.9440307617188,298.260009765625,168.4213409423828,108.1817626953125
2025-05-12,210.15049743652344,395.94000244140625,166.50050354003906,108.12000274658203,208.63999938964844,92.31999969482422,219.799072265625,1010.4619750976562,286.68060302734375,429.44000244140625,60.28245162963867,157.91244506835938,249.183837890625,22.18000030517578,656.9545288085938,754.7474975585938,81.6517333984375,637.4413452148438,445.8467712402344,92.06961822509766,111.0,203.1199951171875,122.97103118896484,155.65830993652344,193.5,118.45999908447266,148.6373291015625,505.40362548828125,180.5399932861328,576.382568359375,318.3800048828125,183.09600830078125,113.20305633544922
2025-05-13,212.28399658203125,397.3999938964844,171.49583435058594,112.45999908447266,211.3699951171875,97.25,230.55194091796875,993.4378051757812,287.0279846191406,440.20001220703125,60.38998031616211,158.97874450683594,253.99681091308594,22.559999465942383,651.4989624023438,789.9110107421875,84.62991333007812,653.9896850585938,445.72772216796875,96.69853973388672,113.84400177001953,207.343994140625,129.89938354492188,160.6581268310547,192.0,128.10000610351562,147.8751983642578,513.1063842773438,181.02000427246094,580.1890258789062,334.07000732421875,183.99545288085938,115.64908599853516
2025-05-14,211.68580627441406,399.4700012207031,172.59597778320312,117.72000122070312,210.25,98.22000122070312,230.2543487548828,985.9896850585938,288.58636474609375,435.94000244140625,59.911006927490234,164.79855346679688,253.240478515625,21.520000457763672,647.5609741210938,798.9424438476562,84.3519515991211,657.309326171875,449.4988098144531,95.0923843383789,115.0989990234375,205.36399841308594,135.30810546875,161.3313751220703,190.89999389648438,130.17999267578125,149.47764587402344,516.1814575195312,181.4499969482422,580.9304809570312,347.67999267578125,183.1546630859375,116.39979553222656
2025-05-15,210.80848693847656,404.69000244140625,173.20057678222656,114.98999786376953,205.1699981689453,96.06999969482422,230.77017211914062,1004.813720703125,288.6062316894531,431.8399963378906,62.81418228149414,163.39344787597656,261.9430847167969,21.549999237060547,655.9725341796875,799.9349365234375,84.17325592041016,641.8775634765625,450.5129089355469,95.2220687866211,117.7979965209961,207.03599548339844,134.79823303222656,157.816650390625,192.89999389648438,128.1199951171875,149.11611938476562,516.7487182617188,182.97000122070312,583.7680053710938,342.82000732421875,183.63372802734375,116.55888366699219
2025-05-16,210.6190643310547,417.1300048828125,164.10195922851562,117.16999816894531,205.58999633789062,96.41999816894531,226.77256774902344,1020.0877075195312,288.9933166503906,439.260009765625,62.18857955932617,165.61572265625,262.02166748046875,21.65999984741211,664.8701171875,785.216552734375,83.81587982177734,638.3485107421875,451.6463317871094,97.76598358154297,119.15299987792969,208.03599548339844,135.36810302734375,158.8958282470703,192.97999572753906,129.52000427246094,149.00863647460938,518.9978637695312,183.0800018310547,587.465576171875,349.9800109863281,184.2887725830078,116.77764129638672
2025-05-19,208.14659118652344,420.67999267578125,164.46868896484375,114.73999786376953,206.16000366210938,96.69999694824219,228.77633666992188,1028.550048828125,285.4994201660156,444.3500061035156,62.48183059692383,165.96450805664062,263.64239501953125,21.3799991607666,665.4454956054688,782.9682006835938,83.21031951904297,638.438232421875,456.2197570800781,98.41443634033203,119.16400146484375,205.14999389648438,135.53805541992188,158.05426025390625,194.3000030517578,126.33000183105469,150.18113708496094,519.4954223632812,182.0500030517578,588.108154296875,342.0899963378906,184.13233947753906,116.60860443115234
2025-05-20,206.232421875,417.6099853515625,164.26055908203125,113.51000213623047,204.07000732421875,95.66999816894531,229.81790161132812,1031.01611328125,285.9262390136719,442.25,61.993080139160156,163.4133758544922,262.20831298828125,21.270000457763672,665.7430419921875,786.2313232421875,83.67689514160156,635.1185913085938,455.5238342285156,97.8657455444336,119.2020034790039,204.3679962158203,134.3483428955078,158.7176055908203,194.47999572753906,125.58999633789062,150.2984161376953,517.7638549804688,182.8800048828125,586.1307983398438,343.82000732421875,184.49407958984375,116.17109680175781
2025-05-21,201.47689819335938,414.0299987792969,160.7915802001953,112.05999755859375,201.1199951171875,92.43000030517578,227.88356018066406,1019.560791015625,280.18902587890625,434.739990234375,61.77803039550781,167.97755432128906,256.2362976074219,20.690000534057617,654.6531982421875,774.9395751953125,82.18780517578125,633.5234985351562,449.9561767578125,95.61112976074219,119.46299743652344,202.95199584960938,131.76895141601562,155.61868286132812,181.25999450683594,120.58000183105469,147.84585571289062,510.568603515625,179.1199951171875,576.2540893554688,334.6199951171875,181.27757263183594,113.98857879638672
2025-05-22,200.74911499023438,414.3299865722656,159.5491485595703,110.70999908447266,203.10000610351562,92.55999755859375,228.67713928222656,1012.430908203125,281.3205871582031,444.07000732421875,61.93442916870117,170.27955627441406,253.78070068359375,20.549999237060547,660.694091796875,763.5682983398438,81.95948028564453,634.5902709960938,452.2329406738281,94.60356140136719,118.7969970703125,203.1540069580078,132.7987060546875,155.7473907470703,186.13999938964844,122.29000091552734,143.99609375,511.5240173339844,203.17999267578125,576.4815063476562,341.0400085449219,176.18397521972656,114.0184097290039
2025-05-23,194.67758178710938,407.69000244140625,156.5573272705078,110.30999755859375,200.99000549316406,91.19999694824219,226.8816680908203,1002.8547973632812,271.1068115234375,455.5899963378906,61.69005584716797,167.8878631591797,254.0360870361328,20.049999237060547,714.3178100585938,753.2814331054688,80.47039031982422,625.1097412109375,447.5799560546875,93.14704895019531,118.53900146484375,200.87399291992188,131.25906372070312,154.42071533203125,186.75,123.30999755859375,142.05165100097656,506.78692626953125,200.0500030517578,572.5465087890625,339.3399963378906,172.36131286621094,112.76058959960938
2025-05-27,199.60260009765625,413.1000061035156,160.85122680664062,114.55999755859375,206.02000427246094,92.48999786376953,233.7559814453125,1012.0927124023438,275.1367492675781,472.2200012207031,62.3156623840332,172.30255126953125,258.55438232421875,20.549999237060547,745.890869140625,785.0076293945312,83.3294448852539,640.322265625,458.0292663574219,96.14985656738281,121.15699768066406,205.47799682617188,135.4680633544922,160.30169677734375,187.4600067138672,123.38999938964844,145.2272491455078,518.709228515625,206.35000610351562,584.4501953125,362.8900146484375,179.1462860107422,115.44027709960938
2025-05-28,199.81195068359375,412.2300109863281,160.61265563964844,112.86000061035156,204.72000122070312,92.79000091552734,237.50558471679688,1007.4688110351562,273.9853210449219,468.8299865722656,61.914878845214844,171.76441955566406,255.6174774169922,20.3700008392334,748.36083984375,773.5069580078125,83.38900756835938,641.5784912109375,454.7184753417969,95.95032501220703,120.8550033569336,204.25999450683594,134.7782440185547,162.2224578857422,187.8000030517578,123.76000213623047,144.2208251953125,516.4102783203125,204.39999389648438,581.0689086914062,356.8999938964844,180.0359344482422,114.96300506591797
2025-05-29,199.34336853027344,413.3599853515625,158.5154266357422,113.02999877929688,205.6999969482422,86.37000274658203,240.0251922607422,1003.0933837890625,264.94281005859375,458.80999755859375,61.63140869140625,171.26614379882812,254.09503173828125,20.25,751.1083984375,769.9951171875,83.54784393310547,643.0438232421875,456.0308837890625,96.56885528564453,118.48600006103516,203.04600524902344,139.15721130371094,161.28187561035156,185.82000732421875,122.31999969482422,144.94386291503906,517.4254150390625,202.30999755859375,583.362548828125,358.42999267578125,180.857177734375,115.15689849853516
2025-05-30,200.24066162109375,415.0899963378906,155.80194091796875,110.7300033569336,205.00999450683594,86.63999938964844,240.12437438964844,1034.357421875,263.404296875,471.3699951171875,61.62162780761719,171.1465606689453,254.45843505859375,19.549999237060547,747.3886108398438,752.992919921875,80.20235443115234,645.4761962890625,457.7011413574219,94.23442840576172,120.7229995727539,202.21800231933594,135.09817504882812,163.88575744628906,192.4199981689453,131.77999877929688,141.87576293945312,516.609375,205.6699981689453,582.7100830078125,346.4599914550781,178.76499938964844,114.7989501953125
2025-06-02,201.08807373046875,403.3999938964844,156.31878662109375,114.62999725341797,206.64999389648438,89.77999877929688,246.7110137939453,1050.93408203125,259.6820373535156,479.1700134277344,62.41340637207031,168.4459228515625,259.21246337890625,19.739999771118164,758.8157348632812,758.5243530273438,81.88006591796875,668.8134765625,459.3018493652344,97.945556640625,121.89800262451172,202.4219970703125,137.34764099121094,164.91543579101562,194.86000061035156,132.0399932861328,143.27304077148438,520.689697265625,210.1699981689453,585.9924926757812,342.69000244140625,180.0946044921875,115.81314849853516
2025-06-03,202.6533203125,412.489990234375,160.76174926757812,117.30999755859375,205.7100067138672,94.5,254.7855987548828,1049.68115234375,262.510986328125,488.760009765625,62.91193389892578,165.60577392578125,260.4893798828125,20.290000915527344,758.4883422851562,771.8057250976562,83.05148315429688,664.7760620117188,460.29608154296875,102.0058364868164,121.79399871826172,202.17599487304688,141.1867218017578,167.4598846435547,197.1199951171875,133.1699981689453,145.53013610839844,524.7598876953125,209.14999389648438,589.3341064453125,344.2699890136719,183.87814331054688,117.5531997680664
2025-06-04,202.20468139648438,413.9100036621094,160.9506072998047,118.58000183105469,207.22999572753906,94.94000244140625,258.9815673828125,1045.802978515625,261.2205810546875,460.55999755859375,62.94125747680664,167.46929931640625,260.8036804199219,20.25,760.62109375,778.073486328125,84.15340423583984,685.8104858398438,461.1908874511719,103.00344848632812,123.96600341796875,202.54800415039062,141.88656616210938,166.43023681640625,194.07000732421875,130.00999450683594,145.6376190185547,526.2228393554688,209.60000610351562,589.1759033203125,332.04998779296875,186.4591522216797,117.72721862792969
2025-06-05,200.0213165283203,415.20001220703125,163.1969451904297,115.69000244140625,207.91000366210938,95.18000030517578,257.8408203125,1005.1517944335938,265.16119384765625,462.94000244140625,63.16608810424805,167.62876892089844,262.1199035644531,19.989999771118164,760.452392578125,787.8231201171875,84.29238891601562,682.4907836914062,464.9788818359375,106.03618621826172,125.052001953125,203.52000427246094,139.95703125,169.4400177001953,197.11000061035156,119.91000366210938,145.04782104492188,522.261962890625,210.10000610351562,586.3285522460938,284.70001220703125,186.23431396484375,117.39411163330078
2025-06-06,203.3013458251953,416.9200134277344,165.7315216064453,116.19000244140625,213.57000732421875,97.25,244.94529724121094,1009.2586669921875,272.47662353515625,468.4100036621094,64.57368469238281,173.079833984375,264.09417724609375,20.059999465942383,765.3525390625,803.8504028320312,85.72190856933594,695.5401000976562,467.6632995605469,108.30076599121094,124.14700317382812,206.04200744628906,141.6865997314453,172.29141235351562,199.60000610351562,127.72000122070312,146.69923400878906,527.3672485351562,210.83999633789062,592.3495483398438,295.1400146484375,188.1211700439453,118.50277709960938
2025-06-09,200.8388214111328,416.260009765625,168.7630615234375,121.7300033569336,216.97999572753906,96.80000305175781,242.3166046142578,1000.5477294921875,270.23333740234375,464.3900146484375,64.41728210449219,175.6939697265625,267.2471618652344,20.479999542236328,758.2106323242188,825.031005859375,87.65773010253906,691.9014282226562,470.0196228027344,110.68505859375,122.44599914550781,205.3719940185547,142.59640502929688,175.39031982421875,196.3300018310547,132.05999755859375,152.76417541503906,528.1436157226562,210.85000610351562,592.8834228515625,308.5799865722656,194.75950622558594,119.0844497680664
2025-06-10,202.0551300048828,416.05999755859375,172.71900939941406,123.23999786376953,217.61000061035156,93.69999694824219,242.663818359375,1001.6316528320312,266.23321533203125,467.6499938964844,63.68415451049805,178.19833374023438,271.333251953125,22.079999923706055,755.9490356445312,852.1908569335938,90.33808898925781,700.2155151367188,468.2001953125,113.86744689941406,120.36199951171875,201.95799255371094,143.92608642578125,175.71705627441406,195.9499969482422,132.80999755859375,156.4208526611328,531.6366577148438,208.24000549316406,596.244873046875,326.0899963378906,197.7706756591797,119.75064086914062
2025-06-11,198.1769256591797,412.8399963378906,171.74490356445312,121.13999938964844,213.1999969482422,94.20999908447266,250.87725830078125,991.2003784179688,263.9402770996094,476.9800109863281,62.745758056640625,176.95114135742188,276.5195007324219,20.68000030517578,758.57763671875,867.5216674804688,90.2884521484375,691.981201171875,469.890380859375,115.7529296875,121.98799896240234,200.86599731445312,142.80625915527344,174.62799072265625,194.38999938964844,136.38999938964844,156.76490783691406,529.8452758789062,208.61000061035156,594.54443359375,326.42999267578125,195.22877502441406,119.48713684082031
2025-06-12,198.5956573486328,413.67999267578125,173.94155883789062,118.5,213.24000549316406,95.7699966430664,254.01185607910156,997.0972290039062,264.9328918457031,481.7300109863281,63.63528060913086,175.30484008789062,276.0381774902344,20.770000457763672,760.0259399414062,870.5062866210938,90.99329376220703,691.20361328125,476.104248046875,115.90258026123047,121.50299835205078,201.4739990234375,144.9759063720703,197.87474060058594,197.6699981689453,135.19000244140625,155.9981689453125,531.0892333984375,211.27999877929688,596.9072875976562,319.1099853515625,195.19944763183594,120.5958251953125
2025-06-13,195.85398864746094,391.67999267578125,169.55821228027344,116.16000366210938,212.10000610351562,92.3499984741211,246.7010955810547,984.6671752929688,256.4858703613281,480.6199951171875,62.648006439208984,174.27716064453125,272.2958679199219,20.139999389648438,747.89453125,863.2139282226562,88.86885070800781,680.7461547851562,472.2168273925781,115.32394409179688,121.21499633789062,197.73199462890625,141.9464111328125,213.08216857910156,196.27000427246094,137.39999389648438,152.0859375,524.4215698242188,208.17999267578125,590.23388671875,325.30999755859375,190.64353942871094,118.90547180175781
2025-06-16,197.81802368164062,401.7300109863281,175.482177734375,126.38999938964844,216.10000610351562,95.08999633789062,250.07376098632812,978.849853515625,261.9253234863281,479.3900146484375,64.03605651855469,176.3724365234375,276.823974609375,20.739999771118164,761.880859375,887.7969970703125,92.7305679321289,700.4749145507812,476.3727111816406,119.55381774902344,122.53500366210938,201.0260009765625,144.66595458984375,209.0030975341797,198.11000061035156,141.41000366210938,154.19932556152344,531.7162475585938,209.1199951171875,595.8494262695312,329.1300048828125,194.76927185058594,120.82947540283203
2025-06-17,195.0464630126953,382.67999267578125,173.0370635986328,127.0999984741211,214.82000732421875,89.68000030517578,247.36570739746094,972.2470092773438,260.8136291503906,492.0299987792969,63.860111236572266,175.5542755126953,278.0223388671875,20.799999237060547,758.7265014648438,888.413818359375,91.98602294921875,695.5963745117188,475.279052734375,120.05262756347656,122.06700134277344,200.98199462890625,144.09603881835938,206.11209106445312,202.0500030517578,138.1999969482422,151.83035278320312,526.5313720703125,209.4499969482422,590.7578125,316.3500061035156,193.27345275878906,119.974365234375
2025-06-18,195.9835968017578,378.0400085449219,171.79461669921875,126.79000091552734,212.52000427246094,90.23999786376953,249.24050903320312,969.44287109375,257.9862060546875,485.1600036621094,64.35862731933594,172.93020629882812,278.1794738769531,21.489999771118164,748.7377319335938,866.6859741210938,91.79692077636719,694.1397705078125,477.4663391113281,121.52910614013672,122.22899627685547,196.41600036621094,145.455810546875,208.77537536621094,199.77999877929688,139.9600067138672,151.0144805908203,526.4417724609375,212.0800018310547,590.6688232421875,322.04998779296875,193.918701171875,120.11854553222656
2025-06-20,200.3902130126953,376.9200134277344,168.43505859375,128.24000549316406,209.69000244140625,86.25,248.5644073486328,974.8026733398438,259.109619140625,476.29998779296875,64.82783508300781,166.26522827148438,275.9792785644531,21.079999923706055,754.996826171875,845.6347045898438,90.05532836914062,680.7511596679688,474.6427307128906,123.30485534667969,123.14099884033203,194.28199768066406,143.8260955810547,203.1320037841797,199.24000549316406,137.3000030517578,148.7438201904297,524.292236328125,211.99000549316406,589.2816772460938,322.1600036621094,193.7720489501953,119.58658599853516
2025-06-23,200.888671875,380.1199951171875,170.91995239257812,129.5800018310547,208.47000122070312,91.94999694824219,252.32284545898438,998.857177734375,261.8734130859375,491.80999755859375,65.86397552490234,164.8184814453125,284.04345703125,21.190000534057617,756.3953857421875,851.8824462890625,91.16995239257812,696.8934326171875,483.1930847167969,121.78848266601562,125.35399627685547,196.0800018310547,144.1460418701172,204.98341369628906,203.32000732421875,139.9199981689453,150.5328369140625,529.6832275390625,213.7100067138672,595.1021728515625,348.67999267578125,196.89077758789062,120.95006561279297
2025-06-24,199.6923065185547,382.3399963378906,179.09022521972656,138.42999267578125,212.77000427246094,94.97000122070312,262.2658386230469,996.3115234375,269.5881652832031,485.3800048828125,66.36251068115234,166.3949432373047,288.5715637207031,22.549999237060547,752.9038696289062,884.4642944335938,95.17063903808594,710.5313110351562,487.279296875,127.60456085205078,127.91100311279297,199.26400756835938,147.87539672851562,213.1316680908203,201.69000244140625,143.22999572753906,153.05909729003906,537.7831420898438,223.13999938964844,601.6764526367188,340.4700012207031,201.2120361328125,123.12126922607422
2025-06-25,200.948486328125,387.54998779296875,181.96273803710938,143.39999389648438,211.99000549316406,96.30999755859375,263.14080810546875,981.0177001953125,266.1980285644531,494.0899963378906,66.65576171875,170.296142578125,285.8900451660156,22.200000762939453,751.7432861328125,888.8715209960938,95.55876922607422,707.01953125,489.4268493652344,126.94613647460938,127.5250015258789,201.03199768066406,154.28436279296875,208.62686157226562,204.3000030517578,142.89999389648438,153.27532958984375,539.157958984375,221.52000427246094,602.0135498046875,327.54998779296875,200.79164123535156,124.17201232910156
2025-06-26,200.3902130126953,384.95001220703125,182.4100341796875,143.67999267578125,217.1199951171875,101.58999633789062,268.6293029785156,977.407958984375,269.16064453125,505.2200012207031,67.39865112304688,173.14968872070312,286.7445983886719,22.5,766.6221313476562,898.3027954101562,96.37482452392578,724.3887939453125,494.57696533203125,125.6991195678711,130.66700744628906,202.28799438476562,154.99423217773438,210.70602416992188,202.33999633789062,144.25,155.49685668945312,544.1992797851562,221.9199981689453,606.7236938476562,325.7799987792969,201.70086669921875,125.0285415649414
2025-06-27,200.469970703125,385.8299865722656,182.10189819335938,143.80999755859375,223.3000030517578,99.38999938964844,267.81402587890625,979.6255493164062,271.8250427246094,499.3299865722656,67.10540008544922,178.12847900390625,284.55419921875,22.690000534057617,770.30224609375,885.2999267578125,96.73310089111328,731.9110717773438,493.0756530761719,124.46208953857422,132.31199645996094,204.48399353027344,157.72378540039062,208.1516571044922,200.57000732421875,130.74000549316406,155.8408966064453,546.0623779296875,222.61000061035156,609.7380981445312,323.6300048828125,202.45367431640625,124.879150390625
2025-06-30,204.5475311279297,386.8800048828125,181.96273803710938,141.89999389648438,219.38999938964844,102.30999755859375,274.0780334472656,984.3986206054688,271.0992736816406,509.30999755859375,67.81898498535156,175.83364868164062,289.5439758300781,22.399999618530273,781.2730102539062,891.1397705078125,96.87242126464844,736.3606567382812,494.5372009277344,122.9556884765625,133.91299438476562,205.61599731445312,157.96376037597656,216.4582977294922,204.63999938964844,136.32000732421875,156.54864501953125,549.5992431640625,223.77000427246094,612.6533203125,317.6600036621094,202.9816131591797,126.10417938232422
2025-07-01,207.18951416015625,392.1000061035156,182.6485595703125,136.11000061035156,220.4600067138672,98.91000366210938,263.2302551269531,980.44091796875,270.3238220214844,492.07000732421875,67.54528045654297,175.44451904296875,286.0275573730469,22.850000381469727,773.3177490234375,894.2338256835938,96.344970703125,717.5348510742188,489.2081298828125,120.60132598876953,129.36000061035156,202.3780059814453,153.2745361328125,216.78501892089844,197.5800018310547,130.67999267578125,156.68624877929688,544.9664306640625,215.97000122070312,612.455078125,300.7099914550781,205.74838256835938,124.9787368774414
2025-07-02,211.7954864501953,378.4700012207031,188.86077880859375,138.52000427246094,219.9199981689453,101.12999725341797,268.36083984375,976.861083984375,267.6395568847656,496.1000061035156,67.0467529296875,178.23822021484375,282.5406188964844,21.8799991607666,767.4554443359375,916.3695068359375,98.35527038574219,711.8981323242188,488.2536926269531,121.44929504394531,128.48599243164062,201.95199584960938,157.22386169433594,227.695556640625,196.97000122070312,132.1199951171875,159.55654907226562,548.7623291015625,217.33999633789062,615.2315063476562,315.6499938964844,210.77352905273438,126.29839324951172
2025-07-03,212.90213012695312,379.30999755859375,189.8944854736328,137.91000366210938,223.41000366210938,102.5199966430664,273.6107482910156,981.4949951171875,270.56243896484375,514.0999755859375,68.21698760986328,179.126220703125,286.7839050292969,22.489999771118164,774.3394775390625,919.8316650390625,98.33535766601562,717.3253784179688,495.95892333984375,121.99797821044922,129.71800231933594,208.93800354003906,159.3135223388672,234.962646484375,201.82000732421875,134.36000061035156,159.44842529296875,554.1622314453125,221.49000549316406,620.0804443359375,315.3500061035156,211.19395446777344,127.96166229248047
2025-07-07,209.3130340576172,376.92999267578125,189.62611389160156,134.8000030517578,223.47000122070312,101.47000122070312,272.616455078125,986.6260986328125,268.22613525390625,505.4599914550781,67.78429412841797,176.3923797607422,287.2749938964844,22.0,777.285400390625,907.9330444335938,97.6685791015625,716.6668701171875,494.84539794921875,119.74624633789062,128.96200561523438,207.0019989013672,158.21371459960938,229.95289611816406,201.4199981689453,139.1199951171875,155.3985595703125,549.9878540039062,225.7899932861328,615.4595336914062,293.94000244140625,208.6422576904297,126.9457778930664
2025-07-08,209.3728485107422,382.239990234375,193.81065368652344,137.82000732421875,219.36000061035156,103.38999938964844,270.25,980.3215942382812,272.0536804199219,507.7099914550781,67.44994354248047,173.9678497314453,285.2614440917969,23.59000015258789,775.172607421875,914.4991455078125,99.35047149658203,718.9813842773438,493.7517395019531,124.2397232055664,127.53099822998047,204.5959930419922,159.97341918945312,232.17066955566406,203.99000549316406,139.7100067138672,156.73541259765625,550.2966918945312,223.5,615.1224365234375,297.80999755859375,211.79029846191406,127.62801361083984
2025-07-09,210.4994354248047,373.3800048828125,194.20822143554688,138.41000366210938,222.5399932861328,106.27999877929688,276.31524658203125,976.5925903320312,269.3396301269531,513.510009765625,68.11863708496094,176.22276306152344,284.98638916015625,23.440000534057617,763.3786010742188,918.4389038085938,99.33055877685547,731.0631713867188,500.6019592285156,122.0628890991211,128.8280029296875,202.74200439453125,162.85293579101562,233.46763610839844,206.05999755859375,143.1300048828125,156.63710021972656,554.1921997070312,221.89999389648438,618.8110961914062,295.8800048828125,211.55567932128906,128.39491271972656
2025-07-10,211.7655792236328,371.42999267578125,196.83226013183594,144.16000366210938,222.25999450683594,106.29000091552734,273.8294677734375,964.7392578125,262.4301452636719,487.1099853515625,67.61711883544922,177.22052001953125,282.3244934082031,23.81999969482422,742.8675537109375,923.8509521484375,100.5745620727539,725.5360717773438,498.58367919921875,122.93162536621094,125.05899810791016,193.6179962158203,164.07273864746094,233.1600799560547,192.07000732421875,142.5,156.38153076171875,553.3951416015625,214.4199981689453,620.5562744140625,309.8699951171875,214.7526092529297,127.97162628173828
2025-07-11,210.5193634033203,363.3500061035156,196.7328643798828,146.4199981689453,225.02000427246094,108.56999969482422,272.8153076171875,964.8984375,256.5645751953125,478.45001220703125,66.8205795288086,179.78475952148438,278.552734375,23.43000030517578,742.8675537109375,919.8316650390625,101.24134826660156,715.828857421875,500.4130554199219,124.34957122802734,124.51100158691406,187.75599670410156,164.89259338378906,228.7548370361328,187.38999938964844,142.10000610351562,154.779296875,552.1497802734375,210.83999633789062,618.3748168945312,313.510009765625,216.30709838867188,127.40889739990234
2025-07-14,207.98707580566406,366.989990234375,195.9079132080078,146.24000549316406,225.69000244140625,108.37000274658203,274.0283508300781,975.4192504882812,258.1651611328125,476.17999267578125,66.6927490234375,181.1516571044922,278.7491760253906,23.299999237060547,747.6849365234375,917.105712890625,99.1414794921875,719.2308959960938,500.1147766113281,118.43814849853516,126.19499969482422,192.3560028076172,164.04273986816406,227.48487854003906,190.72000122070312,149.14999389648438,151.6632537841797,554.1524047851562,213.52000427246094,619.5548095703125,316.8999938964844,215.1339111328125,127.3043212890625
2025-07-15,208.4755859375,364.17999267578125,198.0846405029297,155.61000061035156,226.35000610351562,107.37000274658203,279.337890625,962.2632446289062,256.0774230957031,473.2799987792969,66.06339263916016,181.59066772460938,277.6785583496094,22.920000076293945,740.9306640625,931.7203369140625,100.58450317382812,708.7255249023438,502.89862060546875,119.93596649169922,126.0270004272461,191.38400268554688,170.671630859375,233.1204071044922,192.25,148.5800018310547,151.67308044433594,554.660400390625,212.7899932861328,616.9072875976562,310.7799987792969,213.48167419433594,128.43475341796875
2025-07-16,209.52239990234375,361.7699890136719,193.63174438476562,160.0800018310547,223.19000244140625,108.30000305175781,279.2086181640625,946.0444946289062,256.4453125,470.45001220703125,66.25022888183594,182.55850219726562,276.91241455078125,22.690000534057617,745.6685180664062,928.6958618164062,99.88787841796875,701.2630004882812,502.69976806640625,116.26130676269531,125.03099822998047,193.3939971923828,171.34152221679688,239.41075134277344,192.58999633789062,150.91000366210938,151.44699096679688,555.228271484375,211.94000244140625,618.9697265625,321.6700134277344,211.8000946044922,128.8331298828125
2025-07-17,209.38284301757812,366.45001220703125,191.35560607910156,160.41000366210938,223.8800048828125,111.9800033569336,284.8164978027344,948.5703125,258.364013671875,469.8299865722656,67.16476440429688,183.1671142578125,276.990966796875,22.799999237060547,750.2872924804688,932.2675170898438,100.30586242675781,699.7665405273438,508.7446594238281,113.09589385986328,127.41699981689453,191.8300018310547,172.97125244140625,246.80242919921875,196.27999877929688,153.99000549316406,150.01185607910156,559.7216186523438,211.5800018310547,622.7576293945312,319.4100036621094,211.75119018554688,130.0033721923828
2025-07-18,210.539306640625,365.7900085449219,189.28819274902344,156.99000549316406,226.1300048828125,111.77999877929688,281.7242126464844,945.6268920898438,260.8494567871094,475.9599914550781,66.91893005371094,184.64378356933594,280.7922058105469,23.100000381469727,747.5657348632812,926.3380737304688,100.17648315429688,702.6298828125,507.10418701171875,114.22425842285156,120.92400360107422,192.67999267578125,172.38136291503906,243.5282440185547,195.77999877929688,153.52000427246094,152.16456604003906,559.1836547851562,216.88999938964844,622.301513671875,329.6499938964844,211.78053283691406,129.9187469482422
2025-07-21,211.83535766601562,367.67999267578125,191.44503784179688,157.0,229.3000030517578,111.61000061035156,286.56640625,942.255859375,260.75,481.5799865722656,67.20409393310547,189.67245483398438,279.65283203125,23.260000228881836,758.55126953125,932.9439697265625,101.25128936767578,711.2994384765625,507.1141357421875,113.06594848632812,123.3270034790039,191.98199462890625,171.35153198242188,241.63319396972656,199.8800048828125,151.7899932861328,156.26358032226562,562.0828857421875,215.64999389648438,623.4815063476562,328.489990234375,209.77633666992188,130.08804321289062
2025-07-22,213.74954223632812,372.8699951171875,186.00814819335938,154.72000122070312,227.47000122070312,109.77999877929688,277.00128173828125,936.3391723632812,262.0523681640625,471.2300109863281,67.027099609375,190.90966796875,276.9516906738281,23.239999771118164,761.6205444335938,887.6378173828125,97.22074890136719,703.1586303710938,502.3517761230469,109.06175231933594,119.00800323486328,192.4739990234375,167.00225830078125,236.2457275390625,196.72999572753906,149.07000732421875,155.30027770996094,559.1737060546875,212.25,623.5707397460938,332.1099853515625,210.11851501464844,128.8829345703125
2025-07-23,213.5002899169922,372.4599914550781,185.87890625,158.64999389648438,228.2899932861328,113.04000091552734,282.0722351074219,935.9215087890625,265.6611633300781,461.5199890136719,67.47945404052734,189.8021697998047,277.0008239746094,23.489999771118164,770.7784423828125,892.4828491210938,96.63358306884766,711.9081420898438,502.94830322265625,109.6708755493164,117.6780014038086,191.28599548339844,170.75161743164062,240.0060577392578,199.22000122070312,154.6300048828125,157.1580810546875,561.7242431640625,212.55999755859375,628.875732421875,332.55999755859375,182.0890350341797,129.6199493408203
2025-07-24,213.11148071289062,371.69000244140625,186.98219299316406,162.1199951171875,232.22999572753906,114.04000091552734,287.0635681152344,928.5728759765625,266.1383972167969,462.0299987792969,67.1549301147461,191.73779296875,255.88270568847656,22.6299991607666,775.9534301757812,899.5364379882812,97.31031036376953,713.1251831054688,507.9294128417969,111.568115234375,118.07599639892578,199.23599243164062,173.7111358642578,240.9287872314453,201.16000366210938,154.86000061035156,156.13577270507812,562.9197387695312,215.02000427246094,629.083984375,305.29998779296875,181.54153442382812,130.16773986816406
2025-07-25,213.2311248779297,370.739990234375,184.56690979003906,166.47000122070312,231.44000244140625,114.27999877929688,288.5251770019531,930.2434692382812,267.5401306152344,467.9200134277344,67.54828643798828,192.7455291748047,255.10671997070312,20.700000762939453,780.6614990234375,897.4572143554688,96.49425506591797,711.0101318359375,510.7430419921875,111.09879302978516,118.04900360107422,193.75799560546875,173.47117614746094,243.20083618164062,203.27000427246094,158.8000030517578,155.70326232910156,564.2747192382812,219.50999450683594,631.7413940429688,316.05999755859375,180.857177734375,130.46649169921875
2025-07-28,213.40060424804688,369.4700012207031,189.1191864013672,173.66000366210938,232.7899932861328,117.55000305175781,292.6216735839844,928.7618408203125,268.67352294921875,472.17999267578125,66.79108428955078,192.14686584472656,258.5346984863281,20.68000030517578,793.3555297851562,918.4090576171875,98.14627838134766,715.9486083984375,509.5400390625,111.08881378173828,117.45999908447266,197.14999389648438,176.7206268310547,245.77056884765625,204.5,157.8800048828125,158.30816650390625,566.0382080078125,218.6699981689453,631.5828247070312,325.5899963378906,185.02200317382812,131.50729370117188
2025-07-29,210.6290283203125,370.70001220703125,187.2704620361328,177.44000244140625,231.00999450683594,118.62000274658203,295.72393798828125,929.338623046875,265.8302307128906,465.510009765625,66.83041381835938,195.30975341796875,257.7489318847656,20.40999984741211,800.9143676757812,911.38525390625,98.4647445678711,698.35986328125,509.609619140625,111.79778289794922,116.8740005493164,198.63999938964844,175.4808349609375,248.0227813720703,193.83999633789062,156.24000549316406,159.3206329345703,565.1614990234375,218.75999450683594,629.9169311523438,321.20001220703125,187.1044158935547,131.51226806640625
2025-07-30,208.415771484375,364.0,188.24452209472656,179.50999450683594,230.19000244140625,122.08999633789062,300.894287109375,922.3180541992188,263.2652282714844,463.1499938964844,67.14509582519531,196.08799743652344,255.63714599609375,20.34000015258789,801.957275390625,920.239501953125,98.61402130126953,693.5811157226562,510.2757568359375,114.5737533569336,118.41999816894531,195.49600219726562,179.24021911621094,248.63795471191406,183.02999877929688,158.61000061035156,156.35203552246094,565.9186401367188,220.27999877929688,629.1236572265625,319.0400085449219,185.28598022460938,131.80609130859375
2025-07-31,206.9402618408203,357.69000244140625,178.970947265625,176.30999755859375,234.11000061035156,123.22000122070312,292.025146484375,934.3802490234375,256.8230285644531,454.57000732421875,66.94842529296875,191.46839904785156,248.65341186523438,19.799999237060547,779.8470458984375,874.515625,94.38443756103516,771.6278076171875,530.4187622070312,108.98186492919922,115.94000244140625,188.62399291992188,177.84043884277344,251.7831268310547,173.60000610351562,158.35000610351562,144.26145935058594,562.9197387695312,223.5,626.763671875,308.2699890136719,178.29441833496094,130.83999633789062
2025-08-01,201.76600646972656,347.79998779296875,178.90138244628906,171.6999969482422,214.75,117.56999969482422,286.9939880371094,948.5003662109375,249.27732849121094,446.6600036621094,65.99453735351562,188.7046356201172,245.60850524902344,19.309999465942383,770.9274291992188,882.0865478515625,95.90708923339844,748.2527465820312,521.0829467773438,104.72804260253906,115.86000061035156,182.87399291992188,173.69113159179688,242.50631713867188,172.8800048828125,154.27000427246094,145.6671142578125,551.8309936523438,205.02000427246094,616.4907836914062,302.6300048828125,178.09747314453125,128.0164337158203
2025-08-04,202.7330780029297,338.8500061035156,181.71426391601562,176.77999877929688,211.64999389648438,120.3499984741211,296.0221862792969,951.3383178710938,250.84812927246094,454.8599853515625,67.35160827636719,194.60133361816406,247.5041961669922,19.5,779.5887451171875,910.9176635742188,97.93728637695312,774.5509643554688,532.5464477539062,107.61384582519531,117.0989990234375,184.60000610351562,179.9700927734375,250.5528106689453,171.0,160.66000366210938,144.99867248535156,562.0131225585938,208.47999572753906,625.8612670898438,309.260009765625,179.9389190673828,130.6159210205078
2025-08-05,202.3043670654297,338.739990234375,178.0664520263672,174.30999755859375,213.75,118.12000274658203,291.259521484375,939.6478271484375,246.04629516601562,441.75,66.3977279663086,194.232177734375,246.2174835205078,20.190000534057617,764.09375,878.873046875,96.21559143066406,761.6712036132812,524.701904296875,108.90198516845703,114.78700256347656,181.0240020751953,178.23037719726562,253.66824340820312,169.08999633789062,173.27000427246094,144.21231079101562,558.1973266601562,205.77000427246094,622.688232421875,308.7200012207031,182.56813049316406,129.5352783203125
2025-08-06,212.60302734375,345.6199951171875,177.0625762939453,163.1199951171875,222.30999755859375,138.77999877929688,299.94970703125,964.4725952148438,247.7164764404297,451.69000244140625,68.05963897705078,195.6489715576172,247.7988739013672,20.40999984741211,774.2250366210938,883.7181396484375,95.4791488647461,770.1812133789062,521.908203125,108.62239074707031,117.8479995727539,182.46200561523438,179.3901824951172,254.4222869873047,172.88999938964844,179.5399932861328,143.35711669921875,565.2212524414062,210.5399932861328,627.4578247070312,319.9100036621094,183.07034301757812,130.99436950683594
2025-08-07,219.36245727539062,338.2699890136719,182.04225158691406,172.39999389648438,223.1300048828125,139.27999877929688,302.02777099609375,973.3251953125,239.474853515625,425.0,68.73817443847656,196.07801818847656,245.71653747558594,19.770000457763672,756.4852905273438,907.3759155273438,98.6737289428711,760.0449829101562,517.8319091796875,111.70791625976562,118.03700256347656,174.82400512695312,180.73997497558594,247.43740844726562,168.10000610351562,182.1999969482422,143.4160919189453,567.1340942382812,206.39999389648438,626.9322509765625,322.2699890136719,183.07034301757812,131.1138916015625
2025-08-08,228.65419006347656,341.04998779296875,183.75186157226562,172.75999450683594,222.69000244140625,139.17999267578125,303.23089599609375,976.8402709960938,239.10699462890625,424.489990234375,70.59675598144531,200.9669952392578,239.5756072998047,19.950000762939453,743.9601440429688,910.1018676757812,101.26124572753906,767.4974975585938,519.0248413085938,118.71774291992188,121.16400146484375,174.5019989013672,182.6696319580078,248.0922393798828,167.05999755859375,186.9600067138672,145.04782104492188,572.4244995117188,191.72999572753906,631.82080078125,329.6499938964844,184.36033630371094,132.42359924316406
2025-08-11,226.74781799316406,333.6499938964844,183.2648162841797,172.27999877929688,221.3000030517578,137.64999389648438,302.1669616699219,984.5674438476562,231.32266235351562,426.42999267578125,69.49537658691406,200.54794311523438,233.6719970703125,20.649999618530273,701.3389282226562,905.505615234375,101.51004028320312,764.0755615234375,518.7564697265625,123.54074096679688,121.83100128173828,171.2740020751953,182.0297393798828,250.70164489746094,168.1699981689453,182.67999267578125,145.4508514404297,570.7307739257812,191.8000030517578,630.5713500976562,339.0299987792969,180.90396118164062,131.5272216796875
2025-08-12,229.21310424804688,338.42999267578125,187.31021118164062,174.9499969482422,221.47000122070312,141.25,311.0460510253906,987.0669555664062,230.30862426757812,435.79998779296875,70.19356536865234,202.88267517089844,232.1590118408203,21.809999465942383,708.6791381835938,930.7254638671875,104.77428436279297,788.1489868164062,526.183349609375,127.56490325927734,122.52799987792969,170.68600463867188,183.1295623779297,251.87240600585938,175.39999389648438,186.97000122070312,151.11277770996094,577.904052734375,193.05999755859375,637.284423828125,340.8399963378906,190.0225067138672,133.56396484375
2025-08-13,232.88612365722656,351.07000732421875,188.88064575195312,184.4199981689453,224.55999755859375,138.00999450683594,307.327392578125,974.71923828125,235.6472930908203,432.1199951171875,69.22986602783203,201.50579833984375,237.40008544921875,22.219999313354492,706.9210205078125,944.603759765625,106.2272720336914,778.2523193359375,517.5734252929688,124.0899429321289,120.44400024414062,172.66000366210938,181.55982971191406,242.2681884765625,176.86000061035156,184.3699951171875,153.92408752441406,578.1930541992188,196.8699951171875,639.4659423828125,339.3800048828125,190.3376007080078,133.61375427246094
2025-08-14,232.33717346191406,348.5799865722656,187.1014862060547,180.9499969482422,230.97999572753906,136.47999572753906,309.4551696777344,971.27392578125,232.00865173339844,424.8599853515625,68.14815521240234,202.48358154296875,234.4729766845703,23.860000610351562,705.8582153320312,950.5032348632812,106.86419677734375,780.2974243164062,519.46240234375,125.10845947265625,123.05599975585938,170.1719970703125,181.98974609375,243.04209899902344,173.5500030517578,181.02000427246094,155.3985595703125,577.7448120117188,194.89999389648438,639.5254516601562,335.5799865722656,190.75120544433594,133.324951171875
2025-08-15,231.1494140625,354.8500061035156,160.78164672851562,177.50999450683594,231.02999877929688,137.3000030517578,304.5930480957031,967.9379272460938,241.02574157714844,427.8999938964844,65.09966278076172,203.44140625,237.05397033691406,24.559999465942383,711.9171752929688,870.4465942382812,99.0320053100586,783.3901977539062,517.1657104492188,120.69487762451172,123.8949966430664,173.447998046875,180.42001342773438,246.3361053466797,177.08999633789062,177.1699981689453,155.1626434326172,575.2041625976562,199.0800018310547,638.0281372070312,330.55999755859375,191.5980682373047,132.31402587890625
2025-08-18,230.45074462890625,357.239990234375,162.5409393310547,176.13999938964844,231.49000549316406,138.0399932861328,304.0163879394531,975.2171020507812,242.54681396484375,426.3399963378906,65.83720397949219,203.04232788085938,236.78695678710938,23.65999984741211,712.384033203125,880.765869140625,98.405029296875,765.572021484375,514.1134643554688,123.37098693847656,124.50900268554688,178.41000366210938,181.97975158691406,247.1199188232422,176.1699981689453,174.02999877929688,156.19476318359375,574.9749755859375,198.24000549316406,637.8893432617188,335.1600036621094,191.36172485351562,132.59786987304688
2025-08-19,230.1213836669922,361.0299987792969,161.23886108398438,166.5500030517578,228.00999450683594,132.77999877929688,293.2282409667969,976.7108154296875,244.56497192382812,418.6000061035156,65.6503677368164,201.11666870117188,238.5966033935547,25.309999465942383,696.3129272460938,873.4776000976562,99.84807586669922,749.71923828125,506.8257751464844,121.8731689453125,121.41500091552734,177.3560028076172,175.61080932617188,232.78305053710938,181.55999755859375,157.75,153.5898895263672,567.1739501953125,192.6300048828125,634.4286499023438,329.30999755859375,192.9471435546875,130.28225708007812
2025-08-20,225.5800323486328,353.42999267578125,159.98648071289062,165.1999969482422,223.80999755859375,131.47000122070312,289.50958251953125,990.3729248046875,245.01234436035156,419.1700134277344,65.99453735351562,198.87171936035156,239.8524932861328,23.540000915527344,694.4456176757812,875.83056640625,98.6737289428711,745.968017578125,502.7992248535156,117.04017639160156,121.38600158691406,178.0500030517578,175.370849609375,233.21958923339844,184.42999267578125,156.00999450683594,152.79368591308594,563.8065185546875,194.8000030517578,632.742919921875,323.8999938964844,197.703369140625,129.40081787109375
2025-08-21,224.47213745117188,353.42999267578125,159.32858276367188,163.7100067138672,221.9499969482422,132.02999877929688,287.9485168457031,965.587890625,244.39596557617188,414.05999755859375,65.90603637695312,199.3007354736328,236.7375030517578,23.5,693.0648803710938,869.7985229492188,97.93728637695312,737.3682250976562,502.15185546875,115.62223815917969,120.62100219726562,175.3939971923828,174.95091247558594,231.33450317382812,183.32000732421875,156.17999267578125,151.5059814453125,561.1962280273438,194.67999267578125,630.2044677734375,320.1099853515625,197.644287109375,128.9327392578125
2025-08-22,227.3267059326172,362.0899963378906,161.97010803222656,167.75999450683594,228.83999633789062,133.25,292.32342529296875,954.4949340820312,246.8415985107422,420.54998779296875,66.20105743408203,205.62649536132812,239.39759826660156,24.799999237060547,658.2010498046875,867.69482421875,99.5992660522461,753.021484375,505.1295166015625,117.5094985961914,120.46499633789062,177.35000610351562,177.96043395996094,234.51934814453125,185.8800048828125,158.74000549316406,155.31991577148438,569.85400390625,196.80999755859375,639.8823852539062,340.010009765625,202.9125518798828,130.68064880371094
2025-08-25,226.7278594970703,363.2099914550781,161.47171020507812,163.36000061035156,227.94000244140625,133.0399932861328,292.5521240234375,937.6065063476562,246.424072265625,418.8299865722656,66.02404022216797,208.02108764648438,236.7671661376953,24.549999237060547,652.5394897460938,876.937255859375,100.79349517822266,751.5349731445312,502.17181396484375,116.25131225585938,121.80699920654297,175.98800659179688,179.78012084960938,233.56686401367188,184.5500030517578,157.1699981689453,153.75698852539062,568.2101440429688,194.67999267578125,637.0662231445312,346.6000061035156,202.82394409179688,130.38682556152344
2025-08-26,228.87376403808594,354.9100036621094,163.983642578125,166.6199951171875,228.7100067138672,134.27000427246094,296.310546875,937.3676147460938,242.3181610107422,417.6000061035156,67.25326538085938,206.6741180419922,239.9315948486328,24.350000381469727,655.10205078125,885.4617919921875,103.13220977783203,752.3331298828125,499.96099853515625,116.3311996459961,122.60900115966797,172.9320068359375,181.7397918701172,232.3762664794922,184.22999572753906,160.8699951171875,156.46017456054688,570.4916381835938,194.35000610351562,639.733642578125,351.6700134277344,202.8337860107422,130.9844207763672
2025-08-27,230.05152893066406,356.3500061035156,163.86402893066406,167.1300048828125,229.1199951171875,133.27000427246094,298.53778076171875,945.5130615234375,248.70071411132812,422.6099853515625,67.30244445800781,207.01336669921875,242.11700439453125,24.850000381469727,658.7076416015625,886.2495727539062,103.1720199584961,745.62890625,504.64154052734375,117.57939147949219,122.3499984741211,177.5959930419922,181.56982421875,233.96372985839844,187.61000061035156,156.72000122070312,157.04995727539062,571.3684692382812,200.38999938964844,641.1912841796875,349.6000061035156,202.3315887451172,131.69154357910156
2025-08-28,232.11758422851562,353.9599914550781,164.74122619628906,168.5800018310547,231.60000610351562,136.22999572753906,306.8898620605469,940.9722900390625,253.0452117919922,442.0,68.27598571777344,211.16400146484375,242.9971160888672,24.93000030517578,663.7037963867188,891.3442993164062,103.58999633789062,749.3501586914062,507.529541015625,121.82322692871094,123.1449966430664,185.72000122070312,180.1400604248047,238.43844604492188,191.02000427246094,158.1199951171875,158.0624237060547,574.9451904296875,241.0,643.4620361328125,345.9800109863281,200.97265625,132.7323455810547
2025-08-29,231.69837951660156,356.70001220703125,160.24563598632812,162.6300048828125,229.0,136.5500030517578,295.6941223144531,939.3391723632812,254.75518798828125,423.70001220703125,67.94163513183594,212.43115234375,240.78204345703125,24.350000381469727,662.5119018554688,869.40966796875,99.66893005371094,736.96923828125,504.59173583984375,118.83756256103516,120.82499694824219,183.49200439453125,174.1510467529297,224.35952758789062,190.52000427246094,156.7100067138672,157.9936065673828,568.2898559570312,238.66000366210938,639.6245727539062,333.8699951171875,199.38723754882812,130.6956024169922
2025-09-02,229.28298950195312,345.6300048828125,157.06585693359375,162.32000732421875,225.33999633789062,135.8699951171875,296.53924560546875,934.8582153320312,251.3849639892578,413.5,66.67308044433594,210.8746795654297,238.8141632080078,24.209999084472656,657.5355834960938,843.8358154296875,96.56391906738281,733.3876342773438,503.0282287597656,118.30833435058594,121.41100311279297,182.28399658203125,170.75161743164062,223.53602600097656,190.52000427246094,157.08999633789062,156.07679748535156,563.527587890625,233.60000610351562,634.884765625,329.3599853515625,196.75802612304688,129.37591552734375
2025-09-03,238.01634216308594,348.5,155.7500762939453,162.1300048828125,225.99000549316406,137.3800048828125,300.6656188964844,945.77197265625,254.95404052734375,413.20001220703125,66.54523468017578,230.1412353515625,241.38525390625,24.0,664.1806030273438,841.3931884765625,97.2705078125,735.3231201171875,503.2572937011719,118.54798889160156,122.61799621582031,183.87600708007812,170.59165954589844,221.7004852294922,191.52999877929688,154.89999389648438,154.6023406982422,567.9610595703125,229.3300018310547,638.3255615234375,334.0899963378906,192.7501983642578,130.14779663085938
2025-09-04,239.3238525390625,344.30999755859375,157.7337188720703,161.7899932861328,235.67999267578125,141.1699981689453,304.3544616699219,951.8660888671875,242.58657836914062,412.4599914550781,66.85991668701172,231.7775421142578,244.4309844970703,24.610000610351562,663.793212890625,870.69580078125,99.93762969970703,746.8959350585938,505.866455078125,124.030029296875,125.74800109863281,179.71200561523438,171.63148498535156,221.2540283203125,192.35000610351562,156.13999938964844,157.8843994140625,573.1019897460938,221.89999389648438,643.660400390625,338.5299987792969,184.42926025390625,130.7902069091797
2025-09-05,239.2340087890625,348.9700012207031,162.22927856445312,151.13999938964844,232.3300018310547,142.85000610351562,332.98028564453125,959.4141235351562,249.2971954345703,417.6300048828125,65.78804016113281,234.4714813232422,245.76597595214844,24.489999771118164,668.292724609375,902.4014282226562,102.45547485351562,750.68701171875,492.9501647949219,131.17965698242188,124.38200378417969,182.75999450683594,166.9922637939453,230.97731018066406,194.4600067138672,153.11000061035156,158.01290893554688,573.9288940429688,225.5800018310547,641.7960815429688,350.8399963378906,185.05947875976562,130.89974975585938
2025-09-08,237.42745971679688,358.6600036621094,161.53150939941406,151.41000366210938,235.83999633789062,140.00999450683594,343.67889404296875,967.7487182617188,250.79840087890625,428.05999755859375,65.76836395263672,233.72247314453125,253.2418975830078,24.479999542236328,667.160400390625,906.2798461914062,104.56529235839844,750.5372924804688,496.13690185546875,131.26954650878906,124.47599792480469,187.86599731445312,168.2820281982422,236.61282348632812,197.3800048828125,156.10000610351562,158.40834045410156,576.728515625,226.52000427246094,643.3728637695312,346.3999938964844,182.98171997070312,131.8807830810547
2025-09-09,233.9041748046875,354.05999755859375,162.9768829345703,155.82000732421875,238.24000549316406,141.91000366210938,334.7501220703125,975.1175537109375,250.58961486816406,423.510009765625,66.22071838378906,239.30490112304688,256.2283020019531,24.440000534057617,666.375732421875,915.0037841796875,105.06289672851562,763.9059448242188,496.34600830078125,135.0440673828125,126.32499694824219,186.73399353027344,170.7316131591797,239.61911010742188,197.5500030517578,162.36000061035156,156.8463897705078,578.3624877929688,225.55999755859375,644.8601684570312,346.9700012207031,182.2037811279297,132.13475036621094
2025-09-10,226.35855102539062,350.1600036621094,162.8971405029297,159.5399932861328,230.3300018310547,150.72000122070312,367.4624938964844,952.2543334960938,241.1549835205078,424.8699951171875,66.99758911132812,238.84552001953125,254.0231170654297,24.770000457763672,651.8441772460938,929.859619140625,106.84429931640625,750.2180786132812,498.29791259765625,139.7971649169922,124.77100372314453,184.71400451660156,177.300537109375,325.75933837890625,197.3300018310547,166.74000549316406,157.13307189941406,578.5517578125,225.85000610351562,646.724365234375,347.7900085449219,181.19935607910156,134.53004455566406
2025-09-11,229.59239196777344,350.54998779296875,169.6055908203125,155.6699981689453,229.9499969482422,153.0399932861328,357.57916259765625,960.2505493164062,244.84335327148438,433.3800048828125,66.56490325927734,240.0438995361328,254.1516876220703,24.610000610351562,656.0755615234375,956.430419921875,115.02481842041016,749.1406860351562,498.9352722167969,150.35183715820312,120.3499984741211,187.656005859375,177.1505584716797,305.4496154785156,198.3300018310547,164.36000061035156,159.663818359375,581.919189453125,224.52999877929688,652.0987548828125,368.80999755859375,181.5341796875,134.98321533203125
2025-09-12,233.62472534179688,349.3599853515625,167.26312255859375,158.57000732421875,228.14999389648438,139.38999938964844,357.8177795410156,963.8154296875,241.3438720703125,436.1000061035156,65.42418670654297,240.4733123779297,250.62136840820312,24.079999923706055,641.6830444335938,961.1563110351562,116.39818572998047,753.8196411132812,507.7884521484375,157.00218200683594,118.84400177001953,185.79200744628906,177.80047607421875,289.89239501953125,196.2899932861328,171.42999267578125,159.98016357421875,584.4896240234375,221.14999389648438,651.8805541992188,395.94000244140625,179.81089782714844,134.8936004638672
2025-09-15,236.24969482421875,347.1000061035156,170.3831024169922,161.16000366210938,231.42999267578125,145.42999267578125,362.0137023925781,956.04833984375,241.10528564453125,444.7699890136719,65.90603637695312,251.26864624023438,253.39022827148438,24.770000457763672,646.9473876953125,985.9723510742188,118.63737487792969,762.9083251953125,513.225830078125,157.54141235351562,120.22599792480469,189.48399353027344,177.73048400878906,299.7744445800781,201.27999877929688,171.2100067138672,159.37713623046875,589.4910888671875,225.7899932861328,655.3511962890625,410.0400085449219,175.4781036376953,136.10865783691406
2025-09-16,237.6969451904297,352.7300109863281,172.9847412109375,160.4600067138672,234.0500030517578,142.16000366210938,357.9470520019531,948.05224609375,237.91400146484375,444.9800109863281,65.81753540039062,250.8192596435547,254.65597534179688,25.270000457763672,646.91748046875,987.6275024414062,119.89131927490234,777.1748046875,506.9320068359375,158.5898895263672,120.0510025024414,186.40199279785156,174.86080932617188,304.2491149902344,201.33999633789062,170.25999450683594,162.2637481689453,588.9929809570312,215.9499969482422,654.4488525390625,421.6199951171875,174.9168243408203,135.6355743408203
2025-09-17,238.5353546142578,362.07000732421875,177.56007385253906,159.16000366210938,231.6199951171875,142.83999633789062,344.1959228515625,958.966064453125,241.2163848876953,445.5,66.59440612792969,249.19146728515625,256.1986083984375,24.899999618530273,658.220947265625,986.9295654296875,121.31446075439453,773.9024658203125,507.9079284667969,159.75819396972656,122.8499984741211,190.07400512695312,170.27130126953125,299.0501403808594,203.1199951171875,168.3300018310547,163.37095642089844,587.8173217773438,217.9600067138672,653.6357421875,425.8599853515625,177.54603576660156,135.16744995117188
2025-09-18,237.42745971679688,367.4599914550781,189.15286254882812,157.9199981689453,231.22999572753906,146.66000366210938,343.380615234375,948.3410034179688,243.2779083251953,502.6300048828125,67.5384521484375,251.68807983398438,262.0528259277344,30.56999969482422,670.4183349609375,1043.5806884765625,125.71322631835938,778.4218139648438,506.3444519042969,168.64529418945312,120.77799987792969,189.54800415039062,176.2206573486328,294.297607421875,205.67999267578125,176.97000122070312,166.20814514160156,593.11767578125,222.11000061035156,656.6898193359375,416.8500061035156,178.84585571289062,137.5030059814453
2025-09-19,245.032958984375,365.8999938964844,189.4917755126953,157.38999938964844,231.47999572753906,149.61000061035156,342.9729309082031,947.1460571289062,246.0763702392578,502.54998779296875,67.07626342773438,254.3744354248047,263.437255859375,29.579999923706055,683.2910766601562,1041.7064208984375,126.31034088134766,776.5562744140625,515.7852172851562,162.49423217773438,122.6969985961914,192.22999572753906,176.6505889892578,306.24334716796875,208.19000244140625,182.38999938964844,164.94277954101562,597.1326904296875,230.47999572753906,659.9423217773438,426.07000732421875,176.63023376464844,138.89735412597656
2025-09-22,255.5928192138672,364.0799865722656,199.87843322753906,159.7899932861328,227.6300048828125,145.39999389648438,337.4351806640625,939.2794189453125,248.6656951904297,493.1400146484375,66.62390899658203,252.18740844726562,268.3519592285156,28.760000228881836,697.3658447265625,1068.06787109375,131.5649871826172,763.8824462890625,512.3196411132812,164.38148498535156,122.73699951171875,189.55599975585938,183.58984375,325.5807800292969,208.17999267578125,179.3300018310547,167.77996826171875,600.667724609375,229.5399932861328,663.0645141601562,434.2099914550781,176.8764190673828,140.9407196044922
2025-09-23,253.9459686279297,361.7799987792969,200.227294921875,160.89999389648438,220.7100067138672,144.08999633789062,337.5845642089844,939.617919921875,243.55674743652344,484.1000061035156,66.41739654541016,251.31858825683594,269.2122802734375,29.34000015258789,694.475341796875,1068.017822265625,131.2962646484375,754.1387939453125,507.1212463378906,166.1688995361328,121.84700012207031,185.53399658203125,178.410400390625,311.37286376953125,203.25,182.5500030517578,167.59214782714844,596.6779174804688,223.5399932861328,659.4551391601562,425.8500061035156,179.2594451904297,139.7240753173828
2025-09-24,251.8300018310547,353.2699890136719,200.7954864501953,160.8800048828125,220.2100067138672,142.63999938964844,337.9530944824219,941.281005859375,244.8813018798828,476.3299865722656,66.20105743408203,246.80471801757812,264.5546875,31.219999313354492,690.1148681640625,1065.4954833984375,127.95579528808594,759.3899536132812,508.0373840332031,161.4757080078125,120.3949966430664,186.6739959716797,176.9505615234375,306.044921875,200.6999969482422,179.55999755859375,171.56619262695312,594.583251953125,222.57000732421875,657.3569946289062,442.7900085449219,181.62278747558594,138.86146545410156
2025-09-25,256.3813171386719,354.1600036621094,198.9613800048828,161.27000427246094,218.14999389648438,143.05999755859375,334.75592041015625,939.3292236328125,239.9615478515625,473.0899963378906,66.72224426269531,245.45652770996094,278.30999755859375,33.9900016784668,688.0191040039062,1055.953857421875,127.7663345336914,747.6595458984375,504.9303283691406,156.602783203125,120.8239974975586,183.7220001220703,177.67050170898438,289.04901123046875,202.2100067138672,179.1199951171875,167.74041748046875,592.0198364257812,221.60000610351562,654.3242797851562,423.3900146484375,179.2594451904297,138.6171417236328
2025-09-26,254.97401428222656,360.3699951171875,203.26754760742188,159.4600067138672,219.77999877929688,142.5,333.19219970703125,912.084716796875,242.43138122558594,481.4200134277344,66.10272216796875,246.2055206298828,281.1480407714844,35.5,693.5615234375,1061.1285400390625,127.96575927734375,742.5081787109375,509.3419494628906,157.04212951660156,121.06099700927734,187.1999969482422,178.17044067382812,281.2406311035156,202.3699951171875,177.57000732421875,167.2659149169922,594.4535522460938,224.63999938964844,658.072998046875,440.3999938964844,181.7311248779297,139.03598022460938
2025-09-29,253.9459686279297,359.4200134277344,204.29425048828125,161.36000061035156,222.1699981689453,143.3699951171875,326.5887145996094,913.0007934570312,244.09454345703125,488.45001220703125,66.59440612792969,243.71890258789062,276.6882019042969,34.47999954223633,690.0155639648438,1060.9688720703125,130.71792602539062,742.1588134765625,512.4689331054688,163.6625213623047,120.64099884033203,188.1699981689453,181.83004760742188,280.546142578125,203.9600067138672,178.86000061035156,163.41049194335938,597.20654296875,225.25,659.9224243164062,443.2099914550781,180.4312744140625,139.77891540527344
2025-09-30,254.14559936523438,352.75,204.08493041992188,161.7899932861328,219.57000732421875,145.7100067138672,328.5906677246094,921.7238159179688,236.02777099609375,490.3800048828125,67.28276062011719,242.77020263671875,279.02197265625,33.54999923706055,678.3148193359375,1075.39599609375,133.5199432373047,733.15380859375,515.8051147460938,167.07757568359375,119.89199829101562,184.05599975585938,186.55950927734375,279.03802490234375,203.6199951171875,182.4199981689453,164.4583740234375,598.8424072265625,225.5500030517578,662.4082641601562,444.7200012207031,180.9236297607422,140.5418243408203
2025-10-01,254.9640350341797,343.7200012207031,217.0433349609375,164.00999450683594,220.6300048828125,149.27000427246094,332.0567626953125,913.4688110351562,234.72314453125,499.9599914550781,67.60728454589844,244.5677490234375,283.30377197265625,35.939998626708984,674.9277954101562,1125.5166015625,142.38470458984375,716.142333984375,517.5578002929688,181.8860626220703,117.08999633789062,182.48599243164062,187.21945190429688,286.7471923828125,206.8000030517578,184.9499969482422,164.58689880371094,601.7150268554688,230.5500030517578,664.6654663085938,459.4599914550781,177.63465881347656,141.9180145263672
2025-10-02,256.6408386230469,351.4800109863281,222.87460327148438,169.72999572753906,222.41000366210938,144.4600067138672,336.82757568359375,912.9012451171875,237.90005493164062,496.79998779296875,67.17459106445312,245.356689453125,283.53125,37.29999923706055,677.2719116210938,1135.8758544921875,146.5727996826172,725.8360595703125,513.6041870117188,183.48374938964844,116.25299835205078,182.02000427246094,188.8692626953125,286.5190124511719,209.3000030517578,187.0500030517578,166.919921875,604.188720703125,240.5399932861328,665.4309692382812,436.0,179.53518676757812,142.68589782714844
2025-10-03,257.5291442871094,346.739990234375,216.83399963378906,164.6699981689453,219.50999450683594,145.5,337.0168151855469,911.51708984375,239.3739776611328,489.8800048828125,67.19438171386719,245.0171356201172,285.16290283203125,36.83000183105469,675.3648071289062,1098.27783203125,145.39614868164062,709.3735961914062,515.20751953125,187.67530822753906,115.33200073242188,182.4720001220703,187.59939575195312,283.8996887207031,207.19000244140625,173.07000732421875,167.2461395263672,601.645263671875,235.08999633789062,665.421142578125,429.8299865722656,177.56573486328125,141.96788024902344
2025-10-06,256.2016906738281,350.1400146484375,223.19358825683594,203.7100067138672,220.89999389648438,149.5,334.1483459472656,907.0957641601562,244.77174377441406,495.95001220703125,68.17382049560547,250.09024047851562,286.20123291015625,36.59000015258789,665.5811767578125,1136.324462890625,148.72665405273438,714.465087890625,526.3811645507812,190.802734375,116.33100128173828,182.5679931640625,185.51962280273438,289.3070068359375,212.5800018310547,179.52999877929688,166.69253540039062,606.1636962890625,242.52000427246094,667.8074951171875,453.25,179.032958984375,143.40391540527344
2025-10-07,255.99208068847656,348.30999755859375,210.88311767578125,211.50999450683594,221.77999877929688,145.2899932861328,335.0646667480469,910.9395141601562,238.75653076171875,484.6199951171875,68.2529525756836,245.42657470703125,290.6017150878906,37.16999816894531,653.5625,1081.5177001953125,139.95164489746094,711.889404296875,521.8101196289062,185.53707885742188,119.10600280761719,180.84800720214844,185.01968383789062,282.0145263671875,211.0399932861328,182.1699981689453,163.56866455078125,602.9718627929688,234.80999755859375,665.3316040039062,433.0899963378906,174.34567260742188,142.44654846191406
2025-10-08,257.5690612792969,348.7699890136719,216.81407165527344,235.55999755859375,225.22000122070312,157.36000061035156,344.1183166503906,910.9395141601562,239.4436798095703,509.95001220703125,69.57864379882812,244.2881317138672,286.24078369140625,37.43000030517578,653.373779296875,1059.4334716796875,142.1354217529297,716.6414794921875,522.676513671875,196.3781280517578,121.42500305175781,182.86399841308594,189.0892333984375,286.3702087402344,217.7899932861328,183.55999755859375,165.85227966308594,609.88427734375,250.2100067138672,669.2990112304688,438.69000244140625,178.826171875,144.9446563720703
2025-10-09,253.55670166015625,347.4700012207031,219.5951385498047,232.88999938964844,227.74000549316406,158.22999572753906,343.6402282714844,938.9110107421875,244.32359313964844,509.1300048828125,69.21259307861328,241.2023162841797,285.02447509765625,37.79999923706055,641.7511596679688,1050.340576171875,140.59979248046875,732.2852783203125,520.2366943359375,192.17160034179688,123.10700225830078,183.58999633789062,192.54885864257812,295.1462707519531,215.1699981689453,185.47000122070312,163.76638793945312,609.1461181640625,250.6699981689453,667.3600463867188,435.5400085449219,176.2265167236328,144.70033264160156
2025-10-10,244.80340576171875,337.510009765625,209.27825927734375,214.89999389648438,216.3699951171875,154.10000610351562,323.331787109375,926.0853271484375,240.6885528564453,493.6600036621094,67.21417236328125,236.24905395507812,274.730224609375,36.369998931884766,638.6365356445312,979.8306884765625,130.99713134765625,704.1223754882812,508.84405517578125,181.450439453125,122.00800323486328,177.74200439453125,183.139892578125,291.1706848144531,208.5500030517578,175.44000244140625,151.8343505859375,588.0000610351562,242.1699981689453,649.32275390625,413.489990234375,169.077392578125,138.81161499023438
2025-10-13,247.18885803222656,339.32000732421875,218.7777557373047,216.4199981689453,220.07000732421875,147.4499969482422,355.2735290527344,931.6119384765625,247.7295684814453,508.6099853515625,66.73929595947266,243.8187713623047,274.1369323730469,37.220001220703125,652.4583129882812,1021.9552001953125,137.41885375976562,714.5050048828125,511.9212646484375,192.6112518310547,121.90299987792969,184.74000549316406,188.29933166503906,306.1287536621094,213.27999877929688,177.2100067138672,159.9307403564453,600.4782104492188,247.27000427246094,659.2860107421875,435.8999938964844,172.435302734375,142.1922607421875
2025-10-14,247.29864501953125,335.94000244140625,217.4918975830078,218.08999633789062,216.38999938964844,138.7899932861328,342.7538146972656,942.5156860351562,238.78640747070312,488.94000244140625,67.92648315429688,245.11700439453125,273.07879638671875,35.630001068115234,653.9309692382812,1022.6630859375,137.9174346923828,707.4668579101562,511.4432067871094,186.90594482421875,121.53500366210938,182.2519989013672,180.01022338867188,297.1737976074219,207.55999755859375,179.74000549316406,159.89120483398438,596.4783935546875,240.8300018310547,658.4805908203125,429.239990234375,171.28317260742188,140.3673095703125
2025-10-15,248.8656463623047,330.6300048828125,226.8518524169922,238.60000610351562,215.57000732421875,143.3800048828125,349.92498779296875,950.9598999023438,235.60948181152344,489.0199890136719,68.77729034423828,250.68943786621094,277.6276550292969,37.150001525878906,649.4829711914062,1083.781005859375,144.3690643310547,716.3519287109375,511.3038330078125,191.78192138671875,120.3290023803711,180.61000061035156,179.8102569580078,301.76556396484375,206.6999969482422,179.6199951171875,161.10714721679688,600.6876220703125,240.86000061035156,661.4039916992188,435.1499938964844,172.59286499023438,141.75845336914062
2025-10-16,246.979248046875,329.2300109863281,226.9914093017578,234.55999755859375,214.47000122070312,146.00999450683594,352.7337341308594,921.7138061523438,244.9908447265625,482.2300109863281,68.35188293457031,251.1188507080078,272.90081787109375,36.84000015258789,643.81103515625,1095.5360107421875,141.96591186523438,710.881103515625,509.4913330078125,202.36318969726562,118.35900115966797,178.8979949951172,181.7900390625,311.0882873535156,205.50999450683594,178.1199951171875,162.20443725585938,598.4633178710938,240.05999755859375,656.899658203125,428.75,172.7996368408203,141.86317443847656
2025-10-17,251.81002807617188,333.260009765625,224.2701416015625,233.0800018310547,213.0399932861328,143.10000610351562,347.9330139160156,932.3787231445312,242.08282470703125,484.6499938964844,69.38076782226562,252.95635986328125,278.1517333984375,37.0099983215332,658.1402587890625,1103.37255859375,141.10833740234375,715.7229614257812,511.4532165527344,202.2133331298828,119.93599700927734,180.72000122070312,183.19989013671875,289.53076171875,207.88999938964844,178.14999389648438,161.58164978027344,602.393310546875,240.74000549316406,660.62841796875,439.30999755859375,173.8828582763672,142.11248779296875
2025-10-20,261.7411193847656,343.3999938964844,227.4001007080078,240.55999755859375,216.47999572753906,146.47999572753906,347.8433532714844,932.1596069335938,253.23687744140625,503.6099853515625,69.89522552490234,256.2019348144531,280.4953918457031,38.099998474121094,661.503662109375,1149.46533203125,143.64114379882812,730.947509765625,514.6498413085938,206.59971618652344,123.85600280761719,183.50999450683594,182.6199493408203,275.487060546875,211.82000732421875,181.58999633789062,165.13059997558594,609.98388671875,245.6699981689453,667.499267578125,447.42999267578125,176.84686279296875,143.69810485839844
2025-10-21,262.2701110839844,357.54998779296875,225.2769012451172,238.02999877929688,222.02999877929688,145.94000244140625,341.2897033691406,933.543701171875,262.32940673828125,503.95001220703125,69.9644775390625,250.12020874023438,278.9131774902344,38.119998931884766,671.72314453125,1144.0216064453125,144.62832641601562,732.0457153320312,515.5162963867188,202.12339782714844,124.13500213623047,188.3000030517578,181.14010620117188,273.4694519042969,214.39999389648438,181.50999450683594,166.90016174316406,609.8244018554688,247.52000427246094,667.4892578125,442.6000061035156,178.07778930664062,143.77288818359375
2025-10-22,257.9583435058594,354.0899963378906,219.85430908203125,230.22999572753906,217.9499969482422,146.58999633789062,338.9391174316406,940.6934204101562,255.58721923828125,500.1099853515625,69.90512084960938,251.34854125976562,284.3124694824219,36.91999816894531,667.4741821289062,1111.0098876953125,140.84909057617188,732.1854248046875,518.3843383789062,198.30654907226562,111.63700103759766,187.1300048828125,180.2602081298828,270.99468994140625,212.4199981689453,175.49000549316406,167.3351287841797,603.9493408203125,241.6699981689453,664.0191040039062,438.9700012207031,168.10252380371094,142.35182189941406
2025-10-23,259.0861511230469,354.1199951171875,227.739013671875,234.99000549316406,221.08999633789062,152.75999450683594,342.9131774902344,938.0745239257812,254.00372314453125,521.97998046875,69.51927947998047,252.7366485595703,281.83038330078125,38.15999984741211,674.3900146484375,1155.55712890625,147.12123107910156,732.7744750976562,518.404296875,206.53976440429688,111.35900115966797,187.83399963378906,182.13999938964844,278.35943603515625,215.02000427246094,180.47999572753906,168.08642578125,609.0264282226562,252.99000549316406,667.9566650390625,448.9800109863281,169.55990600585938,144.14686584472656
2025-10-24,262.32000732421875,353.5199890136719,228.0181121826172,252.9199981689453,224.2100067138672,153.82000732421875,352.71380615234375,928.2063598632812,253.7846221923828,527.3200073242188,69.87543487548828,259.5674133300781,304.04058837890625,38.279998779296875,679.7337036132812,1179.306396484375,151.24948120117188,737.1271362304688,521.441650390625,218.83963012695312,109.46900177001953,186.03399658203125,186.23953247070312,281.5994873046875,217.11000061035156,184.6300048828125,167.00889587402344,615.52978515625,257.94000244140625,673.4155883789062,433.7200012207031,166.54664611816406,146.38568115234375
2025-10-27,268.2986145019531,357.79998779296875,230.58985900878906,259.6700134277344,226.97000122070312,156.80999755859375,360.6021423339844,925.9259643554688,254.4219970703125,529.7000122070312,70.62731170654297,268.9046630859375,309.60797119140625,39.540000915527344,680.0321655273438,1211.5203857421875,156.4546661376953,749.56640625,529.3189697265625,219.9187469482422,109.45600128173828,189.25799560546875,191.46897888183594,279.6812744140625,220.2899932861328,189.17999267578125,185.53468322753906,626.4918823242188,265.9700012207031,681.3603515625,452.4200134277344,166.82237243652344,149.0882110595703
2025-10-28,268.4882507324219,359.9100036621094,226.91165161132812,258.010009765625,229.25,156.77000427246094,371.47845458984375,920.260009765625,253.21694946289062,546.9400024414062,71.84417724609375,267.1071472167969,309.0937805175781,41.529998779296875,675.5941162109375,1202.45751953125,155.17828369140625,750.1853637695312,539.8251953125,221.7272491455078,110.25,187.58200073242188,201.0079345703125,279.11474609375,221.3800048828125,189.60000610351562,178.960693359375,631.3095703125,267.04998779296875,683.1700439453125,460.54998779296875,164.3605499267578,150.5641326904297
2025-10-29,269.1869201660156,337.8599853515625,234.99571228027344,264.3299865722656,230.3000030517578,162.02999877929688,384.43646240234375,908.5695190429688,250.42845153808594,545.5,70.56795501708984,274.197509765625,304.7822570800781,41.34000015258789,652.8165283203125,1231.610595703125,160.21395874023438,750.4149780273438,539.3073120117188,226.443359375,110.04100036621094,182.33999633789062,207.01727294921875,273.6185302734375,217.16000366210938,198.80999755859375,176.62767028808594,634.15234375,269.70001220703125,683.4981689453125,461.510009765625,157.8121337890625,151.6461639404297
2025-10-30,270.8836669921875,339.239990234375,231.8059539794922,254.83999633789062,222.86000061035156,158.44000244140625,374.9644775390625,916.2968139648438,255.59713745117188,538.6799926757812,72.1310806274414,281.09814453125,306.6116638183594,40.15999984741211,652.9558715820312,1210.8026123046875,160.55299377441406,665.357177734375,523.582763671875,223.82550048828125,108.9000015258789,186.93600463867188,202.8677215576172,255.32101440429688,218.27000427246094,194.5500030517578,175.23377990722656,624.45703125,271.17999267578125,675.98095703125,440.1000061035156,158.0583038330078,149.78131103515625
2025-10-31,269.85565185546875,340.30999755859375,232.3542022705078,256.1199951171875,244.22000122070312,157.69000244140625,368.1518249511719,908.8876953125,259.34173583984375,543.010009765625,72.32894134521484,280.80853271484375,303.99114990234375,39.9900016784668,664.2699584960938,1205.1494140625,157.01307678222656,647.2674560546875,515.6656494140625,223.58570861816406,111.88600158691406,183.8560028076172,202.4677734375,261.00604248046875,220.24000549316406,200.47000122070312,178.83216857910156,627.4693603515625,274.8800048828125,678.1983642578125,456.55999755859375,160.41294860839844,149.9259033203125
2025-11-03,268.53814697265625,337.4700012207031,236.94944763183594,259.6499938964844,254.0,157.58999633789062,361.1001281738281,925.4310302734375,260.2679138183594,551.9199829101562,73.65462493896484,283.3350830078125,301.3409729003906,39.5,672.8675537109375,1215.5184326171875,160.7823486328125,636.645263671875,514.888916015625,234.50669860839844,110.00900268554688,182.76800537109375,206.85728454589844,256.275146484375,219.22999572753906,207.17999267578125,178.6542510986328,630.4716796875,277.1400146484375,679.4711303710938,468.3699951171875,160.41294860839844,150.53921508789062
2025-11-04,269.5262756347656,335.3500061035156,229.45350646972656,250.0500030517578,249.32000732421875,153.5500030517578,350.5325622558594,938.0953369140625,253.39622497558594,533.9199829101562,71.5473861694336,277.1634826660156,297.5041198730469,37.029998779296875,657.1749877929688,1189.9447021484375,155.3378448486328,626.2725830078125,512.2001342773438,217.85043334960938,109.2959976196289,177.51400756835938,198.66818237304688,246.6542510986328,214.52000427246094,190.74000549316406,170.8643035888672,617.6743774414062,265.4200134277344,671.4169921875,444.260009765625,158.32656860351562,146.565185546875
2025-11-05,269.6260986328125,335.5299987792969,240.1192626953125,256.3299865722656,250.1999969482422,140.4199981689453,357.54443359375,932.4014282226562,251.6434326171875,534.1400146484375,71.32972717285156,283.9242858886719,303.3582458496094,38.380001068115234,652.1100463867188,1223.454833984375,164.58154296875,634.88818359375,505.0597839355469,237.3043975830078,109.84600067138672,175.92599487304688,195.18858337402344,248.78118896484375,213.17999267578125,187.89999389648438,177.66567993164062,621.6941528320312,264.7900085449219,673.7437133789062,462.07000732421875,162.50926208496094,147.1385955810547
2025-11-06,269.25677490234375,327.3500061035156,232.78282165527344,237.6999969482422,243.0399932861328,134.02000427246094,354.16796875,920.983642578125,238.2884521484375,532.52001953125,70.28105926513672,284.36370849609375,308.9454345703125,37.2400016784668,650.4283447265625,1202.81640625,161.7296600341797,617.9065551757812,495.04144287109375,238.1337127685547,109.7020034790039,171.75399780273438,188.05935668945312,242.3109588623047,211.3699951171875,175.0500030517578,171.22019958496094,610.1136474609375,264.7200012207031,666.514892578125,445.9100036621094,160.33346557617188,144.18177795410156
2025-11-07,267.9592590332031,326.95001220703125,229.33389282226562,233.5399932861328,244.41000366210938,134.64999389648438,348.0325927734375,920.1459350585938,238.8959503173828,539.8099975585938,70.31073760986328,278.4516906738281,302.9726257324219,38.130001068115234,645.661865234375,1189.824951171875,158.89772033691406,620.6719360351562,494.7626037597656,237.72406005859375,110.36599731445312,172.37399291992188,188.1293487548828,237.7986602783203,212.2899932861328,177.92999267578125,168.9365997314453,608.1885375976562,262.8599853515625,667.1710815429688,429.5199890136719,159.50885009765625,143.68313598632812
2025-11-10,269.1781311035156,328.8500061035156,234.32785034179688,243.97999572753906,248.39999389648438,137.25999450683594,356.9568176269531,912.9861450195312,240.71844482421875,557.530029296875,71.31983184814453,289.7064208984375,307.37750244140625,38.45000076293945,650.0601806640625,1214.3319091796875,165.8977813720703,630.7051391601562,503.90460205078125,253.0913848876953,112.00700378417969,173.25999450683594,199.0281524658203,239.3590850830078,216.5399932861328,193.61000061035156,169.6088409423828,621.6442260742188,268.510009765625,677.5819091796875,445.2300109863281,159.5386505126953,147.3579864501953
2025-11-11,274.99267578125,333.2200012207031,227.93836975097656,237.52000427246094,249.10000610351562,134.92999267578125,350.552490234375,911.2908935546875,243.49700927734375,556.72998046875,70.94389343261719,290.9147644042969,311.94146728515625,37.880001068115234,651.1050415039062,1187.3624267578125,158.7281951904297,626.0330200195312,506.573486328125,240.91143798828125,113.64399719238281,172.13400268554688,193.1387939453125,234.70767211914062,218.27000427246094,190.9600067138672,171.99127197265625,619.9884643554688,271.260009765625,679.1329956054688,439.6199951171875,158.69415283203125,146.10147094726562
2025-11-12,273.21435546875,337.04998779296875,229.9917755126953,258.8900146484375,244.1999969482422,134.97999572753906,353.7994689941406,911.4305419921875,245.01077270507812,545.8599853515625,73.16986083984375,286.3210144042969,313.1943359375,37.88999938964844,656.0604858398438,1195.4083251953125,160.9618377685547,607.9931640625,509.0233154296875,244.6982879638672,115.75,172.80799865722656,193.7787322998047,225.60362243652344,210.0399932861328,184.1699981689453,174.65052795410156,619.4996948242188,269.82000732421875,679.5108642578125,430.6000061035156,162.03236389160156,146.5552215576172
2025-11-13,272.6948547363281,333.6000061035156,222.51576232910156,247.9600067138672,237.5800018310547,130.3000030517578,338.62042236328125,922.4793701171875,239.4436798095703,529.780029296875,76.5533218383789,278.19207763671875,303.1316833496094,35.90999984741211,646.9156494140625,1158.26904296875,152.8848419189453,608.8717041015625,501.205810546875,236.75485229492188,115.4229965209961,169.93800354003906,186.8394775390625,216.2411651611328,204.77000427246094,172.13999938964844,172.50534057617188,606.8519897460938,256.9200134277344,668.2350463867188,401.989990234375,161.17794799804688,142.90029907226562
2025-11-14,272.15533447265625,331.1099853515625,225.286865234375,246.80999755859375,234.69000244140625,131.3699951171875,341.0904541015625,920.38525390625,242.6604461669922,537.5499877929688,77.16670227050781,276.0350036621094,303.9570007324219,35.52000045776367,659.1552124023438,1130.9503173828125,147.8391876220703,608.4424438476562,508.0672912597656,246.626708984375,111.21700286865234,170.08599853515625,190.1491241455078,221.48890686035156,205.25,174.00999450683594,171.99127197265625,607.310791015625,257.0199890136719,668.125732421875,404.3500061035156,158.2967529296875,143.67816162109375
2025-11-17,267.2099609375,325.07000732421875,227.97824096679688,240.52000427246094,232.8699951171875,127.26000213623047,341.27972412109375,910.0244750976562,236.05763244628906,529.780029296875,76.94905090332031,284.63330078125,295.48529052734375,34.709999084472656,642.8059692382812,1132.228759765625,147.0414581298828,601.0048217773438,505.388427734375,241.75074768066406,110.29000091552734,167.1580047607422,186.5795135498047,218.5171661376953,202.89999389648438,171.25,164.8439178466797,602.1240234375,252.7899932861328,661.901123046875,408.9200134277344,153.9849090576172,141.4293670654297
2025-11-18,267.19000244140625,324.4700012207031,224.39971923828125,230.2899932861328,222.5500030517578,123.44999694824219,339.1383056640625,892.563720703125,232.5421142578125,513.6699829101562,76.5434341430664,283.8943176269531,288.3062438964844,34.33000183105469,646.5374755859375,1121.632568359375,142.8334503173828,596.6920776367188,491.74517822265625,228.3118133544922,114.08999633789062,163.593994140625,181.340087890625,219.14332580566406,201.0,167.3300018310547,163.17324829101562,594.792724609375,254.50999450683594,656.3428344726562,401.25,156.2998046875,139.13072204589844
2025-11-19,268.3089294433594,318.1099853515625,234.37770080566406,223.5500030517578,222.69000244140625,124.80999755859375,353.0026550292969,888.0963134765625,226.9451904296875,520.5900268554688,77.55253601074219,292.4127502441406,286.8942565917969,35.11000061035156,647.4232177734375,1165.9449462890625,148.37765502929688,589.3343505859375,485.102783203125,225.73394775390625,110.0,163.2899932861328,186.49951171875,224.15252685546875,199.89999389648438,165.4199981689453,164.21124267578125,598.3436889648438,252.97999572753906,658.87841796875,403.989990234375,156.07127380371094,140.09805297851562
2025-11-20,266.0010986328125,312.3999938964844,219.95567321777344,206.02000427246094,217.13999938964844,119.58999633789062,345.4330749511719,890.7787475585938,224.44546508789062,501.30999755859375,74.63404846191406,289.05731201171875,288.753662109375,33.619998931884766,634.3079223632812,1101.019287109375,139.1938018798828,588.1663818359375,477.3404846191406,201.2041473388672,105.66999816894531,160.0919952392578,180.6201629638672,209.40316772460938,185.07000732421875,155.7449951171875,157.76577758789062,584.1798095703125,244.66000366210938,648.8355712890625,395.2300109863281,152.33566284179688,135.7001953125
2025-11-21,271.2361755371094,324.19000244140625,223.73095703125,203.77999877929688,220.69000244140625,117.43000030517578,338.83953857421875,896.482666015625,226.17832946777344,490.6700134277344,75.28700256347656,299.2534484863281,295.7537536621094,34.5,659.8916015625,1095.6962890625,142.24510192871094,593.2578125,471.04486083984375,207.19920349121094,104.30999755859375,162.68600463867188,178.86036682128906,197.54603576660156,182.89999389648438,154.85000610351562,161.43336486816406,588.568603515625,234.02999877929688,655.2987670898438,391.0899963378906,158.36630249023438,136.2237548828125
2025-11-24,275.6620788574219,318.7300109863281,230.62237548828125,215.0500030517578,226.27999877929688,122.16999816894531,376.4485168457031,883.62890625,225.88954162597656,506.82000732421875,75.42549896240234,318.14776611328125,302.3958740234375,35.790000915527344,650.0203247070312,1135.2548828125,149.95318603515625,612.0264282226562,472.92059326171875,223.74557495117188,106.97000122070312,163.16799926757812,182.52996826171875,199.05674743652344,183.88999938964844,162.25,163.17324829101562,603.6201782226562,241.99000549316406,664.9437866210938,417.7799987792969,160.2142333984375,139.4697723388672
2025-11-25,276.7110900878906,319.54998779296875,242.15798950195312,206.1300048828125,229.6699981689453,125.04000091552734,383.4902648925781,891.8157958984375,233.15957641601562,512.3400268554688,75.50464630126953,323.0011901855469,302.75384521484375,35.83000183105469,644.8856811523438,1144.4029541015625,151.49876403808594,635.15771484375,475.90374755859375,224.34507751464844,104.4000015258789,165.06199645996094,177.80047607421875,195.82659912109375,186.27000427246094,163.5500030517578,161.43336486816406,607.3406982421875,250.32000732421875,671.1981811523438,419.3999938964844,160.72093200683594,139.84375
2025-11-26,277.29052734375,317.5199890136719,249.65863037109375,214.24000549316406,229.16000366210938,127.6500015258789,395.9801025390625,905.7066650390625,227.21405029296875,501.5400085449219,75.25731658935547,319.5159606933594,301.49102783203125,36.810001373291016,626.0387573242188,1157.5657958984375,154.6996612548828,632.5521240234375,484.3943786621094,230.0703582763672,106.13999938964844,160.54400634765625,180.24020385742188,203.7081756591797,185.35000610351562,165.77000427246094,163.2523193359375,612.70703125,248.66000366210938,675.8318481445312,426.5799865722656,164.27772521972656,141.49917602539062
2025-11-28,278.5893249511719,320.1300048828125,251.935791015625,217.52999877929688,233.22000122070312,130.67999267578125,401.3485412597656,911.021728515625,229.59425354003906,509.1600036621094,76.11802673339844,319.74560546875,306.8305969238281,40.560001373291016,630.9644165039062,1173.944580078125,155.55722045898438,646.8681640625,490.88958740234375,236.2852325439453,107.58000183105469,162.48199462890625,176.98056030273438,200.71653747558594,190.1300048828125,168.4499969482422,166.16860961914062,617.6743774414062,251.24000549316406,679.5208129882812,430.1700134277344,167.1787872314453,142.71580505371094
2025-12-01,282.8353576660156,322.8500061035156,254.43267822265625,219.75999450683594,233.8800048828125,128.11000061035156,384.5360412597656,909.396240234375,231.8748779296875,504.1300048828125,75.2276382446289,314.4627990722656,303.9371032714844,40.0099983215332,628.5165405273438,1155.6783447265625,154.35064697265625,639.7999877929688,485.6315612792969,240.26197814941406,109.12999725341797,164.41400146484375,179.90025329589844,199.7127227783203,187.72999572753906,167.49000549316406,166.11917114257812,615.599609375,252.0,676.4185180664062,430.1400146484375,167.0695037841797,142.7806396484375
2025-12-02,285.9224548339844,322.80999755859375,264.9994812011719,215.24000549316406,234.4199981689453,127.22000122070312,380.0440979003906,919.43798828125,233.74717712402344,516.5499877929688,76.04877471923828,315.38153076171875,300.06915283203125,43.470001220703125,632.5068359375,1188.31591796875,157.7410125732422,646.01953125,488.8841552734375,239.2927703857422,109.3499984741211,164.87600708007812,181.44007873535156,199.8717498779297,189.8800048828125,170.69000244140625,168.748779296875,620.4173583984375,259.67999267578125,677.67138671875,429.239990234375,174.12344360351562,144.25157165527344
2025-12-03,283.8843688964844,326.7799987792969,268.2953796386719,217.60000610351562,232.3800048828125,127.80000305175781,379.087890625,919.6672973632812,237.74070739746094,524.1699829101562,76.91936492919922,319.1963806152344,300.9043884277344,43.7599983215332,644.4976196289062,1210.177490234375,159.55882263183594,638.5321044921875,476.64208984375,233.9671630859375,103.95999908447266,166.5800018310547,179.57028198242188,206.46124267578125,193.6300048828125,176.0800018310547,173.06883239746094,621.9335327148438,265.0,680.0180053710938,446.739990234375,181.41586303710938,144.5956268310547
2025-12-04,280.4375915527344,328.7300109863281,269.1043701171875,215.97999572753906,229.11000061035156,128.5500030517578,379.5062561035156,893.3414916992188,246.44485473632812,513.1199951171875,76.92926025390625,317.1890869140625,306.2439270019531,40.5,659.8219604492188,1206.51220703125,156.90200805664062,660.4254760742188,479.7449951171875,226.4633331298828,103.22000122070312,167.7740020751953,183.37008666992188,213.0209503173828,195.67999267578125,177.9199981689453,173.2377471923828,621.35498046875,234.77000427246094,680.51513671875,454.5299987792969,178.95193481445312,145.13414001464844
2025-12-05,278.5193786621094,346.260009765625,267.6661682128906,217.97000122070312,229.52999877929688,128.58999633789062,388.6794128417969,892.1648559570312,259.5010681152344,512.030029296875,77.13702392578125,320.8341064453125,306.1942443847656,41.40999984741211,670.3201293945312,1212.8839111328125,158.5100860595703,672.2955932617188,482.0597229003906,237.02464294433594,100.23999786376953,170.8719940185547,182.40013122558594,216.25108337402344,198.83999633789062,181.75999450683594,173.69479370117188,623.8884887695312,228.7899932861328,681.8078002929688,455.0,181.35623168945312,146.19619750976562
2025-12-08,277.6302185058594,339.1199951171875,267.82598876953125,221.11000061035156,226.88999938964844,129.11000061035156,399.4960021972656,885.0250244140625,258.46533203125,515.1900024414062,78.01750946044922,313.49932861328125,307.42718505859375,40.29999923706055,653.0155639648438,1223.0008544921875,162.54525756835938,665.6866455078125,489.9018249511719,246.71664428710938,96.79000091552734,170.70399475097656,185.5399627685547,219.1929931640625,195.35000610351562,181.49000549316406,174.1916046142578,622.6915893554688,225.30999755859375,679.7594604492188,439.5799865722656,179.76661682128906,147.22335815429688
2025-12-09,276.9208679199219,344.32000732421875,266.8072509765625,221.6199951171875,227.9199981689453,130.0399932861328,404.66522216796875,885.9423828125,259.94921875,517.97998046875,78.66057586669922,316.85693359375,308.7198486328125,40.5,652.5280151367188,1224.01953125,165.611572265625,655.8630981445312,490.8995361328125,252.21212768554688,96.70999908447266,170.98199462890625,184.95999145507812,220.1769561767578,195.0,181.83999633789062,174.87721252441406,623.4595947265625,222.60000610351562,679.1727294921875,445.1700134277344,178.3558349609375,147.6123046875
2025-12-10,278.5193786621094,343.1300048828125,274.8072509765625,221.4199981689453,231.77999877929688,132.36000061035156,411.3185119628906,871.9517822265625,263.1161804199219,519.5399780273438,79.39266204833984,319.9847412109375,310.8974304199219,40.779998779296875,659.1751098632812,1237.30224609375,168.0586395263672,649.0444946289062,477.4701843261719,263.4927978515625,92.70999908447266,170.71200561523438,183.77005004882812,221.64791870117188,192.9600067138672,187.91000366210938,181.047607421875,626.0130615234375,216.5500030517578,683.6771850585938,451.45001220703125,180.49188232421875,148.32032775878906
2025-12-11,277.77008056640625,350.42999267578125,269.7735290527344,221.42999267578125,230.27999877929688,134.38999938964844,404.7449035644531,881.9935302734375,261.2737731933594,517.6500244140625,78.42312622070312,312.210205078125,308.9783630371094,39.5099983215332,672.6884155273438,1244.5628662109375,168.50811767578125,651.6202392578125,482.3690185546875,258.24713134765625,94.08999633789062,173.4980010986328,180.92019653320312,197.635498046875,190.36000061035156,187.5399932861328,180.1136016845703,623.98828125,220.50999450683594,685.26806640625,446.8900146484375,180.49188232421875,147.56243896484375
2025-12-12,278.0198669433594,356.42999267578125,258.8871154785156,210.77999877929688,226.19000244140625,124.76000213623047,358.4906005859375,881.9835205078125,261.154296875,504.7799987792969,76.96884155273438,309.07244873046875,307.4868469238281,37.810001373291016,667.6333618164062,1192.3707275390625,160.32791137695312,643.1543579101562,477.4402770996094,240.94140625,95.19000244140625,173.01199340820312,175.01052856445312,188.80972290039062,191.69000244140625,183.57000732421875,177.152587890625,612.0587158203125,217.92999267578125,677.9000244140625,458.9599914550781,178.2564697265625,143.29421997070312
2025-12-15,273.8537292480469,351.1499938964844,260.9445495605469,207.5800018310547,222.5399932861328,125.88999938964844,338.4510803222656,858.1407470703125,253.53564453125,487.4700012207031,77.41403198242188,308.003173828125,306.91015625,37.5099983215332,651.3836059570312,1223.5201416015625,164.1033935546875,646.9561157226562,473.73870849609375,237.3043975830078,93.7699966430664,153.0399932861328,176.28045654296875,183.79055786132812,185.8800048828125,183.25,178.1164093017578,608.9865112304688,215.27999877929688,676.8758544921875,475.30999755859375,176.8158721923828,141.90805053710938
2025-12-16,274.353271484375,347.8900146484375,258.517578125,209.1699981689453,222.55999755859375,126.12999725341797,339.93511962890625,857.9712524414062,253.86428833007812,488.5299987792969,76.72151184082031,306.3543395996094,301.4612121582031,37.310001373291016,666.0610961914062,1221.782470703125,163.0646209716797,656.587890625,475.3051452636719,232.31849670410156,94.56999969482422,156.2239990234375,177.71038818359375,187.49777221679688,187.08999633789062,187.75,174.99644470214844,610.1934204101562,220.60000610351562,675.0264282226562,489.8800048828125,176.40853881835938,142.16732788085938
2025-12-17,271.58587646484375,354.6600036621094,247.96075439453125,198.11000061035156,221.27000427246094,122.36000061035156,324.7162170410156,860.2249145507812,257.0810546875,470.0199890136719,75.18806457519531,296.5112609863281,301.6004333496094,36.04999923706055,657.5333251953125,1170.4990234375,154.79454040527344,648.9443969726562,475.0357360839844,225.3342742919922,94.79000091552734,156.47799682617188,170.93075561523438,177.37002563476562,183.44000244140625,177.2899932861328,171.2405548095703,598.8822631835938,216.2899932861328,667.5986938476562,467.260009765625,173.3584442138672,139.0060577392578
2025-12-18,271.935546875,355.80999755859375,253.18423461914062,201.05999755859375,226.75999450683594,124.62000274658203,328.5608215332031,855.1791381835938,257.20672607421875,477.260009765625,76.12791442871094,302.2472229003906,298.7467041015625,36.279998779296875,665.5934448242188,1220.8037109375,164.50289916992188,663.881591796875,482.87786865234375,248.34530639648438,94.0,153.3800048828125,174.1305694580078,178.930419921875,185.8800048828125,185.69000244140625,173.07876586914062,607.5601806640625,221.30999755859375,672.6399536132812,483.3699951171875,175.04742431640625,141.15013122558594
2025-12-19,273.4141845703125,355.8599853515625,256.0906066894531,213.42999267578125,227.35000610351562,131.1199951171875,338.9988708496094,853.2146606445312,259.2615966796875,481.2799987792969,77.58220672607422,306.9439392089844,299.2737121582031,36.81999969482422,668.0015869140625,1244.053466796875,172.06385803222656,658.2064819335938,484.8134460449219,265.7010192871094,94.38999938964844,155.30999755859375,180.98020935058594,190.79751586914062,186.8800048828125,193.3800048828125,174.13198852539062,615.4799194335938,222.4600067138672,678.7363891601562,481.20001220703125,175.14675903320312,144.20172119140625
2025-12-22,270.7166748046875,357.5299987792969,258.6873779296875,214.9499969482422,228.42999267578125,130.72999572753906,340.7352600097656,847.6104125976562,263.9698181152344,483.1400146484375,77.27552032470703,309.56207275390625,301.07342529296875,36.369998931884766,671.892333984375,1264.017578125,175.05026245117188,660.9341430664062,483.81573486328125,276.3622131347656,93.2300033569336,156.67999267578125,183.6800537109375,197.16836547851562,189.49000549316406,193.97999572753906,173.1085662841797,618.4302368164062,226.83999633789062,682.96484375,488.7300109863281,177.66036987304688,144.979736328125
2025-12-23,272.1053771972656,352.4200134277344,259.9058532714844,214.89999389648438,232.13999938964844,131.32000732421875,348.5887756347656,852.386962890625,262.7727966308594,478.8399963378906,77.18648529052734,314.1288757324219,302.0578308105469,36.349998474121094,670.8275756835938,1267.103515625,174.9503936767578,664.3711547851562,485.7413330078125,276.04248046875,93.5,154.36000061035156,189.19976806640625,194.14691162109375,188.1199951171875,194.1300048828125,173.6351776123047,621.3265380859375,225.10000610351562,686.0863037109375,485.55999755859375,175.93165588378906,145.7687530517578
2025-12-24,273.55401611328125,352.9800109863281,260.4551696777344,215.0399932861328,232.3800048828125,130.77000427246094,349.48687744140625,869.4089965820312,264.5982666015625,477.1099853515625,77.18648529052734,313.8690490722656,302.8334045410156,36.15999984741211,671.5142822265625,1275.332763671875,177.1177978515625,666.9789428710938,486.90863037109375,286.4438781738281,93.63999938964844,152.58999633789062,188.59979248046875,196.28379821777344,187.22000122070312,194.1699981689453,173.65505981445312,623.144287109375,221.92999267578125,688.4996948242188,485.3999938964844,175.9813232421875,146.1183319091797
2025-12-26,273.1444091796875,353.79998779296875,261.5737609863281,214.99000549316406,232.52000427246094,131.83999633789062,351.39288330078125,870.894775390625,265.4161682128906,481.19000244140625,77.32498931884766,313.2894592285156,303.3603820800781,36.20000076293945,673.2257690429688,1277.939453125,177.85691833496094,662.7225952148438,486.599365234375,284.5554504394531,94.47000122070312,153.88999938964844,190.51968383789062,196.78074645996094,188.4499969482422,188.7100067138672,173.69479370117188,623.1043090820312,223.8800048828125,688.4298706054688,475.19000244140625,175.7329559326172,146.34803771972656
2025-12-29,273.50408935546875,353.1600036621094,262.7223205566406,215.61000061035156,232.07000732421875,134.14999389648438,348.65863037109375,865.4003295898438,265.5658264160156,475.9100036621094,76.95894622802734,313.33941650390625,304.0066833496094,36.68000030517578,670.8375854492188,1258.75439453125,175.65953063964844,658.1265258789062,485.9907531738281,294.24639892578125,94.1500015258789,154.5800018310547,188.20980834960938,194.18667602539062,186.85000610351562,184.17999267578125,172.32359313964844,620.088134765625,222.89999389648438,685.9765625,459.6400146484375,174.5506591796875,145.68885803222656
2025-12-30,272.82470703125,352.510009765625,259.64617919921875,215.33999633789062,232.52999877929688,132.44000244140625,349.1176452636719,863.2164916992188,265.2566223144531,475.6300048828125,76.5830078125,313.6292419433594,300.3376159667969,37.29999923706055,666.5885009765625,1242.0361328125,173.57203674316406,665.3803100585938,486.3699035644531,292.5071105957031,93.77999877929688,154.22999572753906,187.52984619140625,196.00550842285156,186.85000610351562,180.83999633789062,172.5421905517578,618.64990234375,222.0500030517578,685.138916015625,454.42999267578125,174.28240966796875,145.22943115234375
2025-12-31,271.6058349609375,349.989990234375,256.6698913574219,214.16000366210938,230.82000732421875,131.02999877929688,345.3755187988281,859.9158325195312,264.2491149902344,468.760009765625,76.20706176757812,312.7798156738281,294.5307312011719,36.900001525878906,659.1651611328125,1213.503173828125,170.9751434326172,659.5253295898438,482.5186767578125,285.2901611328125,93.76000213623047,153.19000244140625,186.4899139404297,193.71954345703125,184.1999969482422,177.75,169.9587860107422,613.536376953125,219.36000061035156,680.062744140625,449.7200012207031,172.36492919921875,143.7912139892578
2026-01-02,270.75665283203125,333.29998779296875,268.53509521484375,223.47000122070312,226.5,133.60000610351562,346.8923034667969,852.0977783203125,252.98727416992188,453.5799865722656,75.63018798828125,314.9283142089844,289.8474426269531,39.380001068115234,626.3671875,1272.8160400390625,184.8385467529297,649.8535766601562,471.8630065917969,315.2875671386719,90.98999786376953,147.4499969482422,188.83978271484375,194.51467895507812,179.3699951171875,167.86000061035156,171.87646484375,612.347900390625,216.7100067138672,681.309326171875,438.07000732421875,176.36880493164062,144.1208038330078
2026-01-05,267.0101623535156,331.55999755859375,283.9658508300781,221.0800018310547,233.05999755859375,137.19000244140625,342.7011413574219,873.278076171875,255.62069702148438,456.54998779296875,75.17266845703125,316.3173522949219,293.2977600097656,39.369998931884766,630.7256469726562,1350.69482421875,194.5269317626953,658.2264404296875,471.773193359375,312.0189208984375,91.45999908447266,147.60000610351562,188.1098175048828,191.41371154785156,182.1199951171875,174.0399932861328,175.1852264404297,617.2117309570312,224.36000061035156,685.846923828125,451.6700134277344,176.02105712890625,144.44039916992188
2026-01-06,262.1147155761719,335.989990234375,295.64129638671875,214.35000610351562,240.92999267578125,132.5800018310547,343.0503845214844,886.6004638671875,262.2441101074219,458.32000732421875,74.82455444335938,314.1188659667969,300.7552490234375,40.040000915527344,644.0199584960938,1393.189697265625,206.71234130859375,660.0548706054688,477.4203186035156,343.2857666015625,90.6500015258789,148.80999755859375,187.22987365722656,192.56663513183594,185.86000061035156,179.7100067138672,181.2860565185547,622.6348876953125,234.52999877929688,689.92578125,432.9599914550781,190.854248046875,146.46788024902344
2026-01-07,260.08660888671875,338.1000061035156,291.8360290527344,210.02000427246094,241.55999755859375,130.0800018310547,342.78094482421875,880.098876953125,265.4560852050781,478.9100036621094,74.31729888916016,321.7535095214844,295.04779052734375,42.630001068115234,647.9506225585938,1357.9254150390625,202.83697509765625,648.1350708007812,482.3690185546875,339.40740966796875,90.7300033569336,150.89999389648438,189.09976196289062,191.6621856689453,193.89999389648438,181.67999267578125,179.0404815673828,623.2341918945312,233.5,687.701904296875,431.4100036621094,184.5056915283203,146.34803771972656
2026-01-08,258.7978515625,339.0400085449219,281.2891845703125,204.67999267578125,246.2899932861328,123.72000122070312,331.7840270996094,912.73681640625,259.8800354003906,463.8699951171875,73.56139373779297,325.2110595703125,301.0038146972656,41.11000061035156,649.542724609375,1322.8809814453125,200.7195281982422,645.50732421875,477.0212097167969,326.8826599121094,90.52999877929688,146.19000244140625,185.0299835205078,188.49166870117188,190.8000030517578,176.86000061035156,180.7097625732422,619.6885986328125,223.7899932861328,687.632080078125,435.79998779296875,187.2279052734375,144.06088256835938
2026-01-09,259.1275329589844,333.95001220703125,300.8048400878906,203.1699981689453,247.3800048828125,122.88999938964844,344.24786376953125,922.2799682617188,259.29150390625,470.6099853515625,73.48182678222656,328.3388671875,302.4953308105469,45.54999923706055,644.9070434570312,1398.1832275390625,218.09869384765625,652.5013427734375,478.1885681152344,344.9450988769531,89.45999908447266,141.8000030517578,184.84999084472656,197.82907104492188,189.02000427246094,177.49000549316406,176.64585876464844,625.86083984375,219.08999633789062,692.1796264648438,445.010009765625,189.0758514404297,145.968505859375
2026-01-12,260.0067138671875,327.6499938964844,306.8572998046875,207.69000244140625,246.47000122070312,123.41999816894531,351.47271728515625,940.4288330078125,258.75286865234375,466.989990234375,73.61112976074219,331.62652587890625,310.4101867675781,44.060001373291016,633.4823608398438,1426.316650390625,220.13624572753906,641.4207763671875,476.09332275390625,345.7247619628906,89.41000366210938,142.63999938964844,184.92999267578125,203.96762084960938,188.8800048828125,179.41000366210938,168.19015502929688,626.3801879882812,220.27999877929688,693.2666625976562,448.9599914550781,187.84390258789062,146.6077117919922
2026-01-13,260.8059387207031,309.92999267578125,304.490234375,220.97000122070312,242.60000610351562,129.92999267578125,353.86767578125,939.281982421875,240.4586181640625,468.0199890136719,75.06326293945312,335.7336730957031,301.44134521484375,47.290000915527344,603.415283203125,1439.9488525390625,214.1234588623047,630.5501708984375,469.5981750488281,337.9880065917969,90.31999969482422,138.19000244140625,185.79994201660156,201.5859375,190.85000610351562,178.9600067138672,164.23553466796875,625.4513549804688,209.38999938964844,691.8804931640625,447.20001220703125,187.30738830566406,146.298095703125
2026-01-14,259.71697998046875,304.44000244140625,301.51397705078125,223.60000610351562,236.64999389648438,125.08999633789062,339.17852783203125,948.3065185546875,238.9723358154297,460.70001220703125,74.00897216796875,335.603759765625,307.2780456542969,48.720001220703125,564.8544311523438,1432.638427734375,208.54013061523438,614.9934692382812,458.3338928222656,333.21002197265625,88.55000305175781,134.61000061035156,183.1300811767578,192.9361572265625,190.92999267578125,178.39999389648438,163.4903106689453,618.769775390625,206.16000366210938,688.479736328125,439.20001220703125,192.19549560546875,144.5203094482422
2026-01-15,257.9685974121094,304.0899963378906,318.6825256347656,227.9199981689453,238.17999267578125,130.58999633789062,342.30194091796875,954.060302734375,232.94740295410156,455.0,74.84444427490234,332.5458984375,296.2608947753906,48.31999969482422,552.8714599609375,1542.955078125,217.2097625732422,620.2689208984375,455.6200866699219,336.4886474609375,88.05000305175781,131.1699981689453,187.03988647460938,189.18923950195312,187.72999572753906,177.07000732421875,160.36041259765625,620.9970092773438,207.74000549316406,690.3546142578125,438.57000732421875,187.89356994628906,145.2793731689453
2026-01-16,255.29112243652344,296.1199951171875,326.6026916503906,231.8300018310547,239.1199951171875,129.8300018310547,350.9737548828125,960.9010620117188,226.5434112548828,453.8800048828125,74.7847671508789,329.7678527832031,303.9371032714844,46.959999084472656,543.6100463867188,1565.785400390625,222.6931915283203,619.7194213867188,458.8127746582031,362.5976867675781,88.0,127.30999755859375,186.21990966796875,190.4249267578125,187.66000366210938,170.9600067138672,158.40298461914062,620.4776611328125,210.3800048828125,689.7761840820312,437.5,190.33761596679688,145.4391632080078
2026-01-20,246.46937561035156,290.3699951171875,317.8336181640625,231.9199981689453,231.0,127.5199966430664,331.9037780761719,961.5491943359375,219.52098083496094,442.7300109863281,72.95468139648438,321.77349853515625,289.69830322265625,48.560001373291016,527.3204345703125,1484.25146484375,222.1438446044922,603.6032104492188,453.48492431640625,364.84674072265625,87.26000213623047,125.4000015258789,178.06036376953125,179.29379272460938,184.05999755859375,168.52999877929688,153.0871124267578,607.2942504882812,206.2100067138672,675.7345581054688,419.25,188.3605194091797,141.6638641357422
2026-01-21,247.41848754882812,294.2300109863281,324.8348693847656,249.8000030517578,231.30999755859375,127.29000091552734,328.1116943359375,980.096923828125,221.0272216796875,445.8800048828125,73.29285430908203,328.1490173339844,295.85321044921875,54.25,523.3027954101562,1518.0274658203125,228.11668395996094,612.4356689453125,443.0986328125,388.94659423828125,85.36000061035156,125.30000305175781,183.31008911132812,173.2748260498047,181.47000122070312,165.3300018310547,155.3724365234375,615.50390625,206.5,683.5332641601562,431.44000244140625,193.14927673339844,143.63140869140625
2026-01-22,248.1178436279297,299.7300109863281,318.3929138183594,253.72999572753906,234.33999633789062,138.41000366210938,324.8086242675781,973.4257202148438,227.52096557617188,453.7699890136719,73.92940521240234,330.3074951171875,292.9994812011719,54.31999969482422,546.002685546875,1498.053466796875,220.43588256835938,647.0759887695312,450.1126403808594,397.41302490234375,83.54000091552734,128.55999755859375,184.82998657226562,177.55984497070312,182.27000427246094,165.89999389648438,156.79331970214844,619.978271484375,211.1300048828125,687.103515625,449.3599853515625,193.7255096435547,144.70008850097656
2026-01-23,247.80812072753906,301.07000732421875,321.97845458984375,259.67999267578125,239.16000366210938,136.33999633789062,319.3800354003906,980.48583984375,227.4810791015625,452.489990234375,74.18799591064453,327.6993103027344,290.7821044921875,45.06999969482422,562.2324829101562,1510.81689453125,217.67919921875,658.1964721679688,464.888916015625,399.482177734375,86.12000274658203,133.11000061035156,187.6598358154297,176.5434112548828,180.17999267578125,169.60000610351562,154.82595825195312,621.935791015625,209.69000244140625,687.352783203125,449.05999755859375,192.056396484375,144.90982055664062
2026-01-26,255.17123413085938,304.7200012207031,319.06207275390625,251.30999755859375,238.4199981689453,143.72000122070312,324.16998291015625,974.9215698242188,228.82769775390625,468.3299865722656,76.59496307373047,333.02557373046875,294.6500244140625,42.4900016784668,560.039306640625,1541.027587890625,222.60328674316406,671.7847900390625,469.20904541015625,388.9266052246094,85.69999694824219,136.33999633789062,186.4599151611328,181.80503845214844,184.22000122070312,167.47000122070312,153.53424072265625,624.67236328125,211.27000427246094,690.84326171875,435.20001220703125,195.31512451171875,145.8986053466797
2026-01-27,258.0285339355469,297.4200134277344,332.2955627441406,252.02999877929688,244.67999267578125,146.69000244140625,332.0933837890625,967.5523681640625,227.95986938476562,476.6600036621094,78.2559585571289,334.31463623046875,292.19403076171875,43.93000030517578,543.7197875976562,1614.232421875,238.17465209960938,672.394287109375,479.485595703125,410.0677185058594,85.58000183105469,131.8000030517578,188.50979614257812,174.291259765625,183.5,165.6999969482422,152.0636749267578,630.335205078125,212.75,693.5957641601562,430.8999938964844,195.35487365722656,147.86614990234375
2026-01-28,256.2002868652344,299.5799865722656,336.3305358886719,252.74000549316406,243.00999450683594,150.14999389648438,332.54241943359375,958.0790405273438,227.39129638671875,469.19000244140625,78.5344467163086,335.7736511230469,292.49237060546875,48.779998779296875,537.0404052734375,1625.0882568359375,239.29330444335938,668.1578979492188,480.533203125,435.09722900390625,84.63999938964844,129.6199951171875,191.5096435546875,172.19857788085938,183.74000549316406,157.35000610351562,151.72584533691406,632.4225463867188,216.0,693.5259399414062,431.4599914550781,214.76815795898438,149.044677734375
2026-01-29,258.0385437011719,291.6499938964844,340.9148254394531,252.17999267578125,241.72999572753906,148.14999389648438,330.0376892089844,950.211181640625,213.54592895507812,444.6199951171875,78.00730895996094,338.0120544433594,307.4868469238281,48.65999984741211,501.4304504394531,1682.523681640625,247.87301635742188,737.6784057617188,432.5128173828125,435.6070251464844,83.16000366210938,116.7300033569336,192.49957275390625,168.42176818847656,176.1999969482422,151.86000061035156,151.24891662597656,628.6373291015625,199.3699951171875,692.1497192382812,416.55999755859375,217.5500030517578,146.68760681152344
2026-01-30,259.2374267578125,293.25,321.91851806640625,236.72999572753906,239.3000030517578,141.74000549316406,330.6064758300781,938.8876342773438,211.7603759765625,441.4049987792969,77.89789581298828,337.7622375488281,304.9612731933594,46.470001220703125,497.3829345703125,1426.0869140625,233.18063354492188,715.8870849609375,429.31011962890625,414.7057800292969,83.48999786376953,117.01000213623047,191.11965942382812,164.00718688964844,176.97000122070312,146.58999633789062,150.6229248046875,621.0868530273438,192.6999969482422,690.0853271484375,430.4100036621094,215.5500030517578,143.7013397216797
2026-02-02,269.7575988769531,293.3800048828125,327.9909362792969,246.27000427246094,242.9600067138672,138.3699951171875,330.4168701171875,966.9569091796875,210.28407287597656,438.8500061035156,80.20539093017578,343.4482421875,312.94573974609375,48.810001373291016,485.6192932128906,1408.61962890625,237.21578979492188,705.8056640625,422.4058837890625,437.61614990234375,82.76000213623047,118.0,185.59996032714844,159.50291442871094,175.4199981689453,147.75999450683594,151.6463623046875,625.3515014648438,190.67999267578125,693.5159912109375,421.80999755859375,225.00999450683594,145.07960510253906
2026-02-03,269.22808837890625,271.92999267578125,318.2730712890625,242.11000061035156,238.6199951171875,139.38999938964844,319.659423828125,976.5030517578125,195.8900909423828,421.7300109863281,82.6620864868164,339.47100830078125,292.6415100097656,49.25,432.7526550292969,1353.7808837890625,229.82464599609375,691.1082763671875,410.2735595703125,419.2638854980469,79.94000244140625,109.7699966430664,180.33023071289062,154.13168334960938,166.24000549316406,157.8800048828125,146.24105834960938,615.7435913085938,173.24000549316406,687.6520385742188,421.9599914550781,225.2100067138672,141.903564453125
2026-02-04,276.23150634765625,279.7099914550781,297.22930908203125,200.19000244140625,232.99000549316406,130.27999877929688,307.4051513671875,976.9324340820312,198.94244384765625,415.3599853515625,80.72259521484375,332.80572509765625,287.41131591796875,48.599998474121094,444.26708984375,1305.5235595703125,209.52896118164062,668.417724609375,413.2467956542969,379.2406921386719,80.16000366210938,111.06999969482422,174.18057250976562,146.15951538085938,166.72000122070312,139.5399932861328,147.94015502929688,604.9871826171875,165.2899932861328,684.3211059570312,406.010009765625,222.9199981689453,137.94847106933594
2026-02-05,275.6520690917969,269.3900146484375,303.611328125,192.5,222.69000244140625,128.6699981689453,309.8600158691406,987.8565673828125,189.49607849121094,377.1600036621094,81.91612243652344,331.0169677734375,288.24658203125,48.2400016784668,433.57012939453125,1329.302734375,213.0547332763672,669.63671875,392.7735290527344,382.729248046875,80.87000274658203,102.62999725341797,171.87069702148438,136.00498962402344,154.77000427246094,130.00999450683594,135.43048095703125,596.2781982421875,156.7100067138672,675.7744750976562,397.2099914550781,223.97999572753906,135.46157836914062
2026-02-06,277.8599853515625,268.3800048828125,322.1082763671875,208.44000244140625,210.32000732421875,137.49000549316406,332.2231140136719,999.7093505859375,190.8726348876953,395.5,84.36286926269531,322.63287353515625,297.23529052734375,50.59000015258789,442.40283203125,1441.077392578125,230.73355102539062,660.8941650390625,400.22650146484375,394.5242614746094,82.19999694824219,100.73999786376953,185.39996337890625,142.32293701171875,159.32000732421875,135.89999389648438,136.46383666992188,608.8822631835938,168.42999267578125,688.739013671875,411.1099853515625,221.44000244140625,140.95474243164062
2026-02-09,274.6199951171875,266.8999938964844,330.1582336425781,216.0,208.72000122070312,141.74000549316406,343.22003173828125,996.1445922851562,193.5459442138672,408.0400085449219,86.31230163574219,324.09185791015625,294.6600036621094,50.2400016784668,436.15216064453125,1438.2911376953125,229.00563049316406,676.640625,412.65814208984375,383.3389587402344,81.47000122070312,103.87000274658203,190.0297088623047,156.0449981689453,166.0,142.91000366210938,138.04368591308594,613.54638671875,175.9499969482422,692.0599975585938,417.32000732421875,218.77000427246094,143.1719970703125
2026-02-10,273.67999267578125,264.6700134277344,328.6601257324219,213.57000732421875,206.9600067138672,143.4499969482422,339.72735595703125,969.82275390625,192.96739196777344,413.3900146484375,85.82494354248047,318.3558654785156,291.760009765625,47.130001068115234,420.091796875,1428.983154296875,226.3388214111328,670.1461791992188,412.328857421875,373.09326171875,82.20999908447266,106.4800033569336,188.52978515625,159.33351135253906,165.50999450683594,139.50999450683594,139.1962890625,610.699951171875,182.5800018310547,690.2349243164062,425.2099914550781,220.9199981689453,142.37298583984375
2026-02-11,275.5,257.1600036621094,339.4566345214844,213.5800018310547,204.0800018310547,140.66000366210938,342.0425109863281,976.7227783203125,184.53846740722656,415.80999755859375,85.07898712158203,310.7412414550781,272.80999755859375,48.290000915527344,398.4586486816406,1477.580078125,234.83863830566406,668.1179809570312,403.4491271972656,410.1676940917969,79.62000274658203,100.58000183105469,190.0397186279297,156.61302185058594,165.3000030517578,135.67999267578125,140.14022827148438,612.337890625,178.8300018310547,690.075439453125,428.2699890136719,226.55999755859375,142.79246520996094
2026-02-12,261.7300109863281,262.5,327.98095703125,205.94000244140625,199.60000610351562,135.1199951171875,330.4767761230469,997.4127197265625,184.96739196777344,411.5400085449219,74.59579467773438,308.7826232910156,259.5199890136719,46.47999954223633,396.73394775390625,1448.9671630859375,231.01321411132812,649.254150390625,400.9248962402344,413.7961730957031,75.86000061035156,103.29000091552734,186.9298858642578,155.9353790283203,162.80999755859375,129.1300048828125,137.58663940429688,599.8836059570312,172.91000366210938,679.41455078125,417.07000732421875,223.0,139.03713989257812
2026-02-13,255.77999877929688,263.9700012207031,354.4679260253906,207.32000732421875,198.7899932861328,141.58999633789062,324.48931884765625,1017.0042724609375,189.2467041015625,429.6400146484375,76.43582153320312,305.50494384765625,262.3800048828125,46.790000915527344,398.1695251464844,1462.22998046875,235.24813842773438,639.2227172851562,400.4060974121094,411.4871520996094,76.87000274658203,107.08000183105469,182.80010986328125,159.5826416015625,166.9499969482422,131.41000366210938,139.80239868164062,601.1619873046875,182.2899932861328,679.8931884765625,417.44000244140625,226.16000366210938,139.38668823242188
2026-02-17,263.8800048828125,260.45001220703125,358.68267822265625,203.0800018310547,201.14999389648438,142.5800018310547,331.8439025878906,1010.5836181640625,183.83023071289062,414.2850036621094,76.43582153320312,301.8075256347656,258.30999755859375,46.18000030517578,378.0018615722656,1470.18994140625,235.29808044433594,638.7431030273438,395.95623779296875,399.61212158203125,77.0,105.91000366210938,184.95999145507812,153.43411254882812,163.5,133.02000427246094,141.7200927734375,600.542724609375,177.10000610351562,680.9901733398438,410.6300048828125,225.69000244140625,139.30679321289062
2026-02-18,264.3500061035156,263.1700134277344,368.8399963378906,200.1199951171875,204.7899932861328,139.5399932861328,332.8118591308594,994.6367797851562,187.32150268554688,415.760009765625,77.75865173339844,303.1166076660156,260.7900085449219,45.459999084472656,388.36981201171875,1480.300048828125,239.8026885986328,642.6697387695312,398.69000244140625,420.77325439453125,77.98999786376953,107.80999755859375,187.96981811523438,155.62646484375,152.35000610351562,135.3800048828125,142.32620239257812,605.027099609375,176.0800018310547,684.4208374023438,411.32000732421875,223.32000732421875,140.73501586914062
2026-02-19,260.5799865722656,259.2099914550781,369.8299865722656,203.3699951171875,204.86000061035156,137.22999572753906,333.29083251953125,986.3887329101562,184.82774353027344,422.1400146484375,78.13660430908203,302.636962890625,256.2799987792969,44.619998931884766,380.36456298828125,1469.9000244140625,237.10592651367188,644.2284545898438,398.4599914550781,417.17474365234375,77.0,107.37000274658203,187.88983154296875,155.9951629638672,150.99000549316406,134.88999938964844,140.3687744140625,602.7100219726562,179.1999969482422,682.61572265625,411.7099914550781,218.0500030517578,140.035888671875
2026-02-20,264.5799865722656,258.6099853515625,375.3800048828125,200.14999389648438,210.11000061035156,132.7899932861328,331.9536437988281,983.8424072265625,184.6980743408203,388.6000061035156,78.77315521240234,314.7584228515625,257.1600036621094,44.11000061035156,379.3775939941406,1496.0,244.6269073486328,655.09912109375,397.2300109863281,427.9902038574219,78.66999816894531,104.2699966430664,189.8097381591797,147.5646209716797,148.6999969482422,135.24000549316406,141.968505859375,608.0433349609375,172.5,687.5523071289062,411.82000732421875,219.72999572753906,140.70506286621094
2026-02-23,266.17999267578125,246.67999267578125,373.54998779296875,196.60000610351562,205.27000427246094,127.43000030517578,329.64849853515625,984.5913696289062,177.71554565429688,350.3299865722656,77.3210220336914,311.2708740234375,223.35000610351562,43.630001068115234,358.4422912597656,1487.6600341796875,241.98008728027344,636.7048950195312,384.4700012207031,420.7932434082031,76.0199966430664,100.80000305175781,191.53964233398438,140.81817626953125,144.13999938964844,130.60000610351562,139.51426696777344,600.652587890625,157.60000610351562,680.531494140625,399.8299865722656,219.86000061035156,138.34799194335938
2026-02-24,272.1400146484375,255.1699981689453,377.92999267578125,213.83999633789062,208.55999755859375,128.77000427246094,324.8086242675781,996.9833374023438,184.95742797851562,350.25,77.71886444091797,310.6813049316406,229.32000732421875,46.119998931884766,357.6048889160156,1506.6500244140625,243.9577178955078,638.7531127929688,389.0,417.83447265625,78.04000091552734,102.48999786376953,192.83956909179688,145.63136291503906,141.6699981689453,128.83999633789062,143.85638427734375,607.1044921875,161.05999755859375,685.4779052734375,409.3800048828125,213.35000610351562,140.145751953125
2026-02-25,274.2300109863281,257.80999755859375,394.95001220703125,210.86000061035156,210.63999938964844,132.88999938964844,331.6143798828125,993.3186645507812,191.27163696289062,363.30999755859375,78.69358825683594,312.67987060546875,237.5399932861328,46.880001068115234,380.0555114746094,1546.6800537109375,249.1814422607422,653.1307983398438,400.6000061035156,428.8198547363281,82.69999694824219,104.2300033569336,195.54940795898438,147.37527465820312,144.83999633789062,134.19000244140625,144.88975524902344,615.9033813476562,169.2100067138672,691.26220703125,417.3999938964844,213.89999389648438,142.8323974609375
2026-02-26,272.95001220703125,259.0400085449219,375.7200012207031,203.67999267578125,207.9199981689453,130.25,321.0265808105469,985.310302734375,198.9723663330078,381.1000061035156,77.67908477783203,307.1637878417969,242.00999450683594,45.459999084472656,393.20489501953125,1524.31005859375,238.78392028808594,656.447998046875,401.7200012207031,415.385498046875,84.58999633789062,109.30000305175781,184.87998962402344,149.78684997558594,149.39999389648438,135.94000244140625,144.6612091064453,608.4727783203125,173.05999755859375,687.422607421875,408.5799865722656,212.6300048828125,140.8348846435547
2026-02-27,264.17999267578125,262.4100036621094,372.29998779296875,200.2100067138672,210.0,133.5,318.8810729980469,1009.325439453125,194.30404663085938,371.9800109863281,79.03175354003906,311.54071044921875,240.2100067138672,45.61000061035156,407.7698669433594,1524.550048828125,233.610107421875,647.62548828125,392.739990234375,412.19683837890625,96.23999786376953,108.01000213623047,177.180419921875,144.89393615722656,148.9199981689453,137.19000244140625,141.45181274414062,606.5252075195312,168.41000366210938,684.1216430664062,402.510009765625,212.11000061035156,138.58767700195312
2026-03-02,264.7200012207031,260.8800048828125,372.17999267578125,198.6199951171875,208.38999938964844,129.3000030517578,318.1526184082031,1001.3170776367188,192.4686279296875,384.8599853515625,78.9919662475586,306.3043518066406,239.3699951171875,45.5,417.7689514160156,1534.949951171875,230.72357177734375,653.0009155273438,398.54998779296875,412.4967346191406,97.08999633789062,109.41999816894531,182.47012329101562,148.7305450439453,150.14999389648438,145.1699981689453,140.1302947998047,607.32421875,170.3300018310547,684.5106201171875,403.32000732421875,209.82000732421875,139.36671447753906
2026-03-03,263.75,270.989990234375,351.32000732421875,190.9499969482422,208.72999572753906,124.5999984741211,313.18304443359375,1006.309814453125,195.5609130859375,391.4200134277344,78.5344467163086,303.3664245605469,245.27999877929688,43.099998474121094,432.01495361328125,1441.3499755859375,217.00999450683594,654.5196533203125,403.92999267578125,379.52056884765625,97.69999694824219,113.19000244140625,180.04025268554688,148.4913787841797,156.08999633789062,147.22000122070312,137.24880981445312,600.8224487304688,165.7899932861328,678.4771118164062,392.42999267578125,202.6699981689453,137.32925415039062
2026-03-04,262.5199890136719,273.1199951171875,357.760009765625,202.07000732421875,216.82000732421875,134.8300018310547,316.86529541015625,1005.2813110351562,192.5983123779297,407.67999267578125,80.43415832519531,302.9167785644531,250.05999755859375,45.58000183105469,438.7840270996094,1475.9100341796875,222.99000549316406,667.1587524414062,405.20001220703125,400.6016845703125,98.66000366210938,113.86000061035156,183.03009033203125,151.8396759033203,158.55999755859375,153.19000244140625,138.6199951171875,609.9808959960938,168.25999450683594,683.2639770507812,405.94000244140625,202.38999938964844,139.6663360595703
2026-03-05,260.2900085449219,281.739990234375,346.5299987792969,199.4499969482422,218.94000244140625,139.39999389648438,332.0733947753906,981.1463623046875,200.88758850097656,426.1600036621094,79.57878875732422,300.6683349609375,256.54998779296875,45.95000076293945,465.3519287109375,1429.3599853515625,214.67999267578125,660.0049438476562,410.67999267578125,396.8832702636719,99.16999816894531,120.37999725341797,183.330078125,154.25125122070312,163.16000366210938,152.6699981689453,137.0,608.1431274414062,177.4499969482422,679.4544067382812,405.54998779296875,197.97999572753906,140.00592041015625
2026-03-06,257.4599914550781,283.6199951171875,324.739990234375,192.42999267578125,213.2100067138672,132.88999938964844,329.7882080078125,996.65380859375,201.6057891845703,428.989990234375,78.21617126464844,298.30999755859375,258.8500061035156,43.41999816894531,479.6876220703125,1344.550048828125,199.3300018310547,644.308349609375,408.9599914550781,370.1445007324219,99.0199966430664,124.33999633789062,177.8103790283203,152.42764282226562,165.0500030517578,157.16000366210938,135.69000244140625,598.9946899414062,180.47999572753906,670.5487060546875,396.7300109863281,193.22999572753906,137.1195068359375
2026-03-09,259.8800048828125,282.44000244140625,338.94000244140625,202.67999267578125,213.49000549316406,137.1699981689453,345.0262451171875,1003.8433837890625,198.2940673828125,434.1300048828125,75.79927062988281,306.3599853515625,253.3300018310547,45.58000183105469,472.2107238769531,1429.0999755859375,211.14999389648438,646.836181640625,409.4100036621094,389.1565246582031,98.31999969482422,121.93000030517578,182.64010620117188,151.03250122070312,165.10000610351562,156.42999267578125,138.11000061035156,606.99462890625,182.83999633789062,676.4227294921875,398.67999267578125,196.1999969482422,139.58644104003906
2026-03-10,260.8299865722656,275.1300048828125,345.8800048828125,203.22999572753906,214.3300018310547,139.6199951171875,341.86285400390625,995.9148559570312,194.4237518310547,436.3299865722656,77.28123474121094,307.0400085449219,250.1999969482422,46.779998779296875,452.5514831542969,1452.93994140625,215.22999572753906,653.510498046875,405.760009765625,402.9407043457031,96.94000244140625,116.61000061035156,184.760009765625,148.88002014160156,165.5800018310547,151.13999938964844,135.1999969482422,607.004638671875,175.32000732421875,675.3356323242188,399.239990234375,197.4600067138672,139.58644104003906
2026-03-11,260.80999755859375,273.7099914550781,351.07000732421875,204.8300018310547,212.64999389648438,138.22999572753906,340.85498046875,990.7922973632812,193.6457061767578,442.0299987792969,77.67908477783203,308.70001220703125,248.8699951171875,47.97999954223633,439.09307861328125,1465.0,218.8699951171875,654.2998046875,404.8800048828125,418.5141906738281,94.88999938964844,115.62999725341797,186.02999877929688,162.55226135253906,164.92999267578125,151.60000610351562,134.1199951171875,606.9247436523438,179.42999267578125,674.4879760742188,407.82000732421875,198.6699981689453,140.25559997558594
2026-03-12,255.75999450683594,269.7799987792969,337.2699890136719,197.74000549316406,209.52999877929688,134.02999877929688,335.2667236328125,1001.8662719726562,198.7828369140625,441.5400085449219,77.3210220336914,303.54998779296875,247.67999267578125,45.25,433.7894592285156,1409.5699462890625,209.49000549316406,637.6340942382812,401.8599853515625,405.1797790527344,94.30999755859375,112.97000122070312,183.13999938964844,158.60606384277344,168.1199951171875,153.5,131.14999389648438,596.5078735351562,177.25,664.2459106445312,395.010009765625,190.0500030517578,137.6688232421875
2026-03-13,250.1199951171875,249.32000732421875,341.5299987792969,193.38999938964844,207.6699981689453,133.57000732421875,321.4856262207031,1006.9688720703125,192.34893798828125,441.7799987792969,77.90784454345703,302.2799987792969,246.27999877929688,45.77000045776367,438.6045837402344,1418.6400146484375,212.1999969482422,613.1849975585938,395.54998779296875,425.9510803222656,95.30999755859375,113.62000274658203,180.25,154.5701446533203,167.02000427246094,150.9499969482422,129.82000732421875,592.9722900390625,178.66000366210938,660.4862060546875,391.20001220703125,190.77999877929688,136.630126953125
2026-03-16,252.82000732421875,251.86000061035156,346.17999267578125,196.5800018310547,211.74000549316406,135.35000610351562,324.2398681640625,1000.2885131835938,197.84518432617188,423.8399963378906,78.47477722167969,305.55999755859375,249.25,45.7599983215332,450.9165344238281,1438.239990234375,219.39999389648438,627.4500122070312,399.95001220703125,441.6144714355469,95.19999694824219,114.87999725341797,183.22000122070312,155.42715454101562,167.4499969482422,152.72000122070312,129.38999938964844,599.6239013671875,174.39999389648438,667.2078857421875,395.55999755859375,194.1300048828125,138.607666015625
2026-03-17,254.22999572753906,254.1999969482422,352.4599914550781,196.30999755859375,215.1999969482422,133.07000732421875,320.63739013671875,994.7166137695312,194.82275390625,433.20001220703125,78.8427734375,310.9200134277344,256.1099853515625,44.060001373291016,457.86505126953125,1481.3499755859375,226.47000122070312,622.6599731445312,399.4100036621094,461.4961242675781,94.36000061035156,116.72000122070312,181.92999267578125,154.151611328125,169.19000244140625,155.0800018310547,131.58999633789062,602.5502319335938,174.60000610351562,668.9630126953125,399.2699890136719,194.4499969482422,139.36671447753906
2026-03-18,249.94000244140625,246.0,349.4700012207031,199.4600067138672,209.8699951171875,136.07000732421875,315.2686462402344,978.5001220703125,193.85516357421875,435.80999755859375,77.18177795410156,307.69000244140625,251.60000610351562,45.029998779296875,445.4135437011719,1482.3599853515625,224.7100067138672,615.6799926757812,391.7900085449219,461.5361328125,94.69999694824219,113.70999908447266,180.39999389648438,152.36782836914062,168.91000366210938,152.77000427246094,130.47000122070312,594.15087890625,173.25,659.6285400390625,392.7799987792969,190.77999877929688,137.78868103027344
2026-03-19,248.9600067138672,245.99000549316406,357.2099914550781,205.27000427246094,208.75999450683594,136.25999450683594,319.17047119140625,973.3676147460938,194.50355529785156,428.17999267578125,78.08687591552734,307.1300048828125,250.3699951171875,46.18000030517578,453.8374938964844,1511.52001953125,233.99000549316406,606.7000122070312,389.0199890136719,444.08343505859375,91.73999786376953,113.2699966430664,178.55999755859375,154.97872924804688,169.74000549316406,155.67999267578125,131.27999877929688,592.273193359375,175.39999389648438,658.0029907226562,380.29998779296875,188.2899932861328,138.25808715820312
2026-03-20,247.99000549316406,248.14999389648438,357.05999755859375,201.3300018310547,205.3699951171875,131.22000122070312,309.8600158691406,970.9212036132812,194.892578125,409.0,77.23151397705078,301.0,241.77000427246094,43.869998931884766,454.1565246582031,1498.6700439453125,228.36000061035156,593.6599731445312,381.8699951171875,422.722412109375,91.81999969482422,110.37999725341797,172.6999969482422,149.15904235839844,162.9499969482422,150.67999267578125,129.89999389648438,581.3269653320312,168.02000427246094,648.5700073242188,367.9599914550781,187.19000244140625,135.1219940185547
2026-03-23,251.49000549316406,247.63999938964844,361.7900085449219,202.67999267578125,210.13999938964844,135.8800048828125,322.510009765625,964.3306884765625,194.6930694580078,413.30999755859375,78.39520263671875,302.05999755859375,248.44000244140625,44.0099983215332,455.61199951171875,1511.4300537109375,233.30999755859375,604.0599975585938,383.0,404.1802062988281,93.37999725341797,110.94999694824219,175.63999938964844,153.80282592773438,164.0500030517578,160.83999633789062,128.35000610351562,588.0,174.1999969482422,655.3800048828125,380.8500061035156,188.6300048828125,136.9499969482422
2026-03-24,251.63999938964844,238.8699951171875,373.989990234375,205.3699951171875,207.24000549316406,130.8000030517578,318.2900085449219,972.4089965820312,182.56341552734375,392.989990234375,80.42420959472656,290.44000244140625,240.58999633789062,44.060001373291016,431.11773681640625,1566.18994140625,238.83999633789062,592.9199829101562,372.739990234375,395.3639221191406,90.91999816894531,104.6500015258789,175.1999969482422,146.57806396484375,157.2100067138672,154.77999877929688,128.6699981689453,583.97998046875,161.33999633789062,653.1799926757812,383.0299987792969,194.6300048828125,136.14999389648438
2026-03-25,252.6199951171875,237.25,369.3399963378906,220.27000427246094,211.7100067138672,135.00999450683594,318.80999755859375,973.447509765625,181.5060577392578,385.8599853515625,81.38898468017578,290.92999267578125,241.38999938964844,47.18000030517578,425.544921875,1543.8199462890625,233.4499969482422,594.8900146484375,371.0400085449219,381.9295654296875,92.27999877929688,103.05999755859375,178.67999267578125,145.5117950439453,153.22000122070312,154.9600067138672,130.35000610351562,587.8200073242188,160.61000061035156,656.8200073242188,385.95001220703125,196.77000427246094,136.75999450683594
2026-03-26,252.88999938964844,240.8800048828125,338.54998779296875,203.77000427246094,207.5399932861328,122.55000305175781,309.4200134277344,978.2305908203125,185.1768798828125,392.6199951171875,81.71720886230469,280.9200134277344,241.6699981689453,44.099998474121094,431.2174072265625,1451.1300048828125,211.6199951171875,547.5399780273438,365.9700012207031,355.31072998046875,93.31999969482422,103.63999938964844,171.24000549316406,142.31295776367188,156.36000061035156,147.55999755859375,130.5399932861328,573.7899780273438,162.3300018310547,645.0900268554688,372.1099853515625,193.41000366210938,132.5
2026-03-27,248.8000030517578,234.83999633789062,337.1700134277344,201.99000549316406,199.33999633789062,120.7699966430664,300.67999267578125,982.4344482421875,178.8626708984375,369.5799865722656,79.48927307128906,274.3399963378906,236.33999633789062,43.130001068115234,415.15704345703125,1443.2099609375,211.41000366210938,525.719970703125,356.7699890136719,357.07000732421875,93.43000030517578,99.41000366210938,167.52000427246094,139.17391967773438,147.02000427246094,143.05999755859375,127.11000061035156,562.5800170898438,152.8000030517578,634.0900268554688,361.8299865722656,190.3300018310547,129.9199981689453
2026-03-30,246.6300048828125,241.1300048828125,323.1199951171875,196.0399932861328,200.9499969482422,116.12999725341797,293.4100036621094,995.1360473632812,184.56838989257812,380.05999755859375,76.62479400634766,273.5,237.25,41.189998626708984,427.708251953125,1382.5799560546875,199.92999267578125,536.3800048828125,358.9599914550781,321.79998779296875,92.97000122070312,104.97000122070312,165.1699981689453,138.31692504882812,154.35000610351562,137.5500030517578,127.06999969482422,558.280029296875,153.6699981689453,631.969970703125,355.2799987792969,186.4199981689453,127.5
2026-03-31,253.7899932861328,243.0800018310547,341.7900085449219,203.42999267578125,208.27000427246094,122.77999877929688,309.510009765625,994.9862060546875,186.2042999267578,390.4100036621094,77.17182922363281,287.55999755859375,242.38999938964844,44.130001068115234,431.0479431152344,1472.4100341796875,213.66000366210938,572.1300048828125,370.1700134277344,337.8399963378906,96.1500015258789,104.55000305175781,174.39999389648438,146.59799194335938,160.32000732421875,146.27999877929688,128.77999877929688,577.1799926757812,150.82000732421875,650.3400268554688,371.75,194.13999938964844,132.89999389648438
2026-04-01,255.6300048828125,241.3699951171875,353.79998779296875,210.2100067138672,210.57000732421875,124.8499984741211,313.489990234375,995.1160278320312,185.77537536621094,393.30999755859375,77.51000213623047,297.3900146484375,243.13999938964844,48.029998779296875,424.5579833984375,1519.8399658203125,222.00999450683594,579.22998046875,369.3699951171875,367.8500061035156,95.55000305175781,104.04000091552734,175.75,144.7245330810547,160.6699981689453,146.49000549316406,127.27999877929688,584.3099975585938,153.1199951171875,655.239990234375,381.260009765625,196.3000030517578,134.91000366210938
2026-04-02,255.9199981689453,242.9199981689453,348.4700012207031,217.5,209.77000427246094,126.68000030517578,314.54998779296875,1013.4894409179688,186.71302795410156,399.1199951171875,79.0199966430664,295.7699890136719,248.16000366210938,50.380001068115234,421.1784362792969,1516.8399658203125,218.44000244140625,574.4600219726562,373.4599914550781,366.239990234375,98.66000366210938,102.0,177.38999938964844,145.87054443359375,163.2100067138672,148.4600067138672,126.80000305175781,584.97998046875,151.85000610351562,655.8300170898438,360.5899963378906,194.8699951171875,135.99000549316406
2026-04-06,258.8599853515625,244.36000061035156,352.6199951171875,220.17999267578125,212.7899932861328,126.25,314.42999267578125,1017.0741577148438,184.56838989257812,398.6099853515625,80.44000244140625,299.989990234375,246.74000549316406,50.779998779296875,416.0741882324219,1540.06005859375,220.64999389648438,573.02001953125,372.8800048828125,377.760009765625,98.93000030517578,102.41999816894531,177.63999938964844,145.033447265625,161.9499969482422,147.92999267578125,125.7300033569336,588.5,149.3800048828125,658.9299926757812,352.82000732421875,199.4199981689453,136.77999877929688
2026-04-07,253.5,240.13999938964844,354.30999755859375,221.52999877929688,213.77000427246094,133.63999938964844,333.9700012207031,1011.741943359375,182.50357055664062,423.2300109863281,80.68000030517578,305.4599914550781,245.07000732421875,52.90999984741211,408.97613525390625,1548.8499755859375,224.35000610351562,575.0499877929688,372.2900085449219,377.5799865722656,98.81999969482422,100.55000305175781,178.10000610351562,142.6717071533203,169.8699951171875,150.07000732421875,124.06999969482422,588.5900268554688,149.24000549316406,659.219970703125,346.6499938964844,199.74000549316406,137.42999267578125
2026-04-08,258.8999938964844,239.30999755859375,385.7200012207031,231.82000732421875,221.25,145.07000732421875,350.6300048828125,1028.7772216796875,175.92999267578125,426.510009765625,83.69999694824219,317.32000732421875,241.74000549316406,58.95000076293945,388.3100280761719,1672.3399658203125,246.49000549316406,612.4199829101562,374.3299865722656,406.7300109863281,99.38999938964844,97.47000122070312,182.0800018310547,143.16000366210938,173.77999877929688,140.75999450683594,127.51000213623047,606.0900268554688,149.99000549316406,676.010009765625,343.25,208.89999389648438,141.69000244140625
2026-04-09,260.489990234375,229.94000244140625,397.80999755859375,236.63999938964844,233.64999389648438,146.0500030517578,354.9100036621094,1030.53466796875,170.85000610351562,394.67999267578125,83.16999816894531,318.489990234375,237.17999267578125,61.720001220703125,361.69000244140625,1727.260009765625,258.760009765625,628.3900146484375,373.07000732421875,421.510009765625,102.05000305175781,89.80999755859375,183.91000366210938,137.86000061035156,166.99000549316406,130.49000549316406,127.75,610.1900024414062,132.24000549316406,679.9099731445312,345.6199951171875,214.97999572753906,142.07000732421875
2026-04-10,260.4800109863281,225.35000610351562,399.489990234375,245.0399932861328,238.3800048828125,147.35000610351562,371.54998779296875,997.0232543945312,164.9600067138672,379.0199890136719,82.22000122070312,317.239990234375,230.75999450683594,62.380001068115234,350.94000244140625,1737.280029296875,263.6600036621094,629.8599853515625,370.8699951171875,420.5899963378906,103.01000213623047,83.0,188.6300048828125,138.08999633789062,155.72999572753906,128.05999755859375,128.05999755859375,611.0700073242188,121.11000061035156,679.4600219726562,348.95001220703125,214.72999572753906,142.6199951171875
2026-04-13,259.20001220703125,240.11000061035156,395.7300109863281,246.8300018310547,239.88999938964844,152.02000427246094,379.75,979.4287719726562,172.82000732421875,402.239990234375,82.3499984741211,321.30999755859375,237.82000732421875,65.18000030517578,369.44000244140625,1768.780029296875,267.32000732421875,634.530029296875,384.3699951171875,426.55999755859375,103.16000366210938,89.05999755859375,189.30999755859375,155.6199951171875,162.50999450683594,132.3699951171875,131.24000549316406,617.3900146484375,134.24000549316406,686.0999755859375,352.4200134277344,216.7100067138672,145.61000061035156
2026-04-14,258.8299865722656,235.72000122070312,395.6400146484375,255.07000732421875,249.02000427246094,154.3699951171875,380.7799987792969,973.3875732421875,171.30999755859375,398.489990234375,82.61000061035156,332.9100036621094,240.27000427246094,63.810001373291016,366.79998779296875,1795.9100341796875,272.4100036621094,662.489990234375,393.1099853515625,465.6600036621094,106.27999877929688,87.79000091552734,196.50999450683594,163.0,161.58999633789062,135.6999969482422,132.83999633789062,628.5999755859375,135.47000122070312,694.4600219726562,364.20001220703125,218.8699951171875,147.94000244140625
2026-04-15,266.42999267578125,244.66000366210938,394.260009765625,258.1199951171875,248.5,154.3300018310547,396.7200012207031,983.3231811523438,177.60000610351562,411.1600036621094,82.36000061035156,337.1199951171875,244.8000030517578,64.94000244140625,389.7200012207031,1748.1099853515625,265.1600036621094,671.5800170898438,411.2200012207031,456.2300109863281,107.70999908447266,94.19000244140625,198.8699951171875,169.80999755859375,164.11000061035156,142.14999389648438,133.0500030517578,637.4000244140625,144.47999572753906,699.9400024414062,391.95001220703125,216.2899932861328,150.3000030517578
2026-04-16,263.3999938964844,248.16000366210938,389.8999938964844,278.260009765625,249.6999969482422,161.00999450683594,398.4700012207031,985.7796020507812,181.22000122070312,418.20001220703125,84.5,336.0199890136719,251.0,68.5,387.1099853515625,1734.8499755859375,260.9599914550781,676.8699951171875,420.260009765625,457.2300109863281,107.79000091552734,96.44000244140625,198.35000610351562,178.33999633789062,166.97000122070312,142.75999450683594,134.47000122070312,640.469970703125,143.5500030517578,701.6599731445312,388.8999938964844,223.10000610351562,152.02000427246094
2026-04-17,270.2300109863281,244.4499969482422,396.94000244140625,278.3900146484375,250.55999755859375,164.22999572753906,406.5400085449219,998.4412231445312,182.13999938964844,423.95001220703125,86.25,341.67999267578125,253.47000122070312,68.5,393.25,1791.43994140625,267.6000061035156,688.5499877929688,422.7900085449219,455.07000732421875,97.30999755859375,96.66000366210938,201.67999267578125,175.05999755859375,167.85000610351562,146.38999938964844,136.1999969482422,648.8499755859375,143.97999572753906,710.1400146484375,400.6199951171875,229.82000732421875,154.35000610351562
2026-04-20,273.04998779296875,248.6300048828125,391.6199951171875,274.95001220703125,248.27999877929688,166.85000610351562,399.6300048828125,996.3942260742188,186.27000427246094,433.1499938964844,87.70999908447266,337.4200134277344,253.7100067138672,65.69999694824219,404.8299865722656,1805.3199462890625,263.1600036621094,670.9099731445312,418.07000732421875,448.4200134277344,94.83000183105469,99.72000122070312,202.05999755859375,177.5800018310547,169.55999755859375,145.88999938964844,137.52000427246094,646.7899780273438,150.44000244140625,708.719970703125,392.5,233.6999969482422,154.55999755859375
2026-04-21,266.1700134277344,247.17999267578125,394.3299865722656,284.489990234375,249.91000366210938,172.86000061035156,402.1700134277344,1004.3526611328125,187.11000061035156,449.6099853515625,89.69999694824219,332.2900085449219,255.67999267578125,66.26000213623047,404.8500061035156,1785.3699951171875,258.3699951171875,668.8400268554688,424.1600036621094,449.3800048828125,92.58000183105469,100.13999938964844,199.8800048828125,181.1699981689453,174.9600067138672,145.97000122070312,135.55999755859375,644.3300170898438,150.83999633789062,704.0800170898438,386.4200134277344,233.14999389648438,154.69000244140625
2026-04-22,273.1700134277344,255.94000244140625,403.4800109863281,303.4599914550781,255.36000061035156,177.72999572753906,422.6499938964844,1002.2457275390625,189.8000030517578,466.67999267578125,89.80000305175781,339.32000732421875,251.86000061035156,65.2699966430664,408.67999267578125,1812.06005859375,265.54998779296875,674.719970703125,432.9200134277344,487.4800109863281,93.23999786376953,103.06999969482422,202.5,187.5,181.1999969482422,152.6199951171875,136.07000732421875,655.1099853515625,155.57000732421875,711.2100219726562,387.510009765625,236.30999755859375,158.08999633789062
2026-04-23,273.42999267578125,238.97999572753906,403.9100036621094,305.3299865722656,255.0800018310547,172.5500030517578,419.94000244140625,1012.9102172851562,173.3000030517578,445.3900146484375,88.58999633789062,338.8900146484375,231.0800018310547,66.77999877929688,383.29998779296875,1815.4300537109375,258.55999755859375,659.1500244140625,415.75,481.7200012207031,92.81999969482422,84.77999877929688,199.63999938964844,176.27999877929688,173.2100067138672,141.57000732421875,133.9499969482422,651.4199829101562,146.39999389648438,708.4500122070312,373.7200012207031,282.2300109863281,155.83999633789062
2026-04-24,271.05999755859375,245.44000244140625,417.0400085449219,347.80999755859375,263.989990234375,176.91000366210938,422.760009765625,1009.6849365234375,178.16000366210938,448.1300048828125,89.01000213623047,344.3999938964844,231.97999572753906,82.54000091552734,395.95001220703125,1935.0,267.7799987792969,675.030029296875,424.6199951171875,496.7200012207031,92.44000244140625,90.16999816894531,208.27000427246094,173.27999877929688,178.5399932861328,143.08999633789062,148.85000610351562,663.8800048828125,140.32000732421875,713.9400024414062,376.29998779296875,277.1400146484375,160.22000122070312
2026-04-27,267.6099853515625,239.30999755859375,404.8599853515625,334.6300048828125,261.1199951171875,172.47000122070312,418.20001220703125,996.56396484375,180.17999267578125,454.6099853515625,88.26000213623047,350.3399963378906,228.0500030517578,84.98999786376953,389.9200134277344,1900.0,259.4700012207031,678.6199951171875,424.82000732421875,524.5599975585938,91.37000274658203,90.44999694824219,216.61000061035156,172.9600067138672,182.89999389648438,143.10000610351562,150.25999450683594,664.22998046875,144.25,715.1699829101562,378.6700134277344,269.5,160.57000732421875
2026-04-28,270.7099914550781,243.1999969482422,381.1099853515625,323.2099914550781,259.70001220703125,165.2899932861328,399.8299865722656,992.5597534179688,181.32000732421875,454.989990234375,86.86000061035156,349.7799987792969,233.0399932861328,84.5199966430664,400.3800048828125,1808.969970703125,251.22999572753906,671.3400268554688,429.25,504.2900085449219,92.2699966430664,90.48999786376953,213.1699981689453,165.9600067138672,180.99000549316406,141.17999267578125,150.0,657.5499877929688,142.55999755859375,711.6900024414062,376.0199890136719,265.0,157.85000610351562
2026-04-29,270.1700134277344,243.57000732421875,382.5899963378906,337.1099853515625,263.0400085449219,168.67999267578125,405.45001220703125,997.2229614257812,181.22000122070312,452.3800048828125,89.56999969482422,349.94000244140625,227.10000610351562,94.75,395.0799865722656,1816.2099609375,248.75,669.1199951171875,424.4599914550781,518.4600219726562,92.12000274658203,88.88999938964844,209.25,163.8300018310547,181.5399932861328,137.97000122070312,156.0,661.5700073242188,141.22000122070312,711.5800170898438,372.79998779296875,269.2200012207031,159.11000061035156
