date,action,regime_state,selected_group,selected_assets,selection_source,notes,fast_active_until
2018-01-02,hold,,,,,,
2018-01-03,hold,,,,,,
2018-01-04,hold,,,,,,
2018-01-05,weekly_rebalance,risk_on,default,"SPY, QQQ, IAU, XLU, XLV",fallback_default,No positive-IR sector group qualified; used default basket.,
2018-01-08,hold,,,,,,
2018-01-09,hold,,,,,,
2018-01-10,hold,,,,,,
2018-01-11,hold,,,,,,
2018-01-12,weekly_rebalance,risk_on,default,"SPY, QQQ, IAU, XLU, XLV",fallback_default,No positive-IR sector group qualified; used default basket.,
2018-01-16,hold,,,,,,
2018-01-17,hold,,,,,,
2018-01-18,hold,,,,,,
2018-01-19,weekly_rebalance,risk_on,default,"SPY, QQQ, IAU, XLU, XLV",fallback_default,No positive-IR sector group qualified; used default basket.,
2018-01-22,hold,,,,,,
2018-01-23,hold,,,,,,
2018-01-24,hold,,,,,,
2018-01-25,hold,,,,,,
2018-01-26,weekly_rebalance,risk_on,default,"SPY, QQQ, IAU, XLU, XLV",fallback_default,No positive-IR sector group qualified; used default basket.,
2018-01-29,hold,,,,,,
2018-01-30,hold,,,,,,
2018-01-31,hold,,,,,,
2018-02-01,hold,,,,,,
2018-02-02,weekly_rebalance,risk_on,default,"SPY, QQQ, IAU, XLU, XLV",fallback_default,No positive-IR sector group qualified; used default basket.,
2018-02-05,fast_risk_off,,,,,"3-day shock detected. SPX=-6.19%, QQQ=-6.66%, VIX_Z=0.00.",2018-02-15
2018-02-06,hold,,,,,,2018-02-15
2018-02-07,hold,,,,,,2018-02-15
2018-02-08,stop_loss,,,,,"Stopped out: SPY, QQQ, XLV",2018-02-15
2018-02-09,weekly_rebalance,risk_on,default,"SPY, QQQ, IAU, XLU, XLV",fallback_default,No positive-IR sector group qualified; used default basket.,2018-02-15
2018-02-12,hold,,,,,,2018-02-15
2018-02-13,hold,,,,,,2018-02-15
2018-02-14,hold,,,,,,2018-02-15
2018-02-15,hold,,,,,,2018-02-15
2018-02-16,weekly_rebalance,risk_on,default,"SPY, QQQ, IAU, XLU, XLV",fallback_default,No positive-IR sector group qualified; used default basket.,2018-02-15
2018-02-20,hold,,,,,,2018-02-15
2018-02-21,hold,,,,,,2018-02-15
2018-02-22,hold,,,,,,2018-02-15
2018-02-23,weekly_rebalance,risk_on,default,"SPY, QQQ, IAU, XLU, XLV",fallback_default,No positive-IR sector group qualified; used default basket.,2018-02-15
2018-02-26,hold,,,,,,2018-02-15
2018-02-27,hold,,,,,,2018-02-15
2018-02-28,hold,,,,,,2018-02-15
2018-03-01,fast_risk_off,,,,,"3-day shock detected. SPX=-3.67%, QQQ=-3.47%, VIX_Z=0.00.",2018-03-11
2018-03-02,weekly_rebalance,risk_on,default,"SPY, QQQ, IAU, XLU, XLV",fallback_default,No positive-IR sector group qualified; used default basket.,2018-03-11
2018-03-05,hold,,,,,,2018-03-11
2018-03-06,hold,,,,,,2018-03-11
2018-03-07,hold,,,,,,2018-03-11
2018-03-08,hold,,,,,,2018-03-11
2018-03-09,weekly_rebalance,risk_on,default,"SPY, QQQ, IAU, XLU, XLV",fallback_default,No positive-IR sector group qualified; used default basket.,2018-03-11
2018-03-12,hold,,,,,,2018-03-11
2018-03-13,hold,,,,,,2018-03-11
2018-03-14,hold,,,,,,2018-03-11
2018-03-15,hold,,,,,,2018-03-11
2018-03-16,weekly_rebalance,risk_on,growth_tech,"NVDA, META",assignment1_selector_fallback_to_static,Weekly rebalance into growth_tech.,2018-03-11
2018-03-19,stop_loss,,,,,Stopped out: META,2018-03-11
2018-03-20,hold,,,,,,2018-03-11
2018-03-21,hold,,,,,,2018-03-11
2018-03-22,hold,,,,,,2018-03-11
2018-03-23,weekly_rebalance,risk_on,growth_tech,"AAPL, AMZN",assignment1_selector_fallback_to_static,Weekly rebalance into growth_tech.,2018-03-11
2018-03-26,hold,,,,,,2018-03-11
2018-03-27,hold,,,,,,2018-03-11
2018-03-28,hold,,,,,,2018-03-11
2018-03-29,weekly_rebalance,risk_on,default,"SPY, QQQ, IAU, XLU, XLV",fallback_default,No positive-IR sector group qualified; used default basket.,2018-03-11
2018-04-02,hold,,,,,,2018-03-11
2018-04-03,hold,,,,,,2018-03-11
2018-04-04,hold,,,,,,2018-03-11
2018-04-05,hold,,,,,,2018-03-11
2018-04-06,weekly_rebalance,risk_on,defensive,"IAU, UUP",static_group,Weekly rebalance into defensive.,2018-03-11
2018-04-09,hold,,,,,,2018-03-11
2018-04-10,hold,,,,,,2018-03-11
2018-04-11,hold,,,,,,2018-03-11
2018-04-12,hold,,,,,,2018-03-11
2018-04-13,weekly_rebalance,risk_on,growth_tech,"NVDA, GOOGL",assignment1_selector_fallback_to_static,Weekly rebalance into growth_tech.,2018-03-11
2018-04-16,hold,,,,,,2018-03-11
2018-04-17,hold,,,,,,2018-03-11
2018-04-18,hold,,,,,,2018-03-11
2018-04-19,hold,,,,,,2018-03-11
2018-04-20,weekly_rebalance,risk_on,defensive,"UUP, XLU",static_group,Weekly rebalance into defensive.,2018-03-11
2018-04-23,hold,,,,,,2018-03-11
2018-04-24,fast_risk_off,,,,,"3-day shock detected. SPX=-2.17%, QQQ=-3.91%, VIX_Z=0.00.",2018-05-04
2018-04-25,hold,,,,,,2018-05-04
2018-04-26,hold,,,,,,2018-05-04
2018-04-27,weekly_rebalance,risk_on,defensive,"XLU, UUP",static_group,Weekly rebalance into defensive.,2018-05-04
2018-04-30,hold,,,,,,2018-05-04
2018-05-01,hold,,,,,,2018-05-04
2018-05-02,hold,,,,,,2018-05-04
2018-05-03,hold,,,,,,2018-05-04
2018-05-04,weekly_rebalance,risk_on,growth_tech,"AAPL, NVDA",assignment1_selector_fallback_to_static,Weekly rebalance into growth_tech.,2018-05-04
2018-05-07,hold,,,,,,2018-05-04
2018-05-08,hold,,,,,,2018-05-04
2018-05-09,hold,,,,,,2018-05-04
2018-05-10,hold,,,,,,2018-05-04
2018-05-11,weekly_rebalance,risk_on,growth_tech,"GOOGL, META",assignment1_selector_fallback_to_static,Weekly rebalance into growth_tech.,2018-05-04
2018-05-14,hold,,,,,,2018-05-04
2018-05-15,hold,,,,,,2018-05-04
2018-05-16,hold,,,,,,2018-05-04
2018-05-17,hold,,,,,,2018-05-04
2018-05-18,weekly_rebalance,risk_on,real_assets,"FCX, BHP",static_group,Weekly rebalance into real_assets.,2018-05-04
2018-05-21,hold,,,,,,2018-05-04
2018-05-22,hold,,,,,,2018-05-04
2018-05-23,hold,,,,,,2018-05-04
2018-05-24,hold,,,,,,2018-05-04
2018-05-25,weekly_rebalance,risk_on,real_assets,"SLV, GLD",static_group,Weekly rebalance into real_assets.,2018-05-04
2018-05-29,hold,,,,,,2018-05-04
2018-05-30,hold,,,,,,2018-05-04
2018-05-31,hold,,,,,,2018-05-04
2018-06-01,weekly_rebalance,risk_on,growth_tech,"GOOGL, TSLA",assignment1_selector_fallback_to_static,Weekly rebalance into growth_tech.,2018-05-04
2018-06-04,hold,,,,,,2018-05-04
2018-06-05,hold,,,,,,2018-05-04
2018-06-06,hold,,,,,,2018-05-04
2018-06-07,hold,,,,,,2018-05-04
2018-06-08,weekly_rebalance,risk_on,growth_tech,"TSLA, AMZN",assignment1_selector_fallback_to_static,Weekly rebalance into growth_tech.,2018-05-04
2018-06-11,hold,,,,,,2018-05-04
2018-06-12,hold,,,,,,2018-05-04
2018-06-13,hold,,,,,,2018-05-04
2018-06-14,hold,,,,,,2018-05-04
2018-06-15,weekly_rebalance,risk_on,growth_tech,"TSLA, AMZN",assignment1_selector_fallback_to_static,Weekly rebalance into growth_tech.,2018-05-04
2018-06-18,hold,,,,,,2018-05-04
2018-06-19,hold,,,,,,2018-05-04
2018-06-20,hold,,,,,,2018-05-04
2018-06-21,hold,,,,,,2018-05-04
2018-06-22,weekly_rebalance,risk_on,growth_tech,"META, MSFT",assignment1_selector_fallback_to_static,Weekly rebalance into growth_tech.,2018-05-04
2018-06-25,fast_risk_off,,,,,"3-day shock detected. SPX=-1.82%, QQQ=-3.32%, VIX_Z=0.00.",2018-07-05
2018-06-26,hold,,,,,,2018-07-05
2018-06-27,hold,,,,,,2018-07-05
2018-06-28,hold,,,,,,2018-07-05
2018-06-29,weekly_rebalance,neutral,growth_tech,"TSLA, AAPL",assignment1_selector_fallback_to_static,Weekly rebalance into growth_tech.,2018-07-05
2018-07-02,hold,,,,,,2018-07-05
2018-07-03,stop_loss,,,,,Stopped out: TSLA,2018-07-05
2018-07-05,hold,,,,,,2018-07-05
2018-07-06,weekly_rebalance,risk_on,growth_tech,"NVDA, META",assignment1_selector_fallback_to_static,Weekly rebalance into growth_tech.,2018-07-05
2018-07-09,hold,,,,,,2018-07-05
2018-07-10,hold,,,,,,2018-07-05
2018-07-11,hold,,,,,,2018-07-05
2018-07-12,hold,,,,,,2018-07-05
2018-07-13,weekly_rebalance,risk_on,growth_tech,"AMZN, MSFT",assignment1_selector_fallback_to_static,Weekly rebalance into growth_tech.,2018-07-05
2018-07-16,hold,,,,,,2018-07-05
2018-07-17,hold,,,,,,2018-07-05
2018-07-18,hold,,,,,,2018-07-05
2018-07-19,hold,,,,,,2018-07-05
2018-07-20,weekly_rebalance,risk_on,growth_tech,"AAPL, META",assignment1_selector_fallback_to_static,Weekly rebalance into growth_tech.,2018-07-05
2018-07-23,hold,,,,,,2018-07-05
2018-07-24,hold,,,,,,2018-07-05
2018-07-25,hold,,,,,,2018-07-05
2018-07-26,stop_loss,,,,,Stopped out: META,2018-07-05
2018-07-27,weekly_rebalance,risk_on,growth_tech,"GOOGL, NVDA",assignment1_selector_fallback_to_static,Weekly rebalance into growth_tech.,2018-07-05
2018-07-30,fast_risk_off,,,,,"3-day shock detected. SPX=-1.53%, QQQ=-4.22%, VIX_Z=0.00.",2018-08-09
2018-07-31,hold,,,,,,2018-08-09
2018-08-01,hold,,,,,,2018-08-09
2018-08-02,hold,,,,,,2018-08-09
2018-08-03,weekly_rebalance,risk_on,growth_tech,"AAPL, TSLA",assignment1_selector_fallback_to_static,Weekly rebalance into growth_tech.,2018-08-09
2018-08-06,hold,,,,,,2018-08-09
2018-08-07,hold,,,,,,2018-08-09
2018-08-08,hold,,,,,,2018-08-09
2018-08-09,hold,,,,,,2018-08-09
2018-08-10,weekly_rebalance,risk_on,growth_tech,"AMZN, NVDA",assignment1_selector_fallback_to_static,Weekly rebalance into growth_tech.,2018-08-09
2018-08-13,hold,,,,,,2018-08-09
2018-08-14,hold,,,,,,2018-08-09
2018-08-15,hold,,,,,,2018-08-09
2018-08-16,hold,,,,,,2018-08-09
2018-08-17,weekly_rebalance,risk_on,growth_tech,"AAPL, AMZN",assignment1_selector_fallback_to_static,Weekly rebalance into growth_tech.,2018-08-09
2018-08-20,hold,,,,,,2018-08-09
2018-08-21,hold,,,,,,2018-08-09
2018-08-22,hold,,,,,,2018-08-09
2018-08-23,hold,,,,,,2018-08-09
2018-08-24,weekly_rebalance,risk_on,growth_tech,"NVDA, TSLA",assignment1_selector_fallback_to_static,Weekly rebalance into growth_tech.,2018-08-09
2018-08-27,hold,,,,,,2018-08-09
2018-08-28,hold,,,,,,2018-08-09
2018-08-29,stop_loss,,,,,Stopped out: TSLA,2018-08-09
2018-08-30,hold,,,,,,2018-08-09
2018-08-31,weekly_rebalance,risk_on,growth_tech,"AAPL, AMZN",assignment1_selector_fallback_to_static,Weekly rebalance into growth_tech.,2018-08-09
2018-09-04,hold,,,,,,2018-08-09
2018-09-05,hold,,,,,,2018-08-09
2018-09-06,hold,,,,,,2018-08-09
2018-09-07,weekly_rebalance,risk_on,default,"SPY, QQQ, IAU, XLU, XLV",fallback_default,No positive-IR sector group qualified; used default basket.,2018-08-09
2018-09-10,hold,,,,,,2018-08-09
2018-09-11,hold,,,,,,2018-08-09
2018-09-12,hold,,,,,,2018-08-09
2018-09-13,hold,,,,,,2018-08-09
2018-09-14,weekly_rebalance,risk_on,default,"SPY, QQQ, IAU, XLU, XLV",fallback_default,No positive-IR sector group qualified; used default basket.,2018-08-09
2018-09-17,hold,,,,,,2018-08-09
2018-09-18,hold,,,,,,2018-08-09
2018-09-19,hold,,,,,,2018-08-09
2018-09-20,hold,,,,,,2018-08-09
2018-09-21,weekly_rebalance,risk_on,default,"SPY, QQQ, IAU, XLU, XLV",fallback_default,No positive-IR sector group qualified; used default basket.,2018-08-09
2018-09-24,hold,,,,,,2018-08-09
2018-09-25,hold,,,,,,2018-08-09
2018-09-26,hold,,,,,,2018-08-09
2018-09-27,hold,,,,,,2018-08-09
2018-09-28,weekly_rebalance,risk_on,default,"SPY, QQQ, IAU, XLU, XLV",fallback_default,No positive-IR sector group qualified; used default basket.,2018-08-09
2018-10-01,hold,,,,,,2018-08-09
2018-10-02,hold,,,,,,2018-08-09
2018-10-03,hold,,,,,,2018-08-09
2018-10-04,hold,,,,,,2018-08-09
2018-10-05,weekly_rebalance,risk_on,default,"SPY, QQQ, IAU, XLU, XLV",fallback_default,No positive-IR sector group qualified; used default basket.,2018-08-09
2018-10-08,fast_risk_off,,,,,"3-day shock detected. SPX=-1.40%, QQQ=-3.71%, VIX_Z=0.00.",2018-10-18
2018-10-09,hold,,,,,,2018-10-18
2018-10-10,hold,,,,,,2018-10-18
2018-10-11,stop_loss,,,,,"Stopped out: SPY, QQQ",2018-10-18
2018-10-12,weekly_rebalance,neutral,defensive,"IEF, TLT",static_group,Weekly rebalance into defensive.,2018-10-18
2018-10-15,hold,,,,,,2018-10-18
2018-10-16,hold,,,,,,2018-10-18
2018-10-17,hold,,,,,,2018-10-18
2018-10-18,hold,,,,,,2018-10-18
2018-10-19,weekly_rebalance,neutral,defensive,"XLU, IAU",static_group,Weekly rebalance into defensive.,2018-10-18
2018-10-22,hold,,,,,,2018-10-18
2018-10-23,hold,,,,,,2018-10-18
2018-10-24,fast_risk_off,,,,,"3-day shock detected. SPX=-4.04%, QQQ=-4.44%, VIX_Z=0.00.",2018-11-03
2018-10-25,hold,,,,,,2018-11-03
2018-10-26,weekly_rebalance,neutral,defensive,"IEF, SHY",static_group,Weekly rebalance into defensive.,2018-11-03
2018-10-29,hold,,,,,,2018-11-03
2018-10-30,hold,,,,,,2018-11-03
2018-10-31,hold,,,,,,2018-11-03
2018-11-01,hold,,,,,,2018-11-03
2018-11-02,weekly_rebalance,neutral,defensive,"XLV, UUP",static_group,Weekly rebalance into defensive.,2018-11-03
2018-11-05,hold,,,,,,2018-11-03
2018-11-06,hold,,,,,,2018-11-03
2018-11-07,hold,,,,,,2018-11-03
2018-11-08,hold,,,,,,2018-11-03
2018-11-09,weekly_rebalance,neutral,defensive,"XLV, XLU",static_group,Weekly rebalance into defensive.,2018-11-03
2018-11-12,fast_risk_off,,,,,"3-day shock detected. SPX=-3.12%, QQQ=-5.27%, VIX_Z=0.00.",2018-11-22
2018-11-13,hold,,,,,,2018-11-22
2018-11-14,hold,,,,,,2018-11-22
2018-11-15,hold,,,,,,2018-11-22
2018-11-16,weekly_rebalance,neutral,defensive,"TLT, IEF",static_group,Weekly rebalance into defensive.,2018-11-22
2018-11-19,hold,,,,,,2018-11-22
2018-11-20,hold,,,,,,2018-11-22
2018-11-21,hold,,,,,,2018-11-22
2018-11-23,weekly_rebalance,risk_off,defensive,"SHY, IEF",static_group,Weekly rebalance into defensive.,2018-11-22
2018-11-26,hold,,,,,,2018-11-22
2018-11-27,hold,,,,,,2018-11-22
2018-11-28,hold,,,,,,2018-11-22
2018-11-29,hold,,,,,,2018-11-22
2018-11-30,weekly_rebalance,neutral,defensive,"XLV, XLU",static_group,Weekly rebalance into defensive.,2018-11-22
2018-12-03,hold,,,,,,2018-11-22
2018-12-04,hold,,,,,,2018-11-22
2018-12-06,hold,,,,,,2018-11-22
2018-12-07,weekly_rebalance,risk_off,defensive,"IAU, TLT",static_group,Weekly rebalance into defensive.,2018-11-22
2018-12-10,hold,,,,,,2018-11-22
2018-12-11,hold,,,,,,2018-11-22
2018-12-12,hold,,,,,,2018-11-22
2018-12-13,hold,,,,,,2018-11-22
2018-12-14,weekly_rebalance,risk_off,defensive,"UUP, SHY",static_group,Weekly rebalance into defensive.,2018-11-22
2018-12-17,fast_risk_off,,,,,"3-day shock detected. SPX=-3.97%, QQQ=-4.62%, VIX_Z=0.00.",2018-12-27
2018-12-18,hold,,,,,,2018-12-27
2018-12-19,hold,,,,,,2018-12-27
2018-12-20,hold,,,,,,2018-12-27
2018-12-21,weekly_rebalance,risk_off,defensive,"SHY, IAU",static_group,Weekly rebalance into defensive.,2018-12-27
2018-12-24,hold,,,,,,2018-12-27
2018-12-26,hold,,,,,,2018-12-27
2018-12-27,hold,,,,,,2018-12-27
2018-12-28,weekly_rebalance,risk_off,defensive,"XLV, IAU",static_group,Weekly rebalance into defensive.,2018-12-27
2018-12-31,hold,,,,,,2018-12-27
2019-01-02,hold,,,,,,2018-12-27
2019-01-03,hold,,,,,,2018-12-27
2019-01-04,weekly_rebalance,neutral,defensive,"XLV, TLT",static_group,Weekly rebalance into defensive.,2018-12-27
2019-01-07,hold,,,,,,2018-12-27
2019-01-08,hold,,,,,,2018-12-27
2019-01-09,hold,,,,,,2018-12-27
2019-01-10,hold,,,,,,2018-12-27
2019-01-11,weekly_rebalance,neutral,real_assets,"FCX, CVX",static_group,Weekly rebalance into real_assets.,2018-12-27
2019-01-14,hold,,,,,,2018-12-27
2019-01-15,hold,,,,,,2018-12-27
2019-01-16,hold,,,,,,2018-12-27
2019-01-17,hold,,,,,,2018-12-27
2019-01-18,weekly_rebalance,neutral,real_assets,"FCX, CVX",static_group,Weekly rebalance into real_assets.,2018-12-27
2019-01-22,hold,,,,,,2018-12-27
2019-01-23,hold,,,,,,2018-12-27
2019-01-24,stop_loss,,,,,Stopped out: FCX,2018-12-27
2019-01-25,weekly_rebalance,neutral,defensive,"IAU, TLT",static_group,Weekly rebalance into defensive.,2018-12-27
2019-01-28,hold,,,,,,2018-12-27
2019-01-29,hold,,,,,,2018-12-27
2019-01-30,hold,,,,,,2018-12-27
2019-01-31,hold,,,,,,2018-12-27
2019-02-01,weekly_rebalance,neutral,real_assets,"XOM, BHP",static_group,Weekly rebalance into real_assets.,2018-12-27
2019-02-04,hold,,,,,,2018-12-27
2019-02-05,hold,,,,,,2018-12-27
2019-02-06,hold,,,,,,2018-12-27
2019-02-07,hold,,,,,,2018-12-27
2019-02-08,weekly_rebalance,neutral,real_assets,"GLD, CVX",static_group,Weekly rebalance into real_assets.,2018-12-27
2019-02-11,hold,,,,,,2018-12-27
2019-02-12,hold,,,,,,2018-12-27
2019-02-13,hold,,,,,,2018-12-27
2019-02-14,hold,,,,,,2018-12-27
2019-02-15,weekly_rebalance,risk_on,real_assets,"XOM, FCX",static_group,Weekly rebalance into real_assets.,2018-12-27
2019-02-19,hold,,,,,,2018-12-27
2019-02-20,hold,,,,,,2018-12-27
2019-02-21,hold,,,,,,2018-12-27
2019-02-22,weekly_rebalance,risk_on,real_assets,"FCX, BHP",static_group,Weekly rebalance into real_assets.,2018-12-27
2019-02-25,hold,,,,,,2018-12-27
2019-02-26,hold,,,,,,2018-12-27
2019-02-27,hold,,,,,,2018-12-27
2019-02-28,hold,,,,,,2018-12-27
2019-03-01,weekly_rebalance,risk_on,real_assets,"CVX, XOM",static_group,Weekly rebalance into real_assets.,2018-12-27
2019-03-04,hold,,,,,,2018-12-27
2019-03-05,hold,,,,,,2018-12-27
2019-03-06,hold,,,,,,2018-12-27
2019-03-07,hold,,,,,,2018-12-27
2019-03-08,weekly_rebalance,risk_on,real_assets,"GLD, SLV",static_group,Weekly rebalance into real_assets.,2018-12-27
2019-03-11,hold,,,,,,2018-12-27
2019-03-12,hold,,,,,,2018-12-27
2019-03-13,hold,,,,,,2018-12-27
2019-03-14,hold,,,,,,2018-12-27
2019-03-15,weekly_rebalance,risk_on,default,"SPY, QQQ, IAU, XLU, XLV",fallback_default,No positive-IR sector group qualified; used default basket.,2018-12-27
2019-03-18,hold,,,,,,2018-12-27
2019-03-19,hold,,,,,,2018-12-27
2019-03-20,hold,,,,,,2018-12-27
2019-03-21,hold,,,,,,2018-12-27
2019-03-22,weekly_rebalance,risk_on,default,"SPY, QQQ, IAU, XLU, XLV",fallback_default,No positive-IR sector group qualified; used default basket.,2018-12-27
2019-03-25,hold,,,,,,2018-12-27
2019-03-26,hold,,,,,,2018-12-27
2019-03-27,hold,,,,,,2018-12-27
2019-03-28,hold,,,,,,2018-12-27
2019-03-29,weekly_rebalance,risk_on,growth_tech,"TSLA, META",assignment1_selector_fallback_to_static,Weekly rebalance into growth_tech.,2018-12-27
2019-04-01,hold,,,,,,2018-12-27
2019-04-02,hold,,,,,,2018-12-27
2019-04-03,hold,,,,,,2018-12-27
2019-04-04,hold,,,,,,2018-12-27
2019-04-05,weekly_rebalance,risk_on,default,"SPY, QQQ, IAU, XLU, XLV",fallback_default,No positive-IR sector group qualified; used default basket.,2018-12-27
2019-04-08,hold,,,,,,2018-12-27
2019-04-09,hold,,,,,,2018-12-27
2019-04-10,hold,,,,,,2018-12-27
2019-04-11,hold,,,,,,2018-12-27
2019-04-12,weekly_rebalance,risk_on,default,"SPY, QQQ, IAU, XLU, XLV",fallback_default,No positive-IR sector group qualified; used default basket.,2018-12-27
2019-04-15,hold,,,,,,2018-12-27
2019-04-16,hold,,,,,,2018-12-27
2019-04-17,hold,,,,,,2018-12-27
2019-04-18,weekly_rebalance,risk_on,growth_tech,"TSLA, AAPL",assignment1_selector_fallback_to_static,Weekly rebalance into growth_tech.,2018-12-27
2019-04-22,hold,,,,,,2018-12-27
2019-04-23,hold,,,,,,2018-12-27
2019-04-24,stop_loss,,,,,Stopped out: TSLA,2018-12-27
2019-04-25,hold,,,,,,2018-12-27
2019-04-26,weekly_rebalance,risk_on,default,"SPY, QQQ, IAU, XLU, XLV",fallback_default,No positive-IR sector group qualified; used default basket.,2018-12-27
2019-04-29,hold,,,,,,2018-12-27
2019-04-30,hold,,,,,,2018-12-27
2019-05-01,hold,,,,,,2018-12-27
2019-05-02,hold,,,,,,2018-12-27
2019-05-03,weekly_rebalance,risk_on,growth_tech,"AAPL, META",assignment1_selector_fallback_to_static,Weekly rebalance into growth_tech.,2018-12-27
2019-05-06,hold,,,,,,2018-12-27
2019-05-07,hold,,,,,,2018-12-27
2019-05-08,hold,,,,,,2018-12-27
2019-05-09,stop_loss,,,,,Stopped out: AAPL,2018-12-27
2019-05-10,weekly_rebalance,risk_on,growth_tech,"GOOGL, MSFT",assignment1_selector_fallback_to_static,Weekly rebalance into growth_tech.,2018-12-27
2019-05-13,fast_risk_off,,,,,"3-day shock detected. SPX=-2.35%, QQQ=-3.87%, VIX_Z=1.97.",2019-05-23
2019-05-14,hold,,,,,,2019-05-23
2019-05-15,hold,,,,,,2019-05-23
2019-05-16,hold,,,,,,2019-05-23
2019-05-17,weekly_rebalance,risk_on,default,"SPY, QQQ, IAU, XLU, XLV",fallback_default,No positive-IR sector group qualified; used default basket.,2019-05-23
2019-05-20,hold,,,,,,2019-05-23
2019-05-21,hold,,,,,,2019-05-23
2019-05-22,hold,,,,,,2019-05-23
2019-05-23,hold,,,,,,2019-05-23
2019-05-24,weekly_rebalance,risk_on,defensive,"XLU, XLV",static_group,Weekly rebalance into defensive.,2019-05-23
2019-05-28,hold,,,,,,2019-05-23
2019-05-29,hold,,,,,,2019-05-23
2019-05-30,hold,,,,,,2019-05-23
2019-05-31,weekly_rebalance,risk_on,defensive,"IAU, TLT",static_group,Weekly rebalance into defensive.,2019-05-23
2019-06-03,fast_risk_off,,,,,"3-day shock detected. SPX=-1.39%, QQQ=-3.36%, VIX_Z=1.25.",2019-06-13
2019-06-04,hold,,,,,,2019-06-13
2019-06-05,hold,,,,,,2019-06-13
2019-06-06,hold,,,,,,2019-06-13
2019-06-07,weekly_rebalance,risk_on,defensive,"XLV, IAU",static_group,Weekly rebalance into defensive.,2019-06-13
2019-06-10,hold,,,,,,2019-06-13
2019-06-11,hold,,,,,,2019-06-13
2019-06-12,hold,,,,,,2019-06-13
2019-06-13,hold,,,,,,2019-06-13
2019-06-14,weekly_rebalance,risk_on,defensive,"UUP, XLU",static_group,Weekly rebalance into defensive.,2019-06-13
2019-06-17,hold,,,,,,2019-06-13
2019-06-18,hold,,,,,,2019-06-13
2019-06-19,hold,,,,,,2019-06-13
2019-06-20,hold,,,,,,2019-06-13
2019-06-21,weekly_rebalance,risk_on,default,"SPY, QQQ, IAU, XLU, XLV",fallback_default,No positive-IR sector group qualified; used default basket.,2019-06-13
2019-06-24,hold,,,,,,2019-06-13
2019-06-25,hold,,,,,,2019-06-13
2019-06-26,hold,,,,,,2019-06-13
2019-06-27,hold,,,,,,2019-06-13
2019-06-28,weekly_rebalance,risk_on,defensive,"IAU, TLT",static_group,Weekly rebalance into defensive.,2019-06-13
2019-07-01,hold,,,,,,2019-06-13
2019-07-02,hold,,,,,,2019-06-13
2019-07-03,hold,,,,,,2019-06-13
2019-07-05,weekly_rebalance,risk_on,defensive,"UUP, XLU",static_group,Weekly rebalance into defensive.,2019-06-13
2019-07-08,hold,,,,,,2019-06-13
2019-07-09,hold,,,,,,2019-06-13
2019-07-10,hold,,,,,,2019-06-13
2019-07-11,hold,,,,,,2019-06-13
2019-07-12,weekly_rebalance,risk_on,defensive,"SHY, IAU",static_group,Weekly rebalance into defensive.,2019-06-13
2019-07-15,hold,,,,,,2019-06-13
2019-07-16,hold,,,,,,2019-06-13
2019-07-17,hold,,,,,,2019-06-13
2019-07-18,hold,,,,,,2019-06-13
2019-07-19,weekly_rebalance,risk_on,real_assets,"SLV, FCX",static_group,Weekly rebalance into real_assets.,2019-06-13
2019-07-22,hold,,,,,,2019-06-13
2019-07-23,hold,,,,,,2019-06-13
2019-07-24,hold,,,,,,2019-06-13
2019-07-25,hold,,,,,,2019-06-13
2019-07-26,weekly_rebalance,risk_on,real_assets,"SLV, FCX",static_group,Weekly rebalance into real_assets.,2019-06-13
2019-07-29,hold,,,,,,2019-06-13
2019-07-30,hold,,,,,,2019-06-13
2019-07-31,hold,,,,,,2019-06-13
2019-08-01,stop_loss,,,,,Stopped out: FCX,2019-06-13
2019-08-02,weekly_rebalance,risk_on,defensive,"TLT, IEF",static_group,Weekly rebalance into defensive.,2019-06-13
2019-08-05,fast_risk_off,,,,,"3-day shock detected. SPX=-4.55%, QQQ=-5.43%, VIX_Z=3.71.",2019-08-15
2019-08-06,hold,,,,,,2019-08-15
2019-08-07,hold,,,,,,2019-08-15
2019-08-08,hold,,,,,,2019-08-15
2019-08-09,weekly_rebalance,risk_on,growth_tech,"MSFT, AMZN",assignment1_selector_fallback_to_static,Weekly rebalance into growth_tech.,2019-08-15
2019-08-12,hold,,,,,,2019-08-15
2019-08-13,hold,,,,,,2019-08-15
2019-08-14,hold,,,,,,2019-08-15
2019-08-15,hold,,,,,,2019-08-15
2019-08-16,weekly_rebalance,risk_on,growth_tech,"AAPL, NVDA",assignment1_selector_fallback_to_static,Weekly rebalance into growth_tech.,2019-08-15
2019-08-19,hold,,,,,,2019-08-15
2019-08-20,hold,,,,,,2019-08-15
2019-08-21,hold,,,,,,2019-08-15
2019-08-22,hold,,,,,,2019-08-15
2019-08-23,weekly_rebalance,neutral,growth_tech,"NVDA, AMZN",assignment1_selector_fallback_to_static,Weekly rebalance into growth_tech.,2019-08-15
2019-08-26,hold,,,,,,2019-08-15
2019-08-27,hold,,,,,,2019-08-15
2019-08-28,hold,,,,,,2019-08-15
2019-08-29,hold,,,,,,2019-08-15
2019-08-30,weekly_rebalance,risk_on,growth_tech,"TSLA, META",assignment1_selector_fallback_to_static,Weekly rebalance into growth_tech.,2019-08-15
2019-09-03,hold,,,,,,2019-08-15
2019-09-04,hold,,,,,,2019-08-15
2019-09-05,hold,,,,,,2019-08-15
2019-09-06,weekly_rebalance,risk_on,growth_tech,"AMZN, NVDA",assignment1_selector_fallback_to_static,Weekly rebalance into growth_tech.,2019-08-15
2019-09-09,hold,,,,,,2019-08-15
2019-09-10,hold,,,,,,2019-08-15
2019-09-11,hold,,,,,,2019-08-15
2019-09-12,hold,,,,,,2019-08-15
2019-09-13,weekly_rebalance,risk_on,growth_tech,"GOOGL, TSLA",assignment1_selector_fallback_to_static,Weekly rebalance into growth_tech.,2019-08-15
2019-09-16,hold,,,,,,2019-08-15
2019-09-17,hold,,,,,,2019-08-15
2019-09-18,hold,,,,,,2019-08-15
2019-09-19,hold,,,,,,2019-08-15
2019-09-20,weekly_rebalance,risk_on,growth_tech,"META, MSFT",assignment1_selector_fallback_to_static,Weekly rebalance into growth_tech.,2019-08-15
2019-09-23,hold,,,,,,2019-08-15
2019-09-24,hold,,,,,,2019-08-15
2019-09-25,hold,,,,,,2019-08-15
2019-09-26,stop_loss,,,,,Stopped out: META,2019-08-15
2019-09-27,weekly_rebalance,risk_on,growth_tech,"AAPL, GOOGL",assignment1_selector_fallback_to_static,Weekly rebalance into growth_tech.,2019-08-15
2019-09-30,hold,,,,,,2019-08-15
2019-10-01,hold,,,,,,2019-08-15
2019-10-02,hold,,,,,,2019-08-15
2019-10-03,hold,,,,,,2019-08-15
2019-10-04,weekly_rebalance,risk_on,growth_tech,"AAPL, AMZN",assignment1_selector_fallback_to_static,Weekly rebalance into growth_tech.,2019-08-15
2019-10-07,hold,,,,,,2019-08-15
2019-10-08,hold,,,,,,2019-08-15
2019-10-09,hold,,,,,,2019-08-15
2019-10-10,hold,,,,,,2019-08-15
2019-10-11,weekly_rebalance,risk_on,growth_tech,"TSLA, AAPL",assignment1_selector_fallback_to_static,Weekly rebalance into growth_tech.,2019-08-15
2019-10-14,hold,,,,,,2019-08-15
2019-10-15,hold,,,,,,2019-08-15
2019-10-16,hold,,,,,,2019-08-15
2019-10-17,hold,,,,,,2019-08-15
2019-10-18,weekly_rebalance,risk_on,growth_tech,"GOOGL, AMZN",assignment1_selector_fallback_to_static,Weekly rebalance into growth_tech.,2019-08-15
2019-10-21,hold,,,,,,2019-08-15
2019-10-22,hold,,,,,,2019-08-15
2019-10-23,hold,,,,,,2019-08-15
2019-10-24,hold,,,,,,2019-08-15
2019-10-25,weekly_rebalance,risk_on,growth_tech,"TSLA, NVDA",assignment1_selector_fallback_to_static,Weekly rebalance into growth_tech.,2019-08-15
2019-10-28,hold,,,,,,2019-08-15
2019-10-29,hold,,,,,,2019-08-15
2019-10-30,hold,,,,,,2019-08-15
2019-10-31,hold,,,,,,2019-08-15
2019-11-01,weekly_rebalance,risk_on,growth_tech,"META, MSFT",assignment1_selector_fallback_to_static,Weekly rebalance into growth_tech.,2019-08-15
2019-11-04,hold,,,,,,2019-08-15
2019-11-05,hold,,,,,,2019-08-15
2019-11-06,hold,,,,,,2019-08-15
2019-11-07,hold,,,,,,2019-08-15
2019-11-08,weekly_rebalance,risk_on,growth_tech,"GOOGL, TSLA",assignment1_selector_fallback_to_static,Weekly rebalance into growth_tech.,2019-08-15
2019-11-11,hold,,,,,,2019-08-15
2019-11-12,hold,,,,,,2019-08-15
2019-11-13,hold,,,,,,2019-08-15
2019-11-14,hold,,,,,,2019-08-15
2019-11-15,weekly_rebalance,risk_on,growth_tech,"MSFT, META",assignment1_selector_fallback_to_static,Weekly rebalance into growth_tech.,2019-08-15
2019-11-18,hold,,,,,,2019-08-15
2019-11-19,hold,,,,,,2019-08-15
2019-11-20,hold,,,,,,2019-08-15
2019-11-21,hold,,,,,,2019-08-15
2019-11-22,weekly_rebalance,risk_on,growth_tech,"NVDA, AMZN",assignment1_selector_fallback_to_static,Weekly rebalance into growth_tech.,2019-08-15
2019-11-25,hold,,,,,,2019-08-15
2019-11-26,hold,,,,,,2019-08-15
2019-11-27,hold,,,,,,2019-08-15
2019-11-29,weekly_rebalance,risk_on,growth_tech,"AMZN, NVDA",assignment1_selector_fallback_to_static,Weekly rebalance into growth_tech.,2019-08-15
2019-12-02,hold,,,,,,2019-08-15
2019-12-03,hold,,,,,,2019-08-15
2019-12-04,hold,,,,,,2019-08-15
2019-12-05,hold,,,,,,2019-08-15
2019-12-06,weekly_rebalance,risk_on,growth_tech,"GOOGL, AAPL",assignment1_selector_fallback_to_static,Weekly rebalance into growth_tech.,2019-08-15
2019-12-09,hold,,,,,,2019-08-15
2019-12-10,hold,,,,,,2019-08-15
2019-12-11,hold,,,,,,2019-08-15
2019-12-12,hold,,,,,,2019-08-15
2019-12-13,weekly_rebalance,risk_on,growth_tech,"NVDA, TSLA",assignment1_selector_fallback_to_static,Weekly rebalance into growth_tech.,2019-08-15
2019-12-16,hold,,,,,,2019-08-15
2019-12-17,hold,,,,,,2019-08-15
2019-12-18,hold,,,,,,2019-08-15
2019-12-19,hold,,,,,,2019-08-15
2019-12-20,weekly_rebalance,risk_on,growth_tech,"TSLA, META",assignment1_selector_fallback_to_static,Weekly rebalance into growth_tech.,2019-08-15
2019-12-23,hold,,,,,,2019-08-15
2019-12-24,hold,,,,,,2019-08-15
2019-12-26,hold,,,,,,2019-08-15
2019-12-27,weekly_rebalance,risk_on,growth_tech,"AMZN, AAPL",assignment1_selector_fallback_to_static,Weekly rebalance into growth_tech.,2019-08-15
2019-12-30,hold,,,,,,2019-08-15
2019-12-31,hold,,,,,,2019-08-15
2020-01-02,hold,,,,,,2019-08-15
2020-01-03,weekly_rebalance,risk_on,growth_tech,"AAPL, AMZN",assignment1_selector_fallback_to_static,Weekly rebalance into growth_tech.,2019-08-15
2020-01-06,hold,,,,,,2019-08-15
2020-01-07,hold,,,,,,2019-08-15
2020-01-08,hold,,,,,,2019-08-15
2020-01-09,hold,,,,,,2019-08-15
2020-01-10,weekly_rebalance,risk_on,growth_tech,"GOOGL, META",assignment1_selector_fallback_to_static,Weekly rebalance into growth_tech.,2019-08-15
2020-01-13,hold,,,,,,2019-08-15
2020-01-14,hold,,,,,,2019-08-15
2020-01-15,hold,,,,,,2019-08-15
2020-01-16,hold,,,,,,2019-08-15
2020-01-17,weekly_rebalance,risk_on,growth_tech,"MSFT, GOOGL",assignment1_selector_fallback_to_static,Weekly rebalance into growth_tech.,2019-08-15
2020-01-21,hold,,,,,,2019-08-15
2020-01-22,hold,,,,,,2019-08-15
2020-01-23,hold,,,,,,2019-08-15
2020-01-24,weekly_rebalance,risk_on,growth_tech,"TSLA, AMZN",assignment1_selector_fallback_to_static,Weekly rebalance into growth_tech.,2019-08-15
2020-01-27,hold,,,,,,2019-08-15
2020-01-28,hold,,,,,,2019-08-15
2020-01-29,hold,,,,,,2019-08-15
2020-01-30,hold,,,,,,2019-08-15
2020-01-31,weekly_rebalance,risk_on,growth_tech,"TSLA, AMZN",assignment1_selector_fallback_to_static,Weekly rebalance into growth_tech.,2019-08-15
2020-02-03,hold,,,,,,2019-08-15
2020-02-04,hold,,,,,,2019-08-15
2020-02-05,stop_loss,,,,,Stopped out: TSLA,2019-08-15
2020-02-06,hold,,,,,,2019-08-15
2020-02-07,weekly_rebalance,risk_on,growth_tech,"MSFT, META",assignment1_selector_fallback_to_static,Weekly rebalance into growth_tech.,2019-08-15
2020-02-10,hold,,,,,,2019-08-15
2020-02-11,hold,,,,,,2019-08-15
2020-02-12,hold,,,,,,2019-08-15
2020-02-13,hold,,,,,,2019-08-15
2020-02-14,weekly_rebalance,risk_on,growth_tech,"NVDA, AMZN",assignment1_selector_fallback_to_static,Weekly rebalance into growth_tech.,2019-08-15
2020-02-18,hold,,,,,,2019-08-15
2020-02-19,hold,,,,,,2019-08-15
2020-02-20,hold,,,,,,2019-08-15
2020-02-21,weekly_rebalance,risk_on,growth_tech,"NVDA, AMZN",assignment1_selector_fallback_to_static,Weekly rebalance into growth_tech.,2019-08-15
2020-02-24,fast_risk_off,,,,,"3-day shock detected. SPX=-4.73%, QQQ=-6.58%, VIX_Z=4.56.",2020-03-05
2020-02-25,stop_loss,,,,,"Stopped out: NVDA, AMZN",2020-03-05
2020-02-26,hold,,,,,,2020-03-05
2020-02-27,hold,,,,,,2020-03-05
2020-02-28,weekly_rebalance,risk_off,growth_tech,"META, MSFT",assignment1_selector_fallback_to_static,Weekly rebalance into growth_tech.,2020-03-05
2020-03-02,hold,,,,,,2020-03-05
2020-03-03,hold,,,,,,2020-03-05
2020-03-04,hold,,,,,,2020-03-05
2020-03-05,hold,,,,,,2020-03-05
2020-03-06,weekly_rebalance,risk_off,growth_tech,"AAPL, MSFT",assignment1_selector_fallback_to_static,Weekly rebalance into growth_tech.,2020-03-05
2020-03-09,fast_risk_off,,,,,"3-day shock detected. SPX=-12.25%, QQQ=-11.30%, VIX_Z=17.24.",2020-03-19
2020-03-10,hold,,,,,,2020-03-19
2020-03-11,hold,,,,,,2020-03-19
2020-03-12,stop_loss,,,,,"Stopped out: AAPL, MSFT",2020-03-19
2020-03-13,weekly_rebalance,risk_off,growth_tech,"META, GOOGL",assignment1_selector_fallback_to_static,Weekly rebalance into growth_tech.,2020-03-19
2020-03-16,stop_loss,,,,,"Stopped out: META, GOOGL",2020-03-19
2020-03-17,hold,,,,,,2020-03-19
2020-03-18,hold,,,,,,2020-03-19
2020-03-19,hold,,,,,,2020-03-19
2020-03-20,weekly_rebalance,risk_off,growth_tech,"AMZN, NVDA",assignment1_selector_fallback_to_static,Weekly rebalance into growth_tech.,2020-03-19
2020-03-23,fast_risk_off,,,,,"3-day shock detected. SPX=-6.70%, QQQ=-3.27%, VIX_Z=19.27.",2020-04-02
2020-03-24,hold,,,,,,2020-04-02
2020-03-25,hold,,,,,,2020-04-02
2020-03-26,hold,,,,,,2020-04-02
2020-03-27,weekly_rebalance,risk_off,growth_tech,"NVDA, TSLA",assignment1_selector_fallback_to_static,Weekly rebalance into growth_tech.,2020-04-02
2020-03-30,hold,,,,,,2020-04-02
2020-03-31,hold,,,,,,2020-04-02
2020-04-01,stop_loss,,,,,Stopped out: TSLA,2020-04-02
2020-04-02,hold,,,,,,2020-04-02
2020-04-03,weekly_rebalance,risk_off,defensive,"UUP, SHY",static_group,Weekly rebalance into defensive.,2020-04-02
2020-04-06,hold,,,,,,2020-04-02
2020-04-07,hold,,,,,,2020-04-02
2020-04-08,hold,,,,,,2020-04-02
2020-04-09,weekly_rebalance,risk_off,growth_tech,"GOOGL, META",assignment1_selector_fallback_to_static,Weekly rebalance into growth_tech.,2020-04-02
2020-04-13,hold,,,,,,2020-04-02
2020-04-14,hold,,,,,,2020-04-02
2020-04-15,fast_risk_off,,,,,"3-day shock detected. SPX=-0.23%, QQQ=4.27%, VIX_Z=10.07.",2020-04-25
2020-04-16,hold,,,,,,2020-04-25
2020-04-17,weekly_rebalance,risk_off,growth_tech,"AMZN, NVDA",assignment1_selector_fallback_to_static,Weekly rebalance into growth_tech.,2020-04-25
2020-04-20,hold,,,,,,2020-04-25
2020-04-21,stop_loss,,,,,Stopped out: NVDA,2020-04-25
2020-04-22,hold,,,,,,2020-04-25
2020-04-23,hold,,,,,,2020-04-25
2020-04-24,weekly_rebalance,risk_off,growth_tech,"META, AAPL",assignment1_selector_fallback_to_static,Weekly rebalance into growth_tech.,2020-04-25
2020-04-27,hold,,,,,,2020-04-25
2020-04-28,hold,,,,,,2020-04-25
2020-04-29,hold,,,,,,2020-04-25
2020-04-30,fast_risk_off,,,,,"3-day shock detected. SPX=1.18%, QQQ=1.55%, VIX_Z=7.16.",2020-05-10
2020-05-01,weekly_rebalance,risk_off,growth_tech,"META, GOOGL",assignment1_selector_fallback_to_static,Weekly rebalance into growth_tech.,2020-05-10
2020-05-04,hold,,,,,,2020-05-10
2020-05-05,hold,,,,,,2020-05-10
2020-05-06,hold,,,,,,2020-05-10
2020-05-07,hold,,,,,,2020-05-10
2020-05-08,weekly_rebalance,risk_off,growth_tech,"TSLA, AAPL",assignment1_selector_fallback_to_static,Weekly rebalance into growth_tech.,2020-05-10
2020-05-11,hold,,,,,,2020-05-10
2020-05-12,fast_risk_off,,,,,"3-day shock detected. SPX=-0.38%, QQQ=0.14%, VIX_Z=6.58.",2020-05-22
2020-05-13,hold,,,,,,2020-05-22
2020-05-14,hold,,,,,,2020-05-22
2020-05-15,weekly_rebalance,risk_off,growth_tech,"NVDA, TSLA",assignment1_selector_fallback_to_static,Weekly rebalance into growth_tech.,2020-05-22
2020-05-18,hold,,,,,,2020-05-22
2020-05-19,hold,,,,,,2020-05-22
2020-05-20,hold,,,,,,2020-05-22
2020-05-21,hold,,,,,,2020-05-22
2020-05-22,weekly_rebalance,risk_off,growth_tech,"NVDA, META",assignment1_selector_fallback_to_static,Weekly rebalance into growth_tech.,2020-05-22
2020-05-26,hold,,,,,,2020-05-22
2020-05-27,stop_loss,,,,,Stopped out: NVDA,2020-05-22
2020-05-28,hold,,,,,,2020-05-22
2020-05-29,weekly_rebalance,neutral,growth_tech,"GOOGL, TSLA",assignment1_selector_fallback_to_static,Weekly rebalance into growth_tech.,2020-05-22
2020-06-01,hold,,,,,,2020-05-22
2020-06-02,hold,,,,,,2020-05-22
2020-06-03,hold,,,,,,2020-05-22
2020-06-04,hold,,,,,,2020-05-22
2020-06-05,weekly_rebalance,neutral,growth_tech,"AAPL, TSLA",assignment1_selector_fallback_to_static,Weekly rebalance into growth_tech.,2020-05-22
2020-06-08,hold,,,,,,2020-05-22
2020-06-09,hold,,,,,,2020-05-22
2020-06-10,hold,,,,,,2020-05-22
2020-06-11,fast_risk_off,,,,,"3-day shock detected. SPX=-7.12%, QQQ=-3.12%, VIX_Z=8.60.",2020-06-21
2020-06-12,weekly_rebalance,neutral,growth_tech,"AAPL, AMZN",assignment1_selector_fallback_to_static,Weekly rebalance into growth_tech.,2020-06-21
2020-06-15,hold,,,,,,2020-06-21
2020-06-16,hold,,,,,,2020-06-21
2020-06-17,hold,,,,,,2020-06-21
2020-06-18,hold,,,,,,2020-06-21
2020-06-19,weekly_rebalance,neutral,growth_tech,"MSFT, NVDA",assignment1_selector_fallback_to_static,Weekly rebalance into growth_tech.,2020-06-21
2020-06-22,hold,,,,,,2020-06-21
2020-06-23,hold,,,,,,2020-06-21
2020-06-24,hold,,,,,,2020-06-21
2020-06-25,hold,,,,,,2020-06-21
2020-06-26,weekly_rebalance,neutral,growth_tech,"MSFT, AAPL",assignment1_selector_fallback_to_static,Weekly rebalance into growth_tech.,2020-06-21
2020-06-29,hold,,,,,,2020-06-21
2020-06-30,hold,,,,,,2020-06-21
2020-07-01,hold,,,,,,2020-06-21
2020-07-02,weekly_rebalance,neutral,growth_tech,"TSLA, GOOGL",assignment1_selector_fallback_to_static,Weekly rebalance into growth_tech.,2020-06-21
2020-07-06,hold,,,,,,2020-06-21
2020-07-07,hold,,,,,,2020-06-21
2020-07-08,hold,,,,,,2020-06-21
2020-07-09,hold,,,,,,2020-06-21
2020-07-10,weekly_rebalance,neutral,growth_tech,"TSLA, AMZN",assignment1_selector_fallback_to_static,Weekly rebalance into growth_tech.,2020-06-21
2020-07-13,fast_risk_off,,,,,"3-day shock detected. SPX=-0.46%, QQQ=-0.56%, VIX_Z=5.31.",2020-07-23
2020-07-14,hold,,,,,,2020-07-23
2020-07-15,stop_loss,,,,,Stopped out: AMZN,2020-07-23
2020-07-16,hold,,,,,,2020-07-23
2020-07-17,weekly_rebalance,neutral,growth_tech,"AAPL, GOOGL",assignment1_selector_fallback_to_static,Weekly rebalance into growth_tech.,2020-07-23
2020-07-20,hold,,,,,,2020-07-23
2020-07-21,hold,,,,,,2020-07-23
2020-07-22,hold,,,,,,2020-07-23
2020-07-23,hold,,,,,,2020-07-23
2020-07-24,weekly_rebalance,neutral,growth_tech,"GOOGL, MSFT",assignment1_selector_fallback_to_static,Weekly rebalance into growth_tech.,2020-07-23
2020-07-27,hold,,,,,,2020-07-23
2020-07-28,hold,,,,,,2020-07-23
2020-07-29,hold,,,,,,2020-07-23
2020-07-30,hold,,,,,,2020-07-23
2020-07-31,weekly_rebalance,risk_on,growth_tech,"AAPL, META",assignment1_selector_fallback_to_static,Weekly rebalance into growth_tech.,2020-07-23
2020-08-03,hold,,,,,,2020-07-23
2020-08-04,hold,,,,,,2020-07-23
2020-08-05,hold,,,,,,2020-07-23
2020-08-06,hold,,,,,,2020-07-23
2020-08-07,weekly_rebalance,risk_on,growth_tech,"NVDA, META",assignment1_selector_fallback_to_static,Weekly rebalance into growth_tech.,2020-07-23
2020-08-10,hold,,,,,,2020-07-23
2020-08-11,fast_risk_off,,,,,"3-day shock detected. SPX=-0.46%, QQQ=-3.44%, VIX_Z=2.51.",2020-08-21
2020-08-12,hold,,,,,,2020-08-21
2020-08-13,hold,,,,,,2020-08-21
2020-08-14,weekly_rebalance,risk_on,growth_tech,"TSLA, NVDA",assignment1_selector_fallback_to_static,Weekly rebalance into growth_tech.,2020-08-21
2020-08-17,hold,,,,,,2020-08-21
2020-08-18,hold,,,,,,2020-08-21
2020-08-19,hold,,,,,,2020-08-21
2020-08-20,hold,,,,,,2020-08-21
2020-08-21,weekly_rebalance,risk_on,growth_tech,"TSLA, NVDA",assignment1_selector_fallback_to_static,Weekly rebalance into growth_tech.,2020-08-21
2020-08-24,hold,,,,,,2020-08-21
2020-08-25,hold,,,,,,2020-08-21
2020-08-26,hold,,,,,,2020-08-21
2020-08-27,hold,,,,,,2020-08-21
2020-08-28,weekly_rebalance,risk_on,growth_tech,"META, MSFT",assignment1_selector_fallback_to_static,Weekly rebalance into growth_tech.,2020-08-21
2020-08-31,fast_risk_off,,,,,"3-day shock detected. SPX=0.62%, QQQ=1.00%, VIX_Z=3.12.",2020-09-10
2020-09-01,hold,,,,,,2020-09-10
2020-09-02,hold,,,,,,2020-09-10
2020-09-03,stop_loss,,,,,Stopped out: MSFT,2020-09-10
2020-09-04,weekly_rebalance,neutral,growth_tech,"GOOGL, AMZN",assignment1_selector_fallback_to_static,Weekly rebalance into growth_tech.,2020-09-10
2020-09-08,hold,,,,,,2020-09-10
2020-09-09,hold,,,,,,2020-09-10
2020-09-10,hold,,,,,,2020-09-10
2020-09-11,weekly_rebalance,neutral,growth_tech,"GOOGL, NVDA",assignment1_selector_fallback_to_static,Weekly rebalance into growth_tech.,2020-09-10
2020-09-14,hold,,,,,,2020-09-10
2020-09-15,hold,,,,,,2020-09-10
2020-09-16,hold,,,,,,2020-09-10
2020-09-17,hold,,,,,,2020-09-10
2020-09-18,weekly_rebalance,risk_on,growth_tech,"TSLA, NVDA",assignment1_selector_fallback_to_static,Weekly rebalance into growth_tech.,2020-09-10
2020-09-21,fast_risk_off,,,,,"3-day shock detected. SPX=-3.08%, QQQ=-2.59%, VIX_Z=3.41.",2020-10-01
2020-09-22,hold,,,,,,2020-10-01
2020-09-23,stop_loss,,,,,Stopped out: TSLA,2020-10-01
2020-09-24,hold,,,,,,2020-10-01
2020-09-25,weekly_rebalance,neutral,growth_tech,"AMZN, MSFT",assignment1_selector_fallback_to_static,Weekly rebalance into growth_tech.,2020-10-01
2020-09-28,hold,,,,,,2020-10-01
2020-09-29,hold,,,,,,2020-10-01
2020-09-30,hold,,,,,,2020-10-01
2020-10-01,hold,,,,,,2020-10-01
2020-10-02,weekly_rebalance,neutral,growth_tech,"AMZN, GOOGL",assignment1_selector_fallback_to_static,Weekly rebalance into growth_tech.,2020-10-01
2020-10-05,hold,,,,,,2020-10-01
2020-10-06,hold,,,,,,2020-10-01
2020-10-07,hold,,,,,,2020-10-01
2020-10-08,hold,,,,,,2020-10-01
2020-10-09,weekly_rebalance,risk_on,growth_tech,"AMZN, MSFT",assignment1_selector_fallback_to_static,Weekly rebalance into growth_tech.,2020-10-01
2020-10-12,hold,,,,,,2020-10-01
2020-10-13,hold,,,,,,2020-10-01
2020-10-14,hold,,,,,,2020-10-01
2020-10-15,hold,,,,,,2020-10-01
2020-10-16,weekly_rebalance,neutral,growth_tech,"GOOGL, MSFT",assignment1_selector_fallback_to_static,Weekly rebalance into growth_tech.,2020-10-01
2020-10-19,hold,,,,,,2020-10-01
2020-10-20,hold,,,,,,2020-10-01
2020-10-21,hold,,,,,,2020-10-01
2020-10-22,hold,,,,,,2020-10-01
2020-10-23,weekly_rebalance,neutral,growth_tech,"GOOGL, META",assignment1_selector_fallback_to_static,Weekly rebalance into growth_tech.,2020-10-01
2020-10-26,fast_risk_off,,,,,"3-day shock detected. SPX=-1.01%, QQQ=-1.31%, VIX_Z=4.39.",2020-11-05
2020-10-27,hold,,,,,,2020-11-05
2020-10-28,stop_loss,,,,,"Stopped out: GOOGL, META",2020-11-05
2020-10-29,hold,,,,,,2020-11-05
2020-10-30,weekly_rebalance,neutral,growth_tech,"AAPL, AMZN",assignment1_selector_fallback_to_static,Weekly rebalance into growth_tech.,2020-11-05
2020-11-02,hold,,,,,,2020-11-05
2020-11-03,hold,,,,,,2020-11-05
2020-11-04,hold,,,,,,2020-11-05
2020-11-05,hold,,,,,,2020-11-05
2020-11-06,weekly_rebalance,risk_on,growth_tech,"NVDA, TSLA",assignment1_selector_fallback_to_static,Weekly rebalance into growth_tech.,2020-11-05
2020-11-09,stop_loss,,,,,Stopped out: NVDA,2020-11-05
2020-11-10,fast_risk_off,,,,,"3-day shock detected. SPX=1.00%, QQQ=-3.73%, VIX_Z=2.21.",2020-11-20
2020-11-11,hold,,,,,,2020-11-20
2020-11-12,hold,,,,,,2020-11-20
2020-11-13,weekly_rebalance,risk_on,default,"SPY, QQQ, IAU, XLU, XLV",fallback_default,No positive-IR sector group qualified; used default basket.,2020-11-20
2020-11-16,hold,,,,,,2020-11-20
2020-11-17,hold,,,,,,2020-11-20
2020-11-18,hold,,,,,,2020-11-20
2020-11-19,hold,,,,,,2020-11-20
2020-11-20,weekly_rebalance,risk_on,real_assets,"CVX, XOM",static_group,Weekly rebalance into real_assets.,2020-11-20
2020-11-23,hold,,,,,,2020-11-20
2020-11-24,hold,,,,,,2020-11-20
2020-11-25,hold,,,,,,2020-11-20
2020-11-27,weekly_rebalance,risk_on,growth_tech,"TSLA, META",assignment1_selector_fallback_to_static,Weekly rebalance into growth_tech.,2020-11-20
2020-11-30,hold,,,,,,2020-11-20
2020-12-01,hold,,,,,,2020-11-20
2020-12-02,hold,,,,,,2020-11-20
2020-12-03,hold,,,,,,2020-11-20
2020-12-04,weekly_rebalance,risk_on,growth_tech,"AAPL, NVDA",assignment1_selector_fallback_to_static,Weekly rebalance into growth_tech.,2020-11-20
2020-12-07,hold,,,,,,2020-11-20
2020-12-08,hold,,,,,,2020-11-20
2020-12-09,hold,,,,,,2020-11-20
2020-12-10,hold,,,,,,2020-11-20
2020-12-11,weekly_rebalance,risk_on,growth_tech,"AMZN, TSLA",assignment1_selector_fallback_to_static,Weekly rebalance into growth_tech.,2020-11-20
2020-12-14,hold,,,,,,2020-11-20
2020-12-15,hold,,,,,,2020-11-20
2020-12-16,hold,,,,,,2020-11-20
2020-12-17,hold,,,,,,2020-11-20
2020-12-18,weekly_rebalance,risk_on,real_assets,"SLV, GLD",static_group,Weekly rebalance into real_assets.,2020-11-20
2020-12-21,hold,,,,,,2020-11-20
2020-12-22,hold,,,,,,2020-11-20
2020-12-23,hold,,,,,,2020-11-20
2020-12-24,weekly_rebalance,risk_on,real_assets,"GLD, SLV",static_group,Weekly rebalance into real_assets.,2020-11-20
2020-12-28,hold,,,,,,2020-11-20
2020-12-29,hold,,,,,,2020-11-20
2020-12-30,hold,,,,,,2020-11-20
2020-12-31,weekly_rebalance,risk_on,real_assets,"FCX, GLD",static_group,Weekly rebalance into real_assets.,2020-11-20
2021-01-04,hold,,,,,,2020-11-20
2021-01-05,hold,,,,,,2020-11-20
2021-01-06,hold,,,,,,2020-11-20
2021-01-07,hold,,,,,,2020-11-20
2021-01-08,weekly_rebalance,risk_on,real_assets,"FCX, BHP",static_group,Weekly rebalance into real_assets.,2020-11-20
2021-01-11,hold,,,,,,2020-11-20
2021-01-12,hold,,,,,,2020-11-20
2021-01-13,hold,,,,,,2020-11-20
2021-01-14,hold,,,,,,2020-11-20
2021-01-15,weekly_rebalance,risk_on,real_assets,"XOM, CVX",static_group,Weekly rebalance into real_assets.,2020-11-20
2021-01-19,hold,,,,,,2020-11-20
2021-01-20,hold,,,,,,2020-11-20
2021-01-21,hold,,,,,,2020-11-20
2021-01-22,weekly_rebalance,risk_on,real_assets,"GLD, SLV",static_group,Weekly rebalance into real_assets.,2020-11-20
2021-01-25,hold,,,,,,2020-11-20
2021-01-26,hold,,,,,,2020-11-20
2021-01-27,fast_risk_off,,,,,"3-day shock detected. SPX=-2.36%, QQQ=-1.84%, VIX_Z=4.32.",2021-02-06
2021-01-28,hold,,,,,,2021-02-06
2021-01-29,weekly_rebalance,neutral,real_assets,"SLV, GLD",static_group,Weekly rebalance into real_assets.,2021-02-06
2021-02-01,hold,,,,,,2021-02-06
2021-02-02,hold,,,,,,2021-02-06
2021-02-03,hold,,,,,,2021-02-06
2021-02-04,hold,,,,,,2021-02-06
2021-02-05,weekly_rebalance,risk_on,growth_tech,"GOOGL, NVDA",assignment1_selector_fallback_to_static,Weekly rebalance into growth_tech.,2021-02-06
2021-02-08,hold,,,,,,2021-02-06
2021-02-09,hold,,,,,,2021-02-06
2021-02-10,hold,,,,,,2021-02-06
2021-02-11,hold,,,,,,2021-02-06
2021-02-12,weekly_rebalance,risk_on,real_assets,"CVX, BHP",static_group,Weekly rebalance into real_assets.,2021-02-06
2021-02-16,hold,,,,,,2021-02-06
2021-02-17,hold,,,,,,2021-02-06
2021-02-18,hold,,,,,,2021-02-06
2021-02-19,weekly_rebalance,risk_on,real_assets,"FCX, BHP",static_group,Weekly rebalance into real_assets.,2021-02-06
2021-02-22,fast_risk_off,,,,,"3-day shock detected. SPX=-1.39%, QQQ=-3.44%, VIX_Z=1.20.",2021-03-04
2021-02-23,hold,,,,,,2021-03-04
2021-02-24,hold,,,,,,2021-03-04
2021-02-25,hold,,,,,,2021-03-04
2021-02-26,weekly_rebalance,risk_on,real_assets,"CVX, XOM",static_group,Weekly rebalance into real_assets.,2021-03-04
2021-03-01,hold,,,,,,2021-03-04
2021-03-02,hold,,,,,,2021-03-04
2021-03-03,hold,,,,,,2021-03-04
2021-03-04,hold,,,,,,2021-03-04
2021-03-05,weekly_rebalance,risk_on,real_assets,"CVX, XOM",static_group,Weekly rebalance into real_assets.,2021-03-04
2021-03-08,hold,,,,,,2021-03-04
2021-03-09,hold,,,,,,2021-03-04
2021-03-10,hold,,,,,,2021-03-04
2021-03-11,hold,,,,,,2021-03-04
2021-03-12,weekly_rebalance,risk_on,real_assets,"FCX, SLV",static_group,Weekly rebalance into real_assets.,2021-03-04
2021-03-15,hold,,,,,,2021-03-04
2021-03-16,stop_loss,,,,,Stopped out: FCX,2021-03-04
2021-03-17,hold,,,,,,2021-03-04
2021-03-18,hold,,,,,,2021-03-04
2021-03-19,weekly_rebalance,risk_on,real_assets,"GLD, SLV",static_group,Weekly rebalance into real_assets.,2021-03-04
2021-03-22,hold,,,,,,2021-03-04
2021-03-23,hold,,,,,,2021-03-04
2021-03-24,hold,,,,,,2021-03-04
2021-03-25,hold,,,,,,2021-03-04
2021-03-26,weekly_rebalance,risk_on,real_assets,"CVX, BHP",static_group,Weekly rebalance into real_assets.,2021-03-04
2021-03-29,hold,,,,,,2021-03-04
2021-03-30,hold,,,,,,2021-03-04
2021-03-31,hold,,,,,,2021-03-04
2021-04-01,weekly_rebalance,risk_on,real_assets,"GLD, SLV",static_group,Weekly rebalance into real_assets.,2021-03-04
2021-04-05,hold,,,,,,2021-03-04
2021-04-06,hold,,,,,,2021-03-04
2021-04-07,hold,,,,,,2021-03-04
2021-04-08,hold,,,,,,2021-03-04
2021-04-09,weekly_rebalance,risk_on,growth_tech,"AAPL, AMZN",assignment1_selector_fallback_to_static,Weekly rebalance into growth_tech.,2021-03-04
2021-04-12,hold,,,,,,2021-03-04
2021-04-13,hold,,,,,,2021-03-04
2021-04-14,hold,,,,,,2021-03-04
2021-04-15,hold,,,,,,2021-03-04
2021-04-16,weekly_rebalance,risk_on,growth_tech,"NVDA, TSLA",assignment1_selector_fallback_to_static,Weekly rebalance into growth_tech.,2021-03-04
2021-04-19,hold,,,,,,2021-03-04
2021-04-20,hold,,,,,,2021-03-04
2021-04-21,hold,,,,,,2021-03-04
2021-04-22,stop_loss,,,,,Stopped out: NVDA,2021-03-04
2021-04-23,weekly_rebalance,risk_on,growth_tech,"AAPL, TSLA",assignment1_selector_fallback_to_static,Weekly rebalance into growth_tech.,2021-03-04
2021-04-26,hold,,,,,,2021-03-04
2021-04-27,hold,,,,,,2021-03-04
2021-04-28,hold,,,,,,2021-03-04
2021-04-29,stop_loss,,,,,Stopped out: TSLA,2021-03-04
2021-04-30,weekly_rebalance,risk_on,growth_tech,"AMZN, META",assignment1_selector_fallback_to_static,Weekly rebalance into growth_tech.,2021-03-04
2021-05-03,hold,,,,,,2021-03-04
2021-05-04,hold,,,,,,2021-03-04
2021-05-05,stop_loss,,,,,Stopped out: AMZN,2021-03-04
2021-05-06,hold,,,,,,2021-03-04
2021-05-07,weekly_rebalance,risk_on,real_assets,"FCX, XOM",static_group,Weekly rebalance into real_assets.,2021-03-04
2021-05-10,hold,,,,,,2021-03-04
2021-05-11,hold,,,,,,2021-03-04
2021-05-12,fast_risk_off,,,,,"3-day shock detected. SPX=-4.01%, QQQ=-5.18%, VIX_Z=1.95.",2021-05-22
2021-05-13,hold,,,,,,2021-05-22
2021-05-14,weekly_rebalance,risk_on,real_assets,"GLD, SLV",static_group,Weekly rebalance into real_assets.,2021-05-22
2021-05-17,hold,,,,,,2021-05-22
2021-05-18,hold,,,,,,2021-05-22
2021-05-19,hold,,,,,,2021-05-22
2021-05-20,hold,,,,,,2021-05-22
2021-05-21,weekly_rebalance,risk_on,growth_tech,"NVDA, TSLA",assignment1_selector_fallback_to_static,Weekly rebalance into growth_tech.,2021-05-22
2021-05-24,hold,,,,,,2021-05-22
2021-05-25,hold,,,,,,2021-05-22
2021-05-26,hold,,,,,,2021-05-22
2021-05-27,hold,,,,,,2021-05-22
2021-05-28,weekly_rebalance,risk_on,growth_tech,"TSLA, NVDA",assignment1_selector_fallback_to_static,Weekly rebalance into growth_tech.,2021-05-22
2021-06-01,hold,,,,,,2021-05-22
2021-06-02,hold,,,,,,2021-05-22
2021-06-03,stop_loss,,,,,Stopped out: TSLA,2021-05-22
2021-06-04,weekly_rebalance,risk_on,growth_tech,"NVDA, AAPL",assignment1_selector_fallback_to_static,Weekly rebalance into growth_tech.,2021-05-22
2021-06-07,hold,,,,,,2021-05-22
2021-06-08,hold,,,,,,2021-05-22
2021-06-09,hold,,,,,,2021-05-22
2021-06-10,hold,,,,,,2021-05-22
2021-06-11,weekly_rebalance,risk_on,growth_tech,"AMZN, MSFT",assignment1_selector_fallback_to_static,Weekly rebalance into growth_tech.,2021-05-22
2021-06-14,hold,,,,,,2021-05-22
2021-06-15,hold,,,,,,2021-05-22
2021-06-16,hold,,,,,,2021-05-22
2021-06-17,hold,,,,,,2021-05-22
2021-06-18,weekly_rebalance,risk_on,growth_tech,"AMZN, AAPL",assignment1_selector_fallback_to_static,Weekly rebalance into growth_tech.,2021-05-22
2021-06-21,hold,,,,,,2021-05-22
2021-06-22,hold,,,,,,2021-05-22
2021-06-23,hold,,,,,,2021-05-22
2021-06-24,hold,,,,,,2021-05-22
2021-06-25,weekly_rebalance,risk_on,growth_tech,"TSLA, META",assignment1_selector_fallback_to_static,Weekly rebalance into growth_tech.,2021-05-22
2021-06-28,hold,,,,,,2021-05-22
2021-06-29,hold,,,,,,2021-05-22
2021-06-30,hold,,,,,,2021-05-22
2021-07-01,hold,,,,,,2021-05-22
2021-07-02,weekly_rebalance,risk_on,growth_tech,"MSFT, AAPL",assignment1_selector_fallback_to_static,Weekly rebalance into growth_tech.,2021-05-22
2021-07-06,hold,,,,,,2021-05-22
2021-07-07,hold,,,,,,2021-05-22
2021-07-08,hold,,,,,,2021-05-22
2021-07-09,weekly_rebalance,risk_on,growth_tech,"AAPL, AMZN",assignment1_selector_fallback_to_static,Weekly rebalance into growth_tech.,2021-05-22
2021-07-12,hold,,,,,,2021-05-22
2021-07-13,hold,,,,,,2021-05-22
2021-07-14,hold,,,,,,2021-05-22
2021-07-15,hold,,,,,,2021-05-22
2021-07-16,weekly_rebalance,risk_on,growth_tech,"GOOGL, MSFT",assignment1_selector_fallback_to_static,Weekly rebalance into growth_tech.,2021-05-22
2021-07-19,hold,,,,,,2021-05-22
2021-07-20,hold,,,,,,2021-05-22
2021-07-21,hold,,,,,,2021-05-22
2021-07-22,hold,,,,,,2021-05-22
2021-07-23,weekly_rebalance,risk_on,growth_tech,"META, GOOGL",assignment1_selector_fallback_to_static,Weekly rebalance into growth_tech.,2021-05-22
2021-07-26,hold,,,,,,2021-05-22
2021-07-27,hold,,,,,,2021-05-22
2021-07-28,hold,,,,,,2021-05-22
2021-07-29,hold,,,,,,2021-05-22
2021-07-30,weekly_rebalance,risk_on,growth_tech,"GOOGL, TSLA",assignment1_selector_fallback_to_static,Weekly rebalance into growth_tech.,2021-05-22
2021-08-02,hold,,,,,,2021-05-22
2021-08-03,hold,,,,,,2021-05-22
2021-08-04,hold,,,,,,2021-05-22
2021-08-05,hold,,,,,,2021-05-22
2021-08-06,weekly_rebalance,risk_on,growth_tech,"MSFT, META",assignment1_selector_fallback_to_static,Weekly rebalance into growth_tech.,2021-05-22
2021-08-09,hold,,,,,,2021-05-22
2021-08-10,hold,,,,,,2021-05-22
2021-08-11,hold,,,,,,2021-05-22
2021-08-12,hold,,,,,,2021-05-22
2021-08-13,weekly_rebalance,risk_on,growth_tech,"MSFT, AAPL",assignment1_selector_fallback_to_static,Weekly rebalance into growth_tech.,2021-05-22
2021-08-16,hold,,,,,,2021-05-22
2021-08-17,hold,,,,,,2021-05-22
2021-08-18,hold,,,,,,2021-05-22
2021-08-19,hold,,,,,,2021-05-22
2021-08-20,weekly_rebalance,risk_on,growth_tech,"MSFT, NVDA",assignment1_selector_fallback_to_static,Weekly rebalance into growth_tech.,2021-05-22
2021-08-23,hold,,,,,,2021-05-22
2021-08-24,hold,,,,,,2021-05-22
2021-08-25,hold,,,,,,2021-05-22
2021-08-26,hold,,,,,,2021-05-22
2021-08-27,weekly_rebalance,risk_on,growth_tech,"NVDA, GOOGL",assignment1_selector_fallback_to_static,Weekly rebalance into growth_tech.,2021-05-22
2021-08-30,hold,,,,,,2021-05-22
2021-08-31,hold,,,,,,2021-05-22
2021-09-01,hold,,,,,,2021-05-22
2021-09-02,hold,,,,,,2021-05-22
2021-09-03,weekly_rebalance,risk_on,growth_tech,"AMZN, AAPL",assignment1_selector_fallback_to_static,Weekly rebalance into growth_tech.,2021-05-22
2021-09-07,hold,,,,,,2021-05-22
2021-09-08,hold,,,,,,2021-05-22
2021-09-09,hold,,,,,,2021-05-22
2021-09-10,weekly_rebalance,risk_on,growth_tech,"META, AMZN",assignment1_selector_fallback_to_static,Weekly rebalance into growth_tech.,2021-05-22
2021-09-13,hold,,,,,,2021-05-22
2021-09-14,hold,,,,,,2021-05-22
2021-09-15,hold,,,,,,2021-05-22
2021-09-16,hold,,,,,,2021-05-22
2021-09-17,weekly_rebalance,risk_on,growth_tech,"MSFT, TSLA",assignment1_selector_fallback_to_static,Weekly rebalance into growth_tech.,2021-05-22
2021-09-20,fast_risk_off,,,,,"3-day shock detected. SPX=-2.74%, QQQ=-3.16%, VIX_Z=1.63.",2021-09-30
2021-09-21,hold,,,,,,2021-09-30
2021-09-22,hold,,,,,,2021-09-30
2021-09-23,hold,,,,,,2021-09-30
2021-09-24,weekly_rebalance,risk_on,growth_tech,"TSLA, AAPL",assignment1_selector_fallback_to_static,Weekly rebalance into growth_tech.,2021-09-30
2021-09-27,hold,,,,,,2021-09-30
2021-09-28,hold,,,,,,2021-09-30
2021-09-29,hold,,,,,,2021-09-30
2021-09-30,hold,,,,,,2021-09-30
2021-10-01,weekly_rebalance,risk_on,growth_tech,"TSLA, META",assignment1_selector_fallback_to_static,Weekly rebalance into growth_tech.,2021-09-30
2021-10-04,hold,,,,,,2021-09-30
2021-10-05,hold,,,,,,2021-09-30
2021-10-06,hold,,,,,,2021-09-30
2021-10-07,hold,,,,,,2021-09-30
2021-10-08,weekly_rebalance,risk_on,growth_tech,"MSFT, GOOGL",assignment1_selector_fallback_to_static,Weekly rebalance into growth_tech.,2021-09-30
2021-10-11,hold,,,,,,2021-09-30
2021-10-12,hold,,,,,,2021-09-30
2021-10-13,hold,,,,,,2021-09-30
2021-10-14,hold,,,,,,2021-09-30
2021-10-15,weekly_rebalance,risk_on,growth_tech,"TSLA, AMZN",assignment1_selector_fallback_to_static,Weekly rebalance into growth_tech.,2021-09-30
2021-10-18,hold,,,,,,2021-09-30
2021-10-19,hold,,,,,,2021-09-30
2021-10-20,hold,,,,,,2021-09-30
2021-10-21,hold,,,,,,2021-09-30
2021-10-22,weekly_rebalance,risk_on,growth_tech,"TSLA, AAPL",assignment1_selector_fallback_to_static,Weekly rebalance into growth_tech.,2021-09-30
2021-10-25,hold,,,,,,2021-09-30
2021-10-26,hold,,,,,,2021-09-30
2021-10-27,hold,,,,,,2021-09-30
2021-10-28,hold,,,,,,2021-09-30
2021-10-29,weekly_rebalance,risk_on,growth_tech,"TSLA, NVDA",assignment1_selector_fallback_to_static,Weekly rebalance into growth_tech.,2021-09-30
2021-11-01,hold,,,,,,2021-09-30
2021-11-02,hold,,,,,,2021-09-30
2021-11-03,hold,,,,,,2021-09-30
2021-11-04,hold,,,,,,2021-09-30
2021-11-05,weekly_rebalance,risk_on,growth_tech,"NVDA, TSLA",assignment1_selector_fallback_to_static,Weekly rebalance into growth_tech.,2021-09-30
2021-11-08,hold,,,,,,2021-09-30
2021-11-09,stop_loss,,,,,Stopped out: TSLA,2021-09-30
2021-11-10,hold,,,,,,2021-09-30
2021-11-11,hold,,,,,,2021-09-30
2021-11-12,weekly_rebalance,risk_on,growth_tech,"META, NVDA",assignment1_selector_fallback_to_static,Weekly rebalance into growth_tech.,2021-09-30
2021-11-15,hold,,,,,,2021-09-30
2021-11-16,hold,,,,,,2021-09-30
2021-11-17,hold,,,,,,2021-09-30
2021-11-18,hold,,,,,,2021-09-30
2021-11-19,weekly_rebalance,risk_on,growth_tech,"AAPL, NVDA",assignment1_selector_fallback_to_static,Weekly rebalance into growth_tech.,2021-09-30
2021-11-22,hold,,,,,,2021-09-30
2021-11-23,hold,,,,,,2021-09-30
2021-11-24,hold,,,,,,2021-09-30
2021-11-26,weekly_rebalance,risk_on,growth_tech,"AAPL, META",assignment1_selector_fallback_to_static,Weekly rebalance into growth_tech.,2021-09-30
2021-11-29,hold,,,,,,2021-09-30
2021-11-30,hold,,,,,,2021-09-30
2021-12-01,fast_risk_off,,,,,"3-day shock detected. SPX=-1.78%, QQQ=-1.04%, VIX_Z=3.10.",2021-12-11
2021-12-02,stop_loss,,,,,Stopped out: META,2021-12-11
2021-12-03,weekly_rebalance,neutral,growth_tech,"AAPL, GOOGL",assignment1_selector_fallback_to_static,Weekly rebalance into growth_tech.,2021-12-11
2021-12-06,hold,,,,,,2021-12-11
2021-12-07,hold,,,,,,2021-12-11
2021-12-08,hold,,,,,,2021-12-11
2021-12-09,hold,,,,,,2021-12-11
2021-12-10,weekly_rebalance,risk_on,growth_tech,"AAPL, MSFT",assignment1_selector_fallback_to_static,Weekly rebalance into growth_tech.,2021-12-11
2021-12-13,hold,,,,,,2021-12-11
2021-12-14,hold,,,,,,2021-12-11
2021-12-15,hold,,,,,,2021-12-11
2021-12-16,stop_loss,,,,,Stopped out: MSFT,2021-12-11
2021-12-17,weekly_rebalance,risk_on,growth_tech,"AMZN, GOOGL",assignment1_selector_fallback_to_static,Weekly rebalance into growth_tech.,2021-12-11
2021-12-20,fast_risk_off,,,,,"3-day shock detected. SPX=-3.01%, QQQ=-4.00%, VIX_Z=1.01.",2021-12-30
2021-12-21,hold,,,,,,2021-12-30
2021-12-22,hold,,,,,,2021-12-30
2021-12-23,weekly_rebalance,risk_on,growth_tech,"TSLA, NVDA",assignment1_selector_fallback_to_static,Weekly rebalance into growth_tech.,2021-12-30
2021-12-27,hold,,,,,,2021-12-30
2021-12-28,hold,,,,,,2021-12-30
2021-12-29,hold,,,,,,2021-12-30
2021-12-30,hold,,,,,,2021-12-30
2021-12-31,weekly_rebalance,risk_on,growth_tech,"META, AAPL",assignment1_selector_fallback_to_static,Weekly rebalance into growth_tech.,2021-12-30
2022-01-03,hold,,,,,,2021-12-30
2022-01-04,hold,,,,,,2021-12-30
2022-01-05,fast_risk_off,,,,,"3-day shock detected. SPX=-1.38%, QQQ=-3.41%, VIX_Z=0.28.",2022-01-15
2022-01-06,hold,,,,,,2022-01-15
2022-01-07,weekly_rebalance,risk_on,growth_tech,"AMZN, META",assignment1_selector_fallback_to_static,Weekly rebalance into growth_tech.,2022-01-15
2022-01-10,hold,,,,,,2022-01-15
2022-01-11,hold,,,,,,2022-01-15
2022-01-12,hold,,,,,,2022-01-15
2022-01-13,hold,,,,,,2022-01-15
2022-01-14,weekly_rebalance,risk_on,growth_tech,"GOOGL, TSLA",assignment1_selector_fallback_to_static,Weekly rebalance into growth_tech.,2022-01-15
2022-01-18,fast_risk_off,,,,,"3-day shock detected. SPX=-3.16%, QQQ=-4.34%, VIX_Z=1.06.",2022-01-28
2022-01-19,stop_loss,,,,,Stopped out: TSLA,2022-01-28
2022-01-20,hold,,,,,,2022-01-28
2022-01-21,weekly_rebalance,neutral,real_assets,"SLV, GLD",static_group,Weekly rebalance into real_assets.,2022-01-28
2022-01-24,hold,,,,,,2022-01-28
2022-01-25,hold,,,,,,2022-01-28
2022-01-26,hold,,,,,,2022-01-28
2022-01-27,stop_loss,,,,,Stopped out: SLV,2022-01-28
2022-01-28,weekly_rebalance,neutral,real_assets,"XOM, CVX",static_group,Weekly rebalance into real_assets.,2022-01-28
2022-01-31,hold,,,,,,2022-01-28
2022-02-01,hold,,,,,,2022-01-28
2022-02-02,hold,,,,,,2022-01-28
2022-02-03,hold,,,,,,2022-01-28
2022-02-04,weekly_rebalance,neutral,real_assets,"XOM, FCX",static_group,Weekly rebalance into real_assets.,2022-01-28
2022-02-07,fast_risk_off,,,,,"3-day shock detected. SPX=-2.30%, QQQ=-3.63%, VIX_Z=1.00.",2022-02-17
2022-02-08,hold,,,,,,2022-02-17
2022-02-09,hold,,,,,,2022-02-17
2022-02-10,hold,,,,,,2022-02-17
2022-02-11,weekly_rebalance,neutral,real_assets,"FCX, GLD",static_group,Weekly rebalance into real_assets.,2022-02-17
2022-02-14,hold,,,,,,2022-02-17
2022-02-15,hold,,,,,,2022-02-17
2022-02-16,hold,,,,,,2022-02-17
2022-02-17,hold,,,,,,2022-02-17
2022-02-18,weekly_rebalance,neutral,real_assets,"GLD, SLV",static_group,Weekly rebalance into real_assets.,2022-02-17
2022-02-22,fast_risk_off,,,,,"3-day shock detected. SPX=-3.80%, QQQ=-5.04%, VIX_Z=2.36.",2022-03-04
2022-02-23,hold,,,,,,2022-03-04
2022-02-24,hold,,,,,,2022-03-04
2022-02-25,weekly_rebalance,neutral,real_assets,"CVX, FCX",static_group,Weekly rebalance into real_assets.,2022-03-04
2022-02-28,hold,,,,,,2022-03-04
2022-03-01,hold,,,,,,2022-03-04
2022-03-02,hold,,,,,,2022-03-04
2022-03-03,hold,,,,,,2022-03-04
2022-03-04,weekly_rebalance,risk_off,real_assets,"CVX, BHP",static_group,Weekly rebalance into real_assets.,2022-03-04
2022-03-07,fast_risk_off,,,,,"3-day shock detected. SPX=-4.23%, QQQ=-6.44%, VIX_Z=4.07.",2022-03-17
2022-03-08,hold,,,,,,2022-03-17
2022-03-09,hold,,,,,,2022-03-17
2022-03-10,hold,,,,,,2022-03-17
2022-03-11,weekly_rebalance,risk_off,real_assets,"CVX, GLD",static_group,Weekly rebalance into real_assets.,2022-03-17
2022-03-14,hold,,,,,,2022-03-17
2022-03-15,stop_loss,,,,,Stopped out: CVX,2022-03-17
2022-03-16,hold,,,,,,2022-03-17
2022-03-17,hold,,,,,,2022-03-17
2022-03-18,weekly_rebalance,neutral,real_assets,"BHP, FCX",static_group,Weekly rebalance into real_assets.,2022-03-17
2022-03-21,hold,,,,,,2022-03-17
2022-03-22,hold,,,,,,2022-03-17
2022-03-23,hold,,,,,,2022-03-17
2022-03-24,hold,,,,,,2022-03-17
2022-03-25,weekly_rebalance,risk_on,real_assets,"BHP, XOM",static_group,Weekly rebalance into real_assets.,2022-03-17
2022-03-28,hold,,,,,,2022-03-17
2022-03-29,hold,,,,,,2022-03-17
2022-03-30,hold,,,,,,2022-03-17
2022-03-31,hold,,,,,,2022-03-17
2022-04-01,weekly_rebalance,risk_on,real_assets,"BHP, GLD",static_group,Weekly rebalance into real_assets.,2022-03-17
2022-04-04,hold,,,,,,2022-03-17
2022-04-05,hold,,,,,,2022-03-17
2022-04-06,hold,,,,,,2022-03-17
2022-04-07,fast_risk_off,,,,,"3-day shock detected. SPX=-1.80%, QQQ=-4.12%, VIX_Z=0.42.",2022-04-17
2022-04-08,weekly_rebalance,neutral,real_assets,"CVX, XOM",static_group,Weekly rebalance into real_assets.,2022-04-17
2022-04-11,hold,,,,,,2022-04-17
2022-04-12,hold,,,,,,2022-04-17
2022-04-13,hold,,,,,,2022-04-17
2022-04-14,weekly_rebalance,neutral,real_assets,"SLV, GLD",static_group,Weekly rebalance into real_assets.,2022-04-17
2022-04-18,hold,,,,,,2022-04-17
2022-04-19,hold,,,,,,2022-04-17
2022-04-20,hold,,,,,,2022-04-17
2022-04-21,hold,,,,,,2022-04-17
2022-04-22,weekly_rebalance,neutral,real_assets,"GLD, XOM",static_group,Weekly rebalance into real_assets.,2022-04-17
2022-04-25,fast_risk_off,,,,,"3-day shock detected. SPX=-3.66%, QQQ=-3.41%, VIX_Z=1.60.",2022-05-05
2022-04-26,hold,,,,,,2022-05-05
2022-04-27,hold,,,,,,2022-05-05
2022-04-28,hold,,,,,,2022-05-05
2022-04-29,weekly_rebalance,risk_off,defensive,"UUP, IEF",static_group,Weekly rebalance into defensive.,2022-05-05
2022-05-02,hold,,,,,,2022-05-05
2022-05-03,hold,,,,,,2022-05-05
2022-05-04,hold,,,,,,2022-05-05
2022-05-05,hold,,,,,,2022-05-05
2022-05-06,weekly_rebalance,neutral,real_assets,"CVX, XOM",static_group,Weekly rebalance into real_assets.,2022-05-05
2022-05-09,fast_risk_off,,,,,"3-day shock detected. SPX=-7.18%, QQQ=-9.85%, VIX_Z=3.18.",2022-05-19
2022-05-10,stop_loss,,,,,"Stopped out: CVX, XOM",2022-05-19
2022-05-11,hold,,,,,,2022-05-19
2022-05-12,hold,,,,,,2022-05-19
2022-05-13,weekly_rebalance,risk_off,defensive,"IEF, TLT",static_group,Weekly rebalance into defensive.,2022-05-19
2022-05-16,hold,,,,,,2022-05-19
2022-05-17,hold,,,,,,2022-05-19
2022-05-18,hold,,,,,,2022-05-19
2022-05-19,hold,,,,,,2022-05-19
2022-05-20,weekly_rebalance,risk_off,defensive,"IEF, TLT",static_group,Weekly rebalance into defensive.,2022-05-19
2022-05-23,hold,,,,,,2022-05-19
2022-05-24,hold,,,,,,2022-05-19
2022-05-25,hold,,,,,,2022-05-19
2022-05-26,hold,,,,,,2022-05-19
2022-05-27,weekly_rebalance,neutral,defensive,"XLU, XLV",static_group,Weekly rebalance into defensive.,2022-05-19
2022-05-31,hold,,,,,,2022-05-19
2022-06-01,hold,,,,,,2022-05-19
2022-06-02,hold,,,,,,2022-05-19
2022-06-03,weekly_rebalance,neutral,real_assets,"BHP, FCX",static_group,Weekly rebalance into real_assets.,2022-05-19
2022-06-06,hold,,,,,,2022-05-19
2022-06-07,hold,,,,,,2022-05-19
2022-06-08,hold,,,,,,2022-05-19
2022-06-09,hold,,,,,,2022-05-19
2022-06-10,weekly_rebalance,risk_off,real_assets,"GLD, SLV",static_group,Weekly rebalance into real_assets.,2022-05-19
2022-06-13,fast_risk_off,,,,,"3-day shock detected. SPX=-8.90%, QQQ=-10.48%, VIX_Z=2.63.",2022-06-23
2022-06-14,hold,,,,,,2022-06-23
2022-06-15,hold,,,,,,2022-06-23
2022-06-16,hold,,,,,,2022-06-23
2022-06-17,weekly_rebalance,risk_off,defensive,"SHY, IEF",static_group,Weekly rebalance into defensive.,2022-06-23
2022-06-21,hold,,,,,,2022-06-23
2022-06-22,hold,,,,,,2022-06-23
2022-06-23,hold,,,,,,2022-06-23
2022-06-24,weekly_rebalance,risk_off,defensive,"XLV, XLU",static_group,Weekly rebalance into defensive.,2022-06-23
2022-06-27,hold,,,,,,2022-06-23
2022-06-28,hold,,,,,,2022-06-23
2022-06-29,fast_risk_off,,,,,"3-day shock detected. SPX=-2.38%, QQQ=-3.67%, VIX_Z=1.36.",2022-07-09
2022-06-30,hold,,,,,,2022-07-09
2022-07-01,weekly_rebalance,risk_off,defensive,"TLT, XLU",static_group,Weekly rebalance into defensive.,2022-07-09
2022-07-05,hold,,,,,,2022-07-09
2022-07-06,hold,,,,,,2022-07-09
2022-07-07,hold,,,,,,2022-07-09
2022-07-08,weekly_rebalance,risk_off,defensive,"XLV, UUP",static_group,Weekly rebalance into defensive.,2022-07-09
2022-07-11,hold,,,,,,2022-07-09
2022-07-12,hold,,,,,,2022-07-09
2022-07-13,fast_risk_off,,,,,"3-day shock detected. SPX=-2.50%, QQQ=-3.28%, VIX_Z=1.05.",2022-07-23
2022-07-14,hold,,,,,,2022-07-23
2022-07-15,weekly_rebalance,neutral,defensive,"TLT, IEF",static_group,Weekly rebalance into defensive.,2022-07-23
2022-07-18,hold,,,,,,2022-07-23
2022-07-19,hold,,,,,,2022-07-23
2022-07-20,hold,,,,,,2022-07-23
2022-07-21,hold,,,,,,2022-07-23
2022-07-22,weekly_rebalance,neutral,defensive,"IEF, TLT",static_group,Weekly rebalance into defensive.,2022-07-23
2022-07-25,hold,,,,,,2022-07-23
2022-07-26,fast_risk_off,,,,,"3-day shock detected. SPX=-1.95%, QQQ=-4.23%, VIX_Z=0.60.",2022-08-05
2022-07-27,hold,,,,,,2022-08-05
2022-07-28,hold,,,,,,2022-08-05
2022-07-29,weekly_rebalance,neutral,default,"SPY, QQQ, IAU, XLU, XLV",fallback_default,No positive-IR sector group qualified; used default basket.,2022-08-05
2022-08-01,hold,,,,,,2022-08-05
2022-08-02,hold,,,,,,2022-08-05
2022-08-03,hold,,,,,,2022-08-05
2022-08-04,hold,,,,,,2022-08-05
2022-08-05,weekly_rebalance,neutral,growth_tech,"META, NVDA",assignment1_selector_fallback_to_static,Weekly rebalance into growth_tech.,2022-08-05
2022-08-08,stop_loss,,,,,Stopped out: NVDA,2022-08-05
2022-08-09,hold,,,,,,2022-08-05
2022-08-10,hold,,,,,,2022-08-05
2022-08-11,hold,,,,,,2022-08-05
2022-08-12,weekly_rebalance,risk_on,growth_tech,"META, AAPL",assignment1_selector_fallback_to_static,Weekly rebalance into growth_tech.,2022-08-05
2022-08-15,hold,,,,,,2022-08-05
2022-08-16,hold,,,,,,2022-08-05
2022-08-17,hold,,,,,,2022-08-05
2022-08-18,hold,,,,,,2022-08-05
2022-08-19,weekly_rebalance,risk_on,growth_tech,"AAPL, MSFT",assignment1_selector_fallback_to_static,Weekly rebalance into growth_tech.,2022-08-05
2022-08-22,fast_risk_off,,,,,"3-day shock detected. SPX=-3.18%, QQQ=-4.30%, VIX_Z=0.39.",2022-09-01
2022-08-23,hold,,,,,,2022-09-01
2022-08-24,hold,,,,,,2022-09-01
2022-08-25,hold,,,,,,2022-09-01
2022-08-26,weekly_rebalance,neutral,growth_tech,"META, AAPL",assignment1_selector_fallback_to_static,Weekly rebalance into growth_tech.,2022-09-01
2022-08-29,hold,,,,,,2022-09-01
2022-08-30,hold,,,,,,2022-09-01
2022-08-31,hold,,,,,,2022-09-01
2022-09-01,hold,,,,,,2022-09-01
2022-09-02,weekly_rebalance,neutral,default,"SPY, QQQ, IAU, XLU, XLV",fallback_default,No positive-IR sector group qualified; used default basket.,2022-09-01
2022-09-06,hold,,,,,,2022-09-01
2022-09-07,hold,,,,,,2022-09-01
2022-09-08,hold,,,,,,2022-09-01
2022-09-09,weekly_rebalance,neutral,growth_tech,"TSLA, NVDA",assignment1_selector_fallback_to_static,Weekly rebalance into growth_tech.,2022-09-01
2022-09-12,hold,,,,,,2022-09-01
2022-09-13,stop_loss,,,,,Stopped out: NVDA,2022-09-01
2022-09-14,fast_risk_off,,,,,"3-day shock detected. SPX=-2.98%, QQQ=-3.60%, VIX_Z=0.81.",2022-09-24
2022-09-15,hold,,,,,,2022-09-24
2022-09-16,weekly_rebalance,neutral,real_assets,"SLV, GLD",static_group,Weekly rebalance into real_assets.,2022-09-24
2022-09-19,hold,,,,,,2022-09-24
2022-09-20,hold,,,,,,2022-09-24
2022-09-21,hold,,,,,,2022-09-24
2022-09-22,hold,,,,,,2022-09-24
2022-09-23,weekly_rebalance,risk_off,growth_tech,"MSFT, AAPL",assignment1_selector_fallback_to_static,Weekly rebalance into growth_tech.,2022-09-24
2022-09-26,fast_risk_off,,,,,"3-day shock detected. SPX=-3.56%, QQQ=-3.24%, VIX_Z=2.02.",2022-10-06
2022-09-27,hold,,,,,,2022-10-06
2022-09-28,hold,,,,,,2022-10-06
2022-09-29,stop_loss,,,,,Stopped out: AAPL,2022-10-06
2022-09-30,weekly_rebalance,risk_off,real_assets,"FCX, BHP",static_group,Weekly rebalance into real_assets.,2022-10-06
2022-10-03,hold,,,,,,2022-10-06
2022-10-04,hold,,,,,,2022-10-06
2022-10-05,hold,,,,,,2022-10-06
2022-10-06,hold,,,,,,2022-10-06
2022-10-07,weekly_rebalance,risk_off,real_assets,"XOM, CVX",static_group,Weekly rebalance into real_assets.,2022-10-06
2022-10-10,fast_risk_off,,,,,"3-day shock detected. SPX=-4.52%, QQQ=-5.52%, VIX_Z=1.97.",2022-10-20
2022-10-11,hold,,,,,,2022-10-20
2022-10-12,hold,,,,,,2022-10-20
2022-10-13,hold,,,,,,2022-10-20
2022-10-14,weekly_rebalance,risk_off,real_assets,"CVX, GLD",static_group,Weekly rebalance into real_assets.,2022-10-20
2022-10-17,hold,,,,,,2022-10-20
2022-10-18,hold,,,,,,2022-10-20
2022-10-19,hold,,,,,,2022-10-20
2022-10-20,hold,,,,,,2022-10-20
2022-10-21,weekly_rebalance,risk_off,real_assets,"FCX, CVX",static_group,Weekly rebalance into real_assets.,2022-10-20
2022-10-24,hold,,,,,,2022-10-20
2022-10-25,hold,,,,,,2022-10-20
2022-10-26,hold,,,,,,2022-10-20
2022-10-27,hold,,,,,,2022-10-20
2022-10-28,weekly_rebalance,neutral,real_assets,"XOM, CVX",static_group,Weekly rebalance into real_assets.,2022-10-20
2022-10-31,hold,,,,,,2022-10-20
2022-11-01,hold,,,,,,2022-10-20
2022-11-02,fast_risk_off,,,,,"3-day shock detected. SPX=-3.62%, QQQ=-5.53%, VIX_Z=0.59.",2022-11-12
2022-11-03,hold,,,,,,2022-11-12
2022-11-04,weekly_rebalance,risk_off,real_assets,"BHP, SLV",static_group,Weekly rebalance into real_assets.,2022-11-12
2022-11-07,hold,,,,,,2022-11-12
2022-11-08,hold,,,,,,2022-11-12
2022-11-09,hold,,,,,,2022-11-12
2022-11-10,hold,,,,,,2022-11-12
2022-11-11,weekly_rebalance,risk_on,real_assets,"BHP, FCX",static_group,Weekly rebalance into real_assets.,2022-11-12
2022-11-14,hold,,,,,,2022-11-12
2022-11-15,hold,,,,,,2022-11-12
2022-11-16,hold,,,,,,2022-11-12
2022-11-17,hold,,,,,,2022-11-12
2022-11-18,weekly_rebalance,risk_on,real_assets,"BHP, GLD",static_group,Weekly rebalance into real_assets.,2022-11-12
2022-11-21,hold,,,,,,2022-11-12
2022-11-22,hold,,,,,,2022-11-12
2022-11-23,hold,,,,,,2022-11-12
2022-11-25,weekly_rebalance,risk_on,real_assets,"SLV, FCX",static_group,Weekly rebalance into real_assets.,2022-11-12
2022-11-28,hold,,,,,,2022-11-12
2022-11-29,hold,,,,,,2022-11-12
2022-11-30,hold,,,,,,2022-11-12
2022-12-01,hold,,,,,,2022-11-12
2022-12-02,weekly_rebalance,risk_on,real_assets,"SLV, FCX",static_group,Weekly rebalance into real_assets.,2022-11-12
2022-12-05,hold,,,,,,2022-11-12
2022-12-06,fast_risk_off,,,,,"3-day shock detected. SPX=-3.32%, QQQ=-4.10%, VIX_Z=-0.21.",2022-12-16
2022-12-07,hold,,,,,,2022-12-16
2022-12-08,hold,,,,,,2022-12-16
2022-12-09,weekly_rebalance,risk_on,real_assets,"SLV, GLD",static_group,Weekly rebalance into real_assets.,2022-12-16
2022-12-12,hold,,,,,,2022-12-16
2022-12-13,hold,,,,,,2022-12-16
2022-12-14,hold,,,,,,2022-12-16
2022-12-15,hold,,,,,,2022-12-16
2022-12-16,weekly_rebalance,neutral,real_assets,"GLD, XOM",static_group,Weekly rebalance into real_assets.,2022-12-16
2022-12-19,fast_risk_off,,,,,"3-day shock detected. SPX=-4.45%, QQQ=-5.62%, VIX_Z=-0.16.",2022-12-29
2022-12-20,hold,,,,,,2022-12-29
2022-12-21,hold,,,,,,2022-12-29
2022-12-22,hold,,,,,,2022-12-29
2022-12-23,weekly_rebalance,neutral,real_assets,"CVX, XOM",static_group,Weekly rebalance into real_assets.,2022-12-29
2022-12-27,hold,,,,,,2022-12-29
2022-12-28,hold,,,,,,2022-12-29
2022-12-29,hold,,,,,,2022-12-29
2022-12-30,weekly_rebalance,neutral,real_assets,"GLD, XOM",static_group,Weekly rebalance into real_assets.,2022-12-29
2023-01-03,hold,,,,,,2022-12-29
2023-01-04,hold,,,,,,2022-12-29
2023-01-05,hold,,,,,,2022-12-29
2023-01-06,weekly_rebalance,neutral,real_assets,"FCX, BHP",static_group,Weekly rebalance into real_assets.,2022-12-29
2023-01-09,hold,,,,,,2022-12-29
2023-01-10,hold,,,,,,2022-12-29
2023-01-11,hold,,,,,,2022-12-29
2023-01-12,hold,,,,,,2022-12-29
2023-01-13,weekly_rebalance,risk_on,real_assets,"FCX, GLD",static_group,Weekly rebalance into real_assets.,2022-12-29
2023-01-17,hold,,,,,,2022-12-29
2023-01-18,hold,,,,,,2022-12-29
2023-01-19,hold,,,,,,2022-12-29
2023-01-20,weekly_rebalance,risk_on,real_assets,"CVX, GLD",static_group,Weekly rebalance into real_assets.,2022-12-29
2023-01-23,hold,,,,,,2022-12-29
2023-01-24,hold,,,,,,2022-12-29
2023-01-25,hold,,,,,,2022-12-29
2023-01-26,hold,,,,,,2022-12-29
2023-01-27,weekly_rebalance,risk_on,growth_tech,"TSLA, NVDA",assignment1_selector_fallback_to_static,Weekly rebalance into growth_tech.,2022-12-29
2023-01-30,stop_loss,,,,,"Stopped out: TSLA, NVDA",2022-12-29
2023-01-31,hold,,,,,,2022-12-29
2023-02-01,hold,,,,,,2022-12-29
2023-02-02,hold,,,,,,2022-12-29
2023-02-03,weekly_rebalance,risk_on,growth_tech,"META, AAPL",assignment1_selector_fallback_to_static,Weekly rebalance into growth_tech.,2022-12-29
2023-02-06,hold,,,,,,2022-12-29
2023-02-07,hold,,,,,,2022-12-29
2023-02-08,hold,,,,,,2022-12-29
2023-02-09,hold,,,,,,2022-12-29
2023-02-10,weekly_rebalance,risk_on,growth_tech,"MSFT, AAPL",assignment1_selector_fallback_to_static,Weekly rebalance into growth_tech.,2022-12-29
2023-02-13,hold,,,,,,2022-12-29
2023-02-14,hold,,,,,,2022-12-29
2023-02-15,hold,,,,,,2022-12-29
2023-02-16,hold,,,,,,2022-12-29
2023-02-17,weekly_rebalance,risk_on,growth_tech,"GOOGL, AAPL",assignment1_selector_fallback_to_static,Weekly rebalance into growth_tech.,2022-12-29
2023-02-21,fast_risk_off,,,,,"3-day shock detected. SPX=-3.62%, QQQ=-4.88%, VIX_Z=-0.06.",2023-03-03
2023-02-22,hold,,,,,,2023-03-03
2023-02-23,hold,,,,,,2023-03-03
2023-02-24,weekly_rebalance,risk_on,growth_tech,"NVDA, CPRT",assignment1_selector_asof_2023-02-24,Weekly rebalance into growth_tech.,2023-03-03
2023-02-27,hold,,,,,,2023-03-03
2023-02-28,hold,,,,,,2023-03-03
2023-03-01,hold,,,,,,2023-03-03
2023-03-02,hold,,,,,,2023-03-03
2023-03-03,weekly_rebalance,risk_on,growth_tech,"CPRT, MRVL",assignment1_selector_asof_2023-03-03,Weekly rebalance into growth_tech.,2023-03-03
2023-03-06,hold,,,,,,2023-03-03
2023-03-07,stop_loss,,,,,Stopped out: MRVL,2023-03-03
2023-03-08,hold,,,,,,2023-03-03
2023-03-09,fast_risk_off,,,,,"3-day shock detected. SPX=-3.21%, QQQ=-2.45%, VIX_Z=-0.09.",2023-03-19
2023-03-10,weekly_rebalance,neutral,growth_tech,"CPRT, CRWD",assignment1_selector_asof_2023-03-10,Weekly rebalance into growth_tech.,2023-03-19
2023-03-13,hold,,,,,,2023-03-19
2023-03-14,hold,,,,,,2023-03-19
2023-03-15,hold,,,,,,2023-03-19
2023-03-16,hold,,,,,,2023-03-19
2023-03-17,weekly_rebalance,risk_on,growth_tech,"CRWD, NVDA",assignment1_selector_asof_2023-03-17,Weekly rebalance into growth_tech.,2023-03-19
2023-03-20,hold,,,,,,2023-03-19
2023-03-21,hold,,,,,,2023-03-19
2023-03-22,hold,,,,,,2023-03-19
2023-03-23,hold,,,,,,2023-03-19
2023-03-24,weekly_rebalance,risk_on,growth_tech,"ZS, CPRT",assignment1_selector_asof_2023-03-24,Weekly rebalance into growth_tech.,2023-03-19
2023-03-27,hold,,,,,,2023-03-19
2023-03-28,hold,,,,,,2023-03-19
2023-03-29,hold,,,,,,2023-03-19
2023-03-30,hold,,,,,,2023-03-19
2023-03-31,weekly_rebalance,risk_on,growth_tech,"MRVL, CPRT",assignment1_selector_asof_2023-03-31,Weekly rebalance into growth_tech.,2023-03-19
2023-04-03,hold,,,,,,2023-03-19
2023-04-04,stop_loss,,,,,Stopped out: MRVL,2023-03-19
2023-04-05,hold,,,,,,2023-03-19
2023-04-06,weekly_rebalance,risk_on,growth_tech,"CPRT, CSCO",assignment1_selector_asof_2023-04-06,Weekly rebalance into growth_tech.,2023-03-19
2023-04-10,hold,,,,,,2023-03-19
2023-04-11,hold,,,,,,2023-03-19
2023-04-12,hold,,,,,,2023-03-19
2023-04-13,hold,,,,,,2023-03-19
2023-04-14,weekly_rebalance,risk_on,growth_tech,"CRWD, CPRT",assignment1_selector_asof_2023-04-14,Weekly rebalance into growth_tech.,2023-03-19
2023-04-17,hold,,,,,,2023-03-19
2023-04-18,hold,,,,,,2023-03-19
2023-04-19,hold,,,,,,2023-03-19
2023-04-20,hold,,,,,,2023-03-19
2023-04-21,weekly_rebalance,risk_on,growth_tech,"CSX, FAST",assignment1_selector_asof_2023-04-21,Weekly rebalance into growth_tech.,2023-03-19
2023-04-24,hold,,,,,,2023-03-19
2023-04-25,hold,,,,,,2023-03-19
2023-04-26,stop_loss,,,,,Stopped out: CSX,2023-03-19
2023-04-27,hold,,,,,,2023-03-19
2023-04-28,weekly_rebalance,risk_on,growth_tech,"MU, MSFT",assignment1_selector_asof_2023-04-28,Weekly rebalance into growth_tech.,2023-03-19
2023-05-01,hold,,,,,,2023-03-19
2023-05-02,hold,,,,,,2023-03-19
2023-05-03,stop_loss,,,,,Stopped out: MU,2023-03-19
2023-05-04,hold,,,,,,2023-03-19
2023-05-05,weekly_rebalance,risk_on,growth_tech,"DDOG, ON",assignment1_selector_asof_2023-05-05,Weekly rebalance into growth_tech.,2023-03-19
2023-05-08,hold,,,,,,2023-03-19
2023-05-09,hold,,,,,,2023-03-19
2023-05-10,hold,,,,,,2023-03-19
2023-05-11,hold,,,,,,2023-03-19
2023-05-12,weekly_rebalance,risk_on,growth_tech,"APP, ZS",assignment1_selector_asof_2023-05-12,Weekly rebalance into growth_tech.,2023-03-19
2023-05-15,hold,,,,,,2023-03-19
2023-05-16,hold,,,,,,2023-03-19
2023-05-17,hold,,,,,,2023-03-19
2023-05-18,hold,,,,,,2023-03-19
2023-05-19,weekly_rebalance,risk_on,growth_tech,"APP, MRVL",assignment1_selector_asof_2023-05-19,Weekly rebalance into growth_tech.,2023-03-19
2023-05-22,hold,,,,,,2023-03-19
2023-05-23,hold,,,,,,2023-03-19
2023-05-24,hold,,,,,,2023-03-19
2023-05-25,hold,,,,,,2023-03-19
2023-05-26,weekly_rebalance,risk_on,growth_tech,"NVDA, AVGO",assignment1_selector_asof_2023-05-26,Weekly rebalance into growth_tech.,2023-03-19
2023-05-30,hold,,,,,,2023-03-19
2023-05-31,hold,,,,,,2023-03-19
2023-06-01,hold,,,,,,2023-03-19
2023-06-02,weekly_rebalance,risk_on,growth_tech,"TEAM, QCOM",assignment1_selector_asof_2023-06-02,Weekly rebalance into growth_tech.,2023-03-19
2023-06-05,hold,,,,,,2023-03-19
2023-06-06,hold,,,,,,2023-03-19
2023-06-07,stop_loss,,,,,Stopped out: TEAM,2023-03-19
2023-06-08,hold,,,,,,2023-03-19
2023-06-09,weekly_rebalance,risk_on,growth_tech,"MCHP, ON",assignment1_selector_asof_2023-06-09,Weekly rebalance into growth_tech.,2023-03-19
2023-06-12,hold,,,,,,2023-03-19
2023-06-13,hold,,,,,,2023-03-19
2023-06-14,hold,,,,,,2023-03-19
2023-06-15,hold,,,,,,2023-03-19
2023-06-16,weekly_rebalance,risk_on,growth_tech,"INTC, NXPI",assignment1_selector_asof_2023-06-16,Weekly rebalance into growth_tech.,2023-03-19
2023-06-20,hold,,,,,,2023-03-19
2023-06-21,stop_loss,,,,,Stopped out: INTC,2023-03-19
2023-06-22,hold,,,,,,2023-03-19
2023-06-23,weekly_rebalance,risk_on,growth_tech,"FAST, MSTR",assignment1_selector_asof_2023-06-23,Weekly rebalance into growth_tech.,2023-03-19
2023-06-26,stop_loss,,,,,Stopped out: MSTR,2023-03-19
2023-06-27,hold,,,,,,2023-03-19
2023-06-28,hold,,,,,,2023-03-19
2023-06-29,hold,,,,,,2023-03-19
2023-06-30,weekly_rebalance,risk_on,growth_tech,"TXN, GFS",assignment1_selector_asof_2023-06-30,Weekly rebalance into growth_tech.,2023-03-19
2023-07-03,hold,,,,,,2023-03-19
2023-07-05,hold,,,,,,2023-03-19
2023-07-06,hold,,,,,,2023-03-19
2023-07-07,weekly_rebalance,risk_on,growth_tech,"XEL, CDW",assignment1_selector_asof_2023-07-07,Weekly rebalance into growth_tech.,2023-03-19
2023-07-10,hold,,,,,,2023-03-19
2023-07-11,hold,,,,,,2023-03-19
2023-07-12,hold,,,,,,2023-03-19
2023-07-13,hold,,,,,,2023-03-19
2023-07-14,weekly_rebalance,risk_on,growth_tech,"SHOP, ON",assignment1_selector_asof_2023-07-14,Weekly rebalance into growth_tech.,2023-03-19
2023-07-17,hold,,,,,,2023-03-19
2023-07-18,hold,,,,,,2023-03-19
2023-07-19,hold,,,,,,2023-03-19
2023-07-20,hold,,,,,,2023-03-19
2023-07-21,weekly_rebalance,risk_on,growth_tech,"CSCO, TXN",assignment1_selector_asof_2023-07-21,Weekly rebalance into growth_tech.,2023-03-19
2023-07-24,hold,,,,,,2023-03-19
2023-07-25,hold,,,,,,2023-03-19
2023-07-26,hold,,,,,,2023-03-19
2023-07-27,hold,,,,,,2023-03-19
2023-07-28,weekly_rebalance,risk_on,growth_tech,"APP, ON",assignment1_selector_asof_2023-07-28,Weekly rebalance into growth_tech.,2023-03-19
2023-07-31,hold,,,,,,2023-03-19
2023-08-01,hold,,,,,,2023-03-19
2023-08-02,hold,,,,,,2023-03-19
2023-08-03,hold,,,,,,2023-03-19
2023-08-04,weekly_rebalance,risk_on,growth_tech,"TEAM, CDW",assignment1_selector_asof_2023-08-04,Weekly rebalance into growth_tech.,2023-03-19
2023-08-07,hold,,,,,,2023-03-19
2023-08-08,hold,,,,,,2023-03-19
2023-08-09,hold,,,,,,2023-03-19
2023-08-10,hold,,,,,,2023-03-19
2023-08-11,weekly_rebalance,risk_on,growth_tech,"APP, FAST",assignment1_selector_asof_2023-08-11,Weekly rebalance into growth_tech.,2023-03-19
2023-08-14,hold,,,,,,2023-03-19
2023-08-15,hold,,,,,,2023-03-19
2023-08-16,hold,,,,,,2023-03-19
2023-08-17,fast_risk_off,,,,,"3-day shock detected. SPX=-2.66%, QQQ=-3.18%, VIX_Z=-0.98.",2023-08-27
2023-08-18,weekly_rebalance,risk_on,growth_tech,"NVDA, FAST",assignment1_selector_asof_2023-08-18,Weekly rebalance into growth_tech.,2023-08-27
2023-08-21,hold,,,,,,2023-08-27
2023-08-22,hold,,,,,,2023-08-27
2023-08-23,hold,,,,,,2023-08-27
2023-08-24,hold,,,,,,2023-08-27
2023-08-25,weekly_rebalance,risk_on,growth_tech,"SHOP, ZS",assignment1_selector_asof_2023-08-25,Weekly rebalance into growth_tech.,2023-08-27
2023-08-28,hold,,,,,,2023-08-27
2023-08-29,hold,,,,,,2023-08-27
2023-08-30,hold,,,,,,2023-08-27
2023-08-31,hold,,,,,,2023-08-27
2023-09-01,weekly_rebalance,risk_on,growth_tech,"SHOP, PDD",assignment1_selector_asof_2023-09-01,Weekly rebalance into growth_tech.,2023-08-27
2023-09-05,hold,,,,,,2023-08-27
2023-09-06,hold,,,,,,2023-08-27
2023-09-07,stop_loss,,,,,Stopped out: PDD,2023-08-27
2023-09-08,weekly_rebalance,risk_on,growth_tech,"FTNT, INTC",assignment1_selector_asof_2023-09-08,Weekly rebalance into growth_tech.,2023-08-27
2023-09-11,hold,,,,,,2023-08-27
2023-09-12,hold,,,,,,2023-08-27
2023-09-13,hold,,,,,,2023-08-27
2023-09-14,hold,,,,,,2023-08-27
2023-09-15,weekly_rebalance,risk_on,real_assets,"BHP, FCX",static_group,Weekly rebalance into real_assets.,2023-08-27
2023-09-18,hold,,,,,,2023-08-27
2023-09-19,hold,,,,,,2023-08-27
2023-09-20,hold,,,,,,2023-08-27
2023-09-21,fast_risk_off,,,,,"3-day shock detected. SPX=-2.77%, QQQ=-3.45%, VIX_Z=-0.98.",2023-10-01
2023-09-22,weekly_rebalance,neutral,real_assets,"SLV, GLD",static_group,Weekly rebalance into real_assets.,2023-10-01
2023-09-25,hold,,,,,,2023-10-01
2023-09-26,hold,,,,,,2023-10-01
2023-09-27,hold,,,,,,2023-10-01
2023-09-28,hold,,,,,,2023-10-01
2023-09-29,weekly_rebalance,neutral,real_assets,"BHP, FCX",static_group,Weekly rebalance into real_assets.,2023-10-01
2023-10-02,hold,,,,,,2023-10-01
2023-10-03,hold,,,,,,2023-10-01
2023-10-04,hold,,,,,,2023-10-01
2023-10-05,stop_loss,,,,,Stopped out: FCX,2023-10-01
2023-10-06,weekly_rebalance,neutral,growth_tech,"MSTR, PDD",assignment1_selector_asof_2023-10-06,Weekly rebalance into growth_tech.,2023-10-01
2023-10-09,hold,,,,,,2023-10-01
2023-10-10,hold,,,,,,2023-10-01
2023-10-11,hold,,,,,,2023-10-01
2023-10-12,hold,,,,,,2023-10-01
2023-10-13,weekly_rebalance,neutral,growth_tech,"FAST, ADBE",assignment1_selector_asof_2023-10-13,Weekly rebalance into growth_tech.,2023-10-01
2023-10-16,hold,,,,,,2023-10-01
2023-10-17,hold,,,,,,2023-10-01
2023-10-18,hold,,,,,,2023-10-01
2023-10-19,hold,,,,,,2023-10-01
2023-10-20,weekly_rebalance,neutral,defensive,"IAU, SHY",static_group,Weekly rebalance into defensive.,2023-10-01
2023-10-23,hold,,,,,,2023-10-01
2023-10-24,hold,,,,,,2023-10-01
2023-10-25,hold,,,,,,2023-10-01
2023-10-26,fast_risk_off,,,,,"3-day shock detected. SPX=-1.89%, QQQ=-3.38%, VIX_Z=0.00.",2023-11-05
2023-10-27,weekly_rebalance,neutral,defensive,"TLT, IEF",static_group,Weekly rebalance into defensive.,2023-11-05
2023-10-30,hold,,,,,,2023-11-05
2023-10-31,hold,,,,,,2023-11-05
2023-11-01,hold,,,,,,2023-11-05
2023-11-02,hold,,,,,,2023-11-05
2023-11-03,weekly_rebalance,neutral,growth_tech,"DASH, QCOM",assignment1_selector_asof_2023-11-03,Weekly rebalance into growth_tech.,2023-11-05
2023-11-06,hold,,,,,,2023-11-05
2023-11-07,hold,,,,,,2023-11-05
2023-11-08,stop_loss,,,,,Stopped out: DASH,2023-11-05
2023-11-09,hold,,,,,,2023-11-05
2023-11-10,weekly_rebalance,risk_on,growth_tech,"APP, MSTR",assignment1_selector_asof_2023-11-10,Weekly rebalance into growth_tech.,2023-11-05
2023-11-13,stop_loss,,,,,Stopped out: APP,2023-11-05
2023-11-14,stop_loss,,,,,Stopped out: MSTR,2023-11-05
2023-11-15,hold,,,,,,2023-11-05
2023-11-16,hold,,,,,,2023-11-05
2023-11-17,weekly_rebalance,risk_on,growth_tech,"INTC, NXPI",assignment1_selector_asof_2023-11-17,Weekly rebalance into growth_tech.,2023-11-05
2023-11-20,hold,,,,,,2023-11-05
2023-11-21,hold,,,,,,2023-11-05
2023-11-22,hold,,,,,,2023-11-05
2023-11-24,weekly_rebalance,risk_on,growth_tech,"FTNT, PDD",assignment1_selector_asof_2023-11-24,Weekly rebalance into growth_tech.,2023-11-05
2023-11-27,hold,,,,,,2023-11-05
2023-11-28,hold,,,,,,2023-11-05
2023-11-29,hold,,,,,,2023-11-05
2023-11-30,hold,,,,,,2023-11-05
2023-12-01,weekly_rebalance,risk_on,default,"SPY, QQQ, IAU, XLU, XLV",fallback_default,No positive-IR sector group qualified; used default basket.,2023-11-05
2023-12-04,hold,,,,,,2023-11-05
2023-12-05,hold,,,,,,2023-11-05
2023-12-06,hold,,,,,,2023-11-05
2023-12-07,hold,,,,,,2023-11-05
2023-12-08,weekly_rebalance,risk_on,default,"SPY, QQQ, IAU, XLU, XLV",fallback_default,No positive-IR sector group qualified; used default basket.,2023-11-05
2023-12-11,hold,,,,,,2023-11-05
2023-12-12,hold,,,,,,2023-11-05
2023-12-13,hold,,,,,,2023-11-05
2023-12-14,hold,,,,,,2023-11-05
2023-12-15,weekly_rebalance,risk_on,default,"SPY, QQQ, IAU, XLU, XLV",fallback_default,No positive-IR sector group qualified; used default basket.,2023-11-05
2023-12-18,hold,,,,,,2023-11-05
2023-12-19,hold,,,,,,2023-11-05
2023-12-20,hold,,,,,,2023-11-05
2023-12-21,hold,,,,,,2023-11-05
2023-12-22,weekly_rebalance,risk_on,default,"SPY, QQQ, IAU, XLU, XLV",fallback_default,No positive-IR sector group qualified; used default basket.,2023-11-05
2023-12-26,hold,,,,,,2023-11-05
2023-12-27,hold,,,,,,2023-11-05
2023-12-28,hold,,,,,,2023-11-05
2023-12-29,weekly_rebalance,risk_on,default,"SPY, QQQ, IAU, XLU, XLV",fallback_default,No positive-IR sector group qualified; used default basket.,2023-11-05
2024-01-02,hold,,,,,,2023-11-05
2024-01-03,fast_risk_off,,,,,"3-day shock detected. SPX=-1.64%, QQQ=-3.15%, VIX_Z=-1.77.",2024-01-13
2024-01-04,hold,,,,,,2024-01-13
2024-01-05,weekly_rebalance,risk_on,default,"SPY, QQQ, IAU, XLU, XLV",fallback_default,No positive-IR sector group qualified; used default basket.,2024-01-13
2024-01-08,hold,,,,,,2024-01-13
2024-01-09,hold,,,,,,2024-01-13
2024-01-10,hold,,,,,,2024-01-13
2024-01-11,hold,,,,,,2024-01-13
2024-01-12,weekly_rebalance,risk_on,growth_tech,"APP, MRVL",assignment1_selector_asof_2024-01-12,Weekly rebalance into growth_tech.,2024-01-13
2024-01-16,hold,,,,,,2024-01-13
2024-01-17,hold,,,,,,2024-01-13
2024-01-18,hold,,,,,,2024-01-13
2024-01-19,weekly_rebalance,risk_on,default,"SPY, QQQ, IAU, XLU, XLV",fallback_default,No positive-IR sector group qualified; used default basket.,2024-01-13
2024-01-22,hold,,,,,,2024-01-13
2024-01-23,hold,,,,,,2024-01-13
2024-01-24,hold,,,,,,2024-01-13
2024-01-25,hold,,,,,,2024-01-13
2024-01-26,weekly_rebalance,risk_on,default,"SPY, QQQ, IAU, XLU, XLV",fallback_default,No positive-IR sector group qualified; used default basket.,2024-01-13
2024-01-29,hold,,,,,,2024-01-13
2024-01-30,hold,,,,,,2024-01-13
2024-01-31,hold,,,,,,2024-01-13
2024-02-01,hold,,,,,,2024-01-13
2024-02-02,weekly_rebalance,risk_on,growth_tech,"CPRT, FAST",assignment1_selector_asof_2024-02-02,Weekly rebalance into growth_tech.,2024-01-13
2024-02-05,hold,,,,,,2024-01-13
2024-02-06,hold,,,,,,2024-01-13
2024-02-07,hold,,,,,,2024-01-13
2024-02-08,hold,,,,,,2024-01-13
2024-02-09,weekly_rebalance,risk_on,growth_tech,"PLTR, ON",assignment1_selector_asof_2024-02-09,Weekly rebalance into growth_tech.,2024-01-13
2024-02-12,hold,,,,,,2024-01-13
2024-02-13,hold,,,,,,2024-01-13
2024-02-14,hold,,,,,,2024-01-13
2024-02-15,hold,,,,,,2024-01-13
2024-02-16,weekly_rebalance,risk_on,growth_tech,"APP, AMAT",assignment1_selector_asof_2024-02-16,Weekly rebalance into growth_tech.,2024-01-13
2024-02-20,stop_loss,,,,,Stopped out: AMAT,2024-01-13
2024-02-21,stop_loss,,,,,Stopped out: APP,2024-01-13
2024-02-22,hold,,,,,,2024-01-13
2024-02-23,weekly_rebalance,risk_on,growth_tech,"SNPS, CSGP",assignment1_selector_asof_2024-02-23,Weekly rebalance into growth_tech.,2024-01-13
2024-02-26,hold,,,,,,2024-01-13
2024-02-27,hold,,,,,,2024-01-13
2024-02-28,hold,,,,,,2024-01-13
2024-02-29,hold,,,,,,2024-01-13
2024-03-01,weekly_rebalance,risk_on,growth_tech,"ON, MRVL",assignment1_selector_asof_2024-03-01,Weekly rebalance into growth_tech.,2024-01-13
2024-03-04,hold,,,,,,2024-01-13
2024-03-05,stop_loss,,,,,Stopped out: ON,2024-01-13
2024-03-06,hold,,,,,,2024-01-13
2024-03-07,hold,,,,,,2024-01-13
2024-03-08,weekly_rebalance,risk_on,growth_tech,"DXCM, FAST",assignment1_selector_asof_2024-03-08,Weekly rebalance into growth_tech.,2024-01-13
2024-03-11,hold,,,,,,2024-01-13
2024-03-12,hold,,,,,,2024-01-13
2024-03-13,hold,,,,,,2024-01-13
2024-03-14,hold,,,,,,2024-01-13
2024-03-15,weekly_rebalance,risk_on,growth_tech,"CSGP, WDAY",assignment1_selector_asof_2024-03-15,Weekly rebalance into growth_tech.,2024-01-13
2024-03-18,hold,,,,,,2024-01-13
2024-03-19,hold,,,,,,2024-01-13
2024-03-20,hold,,,,,,2024-01-13
2024-03-21,hold,,,,,,2024-01-13
2024-03-22,weekly_rebalance,risk_on,growth_tech,"MU, SNPS",assignment1_selector_asof_2024-03-22,Weekly rebalance into growth_tech.,2024-01-13
2024-03-25,hold,,,,,,2024-01-13
2024-03-26,hold,,,,,,2024-01-13
2024-03-27,hold,,,,,,2024-01-13
2024-03-28,weekly_rebalance,risk_on,growth_tech,"DXCM, CTAS",assignment1_selector_asof_2024-03-28,Weekly rebalance into growth_tech.,2024-01-13
2024-04-01,hold,,,,,,2024-01-13
2024-04-02,hold,,,,,,2024-01-13
2024-04-03,hold,,,,,,2024-01-13
2024-04-04,hold,,,,,,2024-01-13
2024-04-05,weekly_rebalance,risk_on,growth_tech,"MRVL, DXCM",assignment1_selector_asof_2024-04-05,Weekly rebalance into growth_tech.,2024-01-13
2024-04-08,hold,,,,,,2024-01-13
2024-04-09,hold,,,,,,2024-01-13
2024-04-10,hold,,,,,,2024-01-13
2024-04-11,hold,,,,,,2024-01-13
2024-04-12,weekly_rebalance,risk_on,growth_tech,"PANW, CSCO",assignment1_selector_asof_2024-04-12,Weekly rebalance into growth_tech.,2024-01-13
2024-04-15,hold,,,,,,2024-01-13
2024-04-16,fast_risk_off,,,,,"3-day shock detected. SPX=-2.84%, QQQ=-3.20%, VIX_Z=-0.10.",2024-04-26
2024-04-17,hold,,,,,,2024-04-26
2024-04-18,hold,,,,,,2024-04-26
2024-04-19,weekly_rebalance,risk_on,growth_tech,"INTU, VRTX",assignment1_selector_asof_2024-04-19,Weekly rebalance into growth_tech.,2024-04-26
2024-04-22,hold,,,,,,2024-04-26
2024-04-23,hold,,,,,,2024-04-26
2024-04-24,hold,,,,,,2024-04-26
2024-04-25,hold,,,,,,2024-04-26
2024-04-26,weekly_rebalance,risk_on,growth_tech,"ON, TXN",assignment1_selector_asof_2024-04-26,Weekly rebalance into growth_tech.,2024-04-26
2024-04-29,hold,,,,,,2024-04-26
2024-04-30,hold,,,,,,2024-04-26
2024-05-01,hold,,,,,,2024-04-26
2024-05-02,hold,,,,,,2024-04-26
2024-05-03,weekly_rebalance,risk_on,growth_tech,"ON, QCOM",assignment1_selector_asof_2024-05-03,Weekly rebalance into growth_tech.,2024-04-26
2024-05-06,hold,,,,,,2024-04-26
2024-05-07,hold,,,,,,2024-04-26
2024-05-08,hold,,,,,,2024-04-26
2024-05-09,hold,,,,,,2024-04-26
2024-05-10,weekly_rebalance,risk_on,real_assets,"SLV, CVX",static_group,Weekly rebalance into real_assets.,2024-04-26
2024-05-13,hold,,,,,,2024-04-26
2024-05-14,hold,,,,,,2024-04-26
2024-05-15,hold,,,,,,2024-04-26
2024-05-16,hold,,,,,,2024-04-26
2024-05-17,weekly_rebalance,risk_on,real_assets,"SLV, BHP",static_group,Weekly rebalance into real_assets.,2024-04-26
2024-05-20,hold,,,,,,2024-04-26
2024-05-21,hold,,,,,,2024-04-26
2024-05-22,hold,,,,,,2024-04-26
2024-05-23,hold,,,,,,2024-04-26
2024-05-24,weekly_rebalance,risk_on,growth_tech,"ADI, NVDA",assignment1_selector_asof_2024-05-24,Weekly rebalance into growth_tech.,2024-04-26
2024-05-28,hold,,,,,,2024-04-26
2024-05-29,hold,,,,,,2024-04-26
2024-05-30,hold,,,,,,2024-04-26
2024-05-31,weekly_rebalance,risk_on,growth_tech,"CSX, ON",assignment1_selector_asof_2024-05-31,Weekly rebalance into growth_tech.,2024-04-26
2024-06-03,hold,,,,,,2024-04-26
2024-06-04,hold,,,,,,2024-04-26
2024-06-05,hold,,,,,,2024-04-26
2024-06-06,hold,,,,,,2024-04-26
2024-06-07,weekly_rebalance,risk_on,growth_tech,"ADSK, ADBE",assignment1_selector_asof_2024-06-07,Weekly rebalance into growth_tech.,2024-04-26
2024-06-10,hold,,,,,,2024-04-26
2024-06-11,hold,,,,,,2024-04-26
2024-06-12,hold,,,,,,2024-04-26
2024-06-13,hold,,,,,,2024-04-26
2024-06-14,weekly_rebalance,risk_on,growth_tech,"ADBE, AVGO",assignment1_selector_asof_2024-06-14,Weekly rebalance into growth_tech.,2024-04-26
2024-06-17,hold,,,,,,2024-04-26
2024-06-18,hold,,,,,,2024-04-26
2024-06-20,hold,,,,,,2024-04-26
2024-06-21,weekly_rebalance,risk_on,growth_tech,"CTSH, CDW",assignment1_selector_asof_2024-06-21,Weekly rebalance into growth_tech.,2024-04-26
2024-06-24,hold,,,,,,2024-04-26
2024-06-25,hold,,,,,,2024-04-26
2024-06-26,stop_loss,,,,,Stopped out: CDW,2024-04-26
2024-06-27,hold,,,,,,2024-04-26
2024-06-28,weekly_rebalance,risk_on,growth_tech,"TEAM, PANW",assignment1_selector_asof_2024-06-28,Weekly rebalance into growth_tech.,2024-04-26
2024-07-01,hold,,,,,,2024-04-26
2024-07-02,hold,,,,,,2024-04-26
2024-07-03,hold,,,,,,2024-04-26
2024-07-05,weekly_rebalance,risk_on,growth_tech,"ON, AAPL",assignment1_selector_asof_2024-07-05,Weekly rebalance into growth_tech.,2024-04-26
2024-07-08,hold,,,,,,2024-04-26
2024-07-09,hold,,,,,,2024-04-26
2024-07-10,hold,,,,,,2024-04-26
2024-07-11,hold,,,,,,2024-04-26
2024-07-12,weekly_rebalance,risk_on,growth_tech,"CTSH, GEHC",assignment1_selector_asof_2024-07-12,Weekly rebalance into growth_tech.,2024-04-26
2024-07-15,hold,,,,,,2024-04-26
2024-07-16,hold,,,,,,2024-04-26
2024-07-17,hold,,,,,,2024-04-26
2024-07-18,fast_risk_off,,,,,"3-day shock detected. SPX=-1.54%, QQQ=-3.36%, VIX_Z=-0.64.",2024-07-28
2024-07-19,weekly_rebalance,risk_on,growth_tech,"WBD, CTAS",assignment1_selector_asof_2024-07-19,Weekly rebalance into growth_tech.,2024-07-28
2024-07-22,hold,,,,,,2024-07-28
2024-07-23,hold,,,,,,2024-07-28
2024-07-24,hold,,,,,,2024-07-28
2024-07-25,stop_loss,,,,,Stopped out: WBD,2024-07-28
2024-07-26,weekly_rebalance,risk_on,growth_tech,"CSGP, TXN",assignment1_selector_asof_2024-07-26,Weekly rebalance into growth_tech.,2024-07-28
2024-07-29,hold,,,,,,2024-07-28
2024-07-30,hold,,,,,,2024-07-28
2024-07-31,hold,,,,,,2024-07-28
2024-08-01,hold,,,,,,2024-07-28
2024-08-02,weekly_rebalance,risk_on,growth_tech,"DXCM, REGN",assignment1_selector_asof_2024-08-02,Weekly rebalance into growth_tech.,2024-07-28
2024-08-05,fast_risk_off,,,,,"3-day shock detected. SPX=-6.08%, QQQ=-7.58%, VIX_Z=4.78.",2024-08-15
2024-08-06,hold,,,,,,2024-08-15
2024-08-07,hold,,,,,,2024-08-15
2024-08-08,hold,,,,,,2024-08-15
2024-08-09,weekly_rebalance,risk_on,growth_tech,"FTNT, SHOP",assignment1_selector_asof_2024-08-09,Weekly rebalance into growth_tech.,2024-08-15
2024-08-12,hold,,,,,,2024-08-15
2024-08-13,hold,,,,,,2024-08-15
2024-08-14,hold,,,,,,2024-08-15
2024-08-15,hold,,,,,,2024-08-15
2024-08-16,weekly_rebalance,risk_on,growth_tech,"SBUX, MU",assignment1_selector_asof_2024-08-16,Weekly rebalance into growth_tech.,2024-08-15
2024-08-19,hold,,,,,,2024-08-15
2024-08-20,hold,,,,,,2024-08-15
2024-08-21,hold,,,,,,2024-08-15
2024-08-22,hold,,,,,,2024-08-15
2024-08-23,weekly_rebalance,risk_on,growth_tech,"WDAY, ADI",assignment1_selector_asof_2024-08-23,Weekly rebalance into growth_tech.,2024-08-15
2024-08-26,hold,,,,,,2024-08-15
2024-08-27,hold,,,,,,2024-08-15
2024-08-28,hold,,,,,,2024-08-15
2024-08-29,hold,,,,,,2024-08-15
2024-08-30,weekly_rebalance,risk_on,growth_tech,"MAR, SBUX",assignment1_selector_asof_2024-08-30,Weekly rebalance into growth_tech.,2024-08-15
2024-09-03,hold,,,,,,2024-08-15
2024-09-04,hold,,,,,,2024-08-15
2024-09-05,fast_risk_off,,,,,"3-day shock detected. SPX=-2.57%, QQQ=-3.20%, VIX_Z=0.30.",2024-09-15
2024-09-06,weekly_rebalance,risk_on,defensive,"TLT, IEF",static_group,Weekly rebalance into defensive.,2024-09-15
2024-09-09,hold,,,,,,2024-09-15
2024-09-10,hold,,,,,,2024-09-15
2024-09-11,hold,,,,,,2024-09-15
2024-09-12,hold,,,,,,2024-09-15
2024-09-13,weekly_rebalance,risk_on,growth_tech,"AVGO, NVDA",assignment1_selector_asof_2024-09-13,Weekly rebalance into growth_tech.,2024-09-15
2024-09-16,hold,,,,,,2024-09-15
2024-09-17,hold,,,,,,2024-09-15
2024-09-18,hold,,,,,,2024-09-15
2024-09-19,hold,,,,,,2024-09-15
2024-09-20,weekly_rebalance,risk_on,growth_tech,"MAR, SNPS",assignment1_selector_asof_2024-09-20,Weekly rebalance into growth_tech.,2024-09-15
2024-09-23,hold,,,,,,2024-09-15
2024-09-24,hold,,,,,,2024-09-15
2024-09-25,hold,,,,,,2024-09-15
2024-09-26,hold,,,,,,2024-09-15
2024-09-27,weekly_rebalance,risk_on,real_assets,"BHP, FCX",static_group,Weekly rebalance into real_assets.,2024-09-15
2024-09-30,hold,,,,,,2024-09-15
2024-10-01,hold,,,,,,2024-09-15
2024-10-02,hold,,,,,,2024-09-15
2024-10-03,hold,,,,,,2024-09-15
2024-10-04,weekly_rebalance,risk_on,real_assets,"CVX, XOM",static_group,Weekly rebalance into real_assets.,2024-09-15
2024-10-07,hold,,,,,,2024-09-15
2024-10-08,hold,,,,,,2024-09-15
2024-10-09,hold,,,,,,2024-09-15
2024-10-10,hold,,,,,,2024-09-15
2024-10-11,weekly_rebalance,risk_on,real_assets,"CVX, GLD",static_group,Weekly rebalance into real_assets.,2024-09-15
2024-10-14,hold,,,,,,2024-09-15
2024-10-15,hold,,,,,,2024-09-15
2024-10-16,hold,,,,,,2024-09-15
2024-10-17,hold,,,,,,2024-09-15
2024-10-18,weekly_rebalance,risk_on,growth_tech,"ADSK, CSCO",assignment1_selector_asof_2024-10-18,Weekly rebalance into growth_tech.,2024-09-15
2024-10-21,hold,,,,,,2024-09-15
2024-10-22,hold,,,,,,2024-09-15
2024-10-23,hold,,,,,,2024-09-15
2024-10-24,hold,,,,,,2024-09-15
2024-10-25,weekly_rebalance,risk_on,growth_tech,"TXN, ADI",assignment1_selector_asof_2024-10-25,Weekly rebalance into growth_tech.,2024-09-15
2024-10-28,hold,,,,,,2024-09-15
2024-10-29,hold,,,,,,2024-09-15
2024-10-30,hold,,,,,,2024-09-15
2024-10-31,hold,,,,,,2024-09-15
2024-11-01,weekly_rebalance,risk_on,growth_tech,"CDNS, TEAM",assignment1_selector_asof_2024-11-01,Weekly rebalance into growth_tech.,2024-09-15
2024-11-04,hold,,,,,,2024-09-15
2024-11-05,hold,,,,,,2024-09-15
2024-11-06,hold,,,,,,2024-09-15
2024-11-07,hold,,,,,,2024-09-15
2024-11-08,weekly_rebalance,risk_on,growth_tech,"APP, GFS",assignment1_selector_asof_2024-11-08,Weekly rebalance into growth_tech.,2024-09-15
2024-11-11,hold,,,,,,2024-09-15
2024-11-12,hold,,,,,,2024-09-15
2024-11-13,hold,,,,,,2024-09-15
2024-11-14,hold,,,,,,2024-09-15
2024-11-15,weekly_rebalance,risk_on,growth_tech,"SHOP, CPRT",assignment1_selector_asof_2024-11-15,Weekly rebalance into growth_tech.,2024-09-15
2024-11-18,hold,,,,,,2024-09-15
2024-11-19,hold,,,,,,2024-09-15
2024-11-20,hold,,,,,,2024-09-15
2024-11-21,hold,,,,,,2024-09-15
2024-11-22,weekly_rebalance,risk_on,growth_tech,"DDOG, CPRT",assignment1_selector_asof_2024-11-22,Weekly rebalance into growth_tech.,2024-09-15
2024-11-25,hold,,,,,,2024-09-15
2024-11-26,hold,,,,,,2024-09-15
2024-11-27,hold,,,,,,2024-09-15
2024-11-29,weekly_rebalance,risk_on,growth_tech,"ROST, ADI",assignment1_selector_asof_2024-11-29,Weekly rebalance into growth_tech.,2024-09-15
2024-12-02,hold,,,,,,2024-09-15
2024-12-03,hold,,,,,,2024-09-15
2024-12-04,hold,,,,,,2024-09-15
2024-12-05,hold,,,,,,2024-09-15
2024-12-06,weekly_rebalance,risk_on,growth_tech,"MRVL, LULU",assignment1_selector_asof_2024-12-06,Weekly rebalance into growth_tech.,2024-09-15
2024-12-09,stop_loss,,,,,Stopped out: MRVL,2024-09-15
2024-12-10,hold,,,,,,2024-09-15
2024-12-11,hold,,,,,,2024-09-15
2024-12-12,hold,,,,,,2024-09-15
2024-12-13,weekly_rebalance,risk_on,growth_tech,"AVGO, ARM",assignment1_selector_asof_2024-12-13,Weekly rebalance into growth_tech.,2024-09-15
2024-12-16,hold,,,,,,2024-09-15
2024-12-17,stop_loss,,,,,Stopped out: ARM,2024-09-15
2024-12-18,stop_loss,,,,,Stopped out: AVGO,2024-09-15
2024-12-19,fast_risk_off,,,,,"3-day shock detected. SPX=-3.41%, QQQ=-4.46%, VIX_Z=1.35.",2024-12-29
2024-12-20,weekly_rebalance,risk_on,growth_tech,"CDW, NVDA",assignment1_selector_asof_2024-12-20,Weekly rebalance into growth_tech.,2024-12-29
2024-12-23,hold,,,,,,2024-12-29
2024-12-24,hold,,,,,,2024-12-29
2024-12-26,hold,,,,,,2024-12-29
2024-12-27,weekly_rebalance,risk_on,growth_tech,"GFS, AMD",assignment1_selector_asof_2024-12-27,Weekly rebalance into growth_tech.,2024-12-29
2024-12-30,hold,,,,,,2024-12-29
2024-12-31,fast_risk_off,,,,,"3-day shock detected. SPX=-2.58%, QQQ=-3.47%, VIX_Z=-0.24.",2025-01-10
2025-01-02,hold,,,,,,2025-01-10
2025-01-03,weekly_rebalance,risk_on,growth_tech,"NVDA, AMAT",assignment1_selector_asof_2025-01-03,Weekly rebalance into growth_tech.,2025-01-10
2025-01-06,hold,,,,,,2025-01-10
2025-01-07,hold,,,,,,2025-01-10
2025-01-08,hold,,,,,,2025-01-10
2025-01-10,weekly_rebalance,risk_on,growth_tech,"CDW, MU",assignment1_selector_asof_2025-01-10,Weekly rebalance into growth_tech.,2025-01-10
2025-01-13,hold,,,,,,2025-01-10
2025-01-14,hold,,,,,,2025-01-10
2025-01-15,hold,,,,,,2025-01-10
2025-01-16,hold,,,,,,2025-01-10
2025-01-17,weekly_rebalance,risk_on,growth_tech,"AMAT, FAST",assignment1_selector_asof_2025-01-17,Weekly rebalance into growth_tech.,2025-01-10
2025-01-21,hold,,,,,,2025-01-10
2025-01-22,hold,,,,,,2025-01-10
2025-01-23,hold,,,,,,2025-01-10
2025-01-24,weekly_rebalance,risk_on,growth_tech,"PANW, CDW",assignment1_selector_asof_2025-01-24,Weekly rebalance into growth_tech.,2025-01-10
2025-01-27,fast_risk_off,,,,,"3-day shock detected. SPX=-1.22%, QQQ=-3.25%, VIX_Z=-0.07.",2025-02-06
2025-01-28,hold,,,,,,2025-02-06
2025-01-29,hold,,,,,,2025-02-06
2025-01-30,hold,,,,,,2025-02-06
2025-01-31,weekly_rebalance,risk_on,growth_tech,"ROP, TEAM",assignment1_selector_asof_2025-01-31,Weekly rebalance into growth_tech.,2025-02-06
2025-02-03,hold,,,,,,2025-02-06
2025-02-04,hold,,,,,,2025-02-06
2025-02-05,hold,,,,,,2025-02-06
2025-02-06,hold,,,,,,2025-02-06
2025-02-07,weekly_rebalance,risk_on,growth_tech,"PANW, NXPI",assignment1_selector_asof_2025-02-07,Weekly rebalance into growth_tech.,2025-02-06
2025-02-10,hold,,,,,,2025-02-06
2025-02-11,hold,,,,,,2025-02-06
2025-02-12,hold,,,,,,2025-02-06
2025-02-13,hold,,,,,,2025-02-06
2025-02-14,weekly_rebalance,risk_on,growth_tech,"INTC, MCHP",assignment1_selector_asof_2025-02-14,Weekly rebalance into growth_tech.,2025-02-06
2025-02-18,hold,,,,,,2025-02-06
2025-02-19,hold,,,,,,2025-02-06
2025-02-20,hold,,,,,,2025-02-06
2025-02-21,weekly_rebalance,risk_on,growth_tech,"TXN, MCHP",assignment1_selector_asof_2025-02-21,Weekly rebalance into growth_tech.,2025-02-06
2025-02-24,fast_risk_off,,,,,"3-day shock detected. SPX=-2.62%, QQQ=-3.64%, VIX_Z=0.31.",2025-03-06
2025-02-25,hold,,,,,,2025-03-06
2025-02-26,hold,,,,,,2025-03-06
2025-02-27,stop_loss,,,,,"Stopped out: TXN, MCHP",2025-03-06
2025-02-28,weekly_rebalance,risk_on,defensive,"IEF, TLT",static_group,Weekly rebalance into defensive.,2025-03-06
2025-03-03,hold,,,,,,2025-03-06
2025-03-04,hold,,,,,,2025-03-06
2025-03-05,hold,,,,,,2025-03-06
2025-03-06,hold,,,,,,2025-03-06
2025-03-07,weekly_rebalance,neutral,defensive,"SHY, IAU",static_group,Weekly rebalance into defensive.,2025-03-06
2025-03-10,fast_risk_off,,,,,"3-day shock detected. SPX=-3.90%, QQQ=-5.83%, VIX_Z=2.67.",2025-03-20
2025-03-11,hold,,,,,,2025-03-20
2025-03-12,hold,,,,,,2025-03-20
2025-03-13,hold,,,,,,2025-03-20
2025-03-14,weekly_rebalance,neutral,defensive,"IAU, XLU",static_group,Weekly rebalance into defensive.,2025-03-20
2025-03-17,hold,,,,,,2025-03-20
2025-03-18,hold,,,,,,2025-03-20
2025-03-19,hold,,,,,,2025-03-20
2025-03-20,hold,,,,,,2025-03-20
2025-03-21,weekly_rebalance,neutral,real_assets,"CVX, XOM",static_group,Weekly rebalance into real_assets.,2025-03-20
2025-03-24,hold,,,,,,2025-03-20
2025-03-25,hold,,,,,,2025-03-20
2025-03-26,hold,,,,,,2025-03-20
2025-03-27,hold,,,,,,2025-03-20
2025-03-28,weekly_rebalance,neutral,defensive,"IAU, SHY",static_group,Weekly rebalance into defensive.,2025-03-20
2025-03-31,fast_risk_off,,,,,"3-day shock detected. SPX=-1.76%, QQQ=-3.19%, VIX_Z=1.25.",2025-04-10
2025-04-01,hold,,,,,,2025-04-10
2025-04-02,hold,,,,,,2025-04-10
2025-04-03,hold,,,,,,2025-04-10
2025-04-04,weekly_rebalance,risk_off,defensive,"IEF, TLT",static_group,Weekly rebalance into defensive.,2025-04-10
2025-04-07,hold,,,,,,2025-04-10
2025-04-08,hold,,,,,,2025-04-10
2025-04-09,hold,,,,,,2025-04-10
2025-04-10,stop_loss,,,,,Stopped out: TLT,2025-04-10
2025-04-11,weekly_rebalance,risk_off,defensive,"IAU, XLU",static_group,Weekly rebalance into defensive.,2025-04-10
2025-04-14,hold,,,,,,2025-04-10
2025-04-15,hold,,,,,,2025-04-10
2025-04-16,fast_risk_off,,,,,"3-day shock detected. SPX=-1.63%, QQQ=-2.25%, VIX_Z=4.00.",2025-04-26
2025-04-17,weekly_rebalance,risk_off,defensive,"IEF, XLU",static_group,Weekly rebalance into defensive.,2025-04-26
2025-04-21,hold,,,,,,2025-04-26
2025-04-22,hold,,,,,,2025-04-26
2025-04-23,hold,,,,,,2025-04-26
2025-04-24,hold,,,,,,2025-04-26
2025-04-25,weekly_rebalance,neutral,defensive,"XLV, UUP",static_group,Weekly rebalance into defensive.,2025-04-26
2025-04-28,hold,,,,,,2025-04-26
2025-04-29,hold,,,,,,2025-04-26
2025-04-30,hold,,,,,,2025-04-26
2025-05-01,hold,,,,,,2025-04-26
2025-05-02,weekly_rebalance,neutral,defensive,"XLU, UUP",static_group,Weekly rebalance into defensive.,2025-04-26
2025-05-05,hold,,,,,,2025-04-26
2025-05-06,hold,,,,,,2025-04-26
2025-05-07,hold,,,,,,2025-04-26
2025-05-08,hold,,,,,,2025-04-26
2025-05-09,weekly_rebalance,neutral,defensive,"UUP, IAU",static_group,Weekly rebalance into defensive.,2025-04-26
2025-05-12,hold,,,,,,2025-04-26
2025-05-13,hold,,,,,,2025-04-26
2025-05-14,hold,,,,,,2025-04-26
2025-05-15,hold,,,,,,2025-04-26
2025-05-16,weekly_rebalance,risk_on,real_assets,"BHP, CVX",static_group,Weekly rebalance into real_assets.,2025-04-26
2025-05-19,hold,,,,,,2025-04-26
2025-05-20,hold,,,,,,2025-04-26
2025-05-21,hold,,,,,,2025-04-26
2025-05-22,hold,,,,,,2025-04-26
2025-05-23,weekly_rebalance,neutral,growth_tech,"INTU, CRWD",assignment1_selector_asof_2025-05-23,Weekly rebalance into growth_tech.,2025-04-26
2025-05-27,hold,,,,,,2025-04-26
2025-05-28,hold,,,,,,2025-04-26
2025-05-29,hold,,,,,,2025-04-26
2025-05-30,weekly_rebalance,risk_on,growth_tech,"WBD, ZS",assignment1_selector_asof_2025-05-30,Weekly rebalance into growth_tech.,2025-04-26
2025-06-02,hold,,,,,,2025-04-26
2025-06-03,hold,,,,,,2025-04-26
2025-06-04,hold,,,,,,2025-04-26
2025-06-05,hold,,,,,,2025-04-26
2025-06-06,weekly_rebalance,risk_on,growth_tech,"KLAC, MU",assignment1_selector_asof_2025-06-06,Weekly rebalance into growth_tech.,2025-04-26
2025-06-09,hold,,,,,,2025-04-26
2025-06-10,hold,,,,,,2025-04-26
2025-06-11,hold,,,,,,2025-04-26
2025-06-12,hold,,,,,,2025-04-26
2025-06-13,weekly_rebalance,risk_on,growth_tech,"KLAC, QCOM",assignment1_selector_asof_2025-06-13,Weekly rebalance into growth_tech.,2025-04-26
2025-06-16,hold,,,,,,2025-04-26
2025-06-17,hold,,,,,,2025-04-26
2025-06-18,hold,,,,,,2025-04-26
2025-06-20,weekly_rebalance,risk_on,growth_tech,"MRVL, DDOG",assignment1_selector_asof_2025-06-20,Weekly rebalance into growth_tech.,2025-04-26
2025-06-23,hold,,,,,,2025-04-26
2025-06-24,hold,,,,,,2025-04-26
2025-06-25,hold,,,,,,2025-04-26
2025-06-26,hold,,,,,,2025-04-26
2025-06-27,weekly_rebalance,risk_on,growth_tech,"NVDA, SNPS",assignment1_selector_asof_2025-06-27,Weekly rebalance into growth_tech.,2025-04-26
2025-06-30,hold,,,,,,2025-04-26
2025-07-01,hold,,,,,,2025-04-26
2025-07-02,hold,,,,,,2025-04-26
2025-07-03,weekly_rebalance,risk_on,growth_tech,"DDOG, SNPS",assignment1_selector_asof_2025-07-03,Weekly rebalance into growth_tech.,2025-04-26
2025-07-07,hold,,,,,,2025-04-26
2025-07-08,stop_loss,,,,,Stopped out: DDOG,2025-04-26
2025-07-09,hold,,,,,,2025-04-26
2025-07-10,hold,,,,,,2025-04-26
2025-07-11,weekly_rebalance,risk_on,growth_tech,"NVDA, CSGP",assignment1_selector_asof_2025-07-11,Weekly rebalance into growth_tech.,2025-04-26
2025-07-14,hold,,,,,,2025-04-26
2025-07-15,hold,,,,,,2025-04-26
2025-07-16,hold,,,,,,2025-04-26
2025-07-17,hold,,,,,,2025-04-26
2025-07-18,weekly_rebalance,risk_on,growth_tech,"NVDA, FTNT",assignment1_selector_asof_2025-07-18,Weekly rebalance into growth_tech.,2025-04-26
2025-07-21,hold,,,,,,2025-04-26
2025-07-22,hold,,,,,,2025-04-26
2025-07-23,hold,,,,,,2025-04-26
2025-07-24,hold,,,,,,2025-04-26
2025-07-25,weekly_rebalance,risk_on,growth_tech,"CDNS, INTU",assignment1_selector_asof_2025-07-25,Weekly rebalance into growth_tech.,2025-04-26
2025-07-28,hold,,,,,,2025-04-26
2025-07-29,hold,,,,,,2025-04-26
2025-07-30,hold,,,,,,2025-04-26
2025-07-31,hold,,,,,,2025-04-26
2025-08-01,weekly_rebalance,risk_on,growth_tech,"CDNS, META",assignment1_selector_asof_2025-08-01,Weekly rebalance into growth_tech.,2025-04-26
2025-08-04,hold,,,,,,2025-04-26
2025-08-05,hold,,,,,,2025-04-26
2025-08-06,hold,,,,,,2025-04-26
2025-08-07,hold,,,,,,2025-04-26
2025-08-08,weekly_rebalance,risk_on,growth_tech,"SHOP, AAPL",assignment1_selector_asof_2025-08-08,Weekly rebalance into growth_tech.,2025-04-26
2025-08-11,hold,,,,,,2025-04-26
2025-08-12,hold,,,,,,2025-04-26
2025-08-13,hold,,,,,,2025-04-26
2025-08-14,hold,,,,,,2025-04-26
2025-08-15,weekly_rebalance,risk_on,growth_tech,"NXPI, FTNT",assignment1_selector_asof_2025-08-15,Weekly rebalance into growth_tech.,2025-04-26
2025-08-18,hold,,,,,,2025-04-26
2025-08-19,hold,,,,,,2025-04-26
2025-08-20,hold,,,,,,2025-04-26
2025-08-21,hold,,,,,,2025-04-26
2025-08-22,weekly_rebalance,risk_on,growth_tech,"ROP, TXN",assignment1_selector_asof_2025-08-22,Weekly rebalance into growth_tech.,2025-04-26
2025-08-25,hold,,,,,,2025-04-26
2025-08-26,hold,,,,,,2025-04-26
2025-08-27,hold,,,,,,2025-04-26
2025-08-28,hold,,,,,,2025-04-26
2025-08-29,weekly_rebalance,risk_on,growth_tech,"ZS, AAPL",assignment1_selector_asof_2025-08-29,Weekly rebalance into growth_tech.,2025-04-26
2025-09-02,hold,,,,,,2025-04-26
2025-09-03,hold,,,,,,2025-04-26
2025-09-04,hold,,,,,,2025-04-26
2025-09-05,weekly_rebalance,risk_on,growth_tech,"CDW, MU",assignment1_selector_asof_2025-09-05,Weekly rebalance into growth_tech.,2025-04-26
2025-09-08,hold,,,,,,2025-04-26
2025-09-09,hold,,,,,,2025-04-26
2025-09-10,hold,,,,,,2025-04-26
2025-09-11,hold,,,,,,2025-04-26
2025-09-12,weekly_rebalance,risk_on,growth_tech,"MU, LRCX",assignment1_selector_asof_2025-09-12,Weekly rebalance into growth_tech.,2025-04-26
2025-09-15,hold,,,,,,2025-04-26
2025-09-16,hold,,,,,,2025-04-26
2025-09-17,hold,,,,,,2025-04-26
2025-09-18,hold,,,,,,2025-04-26
2025-09-19,weekly_rebalance,risk_on,growth_tech,"ASML, CDNS",assignment1_selector_asof_2025-09-19,Weekly rebalance into growth_tech.,2025-04-26
2025-09-22,hold,,,,,,2025-04-26
2025-09-23,hold,,,,,,2025-04-26
2025-09-24,hold,,,,,,2025-04-26
2025-09-25,stop_loss,,,,,Stopped out: CDNS,2025-04-26
2025-09-26,weekly_rebalance,risk_on,growth_tech,"GFS, CDW",assignment1_selector_asof_2025-09-26,Weekly rebalance into growth_tech.,2025-04-26
2025-09-29,hold,,,,,,2025-04-26
2025-09-30,hold,,,,,,2025-04-26
2025-10-01,hold,,,,,,2025-04-26
2025-10-02,hold,,,,,,2025-04-26
2025-10-03,weekly_rebalance,risk_on,growth_tech,"MSTR, SHOP",assignment1_selector_asof_2025-10-03,Weekly rebalance into growth_tech.,2025-04-26
2025-10-06,hold,,,,,,2025-04-26
2025-10-07,stop_loss,,,,,Stopped out: MSTR,2025-04-26
2025-10-08,hold,,,,,,2025-04-26
2025-10-09,hold,,,,,,2025-04-26
2025-10-10,weekly_rebalance,risk_on,growth_tech,"AMD, ROP",assignment1_selector_asof_2025-10-10,Weekly rebalance into growth_tech.,2025-04-26
2025-10-13,hold,,,,,,2025-04-26
2025-10-14,hold,,,,,,2025-04-26
2025-10-15,hold,,,,,,2025-04-26
2025-10-16,fast_risk_off,,,,,"3-day shock detected. SPX=-0.39%, QQQ=-0.34%, VIX_Z=3.36.",2025-10-26
2025-10-17,weekly_rebalance,risk_on,growth_tech,"ON, CDW",assignment1_selector_asof_2025-10-17,Weekly rebalance into growth_tech.,2025-10-26
2025-10-20,hold,,,,,,2025-10-26
2025-10-21,hold,,,,,,2025-10-26
2025-10-22,hold,,,,,,2025-10-26
2025-10-23,hold,,,,,,2025-10-26
2025-10-24,weekly_rebalance,risk_on,growth_tech,"CDNS, TEAM",assignment1_selector_asof_2025-10-24,Weekly rebalance into growth_tech.,2025-10-26
2025-10-27,hold,,,,,,2025-10-26
2025-10-28,hold,,,,,,2025-10-26
2025-10-29,hold,,,,,,2025-10-26
2025-10-30,hold,,,,,,2025-10-26
2025-10-31,weekly_rebalance,risk_on,growth_tech,"CTSH, QCOM",assignment1_selector_asof_2025-10-31,Weekly rebalance into growth_tech.,2025-10-26
2025-11-03,hold,,,,,,2025-10-26
2025-11-04,hold,,,,,,2025-10-26
2025-11-05,hold,,,,,,2025-10-26
2025-11-06,fast_risk_off,,,,,"3-day shock detected. SPX=-1.92%, QQQ=-3.23%, VIX_Z=1.16.",2025-11-16
2025-11-07,weekly_rebalance,risk_on,growth_tech,"DDOG, PDD",assignment1_selector_asof_2025-11-07,Weekly rebalance into growth_tech.,2025-11-16
2025-11-10,hold,,,,,,2025-11-16
2025-11-11,hold,,,,,,2025-11-16
2025-11-12,hold,,,,,,2025-11-16
2025-11-13,hold,,,,,,2025-11-16
2025-11-14,weekly_rebalance,risk_on,growth_tech,"CPRT, ADBE",assignment1_selector_asof_2025-11-14,Weekly rebalance into growth_tech.,2025-11-16
2025-11-17,hold,,,,,,2025-11-16
2025-11-18,fast_risk_off,,,,,"3-day shock detected. SPX=-1.78%, QQQ=-1.99%, VIX_Z=3.26.",2025-11-28
2025-11-19,hold,,,,,,2025-11-28
2025-11-20,stop_loss,,,,,Stopped out: ADBE,2025-11-28
2025-11-21,weekly_rebalance,risk_on,growth_tech,"GFS, ROST",assignment1_selector_asof_2025-11-21,Weekly rebalance into growth_tech.,2025-11-28
2025-11-24,hold,,,,,,2025-11-28
2025-11-25,hold,,,,,,2025-11-28
2025-11-26,hold,,,,,,2025-11-28
2025-11-28,weekly_rebalance,risk_on,growth_tech,"INTC, MCHP",assignment1_selector_asof_2025-11-28,Weekly rebalance into growth_tech.,2025-11-28
2025-12-01,hold,,,,,,2025-11-28
2025-12-02,hold,,,,,,2025-11-28
2025-12-03,hold,,,,,,2025-11-28
2025-12-04,hold,,,,,,2025-11-28
2025-12-05,weekly_rebalance,risk_on,real_assets,"BHP, FCX",static_group,Weekly rebalance into real_assets.,2025-11-28
2025-12-08,hold,,,,,,2025-11-28
2025-12-09,hold,,,,,,2025-11-28
2025-12-10,hold,,,,,,2025-11-28
2025-12-11,hold,,,,,,2025-11-28
2025-12-12,weekly_rebalance,risk_on,real_assets,"SLV, FCX",static_group,Weekly rebalance into real_assets.,2025-11-28
2025-12-15,hold,,,,,,2025-11-28
2025-12-16,hold,,,,,,2025-11-28
2025-12-17,hold,,,,,,2025-11-28
2025-12-18,hold,,,,,,2025-11-28
2025-12-19,weekly_rebalance,risk_on,real_assets,"SLV, FCX",static_group,Weekly rebalance into real_assets.,2025-11-28
2025-12-22,hold,,,,,,2025-11-28
2025-12-23,hold,,,,,,2025-11-28
2025-12-24,hold,,,,,,2025-11-28
2025-12-26,weekly_rebalance,risk_on,real_assets,"SLV, FCX",static_group,Weekly rebalance into real_assets.,2025-11-28
2025-12-29,stop_loss,,,,,Stopped out: SLV,2025-11-28
2025-12-30,hold,,,,,,2025-11-28
2025-12-31,weekly_rebalance,risk_on,growth_tech,"INTC, ARM",assignment1_selector_asof_2025-12-31,Weekly rebalance into growth_tech.,2025-11-28
