,Original Adaptive Rotation,Modified Adaptive Rotation,QQQ,SPY
2018-01-02,1.0,1.0,1.0,1.0
2018-01-03,1.0,1.0,1.0097163411820524,1.0063251531605448
2018-01-04,1.0,1.0,1.0114830317763575,1.0105664327815813
2018-01-05,1.0,1.0,1.0216414265125073,1.0173009815949337
2018-01-08,1.0022869796415326,1.0022869796415326,1.025616759680409,1.019161483912499
2018-01-09,1.0021918797189073,1.0021918797189073,1.025679736059899,1.021468019149422
2018-01-10,0.9993549495892489,0.9993549495892489,1.023281453324193,1.0199055816359572
2018-01-11,1.002768338810908,1.002768338810908,1.0302854424715344,1.02734662337277
2018-01-12,1.0086220996786972,1.0086220996786972,1.0378570316327307,1.0340440189017335
2018-01-16,1.0079136829147977,1.0079136829147977,1.0348917583320036,1.0305091031996976
2018-01-17,1.013786535255812,1.013786535255812,1.0460596034864942,1.0403316317645102
2018-01-18,1.0119250696520354,1.0119250696520354,1.0462485326249642,1.0385831053179508
2018-01-19,1.014109296526383,1.014109296526383,1.0495295004215863,1.0433084096717224
2018-01-22,1.0200189999598295,1.0200189999598295,1.0607607282547895,1.0517914204294043
2018-01-23,1.0242240978643835,1.0242240978643835,1.0695307985476021,1.0540237135997792
2018-01-24,1.024863652204719,1.024863652204719,1.0625903952285845,1.0536143824492012
2018-01-25,1.0280861315135619,1.0280861315135619,1.0622117243531997,1.0540611248930873
2018-01-26,1.0386439232945381,1.0386439232945381,1.0784905090025243,1.066264624268061
2018-01-29,1.031603919880321,1.031603919880321,1.073253718323516,1.0591956958952071
2018-01-30,1.0230177069023327,1.0230177069023327,1.0644204685016019,1.0483308757983762
2018-01-31,1.0247658087404432,1.0247658087404432,1.068837042625156,1.0488521828199602
2018-02-01,1.0204414604609084,1.0204414604609084,1.0597510746868373,1.047661149145926
2018-02-02,1.0049189449961604,1.0049189449961604,1.0386141702338891,1.0248539347005226
2018-02-05,0.9771648058095403,0.9771648058095403,0.9976650999430063,0.981991622450388
2018-02-06,0.9800913245687484,0.9800913245687484,1.0241022793284809,1.0013391952959816
2018-02-07,0.9771677994951792,0.9771677994951792,1.0108520490837902,0.9959070755076003
2018-02-08,0.9651238882225479,0.9651238882225479,0.9681996708773148,0.9585518346369234
2018-02-09,0.9670005791471277,0.9670005791471277,0.9849200012067086,0.9729507964090318
2018-02-12,0.9721629985590704,0.9721629985590704,1.0023968606884273,0.9872381048212837
2018-02-13,0.9740275233609884,0.9740275233609884,1.0075714875863906,0.9896935112046823
2018-02-14,0.978859241203804,0.978859241203804,1.0264363667870293,1.003050826467071
2018-02-15,0.9852615155474266,0.9852615155474266,1.0454914955986112,1.0158498104279465
2018-02-16,0.9861283580502783,0.9861283580502783,1.0408227112326804,1.0161472947119783
2018-02-20,0.9778182472080009,0.9778182472080009,1.042904385299241,1.0097852462759638
2018-02-21,0.971990708828391,0.971990708828391,1.0399394167229306,1.0047621351270115
2018-02-22,0.9741377137895122,0.9741377137895122,1.0398131592395339,1.006064499649753
2018-02-23,0.9891129611715528,0.9891129611715528,1.0610759148766562,1.022100721521943
2018-02-26,0.9962575509296733,0.9962575509296733,1.0751464632516066,1.0339695188262659
2018-02-27,0.983870699798602,0.983870699798602,1.061833256627426,1.0210588815055335
2018-02-28,0.9762632076704231,0.9762632076704231,1.055019110791805,1.010715497434746
2018-03-01,0.9665495007810122,0.9665495007810122,1.037793953678435,0.9960185998629973
2018-03-02,0.9691191511365659,0.9691191511365659,1.0473211625724064,1.0011534288740362
2018-03-05,0.9740214617170441,0.9740214617170441,1.0589311628558,1.012724354880948
2018-03-06,0.9743123088861992,0.9743123088861992,1.0634104086344274,1.0152918016375827
2018-03-07,0.9735824235288235,0.9735824235288235,1.0658713630252066,1.0149197527758533
2018-03-08,0.9758082267289867,0.9758082267289867,1.071739136396782,1.0198310815604896
2018-03-09,0.981163733190115,0.981163733190115,1.0925607526530576,1.0375783540837007
2018-03-12,0.9815593395666702,0.9815593395666702,1.0983655496451434,1.0362761185654188
2018-03-13,0.9801635367195606,0.9801635367195606,1.0834119099100545,1.0295791745520642
2018-03-14,0.9800944843721847,0.9800944843721847,1.0832227776219734,1.0242955388967794
2018-03-15,0.9790672823290956,0.9790672823290956,1.0822762020083168,1.0231796503205115
2018-03-16,0.9795088065407351,0.9795088065407351,1.0790582105911846,1.0242888951671059
2018-03-19,0.9278179645826143,0.9278179645826143,1.0560357730213457,1.0104300105654653
2018-03-20,0.944333915218608,0.944333915218608,1.0595112565707472,1.012148543475148
2018-03-21,0.9424043733824414,0.9424043733824414,1.0548977288990784,1.010205865316764
2018-03-22,0.9296840361459345,0.9296840361459345,1.0288604495233653,0.9849539518581156
2018-03-23,0.9126164364215731,0.9126164364215731,1.0017483055544862,0.9639598305913435
2018-03-26,0.9526763069942301,0.9526763069942301,1.0389718151245089,0.9903327283024174
2018-03-27,0.9224574010347448,0.9224574010347448,1.0053508591857296,0.9734854553921929
2018-03-28,0.8971411611707552,0.8971411611707552,0.9937851455175901,0.9706091074568448
2018-03-29,0.905632752269045,0.905632752269045,1.0119865380878603,0.983011209197502
2018-04-02,0.8932594395842927,0.8932594395842927,0.9827890633594181,0.9617933296954074
2018-04-03,0.8994968542456943,0.8994968542456943,0.9938491376451364,0.9741204153427584
2018-04-04,0.9074948261712863,0.9074948261712863,1.009521520704856,0.9845427501428724
2018-04-05,0.9102763653066177,0.9102763653066177,1.0152724830499582,0.99231268874965
2018-04-06,0.8968489697832441,0.8968489697832441,0.9898669989652574,0.9701980992482909
2018-04-09,0.8967604418712534,0.8967604418712534,0.9968187786625056,0.9749797140487146
2018-04-10,0.8970159580626451,0.8970159580626451,1.0188117555772949,0.9904820509645018
2018-04-11,0.8997684039661038,0.8997684039661038,1.012934231024379,0.9852898149689034
2018-04-12,0.8955229628669588,0.8955229628669588,1.025131638408725,0.9933960036998478
2018-04-13,0.8986663796073088,0.8986663796073088,1.0198229327673314,0.9904820509645018
2018-04-16,0.9030099829062999,0.9030099829062999,1.0275962494925068,0.9986257154909846
2018-04-17,0.9291654454145502,0.9291654454145502,1.0497156870403042,1.0093094133264187
2018-04-18,0.9251683800748166,0.9251683800748166,1.0518646036281911,1.01005647815245
2018-04-19,0.9168713029850579,0.9168713029850579,1.0421951900063393,1.0044532339482974
2018-04-20,0.9111065050506588,0.9111065050506588,1.0257004573202473,0.9959364240221784
2018-04-23,0.914259066335093,0.914259066335093,1.023109487178263,0.9957869723556343
2018-04-24,0.916772636485966,0.916772636485966,1.00143240790898,0.9823761847447067
2018-04-25,0.9177792828577097,0.9177792828577097,1.0026330221115147,0.984804371187112
2018-04-26,0.9211423946007287,0.9211423946007287,1.0237409777448585,0.9948152462630634
2018-04-27,0.9232902182312686,0.9232902182312686,1.0243728746106764,0.995749432057866
2018-04-30,0.9235811750624696,0.9235811750624696,1.017105501992339,0.9880914048198646
2018-05-01,0.9243957268703719,0.9243957268703719,1.0287338873155516,0.9898470265117066
2018-05-02,0.9252174485216103,0.9252174485216103,1.0226667226005264,0.983197878650665
2018-05-03,0.9239542024195408,0.9239542024195408,1.0225405666919352,0.9810312487502693
2018-05-04,0.9252753480855633,0.9252753480855633,1.0419421671655176,0.9937321893217849
2018-05-07,0.9362574679128134,0.9362574679128134,1.0506005051721383,0.9970944325545333
2018-05-08,0.9390014944268035,0.9390014944268035,1.0495261484530005,0.9970944325545333
2018-05-09,0.9456981422918601,0.9456981422918601,1.0609647920392982,1.0067317107152394
2018-05-10,0.9531007206860287,0.9531007206860287,1.071961178921887,1.0161456821562322
2018-05-11,0.9470650486974141,0.9470650486974141,1.070950103306656,1.0192461753402815
2018-05-14,0.9475606216277543,0.9475606216277543,1.0727830206742313,1.0197318126287624
2018-05-15,0.9323678903525756,0.9323678903525756,1.0609017140850026,1.0127090033502457
2018-05-16,0.9291999513751679,0.9291999513751679,1.0679164701617405,1.0169673760621905
2018-05-17,0.92940728350933,0.92940728350933,1.0638084802976873,1.016108141858464
2018-05-18,0.9216820687642046,0.9216820687642046,1.0583108455178238,1.013567915042823
2018-05-21,0.9229326196254899,0.9229326196254899,1.0642511433006185,1.0211884664852864
2018-05-22,0.9330673952999387,0.9330673952999387,1.0628607873611688,1.0183493363365572
2018-05-23,0.9365898648010559,0.9365898648010559,1.0718348198636847,1.0211507971830587
2018-05-24,0.9363892979980436,0.9363892979980436,1.0715191253677896,1.0190595058871186
2018-05-25,0.9111921379008234,0.9111921379008234,1.072593380512122,1.016630932431334
2018-05-29,0.9084779050956222,0.9084779050956222,1.067853392207445,1.0049388067345488
2018-05-30,0.9123777972729356,0.9123777972729356,1.0755004514492237,1.0183493363365572
2018-05-31,0.9087390684654917,0.9087390684654917,1.0748050703298875,1.0121111321818395
2018-06-01,0.9058997057198499,0.9058997057198499,1.09167857546617,1.0220477006890127
2018-06-04,0.9207356218562568,0.9207356218562568,1.1015378323997425,1.0269036865604444
2018-06-05,0.9112256552028337,0.9112256552028337,1.1049509490184877,1.0276508803909352
2018-06-06,0.9540130663979997,0.9540130663979997,1.1113965814592865,1.0362427064103605
2018-06-07,0.9437109925255932,0.9437109925255932,1.1023594710024753,1.0361307305393546
2018-06-08,0.9453433828363955,0.9453433828363955,1.1024224473819653,1.039193747927866
2018-06-11,0.9682697054960996,0.9682697054960996,1.105393002572585,1.0405762242200713
2018-06-12,0.9865845736562345,0.9865845736562345,1.1112072460215943,1.0419209022055893
2018-06-13,0.9912514436299596,0.9912514436299596,1.1111439649176873,1.0385963282750685
2018-06-14,1.0153764534321852,1.0153764534321852,1.1223931714914868,1.0412109261617175
2018-06-15,1.0136914614309562,1.0136914614309562,1.1184748217895428,1.0398828897514987
2018-06-18,1.0339163868831303,1.0339163868831303,1.1178288060257424,1.037744060312165
2018-06-19,1.0117288528556332,1.0117288528556332,1.1146623130350644,1.0337664658067232
2018-06-20,1.0300656145316032,1.0300656145316032,1.1225788502361767,1.0355302792817545
2018-06-21,1.0033051765132175,1.0033051765132175,1.112825637399681,1.029038516861528
2018-06-22,0.9790499586054668,0.9790499586054668,1.1103556428512007,1.0309146932209448
2018-06-25,0.9561229704004862,0.9561229704004862,1.0853387839728366,1.0168812655853512
2018-06-26,0.9610253299336868,0.9610253299336868,1.0897724226637362,1.0191325224112997
2018-06-27,0.9534758744934725,0.9534758744934725,1.0749525569476608,1.0106898255472692
2018-06-28,0.9566143304312523,0.9566143304312523,1.084198911504068,1.0164683223099023
2018-06-29,0.9542380263907951,0.9542380263907951,1.0871123816539243,1.01793149089164
2018-07-02,0.9514243426530407,0.9514243426530407,1.0943957015167454,1.0201077961265121
2018-07-03,0.930095738254769,0.930095738254769,1.081729120105199,1.0165056691009806
2018-07-05,0.9319668579192055,0.9319668579192055,1.0951553794880446,1.0247983982806284
2018-07-06,0.9351965930436855,0.9351965930436855,1.112192318486584,1.0334664014334976
2018-07-09,0.9423008507054281,0.9423008507054281,1.1221988588883185,1.0427721381328152
2018-07-10,0.9471005259473796,0.9471005259473796,1.1230220211131359,1.046524426349419
2018-07-11,0.9340780850117282,0.9340780850117282,1.1173220493204594,1.0388696242229094
2018-07-12,0.9511591423226268,0.9511591423226268,1.1365753505778236,1.0482875948021524
2018-07-13,0.9484629134646768,0.9484629134646768,1.1375253797348714,1.049113287846361
2018-07-16,0.948598334809687,0.948598334809687,1.1348020576211526,1.048175360922227
2018-07-17,0.9588799316838202,0.9588799316838202,1.1417051829865044,1.0524158020142755
2018-07-18,0.954861505650598,0.954861505650598,1.1395520002567812,1.0546297120491455
2018-07-19,0.9438325853168378,0.9438325853168378,1.1338520284641047,1.0506519885392438
2018-07-20,0.9524754098958226,0.9524754098958226,1.1335988024736716,1.0494510860240438
2018-07-23,0.9550986365937798,0.9550986365937798,1.1372086694909203,1.0514024074812267
2018-07-24,0.9670766341571388,0.9670766341571388,1.1418952294478364,1.0566928803728746
2018-07-25,0.9780108781179354,0.9780108781179354,1.1578553739319029,1.0656988107078862
2018-07-26,0.8837598991259925,0.8837598991259925,1.140312084527303,1.0631845137886415
2018-07-27,0.8764106545598048,0.8764106545598048,1.124921774702815,1.0559800662308896
2018-07-30,0.854699722844825,0.854699722844825,1.1090256223462946,1.0504642225481735
2018-07-31,0.8548488567175435,0.8548488567175435,1.1175120957817912,1.0556425260621258
2018-08-01,0.8572588570107468,0.8572588570107468,1.1217553832869425,1.0538788415915539
2018-08-02,0.8622822801301121,0.8622822801301121,1.1370185214547828,1.0596199270608786
2018-08-03,0.8630394492808248,0.8630394492808248,1.1405018262642177,1.064160561530612
2018-08-06,0.860330080795521,0.860330080795521,1.147215413042266,1.068063075440518
2018-08-07,0.881948296488496,0.881948296488496,1.1513953178687046,1.0715899283638235
2018-08-08,0.8767357360184794,0.8767357360184794,1.152788721052323,1.071139122279457
2018-08-09,0.8678714977053015,0.8678714977053015,1.1520918163109026,1.0696767277244776
2018-08-10,0.8690966437010044,0.8690966437010044,1.1432886326314549,1.0625094334511145
2018-08-13,0.8736456428841548,0.8736456428841548,1.1420221979548726,1.058531967950132
2018-08-14,0.8881042773332689,0.8881042773332689,1.1491787524602688,1.0652860609391266
2018-08-15,0.8755468284535612,0.8755468284535612,1.1351185647154924,1.057331000932702
2018-08-16,0.8736825791041869,0.8736825791041869,1.1388554002397775,1.0658867057034163
2018-08-17,0.8512724981385257,0.8512724981385257,1.1391086262302106,1.06963886491556
2018-08-20,0.8458792872677403,0.8458792872677403,1.138095519118867,1.0719277910437364
2018-08-21,0.8465670133469186,0.8465670133469186,1.1422755255201114,1.0744417654518315
2018-08-22,0.8514141337159895,0.8514141337159895,1.1467084531873717,1.0738037093942339
2018-08-23,0.8518381538134485,0.8518381538134485,1.1450618240133201,1.0723780166080341
2018-08-24,0.853719729154931,0.853719729154931,1.1557020896273738,1.0788318517171138
2018-08-27,0.854796106076014,0.854796106076014,1.1674820245605848,1.0873496936789104
2018-08-28,0.8425218911914362,0.8425218911914362,1.1691919348385433,1.087875128843204
2018-08-29,0.8398129610744111,0.8398129610744111,1.182681983199324,1.0937290932147525
2018-08-30,0.8387876505808192,0.8387876505808192,1.1805918784238962,1.0893010151360931
2018-08-31,0.8431203097315878,0.8431203097315878,1.1821120469649398,1.089338297424942
2018-09-04,0.8500855330113753,0.8500855330113753,1.1770449877861375,1.087462185567755
2018-09-05,0.8379986418515962,0.8379986418515962,1.1618450291473983,1.08453559039536
2018-09-06,0.823367095051407,0.823367095051407,1.1514585989726114,1.0812710680408222
2018-09-07,0.8187338883957922,0.8187338883957922,1.147025671305351,1.079169649894797
2018-09-10,0.8199625921394149,0.8199625921394149,1.150888662738227,1.0810459552586733
2018-09-11,0.8214885836928868,0.8214885836928868,1.1597554322459986,1.0846102839775171
2018-09-12,0.8228567541817758,0.8228567541817758,1.1563355101152761,1.0848731950663535
2018-09-13,0.8283055751068761,0.8283055751068761,1.1686854828576771,1.0912896188821248
2018-09-14,0.8255591136154857,0.8255591136154857,1.1652651544277322,1.091477449375425
2018-09-17,0.8228302225423637,0.8228302225423637,1.1484817461440426,1.0856985655994127
2018-09-18,0.8255929873729437,0.8255929873729437,1.1579818345649109,1.091590070268729
2018-09-19,0.8224053592411412,0.8224053592411412,1.157095289661381,1.0927533034817014
2018-09-20,0.8280667062624429,0.8280667062624429,1.1698884332807413,1.101608943621181
2018-09-21,0.8267934982885415,0.8267934982885415,1.1634920646206723,1.1006023218222654
2018-09-24,0.8255724992741655,0.8255724992741655,1.1667278316287897,1.0969460774258966
2018-09-25,0.8233074556074759,0.8233074556074759,1.1683139222186862,1.0959282322389885
2018-09-26,0.8206785958652033,0.8206785958652033,1.1691388112151992,1.0926488098693572
2018-09-27,0.823765159346078,0.823765159346078,1.1790363618504938,1.0957022164256218
2018-09-28,0.8276785923139238,0.8276785923139238,1.178782526411227,1.0958149663233858
2018-10-01,0.8284095717762371,0.8284095717762371,1.1811938107220536,1.0996224039465043
2018-10-02,0.8318799283986041,0.8318799283986041,1.1785288941215715,1.098981251781874
2018-10-03,0.8294016365740955,0.8294016365740955,1.1797978681682944,1.0995842186264377
2018-10-04,0.8240420656055928,0.8240420656055928,1.1571473975366688,1.0909905865445768
2018-10-05,0.8240134415489687,0.8240134415489687,1.1429984334117729,1.0848837734320476
2018-10-08,0.8223189925320776,0.8223189925320776,1.1360195332414216,1.0848837734320476
2018-10-09,0.8231561348601028,0.8231561348601028,1.13969958844936,1.0833008887117228
2018-10-10,0.814674612079605,0.814674612079605,1.0895762817140666,1.049000473446367
2018-10-11,0.8101694725773315,0.8101694725773315,1.0760620585495464,1.025894484672335
2018-10-12,0.8110477903406679,0.8110477903406679,1.1060091553435305,1.0401422532176938
2018-10-15,0.8110805236247297,0.8110805236247297,1.0926216975364351,1.034299899247517
2018-10-16,0.811521002005926,0.811521002005926,1.124408720359583,1.0569159290836683
2018-10-17,0.8097316590507764,0.8097316590507764,1.1248528054097928,1.057104404599267
2018-10-18,0.8100248341759604,0.8100248341759604,1.0987758102850789,1.0418384038536213
2018-10-19,0.8093381867850402,0.8093381867850402,1.0977606716776227,1.0412731063112852
2018-10-22,0.8060724543347285,0.8060724543347285,1.1034080277209835,1.0365992747369275
2018-10-23,0.8062319661162094,0.8062319661162094,1.0993469654171306,1.031321831295708
2018-10-24,0.8156618429084841,0.8156618429084841,1.0490334090708942,1.0000745645776974
2018-10-25,0.8123139143310654,0.8123139143310654,1.0853250713740765,1.0180162468216525
2018-10-26,0.8089230434098764,0.8089230434098764,1.0574084549446159,1.0001121693776953
2018-10-29,0.808975930570527,0.808975930570527,1.0356459512637988,0.9945711698253409
2018-10-30,0.808438801474727,0.808438801474727,1.052713362704027,1.009309284321959
2018-10-31,0.8078407381644909,0.8078407381644909,1.0774578995285,1.0200896064976965
2018-11-01,0.8081255399652386,0.8081255399652386,1.091670043182497,1.0309452672778898
2018-11-02,0.8067567183031226,0.8067567183031226,1.0746660144209814,1.024839034685429
2018-11-05,0.8084634005824313,0.8084634005824313,1.072001402544916,1.0304928486377776
2018-11-06,0.8090239530737942,0.8090239530737942,1.0801227145541765,1.0370136370614331
2018-11-07,0.8145736075918311,0.8145736075918311,1.114002889396921,1.0592149175597
2018-11-08,0.8158765765574102,0.8158765765574102,1.1068971222943391,1.057292751110406
2018-11-09,0.8156820856146579,0.8156820856146579,1.0882438234138256,1.0469647830725508
2018-11-12,0.8105055058794588,0.8105055058794588,1.0553148966257966,1.0274023532993535
2018-11-13,0.8099410367687527,0.8099410367687527,1.0562031683010222,1.0254794773255311
2018-11-14,0.806221796372157,0.806221796372157,1.0481452389704744,1.018469052475144
2018-11-15,0.8063427733683981,0.8063427733683981,1.0664814213078142,1.0290980524196722
2018-11-16,0.8114736929638071,0.8114736929638071,1.062738389720386,1.0317743144380502
2018-11-19,0.8123404697541383,0.8123404697541383,1.0282228644684321,1.0143226556342053
2018-11-20,0.8123709251834299,0.8123709251834299,1.0098230963027686,0.9955512167055613
2018-11-21,0.8122602646110005,0.8122602646110005,1.0175001201122076,0.9989435179774167
2018-11-23,0.8125924957536599,0.8125924957536599,1.010140517570359,0.9922721168470794
2018-11-26,0.8124022196884317,0.8124022196884317,1.0334892134158784,1.0082915681395106
2018-11-27,0.812717125954541,0.812717125954541,1.0369787142884568,1.0116839339135955
2018-11-28,0.812791799318351,0.812791799318351,1.0703518277015014,1.0349781401943066
2018-11-29,0.8135900831086272,0.8135900831086272,1.0668621236793117,1.032716692016043
2018-11-30,0.8142535141319184,0.8142535141319184,1.0746025301674633,1.0390114646263322
2018-12-03,0.8161866987762755,0.8161866987762755,1.09338310227943,1.0527692097315804
2018-12-04,0.8082488537131115,0.8082488537131115,1.0514442870824983,1.0186571409773635
2018-12-06,0.8072725788512892,0.8072725788512892,1.0588679833266987,1.0171119255592667
2018-12-07,0.7993640217817561,0.7993640217817561,1.0239084745993408,0.9934783085451264
2018-12-10,0.7995861213137133,0.7995861213137133,1.034631218955565,0.9953629346966524
2018-12-11,0.7993042893834367,0.7993042893834367,1.03805713399982,0.995589015012249
2018-12-12,0.7987616678779613,0.7987616678779613,1.047193381466925,1.000602128315576
2018-12-13,0.7976319329662855,0.7976319329662855,1.0475105995849043,1.000263104595526
2018-12-14,0.7974303698240084,0.7974303698240084,1.022005064316659,0.9817933425958535
2018-12-17,0.7969479944109438,0.7969479944109438,0.9988467196568884,0.9625321382360187
2018-12-18,0.7969886251297257,0.7969886251297257,1.0051280040621797,0.9614766882491128
2018-12-19,0.7971130970326006,0.7971130970326006,0.9804470530660304,0.9470777909792342
2018-12-20,0.795554612232544,0.795554612232544,0.9662349094120333,0.9316614355358265
2018-12-21,0.7970098438377008,0.7970098438377008,0.9362881173424659,0.9125721941207507
2018-12-24,0.7991646923461987,0.7991646923461987,0.9130700466969854,0.8884592610366542
2018-12-26,0.7988087754112618,0.7988087754112618,0.9700811410019806,0.9333485558595761
2018-12-27,0.8001756889664131,0.8001756889664131,0.9738354473928338,0.9405143020794229
2018-12-28,0.8014462899982651,0.8014462899982651,0.97332615131741,0.9393010151360931
2018-12-31,0.8060494032129553,0.8060494032129553,0.9815340050610663,0.9475281455479916
2019-01-02,0.8020069222855178,0.8020069222855178,0.9854794752361131,0.9485138686244383
2019-01-03,0.7988176718991582,0.7988176718991582,0.9532834106706974,0.9258798426661609
2019-01-04,0.8051302657981916,0.8051302657981916,0.994068843949712,0.9568926437786954
2019-01-07,0.8054531558880422,0.8054531558880422,1.0059039340023794,0.964437534105554
2019-01-08,0.8073147331337563,0.8073147331337563,1.0150032082402358,0.9734988073537703
2019-01-09,0.8083755669107457,0.8083755669107457,1.0232746478122159,0.9780484721356818
2019-01-10,0.8067432631275457,0.8067432631275457,1.0262017289860264,0.9814984384010155
2019-01-11,0.8093626185390972,0.8093626185390972,1.0224473210203677,0.981877711512487
2019-01-14,0.8067088877874632,0.8067088877874632,1.013412242059669,0.9758873249248228
2019-01-15,0.8086372529279741,0.8086372529279741,1.0332008425426977,0.9870719470772105
2019-01-16,0.816364710838317,0.816364710838317,1.033009678758504,0.989460464648263
2019-01-17,0.8256266794117518,0.8256266794117518,1.041154352973059,0.9969668471439056
2019-01-18,0.8467946660474588,0.8467946660474588,1.0514622658230948,1.0102365683781689
2019-01-22,0.8345700163541925,0.8345700163541925,1.0304010346003403,0.9965878965435836
2019-01-23,0.8292708580608533,0.8292708580608533,1.0317372511683895,0.9986731246299185
2019-01-24,0.7875664603566299,0.7875664603566299,1.038418435583442,0.9992039779815188
2019-01-25,0.7866611575330617,0.7866611575330617,1.0508256965162177,1.00765860775807
2019-01-28,0.7871616095102905,0.7871616095102905,1.037845452104889,1.0000000645022298
2019-01-29,0.7915107189616297,0.7915107189616297,1.0280469369050826,0.9986731246299185
2019-01-30,0.7929460139494904,0.7929460139494904,1.0541981832127116,1.0144830726798226
2019-01-31,0.7962972196416559,0.7962972196416559,1.0699782355663978,1.0233925721812203
2019-02-01,0.7935660770589398,0.7935660770589398,1.0654604929364373,1.0238852402127543
2019-02-04,0.7886017219396846,0.7886017219396846,1.0786951822358666,1.0310891717526676
2019-02-05,0.7924620598048691,0.7924620598048691,1.088239354122378,1.0354111436632365
2019-02-06,0.7899291838049792,0.7899291838049792,1.0849943438069485,1.0340459539686286
2019-02-07,0.7834266932196801,0.7834266932196801,1.0704234379394697,1.0241888522086209
2019-02-08,0.7856060500397255,0.7856060500397255,1.0725228875970154,1.0254400019608678
2019-02-11,0.7819757289952911,0.7819757289952911,1.071505108044613,1.0260084601124662
2019-02-12,0.7880416470370311,0.7880416470370311,1.087348441502206,1.0392025847333541
2019-02-13,0.7891777681443364,0.7891777681443364,1.0881120808909248,1.042576502869704
2019-02-14,0.7905039362228237,0.7905039362228237,1.0894483990337798,1.0402641624320954
2019-02-15,0.796208369446339,0.796208369446339,1.0940297274920643,1.0516002358201524
2019-02-19,0.8251317451114295,0.8251317451114295,1.096192966127545,1.0534199082262274
2019-02-20,0.8349085405268243,0.8349085405268243,1.096002107067768,1.0555428056147902
2019-02-21,0.8208150191631837,0.8208150191631837,1.0919934573636199,1.0517898078736583
2019-02-22,0.8302834093922914,0.8302834093922914,1.10007434260024,1.0583109188084632
2019-02-25,0.8304693129809835,0.8304693129809835,1.104082992304388,1.0597514471075264
2019-02-26,0.8304173665861738,0.8304173665861738,1.1052282482378548,1.0589930943912733
2019-02-27,0.8282631256790566,0.8282631256790566,1.1045281946774599,1.0585382891686563
2019-02-28,0.8095524553234983,0.8095524553234983,1.1019831363476198,1.056566778513533
2019-03-01,0.8056268580501853,0.8056268580501853,1.1096184129119455,1.0631636795684025
2019-03-04,0.8074849673328308,0.8074849673328308,1.1098092719717223,1.0592959968626112
2019-03-05,0.8107496356430987,0.8107496356430987,1.1106365987635705,1.057855597568008
2019-03-06,0.8069386577930292,0.8069386577930292,1.1043375387672942,1.051448333068874
2019-03-07,0.8062239848312357,0.8062239848312357,1.0907845140270236,1.0426526155009177
2019-03-08,0.7993829005969189,0.7993829005969189,1.0891302667425498,1.0405672584101233
2019-03-11,0.7963211690869979,0.7963211690869979,1.111781956271843,1.055656845557151
2019-03-12,0.8017793624582353,0.8017793624582353,1.1178903603579537,1.059637665174085
2019-03-13,0.8054133554258629,0.8054133554258629,1.1262890731613868,1.0666517021493434
2019-03-14,0.7932697409046265,0.7932697409046265,1.1243804825636181,1.065969268557614
2019-03-15,0.7975910798395097,0.7975910798395097,1.1348154654954956,1.07123600462868
2019-03-18,0.7979595744429409,0.7979595744429409,1.1375182694984773,1.0751198128919317
2019-03-19,0.7983707999366781,0.7983707999366781,1.1413426625052145,1.0753869166257077
2019-03-20,0.7988585712496336,0.7988585712496336,1.1458690389936537,1.0721494207054738
2019-03-21,0.8048479673648203,0.8048479673648203,1.1637812480922982,1.0842593918471761
2019-03-22,0.796833701286415,0.796833701286415,1.1382192372321231,1.0633913724397455
2019-03-25,0.7977264907906848,0.7977264907906848,1.1360521387540286,1.062591286780784
2019-03-26,0.801140047317199,0.801140047317199,1.1413426625052145,1.0705120961031622
2019-03-27,0.7959342101195378,0.7959342101195378,1.1340124150821929,1.0649145925974661
2019-03-28,0.7931483277014895,0.7931483277014895,1.1366259348310268,1.0689507551276047
2019-03-29,0.7983632689369304,0.7983632689369304,1.145231047639498,1.075691173643873
2019-04-01,0.8164703717175148,0.8164703717175148,1.1604024637578554,1.088447779639742
2019-04-02,0.8251211476651886,0.8251211476651886,1.1648009575660077,1.0889808260671572
2019-04-03,0.8321158094138134,0.8321158094138134,1.1714939246585132,1.0906946503140613
2019-04-04,0.8037999535114728,0.8037999535114728,1.1710479096869961,1.0935886073581564
2019-04-05,0.8138912012610121,0.8138912012610121,1.1771032917245685,1.0988823053612964
2019-04-08,0.8140351350855111,0.8140351350855111,1.1800996469158183,1.0997196733091064
2019-04-09,0.8132542959026384,0.8132542959026384,1.1759559027201834,1.0940841134878032
2019-04-10,0.8147501667258794,0.8147501667258794,1.182266948543524,1.0978155674841679
2019-04-11,0.8111793377830085,0.8111793377830085,1.1794621634356905,1.0975109879548537
2019-04-12,0.8119866077103741,0.8119866077103741,1.1845613202530716,1.1049372586810327
2019-04-15,0.8122665512580808,0.8122665512580808,1.184753093486099,1.1042132856532851
2019-04-16,0.806272107690509,0.806272107690509,1.1888325408297706,1.1049372586810327
2019-04-17,0.8009210390934226,0.8009210390934226,1.1929757771513771,1.1022329381926734
2019-04-18,0.8019185594105162,0.8019185594105162,1.1945059000233724,1.1044039542446982
2019-04-22,0.7878147385162404,0.7878147385162404,1.197884176483787,1.1053554911393286
2019-04-23,0.795220212693378,0.795220212693378,1.2131193815800796,1.115294510731236
2019-04-24,0.7867120704354008,0.7867120704354008,1.2092943791245085,1.1128194311677355
2019-04-25,0.7831422953226438,0.7831422953226438,1.2142026768821126,1.1121340304734335
2019-04-26,0.7812729161972706,0.7812729161972706,1.215286480058174,1.1173127855029947
2019-04-29,0.7799905860413837,0.7799905860413837,1.2176451486196846,1.1190642790521268
2019-04-30,0.7826565847188746,0.7826565847188746,1.2082107790980583,1.119635639804068
2019-05-01,0.7780771362425974,0.7780771362425974,1.2043224955385805,1.1112202918854905
2019-05-02,0.7768715127159522,0.7768715127159522,1.1990955576157183,1.1088210669442842
2019-05-03,0.7836745033461994,0.7836745033461994,1.21821853839746,1.1196739541285943
2019-05-06,0.7744362016485213,0.7744362016485213,1.2107605098689573,1.1150659148286757
2019-05-07,0.7557894037174393,0.7557894037174393,1.187175043151517,1.0964445080866445
2019-05-08,0.7554058818213256,0.7554058818213256,1.1841789926846842,1.0949217394445325
2019-05-09,0.7495741620182024,0.7495741620182024,1.1778046657574368,1.091608517906464
2019-05-10,0.7489582904610307,0.7489582904610307,1.1792708980766913,1.097092110474259
2019-05-13,0.7278654969951935,0.7278654969951935,1.1383469167627989,1.0695218578706267
2019-05-14,0.7280233616892032,0.7280233616892032,1.1508411257291928,1.0791939027332176
2019-05-15,0.7380196283752227,0.7380196283752227,1.1670957355747777,1.0855157662800403
2019-05-16,0.7444390882886921,0.7444390882886921,1.178824679955563,1.0955686968098488
2019-05-17,0.7407277468782243,0.7407277468782243,1.1667768922599084,1.0884860939642684
2019-05-20,0.7390547986383836,0.7390547986383836,1.1470800138263626,1.0812888061540287
2019-05-21,0.7411438089268821,0.7411438089268821,1.159063809394471,1.091037415163442
2019-05-22,0.7415626130449261,0.7415626130449261,1.1539004572999325,1.0876863953186862
2019-05-23,0.7404497453450943,0.7404497453450943,1.1362436072626392,1.0743964203842526
2019-05-24,0.7406370008347235,0.7406370008347235,1.1356699127604466,1.076833572636606
2019-05-28,0.7292788273205212,0.7292788273205212,1.131398895333359,1.0668185694179448
2019-05-29,0.7209348583221868,0.7209348583221868,1.122092205342408,1.059659402425542
2019-05-30,0.7223552852136363,0.7223552852136363,1.1268092377410128,1.0625536174785564
2019-05-31,0.7214487277699541,0.7214487277699541,1.1088335443888504,1.0482352189915205
2019-06-03,0.7287633745668282,0.7287633745668282,1.0844192272574773,1.0455692773299172
2019-06-04,0.726973499157234,0.726973499157234,1.1149528169791632,1.0682657414466818
2019-06-05,0.7263756432562835,0.7263756432562835,1.123239695921599,1.0775187153219887
2019-06-06,0.7273894632558842,0.7273894632558842,1.132163753619745,1.0845256570519644
2019-06-07,0.7299603711025859,0.7299603711025859,1.1540280352558023,1.095378673240734
2019-06-10,0.7289371699001985,0.7289371699001985,1.1674780631431654,1.1004053320123277
2019-06-11,0.7282078938707267,0.7282078938707267,1.1690718734182899,1.1001386797941606
2019-06-12,0.7300910730948627,0.7300910730948627,1.1623145078990156,1.0981969046669944
2019-06-13,0.7308731536701633,0.7308731536701633,1.1691992482245486,1.1027281863134009
2019-06-14,0.7304536117788669,0.7304536117788669,1.1642273646386208,1.1015096101872242
2019-06-17,0.7295714783582191,0.7295714783582191,1.1712391750459956,1.1019284876678186
2019-06-18,0.728622002288574,0.728622002288574,1.188258846327578,1.1134669045508903
2019-06-19,0.7297385191159634,0.7297385191159634,1.1927210275388598,1.1159801694344573
2019-06-20,0.7298522632794161,0.7298522632794161,1.203812590014323,1.1266423880273542
2019-06-21,0.7294446987177459,0.7294446987177459,1.2020279206794218,1.125004934420583
2019-06-24,0.7307348389303319,0.7307348389303319,1.202066112806338,1.1236269087822366
2019-06-25,0.7256333721685806,0.7256333721685806,1.1814311910428086,1.1126067028137163
2019-06-26,0.7196840930322799,0.7196840930322799,1.186925067554864,1.1114968774470533
2019-06-27,0.7219434120094531,0.7219434120094531,1.191460992075032,1.1154387377171628
2019-06-28,0.7241302927960399,0.7241302927960399,1.1929941621911961,1.1211782751329713
2019-07-01,0.7165785549182617,0.7165785549182617,1.2090933625841687,1.131356985010972
2019-07-02,0.726913586975046,0.726913586975046,1.2138846461656883,1.134303188861239
2019-07-03,0.7303104674968484,0.7303104674968484,1.2230203857587654,1.1433718153636572
2019-07-05,0.7211588770449048,0.7211588770449048,1.2205286542018805,1.1420710633966613
2019-07-08,0.7223796702910575,0.7223796702910575,1.2119680311582743,1.1357958994642445
2019-07-09,0.7231295592330669,0.7231295592330669,1.218037227369413,1.137211336395899
2019-07-10,0.7224519816293181,0.7224519816293181,1.2301756197916884,1.1426450042377965
2019-07-11,0.722570470801777,0.722570470801777,1.229281253628125,1.145323910847598
2019-07-12,0.7195133480765702,0.7195133480765702,1.2363723939586964,1.1504508060843663
2019-07-15,0.7195984666148215,0.7195984666148215,1.2403332019293931,1.1508339493296282
2019-07-16,0.716547927451146,0.716547927451146,1.233944654529358,1.1471221040111357
2019-07-17,0.7224892006040544,0.7224892006040544,1.2278755598930255,1.1393159151511867
2019-07-18,0.7279481502177269,0.7279481502177269,1.229281253628125,1.1434866293327761
2019-07-19,0.7228242828929159,0.7228242828929159,1.2202729904161123,1.1371348367513066
2019-07-22,0.7271126346020406,0.7271126346020406,1.2299840497082721,1.1399284283257671
2019-07-23,0.7319382888676963,0.7319382888676963,1.2380333451803416,1.1480789300886132
2019-07-24,0.7453425545926401,0.7453425545926401,1.246721647754623,1.1534741546015246
2019-07-25,0.725270376978164,0.725270376978164,1.2349028096708556,1.1479638581105749
2019-07-26,0.7285355835234446,0.7285355835234446,1.2476160139181862,1.1556554910103243
2019-07-29,0.7322524506021316,0.7322524506021316,1.243335753183786,1.1535506542461174
2019-07-30,0.730214917859818,0.730214917859818,1.2379692514779899,1.1507190063560497
2019-07-31,0.7103329243618287,0.7103329243618287,1.220848310115195,1.138129590139931
2019-08-01,0.7018080141125715,0.7018080141125715,1.2147790123292512,1.1282189515291543
2019-08-02,0.6983767363209318,0.6983767363209318,1.1968913843335691,1.1197241368634114
2019-08-05,0.7074295970204362,0.7074295970204362,1.1545987840886318,1.0860504897654313
2019-08-06,0.7091272101558064,0.7091272101558064,1.1707619766091506,1.1012802402579056
2019-08-07,0.7091904604582321,0.7091904604582321,1.1770869381808622,1.1019306807436333
2019-08-08,0.7095861450601946,0.7095861450601946,1.2027048151841335,1.1235506671465632
2019-08-09,0.708963477025281,0.708963477025281,1.1913971015222915,1.1158973485713402
2019-08-12,0.7042704303815899,0.7042704303815899,1.1777258437082687,1.1023134369755163
2019-08-13,0.7118023507846926,0.7118023507846926,1.2035354939445673,1.119456323605107
2019-08-14,0.7004563551443489,0.7004563551443489,1.167567956846147,1.086356488343802
2019-08-15,0.701371472264932,0.701371472264932,1.1662262552385936,1.0892267085673148
2019-08-16,0.7062090236589149,0.7062090236589149,1.1849446635695153,1.1052982131592288
2019-08-19,0.7376220713528531,0.7376220713528531,1.2037908530059187,1.1186144405012082
2019-08-20,0.7313553742007515,0.7313553742007515,1.194463543329425,1.1100427391774934
2019-08-21,0.7426378220493288,0.7426378220493288,1.2050685624859256,1.1190738253821435
2019-08-22,0.7428656698875782,0.7428656698875782,1.2011714419183581,1.1187289964614078
2019-08-23,0.7061169196598858,0.7061169196598858,1.16315981343146,1.0899915760087826
2019-08-26,0.7155007400461723,0.7155007400461723,1.180728293387856,1.1020454947127523
2019-08-27,0.7071163073506225,0.7071163073506225,1.1782365618309711,1.0977213942285984
2019-08-28,0.7067265760347619,0.7067265760347619,1.1824529320126307,1.1054512124484144
2019-08-29,0.7221211508731679,0.7221211508731679,1.2005323332413402,1.1195711375742259
2019-08-30,0.7212743291829815,0.7212743291829815,1.1976578678168457,1.1190738253821435
2019-09-03,0.7139443442244348,0.7139443442244348,1.1860307013913005,1.1125300741646635
2019-09-04,0.7163715727070623,0.7163715727070623,1.203152150628123,1.1251574176919297
2019-09-05,0.738013780233695,0.738013780233695,1.2251925629771414,1.1396219137295576
2019-09-06,0.7279987391020812,0.7279987391020812,1.2239785409002637,1.1405022401624425
2019-09-09,0.7313393489458981,0.7313393489458981,1.221423223515055,1.141076181003577
2019-09-10,0.7346121943074846,0.7346121943074846,1.2179094462639313,1.1408084967497327
2019-09-11,0.737410366813213,0.737410366813213,1.2293449410312545,1.1489205551835926
2019-09-12,0.7414487599098394,0.7414487599098394,1.2344558805260883,1.1529003427648494
2019-09-13,0.7359144292272578,0.7359144292272578,1.230047635536596,1.1521348303010834
2019-09-16,0.7298353235111906,0.7298353235111906,1.2245534543001235,1.1485762422806955
2019-09-17,0.7322925841096007,0.7322925841096007,1.2304309788530399,1.1514845188198155
2019-09-18,0.7311728018323397,0.7311728018323397,1.2299199560059197,1.1521732736300694
2019-09-19,0.7376514345931628,0.7376514345931628,1.2319641489692035,1.152096644981017
2019-09-20,0.7260545803390277,0.7260545803390277,1.2189315935329759,1.146653043795724
2019-09-23,0.719329177264847,0.719329177264847,1.2194693305539757,1.1463839404928229
2019-09-24,0.7041142053350199,0.7041142053350199,1.20327353252085,1.1373885885235053
2019-09-25,0.7121402104253745,0.7121402104253745,1.2167808485985876,1.144116042091575
2019-09-26,0.7073602415736776,0.7073602415736776,1.2122998760482646,1.1417324266899906
2019-09-27,0.7027727139626743,0.7027727139626743,1.1972565457598054,1.1355818810656284
2019-09-30,0.7096640014661972,0.7096640014661972,1.2086508011560433,1.1408482301233154
2019-10-01,0.7062469956653363,0.7062469956653363,1.1987925599705271,1.1272785090180568
2019-10-02,0.6891729378893603,0.6891729378893603,1.1781800862390415,1.1073652516167485
2019-10-03,0.6954673033344131,0.6954673033344131,1.1911109652948346,1.1164376192484975
2019-10-04,0.7115091949909764,0.7115091949909764,1.2086508011560433,1.1315454605265705
2019-10-07,0.710158080820234,0.710158080820234,1.20500223413785,1.1266631577453632
2019-10-08,0.700434401023658,0.700434401023658,1.1869500549570486,1.1091722170835445
2019-10-09,0.7079230370216003,0.7079230370216003,1.1985364898855364,1.119705044203378
2019-10-10,0.712338326192769,0.712338326192769,1.207818598773525,1.1272785090180568
2019-10-11,0.7242259176382037,0.7242259176382037,1.2233741708067711,1.138964507003007
2019-10-14,0.7369540117201919,0.7369540117201919,1.2232463897012897,1.137696264159852
2019-10-15,0.7374283855210975,0.7374283855210975,1.2388018601597304,1.1489599015437963
2019-10-16,0.738599197720005,0.738599197720005,1.2357289175650366,1.147114621752474
2019-10-17,0.7431893674670179,0.7431893674670179,1.2389935318179524,1.150497505698772
2019-10-18,0.7378533664143996,0.7378533664143996,1.2270869331021221,1.145461558606081
2019-10-21,0.7437238657939932,0.7437238657939932,1.237969149903184,1.1532271110612293
2019-10-22,0.7386530425151538,0.7386530425151538,1.2281112134420848,1.1494594068116935
2019-10-23,0.7427972128886708,0.7427972128886708,1.2304798363345473,1.1528039764334652
2019-10-24,0.7471566331278303,0.7471566331278303,1.242450325603118,1.154687957562693
2019-10-25,0.7446161628430701,0.7446161628430701,1.2523723557665694,1.1594158420056582
2019-10-28,0.7482350713098295,0.7482350713098295,1.2647273056744461,1.1659512079332583
2019-10-29,0.7281164776475738,0.7281164776475738,1.2549330566164765,1.165604959963466
2019-10-30,0.7268669270732555,0.7268669270732555,1.2610145433790954,1.1691803185636127
2019-10-31,0.7232183529352506,0.7232183529352506,1.2615907772514283,1.166066537920216
2019-11-01,0.7241937931786219,0.7241937931786219,1.2730491263500179,1.1768684683429507
2019-11-04,0.7283420875630878,0.7283420875630878,1.2809230021327662,1.1815972558171337
2019-11-05,0.7273673677371406,0.7273673677371406,1.2816271186853863,1.1802901826316137
2019-11-06,0.7211760169180949,0.7211760169180949,1.278746254048137,1.1805594149389744
2019-11-07,0.7195494467031904,0.7195494467031904,1.2830353517906268,1.184710778451611
2019-11-08,0.7245826329545693,0.7245826329545693,1.2881566519156347,1.1876326004589979
2019-11-11,0.7301587480524022,0.7301587480524022,1.2864279502986349,1.1853643150443711
2019-11-12,0.7349781621643153,0.7349781621643153,1.2901411188932084,1.187863389437373
2019-11-13,0.7306747167715409,0.7306747167715409,1.2904610795309397,1.1882475647183124
2019-11-14,0.7377503544955053,0.7377503544955053,1.289436697616171,1.1899772565137576
2019-11-15,0.7476002978331358,0.7476002978331358,1.2989109860364099,1.1985886912110553
2019-11-18,0.7529291837149513,0.7529291837149513,1.2999350632267614,1.1994726297688112
2019-11-19,0.7567160715933454,0.7567160715933454,1.3018557412264002,1.1991267688123979
2019-11-20,0.7526238091506708,0.7526238091506708,1.2940455528467811,1.1946673426500354
2019-11-21,0.7530719554541957,0.7530719554541957,1.2911651960835602,1.1927455632141204
2019-11-22,0.7550422462770895,0.7550422462770895,1.291997500040884,1.1953978949052269
2019-11-25,0.7795976206716195,0.7795976206716195,1.3072966972647226,1.204662608186365
2019-11-26,0.7772552368428568,0.7772552368428568,1.3097933044122776,1.2073916975309837
2019-11-27,0.7844292401598656,0.7844292401598656,1.3189473274703678,1.2127736345845477
2019-11-29,0.7779138911456861,0.7779138911456861,1.3129299344101009,1.208276281111038
2019-12-02,0.7603254790211393,0.7603254790211393,1.299487016759132,1.1980121702807267
2019-12-03,0.754952994364785,0.754952994364785,1.289308713361079,1.1899772565137576
2019-12-04,0.756175345661446,0.756175345661446,1.2958381450165217,1.1973199323500614
2019-12-05,0.7506078216681907,0.7506078216681907,1.2983985411420116,1.1994726297688112
2019-12-06,0.7591725354267145,0.7591725354267145,1.3122898099850269,1.210429236538707
2019-12-09,0.7548784945234899,0.7548784945234899,1.306336612201917,1.2066229599557257
2019-12-10,0.7570560997027382,0.7570560997027382,1.3052483397344083,1.2052777014501392
2019-12-11,0.7606681348561053,0.7606681348561053,1.3121617241551287,1.2086987707165038
2019-12-12,0.7628370950627738,0.7628370950627738,1.3219558716382929,1.2191162678493797
2019-12-13,0.7675634199494615,0.7675634199494615,1.3263090630831347,1.2198474651268694
2019-12-16,0.7942984212945714,0.7942984212945714,1.3396237933293997,1.2282274658234933
2019-12-17,0.7972241815126675,0.7972241815126675,1.3403921051591774,1.2284965691263947
2019-12-18,0.8142475247312033,0.8142475247312033,1.341416487073946,1.2285733267799068
2019-12-19,0.8360791726629647,0.8360791726629647,1.3498020967274527,1.2336092738725977
2019-12-20,0.8446247134702854,0.8446247134702854,1.3552435606398034,1.2390175278359372
2019-12-23,0.858570995238696,0.858570995238696,1.3588228536405575,1.240910797286262
2019-12-24,0.8625388061057849,0.8625388061057849,1.3595286969648737,1.2409494986241674
2019-12-26,0.8739230965301512,0.8739230965301512,1.37152508780888,1.2475554299912146
2019-12-27,0.8740071869737129,0.8740071869737129,1.3703706901429067,1.2472464643102712
2019-12-30,0.8712464026928696,0.8712464026928696,1.3613893442543858,1.240370010591266
2019-12-31,0.8746533653191743,0.8746533653191743,1.363955123844574,1.2433831677561094
2020-01-02,0.8965053508682592,0.8965053508682592,1.3867300236130953,1.255011371743121
2020-01-03,0.8867058799343188,0.8867058799343188,1.3740274847203562,1.245508129216027
2020-01-06,0.8968383794334047,0.8968383794334047,1.382880440054562,1.2502593634661947
2020-01-07,0.8956673036680902,0.8956673036680902,1.3826878542230892,1.2467441209442611
2020-01-08,0.8993742859958272,0.8993742859958272,1.393080378886214,1.2533888826536734
2020-01-09,0.9110842521117246,0.9110842521117246,1.4048847933475814,1.2618873094442875
2020-01-10,0.9078270716467216,0.9078270716467216,1.4012921940472898,1.2582560919130974
2020-01-13,0.919357795810376,0.919357795810376,1.4174590432608114,1.2669093240553326
2020-01-14,0.9104406038387238,0.9104406038387238,1.411877609266304,1.2649778692849412
2020-01-15,0.917523555088082,0.917523555088082,1.4124548588866934,1.2678364791070826
2020-01-16,0.922303432664519,0.922303432664519,1.425991225358841,1.2783828516951832
2020-01-17,0.9324091752412048,0.9324091752412048,1.4330475255310815,1.2823622522630607
2020-01-21,0.9315955876804608,0.9315955876804608,1.4324064869327564,1.279850922446389
2020-01-22,0.9298663752724522,0.9298663752724522,1.4361912657652989,1.28000572779801
2020-01-23,0.9329852893409826,0.9329852893409826,1.4408105832008882,1.281473282531377
2020-01-24,0.9224654389510195,0.9224654389510195,1.4286854970781502,1.2700774155762564
2020-01-27,0.908662248842456,0.908662248842456,1.3991753750979816,1.2497187057756587
2020-01-28,0.9220821676250841,0.9220821676250841,1.4206664708981582,1.2628145935004973
2020-01-29,0.9347228130075637,0.9347228130075637,1.4229759772537443,1.2617713344350314
2020-01-30,0.9860329019006583,0.9860329019006583,1.4280442553302142,1.265866322998786
2020-01-31,1.0299222352427286,1.0299222352427286,1.4053981524152304,1.2428809533945588
2020-02-03,1.131214276109646,1.131214276109646,1.4266327718311937,1.2521139315786147
2020-02-04,1.221679599616233,1.221679599616233,1.459286634045579,1.2711973032907746
2020-02-05,1.113842166434294,1.113842166434294,1.4640980294386132,1.2858773657805351
2020-02-06,1.1166706198563425,1.1166706198563425,1.4767359667549724,1.2902041753583422
2020-02-07,1.1245817490144077,1.1245817490144077,1.4703850020330198,1.2833278506437966
2020-02-10,1.1412228835699922,1.1412228835699922,1.488155209553395,1.292908237837782
2020-02-11,1.1126202305043835,1.1126202305043835,1.4884118890872193,1.295149045302496
2020-02-12,1.1230199934595126,1.1230199934595126,1.50291047369309,1.303493182759328
2020-02-13,1.126320921577998,1.126320921577998,1.5009859358508375,1.3021025146839327
2020-02-14,1.134096098575232,1.134096098575232,1.5052841753258341,1.3041889038104046
2020-02-18,1.1528876308757894,1.1528876308757894,1.5058615265210291,1.300827563608874
2020-02-19,1.192017871000412,1.192017871000412,1.520296118999354,1.307047255623627
2020-02-20,1.1759528399110393,1.1759528399110393,1.5061822997572056,1.301677573993733
2020-02-21,1.132485702549004,1.132485702549004,1.4772492242478157,1.288272591583491
2020-02-24,1.0690366846698398,1.0690366846698398,1.420281502384824,1.2455468305539323
2020-02-25,1.0531925669564026,1.0531925669564026,1.381661542387014,1.2078038667796747
2020-02-26,1.0531925669564026,1.0531925669564026,1.3887823425608286,1.203361211197071
2020-02-27,1.0531925669564026,1.0531925669564026,1.3192407770838297,1.1493163408659037
2020-02-28,1.0531925669564026,1.0531925669564026,1.3202672920695164,1.1444873169265461
2020-03-02,1.0761430977134534,1.0761430977134534,1.3883976787719121,1.1940508303372048
2020-03-03,1.048802179307305,1.048802179307305,1.3438753083938066,1.1598624554450847
2020-03-04,1.0667086558553343,1.0667086558553343,1.399945108975038,1.2086150468221686
2020-03-05,1.0508517163317843,1.0508517163317843,1.3574116748659544,1.1684382849115094
2020-03-06,1.037636952328479,1.037636952328479,1.3345092987163687,1.1491230921852968
2020-03-09,0.9842996720899041,0.9842996720899041,1.2418082712567373,1.0593826878595192
2020-03-10,1.0188499730325857,1.0188499730325857,1.3094252988914838,1.1142008109220336
2020-03-11,0.9984647125610815,0.9984647125610815,1.252393280176529,1.0598849667232997
2020-03-12,0.9501407332597334,0.9501407332597334,1.137559508869563,0.9584781730904437
2020-03-13,0.9501407332597334,0.9501407332597334,1.2339173309066434,1.0404147751387764
2020-03-16,0.8886496676366118,0.8886496676366118,1.0861090257239212,0.9265687909831044
2020-03-17,0.8886496676366118,0.8886496676366118,1.1684814190731685,0.9765963334352469
2020-03-18,0.8886496676366118,0.8886496676366118,1.1329405977331957,0.9271482145137758
2020-03-19,0.8886496676366118,0.8886496676366118,1.1397406246708341,0.9291184351243023
2020-03-20,0.8886496676366118,0.8886496676366118,1.0950904731872477,0.8890786759498277
2020-03-23,0.9087001659636732,0.9087001659636732,1.0958811314742638,0.8663466711044201
2020-03-24,0.9521249471893107,0.9521249471893107,1.180743631183506,0.9448405311371614
2020-03-25,0.942067093564604,0.942067093564604,1.1719998687653512,0.9589849026080831
2020-03-26,0.9619074284297182,0.9619074284297182,1.2337180411379993,1.014979868854066
2020-03-27,0.9508797487713609,0.9508797487713609,1.1912869944329896,0.9847481252426896
2020-03-30,0.9573236842069452,0.9573236842069452,1.2346179939158723,1.0167285243050852
2020-03-31,0.9659543639629787,0.9659543639629787,1.2240746306663886,1.0015737254036872
2020-04-01,0.9275877254056828,0.9275877254056828,1.1720644703417311,0.9564980191365215
2020-04-02,0.9394177571974354,0.9394177571974354,1.195851664623151,0.9785697146550356
2020-04-03,0.9287906445907865,0.9287906445907865,1.1788788193269633,0.964425278681884
2020-04-06,0.9286845472930307,0.9286845472930307,1.2631626473685371,1.0292020300141775
2020-04-07,0.9256331806029233,0.9256331806029233,1.26264878042686,1.0302512232847891
2020-04-08,0.927017903673071,0.927017903673071,1.2894573173017139,1.0648352548547604
2020-04-09,0.9247401366108676,0.9247401366108676,1.2913216212842284,1.0810393760312296
2020-04-13,0.9250312926363046,0.9250312926363046,1.3052724129633424,1.0711690513141041
2020-04-14,0.94595524437768,0.94595524437768,1.3620402356088563,1.1027605664327815
2020-04-15,0.9416502631925769,0.9416502631925769,1.3464178273535061,1.0793294864203455
2020-04-16,0.9407168073227175,0.9407168073227175,1.3709763807088722,1.0845362354176584
2020-04-17,0.9487408072697638,0.9487408072697638,1.384091821186493,1.1138355992966678
2020-04-20,0.9463233077932783,0.9463233077932783,1.3676977491327797,1.0942122149162696
2020-04-21,0.9253943176742243,0.9253943176742243,1.317230408530821,1.0609884708714379
2020-04-22,0.9289090872346528,0.9289090872346528,1.3563184252329696,1.0845362354176584
2020-04-23,0.9324423841834117,0.9324423841834117,1.3534254731938502,1.084458703737388
2020-04-24,0.9334887037015425,0.9334887037015425,1.3747697933998926,1.0995746722964213
2020-04-27,0.9304981782779093,0.9304981782779093,1.3858274298902757,1.115428546364848
2020-04-28,0.9210328147137556,0.9210328147137556,1.3597255489381828,1.1102995870567245
2020-04-29,0.9427957558026847,0.9427957558026847,1.4079428044458477,1.1393654528637056
2020-04-30,0.9605366845878001,0.9605366845878001,1.407364539077402,1.1287572871394165
2020-05-01,0.9538085111343311,0.9538085111343311,1.3676977491327797,1.0988749521070944
2020-05-04,0.9583433728935608,0.9583433728935608,1.38364154007314,1.1019057828829142
2020-05-05,0.9651865215689345,0.9651865215689345,1.3993281436056475,1.1120866858367293
2020-05-06,0.9661758067720131,0.9661758067720131,1.4079428044458477,1.1045484392395446
2020-05-07,0.9736902441164793,0.9736902441164793,1.4260727899277612,1.1178769220051936
2020-05-08,0.9776234528408233,0.9776234528408233,1.445617103003252,1.1363734524302505
2020-05-11,0.9790443554002367,0.9790443554002367,1.4585388403265385,1.1366064344844402
2020-05-12,0.9756800469049104,0.9756800469049104,1.428001289187433,1.1139520903237625
2020-05-13,0.9671748768574903,0.9671748768574903,1.4101287958377895,1.094250916254175
2020-05-14,0.9724417806086603,0.9724417806086603,1.42613718835453,1.1073464169656344
2020-05-15,0.9697455507434672,0.9697455507434672,1.4353945129899448,1.1124364169269332
2020-05-18,0.9815415966331773,0.9815415966331773,1.4621393624616696,1.1463209863164967
2020-05-19,0.9813959558574469,0.9813959558574469,1.4584745434745754,1.1345472652989614
2020-05-20,0.988272000443219,0.988272000443219,1.487598173319325,1.153820789584696
2020-05-21,0.9865553379440599,0.9865553379440599,1.471397093396307,1.1458551512125774
2020-05-22,0.9904151865803191,0.9904151865803191,1.4764758336777566,1.148030811425151
2020-05-26,0.9790961392279252,0.9790961392279252,1.4724900383048747,1.1621751183938427
2020-05-27,0.9704655044247481,0.9704655044247481,1.4805261290522127,1.1794672631832883
2020-05-28,0.9665691153754131,0.9665691153754131,1.4785973250681237,1.1772910869528759
2020-05-29,0.9661725672992777,0.9661725672992777,1.5002630279591764,1.1825369243014732
2020-06-01,0.9994376141791229,0.9994376141791229,1.5047630965729575,1.1873166685372314
2020-06-02,0.9934868844226372,0.9934868844226372,1.5148566865831161,1.1971477113963829
2020-06-03,0.9932483793448263,0.9932483793448263,1.521671340292765,1.213079891171838
2020-06-04,0.9760947104103014,0.9760947104103014,1.5109991801897438,1.2098933520131792
2020-06-05,0.994896316423033,0.994896316423033,1.540958364385598,1.240902282991923
2020-06-08,1.0300270928455855,1.0300270928455855,1.552916258378271,1.2559017605238614
2020-06-09,1.0401502793281003,1.0401502793281003,1.564166683849738,1.2465368107775485
2020-06-10,1.094178998943794,1.094178998943794,1.5829397394260882,1.239580890311378
2020-06-11,1.0454607491861532,1.0454607491861532,1.5045061123147159,1.1681208049362266
2020-06-12,1.0376262800243015,1.0376262800243015,1.516463803157778,1.1821095325265394
2020-06-15,1.0436537386931173,1.0436537386931173,1.5349152728995066,1.193145606043601
2020-06-16,1.0548878744146573,1.0548878744146573,1.5612741381098412,1.2161104639387383
2020-06-17,1.0571133712995144,1.0571133712995144,1.5662240815377533,1.2110589073064255
2020-06-18,1.0585195377235712,1.0585195377235712,1.5704672674680986,1.2115256454415628
2020-06-19,1.0591042577066236,1.0591042577066236,1.570210384784663,1.2046015890769344
2020-06-22,1.0740485383112974,1.0740485383112974,1.589041033275805,1.2123293432253952
2020-06-23,1.0736793314055915,1.0736793314055915,1.602565210771277,1.2179102051557922
2020-06-24,1.0621758573849398,1.0621758573849398,1.5695272942168077,1.186842964161271
2020-06-25,1.0728489096206013,1.0728489096206013,1.5844685418256101,1.199566674019921
2020-06-26,1.0580124304593679,1.0580124304593679,1.5470511259516413,1.1710752650719136
2020-06-29,1.0741020422186425,1.0741020422186425,1.5639243263635074,1.1882871690874353
2020-06-30,1.0904856972211476,1.0904856972211476,1.5945796027023367,1.20350866329449
2020-07-01,1.0924269617440074,1.0924269617440074,1.6131914590621539,1.2119391047348507
2020-07-02,1.0961733689624118,1.0961733689624118,1.624139597912069,1.2186134084655307
2020-07-06,1.172637650626241,1.172637650626241,1.6640688571544366,1.2374252257900555
2020-07-07,1.1762468136588131,1.1762468136588131,1.6526050230163432,1.2246628145935003
2020-07-08,1.1719744118099467,1.1719744118099467,1.6743726054374415,1.234029957415628
2020-07-09,1.1882222987883901,1.1882222987883901,1.6884768766478608,1.2270042455367682
2020-07-10,1.2530534392266872,1.2530534392266872,1.7000047029135006,1.239532642643456
2020-07-13,1.2187644815821825,1.2187644815821825,1.6650348335559684,1.2287998586111122
2020-07-14,1.2208188809629406,1.2208188809629406,1.6768201519538777,1.2447237821011472
2020-07-15,1.2192612259147286,1.2192612259147286,1.6802336748718456,1.25615964043877
2020-07-16,1.210315962192054,1.210315962192054,1.6687698407337521,1.2520222094077793
2020-07-17,1.2103562974673696,1.2103562974673696,1.6707021998360378,1.2556518788854532
2020-07-20,1.2261067962562386,1.2261067962562386,1.7181010671347505,1.2657998857020487
2020-07-21,1.2203238070424829,1.2203238070424829,1.7001983044930296,1.2684925957890365
2020-07-22,1.2229318349327805,1.2229318349327805,1.706187358182526,1.2757129753975596
2020-07-23,1.1996184010823534,1.1996184010823534,1.6616214122128063,1.2604914811905048
2020-07-24,1.1971868569498687,1.1971868569498687,1.6458429850560097,1.2523733595470394
2020-07-27,1.2115911620052393,1.2115911620052393,1.6752098865602414,1.2615062302703806
2020-07-28,1.1975066150843248,1.1975066150843248,1.65389319470133,1.2535052446763084
2020-07-29,1.2100655734687777,1.2100655734687777,1.6729561447729453,1.2689219226308655
2020-07-30,1.2149498989682956,1.2149498989682956,1.681714737112722,1.26439412410487
2020-07-31,1.20000716937263,1.20000716937263,1.7117260291838636,1.2743857775163288
2020-08-03,1.2110812177113273,1.2110812177113273,1.7348456738426896,1.2832455457985184
2020-08-04,1.2100060519000124,1.2100060519000124,1.741286532267624,1.2882024131574228
2020-08-05,1.2104793643494436,1.2104793643494436,1.7456006174122984,1.2962032697470351
2020-08-06,1.2708567658124348,1.2708567658124348,1.768720668370347,1.3048682412951016
2020-08-07,1.2639790253193606,1.2639790253193606,1.7483057576358099,1.3058045556634892
2020-08-10,1.2492247640122942,1.2492247640122942,1.7408355401306312,1.3097074565867741
2020-08-11,1.215286678593313,1.215286678593313,1.707862123577737,1.2988962378429423
2020-08-12,1.2362750813750767,1.2362750813750767,1.7508177025790144,1.3170058838934062
2020-08-13,1.2380259537213714,1.2380259537213714,1.7548099987394568,1.3146251065899348
2020-08-14,1.2412277365750817,1.2412277365750817,1.7527490459332444,1.3146644529501386
2020-08-17,1.2967341068506166,1.2967341068506166,1.7731007771386804,1.3188401983056552
2020-08-18,1.3038168722346768,1.3038168722346768,1.7901667665316296,1.3216897778156191
2020-08-19,1.2990882626787978,1.2990882626787978,1.7781242607258674,1.3161863185610327
2020-08-20,1.3204720481650185,1.3204720481650185,1.8027892644775332,1.3202845322362795
2020-08-21,1.3431630525963987,1.3431630525963987,1.8152837781683442,1.3249681681495729
2020-08-24,1.3382751884128623,1.3382751884128623,1.826618307578872,1.338394307291203
2020-08-25,1.340575902910541,1.340575902910541,1.8409793598979214,1.3430776851955772
2020-08-26,1.3626853380649135,1.3626853380649135,1.88026443172299,1.3565425256751122
2020-08-27,1.3723650707806005,1.3723650707806005,1.8744037685878085,1.3595091122300098
2020-08-28,1.3825941980575764,1.3825941980575764,1.8839347357495881,1.3682908328140904
2020-08-31,1.3713039055745821,1.3713039055745821,1.8990699912371416,1.3633340944596455
2020-09-01,1.376567965970552,1.376567965970552,1.9315280172262745,1.376174682358769
2020-09-02,1.391424087289063,1.391424087289063,1.9498177798774419,1.3960792964612787
2020-09-03,1.3567892560027537,1.3567892560027537,1.850961725495916,1.348034552554482
2020-09-04,1.3470136761826654,1.3470136761826654,1.826295502846583,1.3370278920542282
2020-09-08,1.3199459158745572,1.3199459158745572,1.7385167904677328,1.3004965381653244
2020-09-09,1.3375064868939313,1.3375064868939313,1.7895871806907107,1.3261779719724909
2020-09-10,1.3233641994372913,1.3233641994372913,1.7539088270639158,1.303150546914407
2020-09-11,1.3149971830043559,1.3149971830043559,1.7417361023573374,1.3038144038639417
2020-09-14,1.3467204146479776,1.3467204146479776,1.77207040231038,1.3209867035103404
2020-09-15,1.3628705528057496,1.3628705528057496,1.7971868044982606,1.3276612652499398
2020-09-16,1.3311749299206461,1.3311749299206461,1.7685280825388745,1.3223922070985994
2020-09-17,1.3188099022093154,1.3188099022093154,1.7408997354077889,1.3107615520268536
2020-09-18,1.291403947983116,1.291403947983116,1.7186812624245034,1.2956712553552976
2020-09-21,1.3193520876133467,1.3193520876133467,1.7228027617377053,1.281250749838422
2020-09-22,1.3040607448022896,1.3040607448022896,1.7548099987394568,1.2942991639220969
2020-09-23,1.257087590801378,1.257087590801378,1.7012279682976905,1.2642834382784613
2020-09-24,1.26290060486762,1.26290060486762,1.7091494826642788,1.267653292774331
2020-09-25,1.2763434272384426,1.2763434272384426,1.7488855466263402,1.2881473282531377
2020-09-28,1.2869668476268485,1.2869668476268485,1.7852084939696562,1.3095428468962171
2020-09-29,1.280661051579133,1.280661051579133,1.7771576748755022,1.3024108353425778
2020-09-30,1.2857954307793547,1.2857954307793547,1.7893291806844132,1.3122856107135623
2020-10-01,1.2964552005444374,1.2964552005444374,1.8177303089367236,1.3207110209799953
2020-10-02,1.2772047305647871,1.2772047305647871,1.7665965360350335,1.3081716584942342
2020-10-05,1.301603127375108,1.301603127375108,1.804271037742049,1.3313693694391016
2020-10-06,1.2708689217027067,1.2708689217027067,1.77207040231038,1.3124422221276189
2020-10-07,1.2917299074824076,1.2917299074824076,1.8027254754995983,1.335287621893089
2020-10-08,1.3004713119184939,1.3004713119184939,1.812320434788924,1.3471217169977565
2020-10-09,1.3287574337633463,1.3287574337633463,1.8400131803467785,1.3591516408722248
2020-10-12,1.3775576696209033,1.3775576696209033,1.8968156400010112,1.381017122761934
2020-10-13,1.382239758629826,1.382239758629826,1.8967514447238543,1.3720044841950183
2020-10-14,1.3599979007967244,1.3599979007967244,1.8809082128410661,1.3633836321721642
2020-10-15,1.351237259305624,1.351237259305624,1.8682853085959406,1.3616987049242293
2020-10-16,1.3378934664086801,1.3378934664086801,1.8580459587397045,1.3608756564714442
2020-10-19,1.3084859061637122,1.3084859061637122,1.8277130808339412,1.340185792222837
2020-10-20,1.317799870221694,1.317799870221694,1.8316415880164483,1.3455541838081342
2020-10-21,1.3315610006719485,1.3315610006719485,1.8302244163283126,1.3430073777650493
2020-10-22,1.3396216144733304,1.3396216144733304,1.8301600179015438,1.3503740484308542
2020-10-23,1.3532561002490773,1.3532561002490773,1.8337663298005955,1.35495873792357
2020-10-26,1.3186766786944961,1.3186766786944961,1.8062667795230474,1.3299192303077918
2020-10-27,1.329064789771055,1.329064789771055,1.820370644434244,1.3253344118106163
2020-10-28,1.292440318096474,1.292440318096474,1.7494003277412677,1.2800361728504954
2020-10-29,1.292440318096474,1.292440318096474,1.7799916119525512,1.2930457565918054
2020-10-30,1.292440318096474,1.292440318096474,1.7348456738426896,1.2795659515949467
2020-11-02,1.2888028614306999,1.2888028614306999,1.7387099857480386,1.293907764391415
2020-11-03,1.2984608472252768,1.2984608472252768,1.7687856762459495,1.3167531641568848
2020-11-04,1.3322424400299284,1.3322424400299284,1.8477422104566996,1.346181274486659
2020-11-05,1.3523710431786082,1.3523710431786082,1.8959140620262487,1.3724358751082022
2020-11-06,1.3509050271395904,1.3509050271395904,1.8973306242655508,1.3721220072577909
2020-11-09,1.294057389067502,1.294057389067502,1.8585607398546322,1.3893637113034998
2020-11-10,1.2773156881862575,1.2773156881862575,1.8252657374671164,1.3873263438717076
2020-11-11,1.2878520862921166,1.2878520862921166,1.866096371534636,1.397631994138037
2020-11-12,1.2795623461197236,1.2795623461197236,1.8573369665964141,1.384073625425231
2020-11-13,1.2744971049833969,1.2744971049833969,1.873630987466583,1.4032353028444193
2020-11-16,1.2781584934480115,1.2781584934480115,1.8882500397919302,1.4207512703714167
2020-11-17,1.2732978625183455,1.2732978625183455,1.8822601735039886,1.4131099492109442
2020-11-18,1.2652542964742457,1.2652542964742457,1.8683495038730982,1.3961035492996994
2020-11-19,1.265209621550485,1.265209621550485,1.882969165647279,1.4019816375052085
2020-11-20,1.2636338578535917,1.2636338578535917,1.870088870844689,1.3923808676065932
2020-11-23,1.3036249947822518,1.3036249947822518,1.8701532692714578,1.400727456148159
2020-11-24,1.3417518957883479,1.3417518957883479,1.8964288431411762,1.423298334423421
2020-11-25,1.3201952836416906,1.3201952836416906,1.9080853646855482,1.4211038395597335
2020-11-27,1.3122079585109239,1.3122079585109239,1.925667354091093,1.4250619543917633
2020-11-30,1.289883219271173,1.289883219271173,1.9295956581239886,1.418752991290909
2020-12-01,1.3316890630679195,1.3316890630679195,1.9543264823497015,1.4342701637195598
2020-12-02,1.3157927950664368,1.3157927950664368,1.9568376146944615,1.4372877070360321
2020-12-03,1.3312248691080149,1.3312248691080149,1.9596071533447414,1.4368957914875118
2020-12-04,1.332496474803995,1.332496474803995,1.9675925582640703,1.449278284550297
2020-12-07,1.3430545614051257,1.3430545614051257,1.9787340955439032,1.446300474607407
2020-12-08,1.3338020980988805,1.3338020980988805,1.9854315319278564,1.4505328529207255
2020-12-09,1.2989177236068816,1.2989177236068816,1.940479398547135,1.4375227531615768
2020-12-10,1.3087882159099073,1.3087882159099073,1.9482720144853798,1.4370525319060279
2020-12-11,1.3064494153613786,1.3064494153613786,1.9439571167422602,1.435367604658093
2020-12-14,1.3469039839610026,1.3469039839610026,1.958061794251902,1.4289413765033858
2020-12-15,1.3417167638680843,1.3417167638680843,1.9789916892509782,1.4482594073277113
2020-12-16,1.3466889546960248,1.3466889546960248,1.989875632823736,1.4505328529207255
2020-12-17,1.3814955256073542,1.3814955256073542,2.002885130779086,1.4586436213099887
2020-12-18,1.4153237814295634,1.4153237814295634,1.9968310692139868,1.4528197149775468
2020-12-21,1.4254825152840702,1.4254825152840702,1.9930957573117862,1.4476249633949845
2020-12-22,1.3920767371291134,1.3920767371291134,1.998514773192093,1.4451856180668166
2020-12-23,1.40769552698719,1.40769552698719,1.9884501320015386,1.4464840479535377
2020-12-24,1.4152322938935538,1.4152322938935538,1.9972243668613823,1.4521114804938806
2020-12-28,1.426544907530857,1.426544907530857,2.017353649242491,1.4645859537364208
2020-12-29,1.4279750138382987,1.4279750138382987,2.019160258735408,1.4617921041530406
2020-12-30,1.4442720395635689,1.4442720395635689,2.019225469760621,1.4638772032349159
2020-12-31,1.441412710867894,1.441412710867894,2.024193087204713,1.4713150843624665
2021-01-04,1.4884763180953173,1.4884763180953173,1.9956115620976052,1.4512849489206843
2021-01-05,1.524409708981798,1.524409708981798,2.012063633365333,1.4612803434614734
2021-01-06,1.560122007771826,1.560122007771826,1.9841921161495713,1.4700166544757451
2021-01-07,1.5844234397706558,1.5844234397706558,2.0321931188960525,1.4918574965136544
2021-01-08,1.55681376157186,1.55681376157186,2.0583232376441107,1.5003576003622445
2021-01-11,1.5129727285826142,1.5129727285826142,2.0285803062094407,1.4902437797274652
2021-01-12,1.5367999872457638,1.5367999872457638,2.0253546966818865,1.4905586796135541
2021-01-13,1.5167400131915683,1.5167400131915683,2.039031947409441,1.4945726533766273
2021-01-14,1.5822113273435154,1.5822113273435154,2.028128704623614,1.4893389424472403
2021-01-15,1.5066396215110422,1.5066396215110422,2.012063633365333,1.4784774119641315
2021-01-19,1.5413796974129936,1.5413796974129936,2.0414191584913333,1.4900865232911102
2021-01-20,1.5593622263275821,1.5593622263275821,2.088904364374831,1.5107072411493265
2021-01-21,1.5094614789743566,1.5094614789743566,2.105614841948079,1.5120846217653745
2021-01-22,1.4964970638714479,1.4964970638714479,2.0995502166031943,1.506732613746457
2021-01-25,1.4936637419292202,1.4936637419292202,2.1169056941921864,1.5126752041818086
2021-01-26,1.4949898919202695,1.4949898919202695,2.1200025068662027,1.5103139065517495
2021-01-27,1.4829845531805204,1.4829845531805204,2.060904050305532,1.4734010864755596
2021-01-28,1.503907775153137,1.503907775153137,2.073097496272458,1.4860722915191178
2021-01-29,1.5078619324718814,1.5078619324718814,2.029483103081871,1.4563219280490527
2021-02-01,1.5380997065866298,1.5380997065866298,2.080194527941756,1.480563285072765
2021-02-02,1.5015208457342462,1.5015208457342462,2.1141314831008473,1.501498644808151
2021-02-03,1.5069194757992517,1.5069194757992517,2.10574424825045,1.502679164618721
2021-02-04,1.492008113304737,1.492008113304737,2.1306483590945664,1.5197583230452276
2021-02-05,1.5028518629349035,1.5028518629349035,2.137872968719734,1.5257397438229439
2021-02-08,1.5255121557011708,1.5255121557011708,2.1521972509591456,1.5367590467602465
2021-02-09,1.5192061846863056,1.5192061846863056,2.1517452430740964,1.5357357833860317
2021-02-10,1.5345762790912842,1.5345762790912842,2.146842024056774,1.53506650824919
2021-02-11,1.5476352914264953,1.5476352914264953,2.1586486731638654,1.5375458449598602
2021-02-12,1.5414539203200452,1.5414539203200452,2.1707143380253107,1.545140853519306
2021-02-16,1.6130965515711075,1.6130965515711075,2.164843314259955,1.5438029482679216
2021-02-17,1.6382208957833966,1.6382208957833966,2.1544548525890552,1.544156936505295
2021-02-18,1.632857407438828,1.632857407438828,2.145035617713468,1.5375853203245238
2021-02-19,1.6430718671464282,1.6430718671464282,2.1356803749654265,1.5348697764481718
2021-02-22,1.671544269704914,1.671544269704914,2.0803239342441273,1.5230643203335539
2021-02-23,1.6749476130418801,1.6749476130418801,2.0741303088960943,1.524913857272046
2021-02-24,1.681193505623813,1.681193505623813,2.091227380179566,1.541717204163748
2021-02-25,1.64771836322598,1.64771836322598,2.0183214539905237,1.5045684349307955
2021-02-26,1.6160404339070025,1.6160404339070025,2.026773493566912,1.496815653917156
2021-03-01,1.639407066945889,1.639407066945889,2.0877435674961027,1.5330988032256274
2021-03-02,1.6385752439856065,1.6385752439856065,2.0542586202220607,1.5211357036612754
2021-03-03,1.6464616392434852,1.6464616392434852,1.994643757349572,1.5009870131210437
2021-03-04,1.6660265674751813,1.6660265674751813,1.9619976148204141,1.482412822011257
2021-03-05,1.6997115824446272,1.6997115824446272,1.991546741525944,1.5096843647884908
2021-03-08,1.7047223291945441,1.7047223291945441,1.9351580976298433,1.5021679199449924
2021-03-09,1.6896181831606385,1.6896181831606385,2.0114824223275236,1.5236147823630264
2021-03-10,1.729983146099653,1.729983146099653,2.0057408048645393,1.5330988032256274
2021-03-11,1.7221436090158624,1.7221436090158624,2.051935604417326,1.5486430665908122
2021-03-12,1.7342781860925331,1.7342781860925331,2.035290337869292,1.5507289396994455
2021-03-15,1.7344442230659494,1.7344442230659494,2.0570326281637885,1.5599768824008249
2021-03-16,1.680022583301355,1.680022583301355,2.0683236835575074,1.558009177377262
2021-03-17,1.6911762493894182,1.6911762493894182,2.076839512111831,1.5633214520225964
2021-03-18,1.680095662124721,1.680095662124721,2.013224836543283,1.5405761597178418
2021-03-19,1.687415548956423,1.687415548956423,2.0203216650629696,1.5377254191677405
2021-03-22,1.673333819898981,1.673333819898981,2.0582092707121946,1.5500043216493997
2021-03-23,1.642062668946868,1.642062668946868,2.0492302610442032,1.5378043698970674
2021-03-24,1.6456113143986624,1.6456113143986624,2.014669433428939,1.5299872156580454
2021-03-25,1.6443918000142104,1.6443918000142104,2.0111809483044167,1.5385940061947943
2021-03-26,1.6446114391470685,1.6446114391470685,2.04134907187545,1.5633886633460918
2021-03-29,1.6345960609893166,1.6345960609893166,2.0407676576880296,1.562598640034986
2021-03-30,1.6256238172459823,1.6256238172459823,2.030496413342826,1.5584533397319544
2021-03-31,1.613261339849619,1.613261339849619,2.0615685526839567,1.5647703011093093
2021-04-01,1.6223948394993268,1.6223948394993268,2.0967107944866417,1.5816683372744196
2021-04-05,1.619991934296502,1.619991934296502,2.1385720065320726,1.604370155076261
2021-04-06,1.6352651153140796,1.6352651153140796,2.137085560826498,1.6034226173198807
2021-04-07,1.6326104406398025,1.6326104406398025,2.1422538900865122,1.6052783464724376
2021-04-08,1.651534366504486,1.651534366504486,2.1646052229155606,1.6128979948836832
2021-04-09,1.6379684247280353,1.6379684247280353,2.177719139771097,1.6246239842511356
2021-04-12,1.628877142978152,1.628877142978152,2.174876873559987,1.625216114721086
2021-04-13,1.6536404570473782,1.6536404570473782,2.200264480478897,1.6300330122412334
2021-04-14,1.6225856846763564,1.6225856846763564,2.1738436546371287,1.6244665988103208
2021-04-15,1.6489823812939521,1.6489823812939521,2.206788630244447,1.641916903067339
2021-04-16,1.6518634190217167,1.6518634190217167,2.2093726932996485,1.647405010791223
2021-04-19,1.595198029248828,1.595198029248828,2.1891534156407526,1.6393111419861786
2021-04-20,1.5901732496998888,1.5901732496998888,2.173197232574106,1.6273088250660825
2021-04-21,1.6278810597018225,1.6278810597018225,2.191801877122723,1.6427067973739853
2021-04-22,1.5741211763726282,1.5741211763726282,2.1653806449817323,1.6277034497082563
2021-04-23,1.584740125586863,1.584740125586863,2.192641494466052,1.6453519048153495
2021-04-26,1.5966591502249508,1.5966591502249508,2.206917833397207,1.6487867775589002
2021-04-27,1.5585181977140576,1.5585181977140576,2.1973576126914063,1.64843149927693
2021-04-28,1.542388395971223,1.542388395971223,2.189928634557313,1.6479577949009698
2021-04-29,1.522486755586902,1.522486755586902,2.1978096205764555,1.6584595319460194
2021-04-30,1.5109666974233058,1.5109666974233058,2.183403672193318,1.6475626542409572
2021-05-03,1.487523545265364,1.487523545265364,2.1717757947441334,1.6511162110874174
2021-05-04,1.4614052016579873,1.4614052016579873,2.132692653632655,1.6409300189507552
2021-05-05,1.4446205165507138,1.4446205165507138,2.1255220818040823,1.6414435857047578
2021-05-06,1.456085010978305,1.456085010978305,2.1415432727463317,1.654551083830968
2021-05-07,1.4539465256601605,1.4539465256601605,2.1589202841941173,1.666593005120187
2021-05-10,1.4353571174003599,1.4353571174003599,2.104398585225477,1.6500895935972508
2021-05-11,1.4471264881627628,1.4471264881627628,2.101491717437987,1.6353630895020042
2021-05-12,1.4178941562721297,1.4178941562721297,2.047098612173273,1.6006193504109436
2021-05-13,1.4070576157054582,1.4070576157054582,2.062925185787938,1.6198469491090306
2021-05-14,1.4184596768832585,1.4184596768832585,2.1084684845374198,1.6447202989807357
2021-05-17,1.4327548450964096,1.4327548450964096,2.0956775755637835,1.6405351362996619
2021-05-18,1.432904867826049,1.432904867826049,2.081530439785389,1.626400633669906
2021-05-19,1.427396934931876,1.427396934931876,2.0839202918122277,1.6221369072728844
2021-05-20,1.4298589205193137,1.4298589205193137,2.124230456575704,1.6395879855566606
2021-05-21,1.4264176565452387,1.4264176565452387,2.1124735791233706,1.638245178135808
2021-05-24,1.4568627954786233,1.4568627954786233,2.148003430384336,1.6549462244909807
2021-05-25,1.4566458014244015,1.4566458014244015,2.1509744934489836,1.6512743705549904
2021-05-26,1.466557983446824,1.466557983446824,2.1584690889075127,1.654551083830968
2021-05-27,1.4685475483291146,1.4685475483291146,2.150393688710397,1.6554196708580216
2021-05-28,1.4832035728377715,1.4832035728377715,2.1571764479310787,1.6583809682300719
2021-06-01,1.4825511291639324,1.4825511291639324,2.1500060792521167,1.6569199927241485
2021-06-02,1.483652599099948,1.483652599099948,2.1542051817168195,1.659525753805309
2021-06-03,1.452546971318488,1.452546971318488,2.13178904416178,1.6533666938866076
2021-06-04,1.4785897804768537,1.4785897804768537,2.167964708036934,1.6684882096374072
2021-06-07,1.4803623963908807,1.4803623963908807,2.1744238499268813,1.66686959068175
2021-06-08,1.4784949868074329,1.4784949868074329,2.175457678298573,1.6672247399592603
2021-06-09,1.4767565540127185,1.4767565540127185,2.175974287760002,1.66473740497209
2021-06-10,1.4736717917297146,1.4736717917297146,2.1986494410693957,1.672475737486245
2021-06-11,1.4978418870706778,1.4978418870706778,2.2043985750679966,1.6752394000260589
2021-06-14,1.5119380867196242,1.5119380867196242,2.225523087394658,1.6789902046913763
2021-06-15,1.5073224373731127,1.5073224373731127,2.210987732709149,1.6759106102297956
2021-06-16,1.511619093475798,1.511619093475798,2.2029133482600898,1.6665536587599834
2021-06-17,1.5383301544286094,1.5383301544286094,2.2308844087853674,1.6660004876368577
2021-06-18,1.5334805417204975,1.5334805417204975,2.2133775847359884,1.6435257176840603
2021-06-21,1.5370513571255011,1.5370513571255011,2.2271336575127108,1.667054196063558
2021-06-22,1.5582647970991914,1.5582647970991914,2.2478949383344435,1.6759668561742183
2021-06-23,1.556276523122616,1.556276523122616,2.248993774581738,1.6739465173311041
2021-06-24,1.5424320523033674,1.5424320523033674,2.262899568621958,1.6838492866698402
2021-06-25,1.5300498870509365,1.5300498870509365,2.2601180441446136,1.6898305784430967
2021-06-28,1.5812158749760359,1.5812158749760359,2.2876047959966526,1.693237070205517
2021-06-29,1.5637418317233664,1.5637418317233664,2.2958833458050267,1.6941479706953468
2021-06-30,1.5532365548722644,1.5532365548722644,2.292261391385908,1.6955741149971555
2021-07-01,1.5661228111696452,1.5661228111696452,2.293166829203285,1.7049618985328323
2021-07-02,1.5679397438908484,1.5679397438908484,2.319489940082038,1.7179939290501276
2021-07-06,1.5795070176101804,1.5795070176101804,2.329514357649563,1.7148646678715682
2021-07-07,1.6001438534188441,1.6001438534188441,2.334429359344339,1.7209250393786113
2021-07-08,1.5856096722609119,1.5856096722609119,2.320330166874201,1.7069026416243211
2021-07-09,1.5974455181970468,1.5974455181970468,2.3348173751018413,1.7251236185234924
2021-07-12,1.5939187024213666,1.5939187024213666,2.343936761151212,1.7313028031379045
2021-07-13,1.591378010082223,1.591378010082223,2.343936761151212,1.7254005910984342
2021-07-14,1.6114892781921575,1.6114892781921575,2.348140739206585,1.7279753911092706
2021-07-15,1.596822004463116,1.596822004463116,2.331648444315828,1.722073824092099
2021-07-16,1.5729255697560498,1.5729255697560498,2.3127636564532863,1.7085665411453275
2021-07-19,1.5476326975858516,1.5476326975858516,2.293814063864753,1.68333468788016
2021-07-20,1.5642195486041397,1.5642195486041397,2.3204595731765725,1.707457747814342
2021-07-21,1.5783444618324758,1.5783444618324758,2.338374118495746,1.7212810916873396
2021-07-22,1.5970359246313017,1.5970359246313017,2.3538321787155887,1.7248861213132138
2021-07-23,1.6354492125835096,1.6354492125835096,2.3813183211187936,1.7426314587695297
2021-07-26,1.647623747565298,1.647623747565298,2.3831937983299274,1.7469095046615764
2021-07-27,1.6242167433264354,1.6242167433264354,2.3569361016259993,1.7389477364232482
2021-07-28,1.6621167100047243,1.6621167100047243,2.365990276650156,1.7382348577790334
2021-07-29,1.6268775564463942,1.6268775564463942,2.3701950673039742,1.7454438849951044
2021-07-30,1.615995347717871,1.615995347717871,2.3578415394433763,1.7369671309537171
2021-08-02,1.6431828690664751,1.6431828690664751,2.3580357504717386,1.7333230129765587
2021-08-03,1.6479886192863413,1.6479886192863413,2.372328747671016,1.7474244904646357
2021-08-04,1.6462936392988836,1.6462936392988836,2.375755881612939,1.7388287943114193
2021-08-05,1.6574484716423412,1.6574484716423412,2.390825519776056,1.7498407439945198
2021-08-06,1.6363187470306058,1.6363187470306058,2.3803480785754254,1.7527325079628002
2021-08-09,1.6288481846671514,1.6288481846671514,2.384746267659161,1.7513063636609918
2021-08-10,1.6224285897461976,1.6224285897461976,2.3725223492505454,1.7534847329672187
2021-08-11,1.6212449351876328,1.6212449351876328,2.3684481837967666,1.757841729588592
2021-08-12,1.635381818488346,1.635381818488346,2.3769855462098834,1.7631102717220934
2021-08-13,1.6451542263852512,1.6451542263852512,2.385328494445026,1.7663188706433581
2021-08-16,1.6612143628576173,1.6612143628576173,2.3863631354151633,1.7704782324324952
2021-08-17,1.6518165937179456,1.6518165937179456,2.365343651437522,1.7588719592036297
2021-08-18,1.6257013681381651,1.6257013681381651,2.3425780965511187,1.7396212687072594
2021-08-19,1.644476860947788,1.644476860947788,2.3538963739927463,1.742314752821005
2021-08-20,1.673857126581095,1.673857126581095,2.3782783903359292,1.7561782170809646
2021-08-23,1.7205698772454059,1.7205698772454059,2.413849887267202,1.771626501128144
2021-08-24,1.7083729762461204,1.7083729762461204,2.421222592958977,1.774439185362638
2021-08-25,1.7231132256657467,1.7231132256657467,2.42400391428671,1.7781625120780424
2021-08-26,1.7091592554276067,1.7091592554276067,2.4086106587928584,1.7676656772024608
2021-08-27,1.7329550641657596,1.7329550641657596,2.43202344834073,1.7834701425628283
2021-08-30,1.738474449142308,1.738474449142308,2.4593157860147947,1.7913129686893277
2021-08-31,1.7276603703623288,1.7276603703623288,2.457311105650901,1.7886590889447047
2021-09-01,1.7329138469143288,1.7329138469143288,2.4613854742542913,1.7896099808170371
2021-09-02,1.7196695560578579,1.7196695560578579,2.460221426981783,1.7951157621518976
2021-09-03,1.7395460998145293,1.7395460998145293,2.4677885468515313,1.794680114091544
2021-09-07,1.7608304227284113,1.7608304227284113,2.471280282369834,1.7882630452534745
2021-09-08,1.756019531785103,1.756019531785103,2.462679334128393,1.7860842889338684
2021-09-09,1.7398371283376157,1.7398371283376157,2.454206776441268,1.778439742661904
2021-09-10,1.7072933200849072,1.7072933200849072,2.4355805980338574,1.7644177319209926
2021-09-13,1.6994313250983337,1.6994313250983337,2.4338991287014746,1.7689327590054789
2021-09-14,1.6977140107306368,1.6977140107306368,2.426979040343583,1.7593870740111486
2021-09-15,1.6981755492516528,1.6981755492516528,2.4450231951147394,1.7740824880316115
2021-09-16,1.699264039652855,1.699264039652855,2.446704258147899,1.771270319814956
2021-09-17,1.6740053674305002,1.6740053674305002,2.4177298416926183,1.7540162313411174
2021-09-20,1.6261457576878329,1.6261457576878329,2.3677723050401114,1.7247693722771997
2021-09-21,1.6319644374880102,1.6319644374880102,2.3706856736151622,1.7231399169469288
2021-09-22,1.644126443777807,1.644126443777807,2.3928283717934486,1.7399489400348573
2021-09-23,1.6464046997636774,1.6464046997636774,2.414907484143411,1.7610895458656006
2021-09-24,1.6574488353596886,1.6574488353596886,2.4171734149073827,1.7639899531326797
2021-09-27,1.662157681290087,1.662157681290087,2.3978790774285446,1.7589436856832141
2021-09-28,1.6450209877388944,1.6450209877388944,2.330025075772266,1.7234975173091733
2021-09-29,1.6496705812971033,1.6496705812971033,2.3262048473325594,1.7263984405940913
2021-09-30,1.6427527659170524,1.6427527659170524,2.3176581400373246,1.7052979551503096
2021-10-01,1.6459527979294546,1.6459527979294546,2.3320321939314943,1.725564039748854
2021-10-04,1.612391754993314,1.612391754993314,2.2830837013981062,1.703311157466714
2021-10-05,1.6280533397684727,1.6280533397684727,2.3139033257724435,1.7210337901381254
2021-10-06,1.6319685138024953,1.6319685138024953,2.3287304032997187,1.7281867004142333
2021-10-07,1.6324795990439536,1.6324795990439536,2.350096663663777,1.7431281259393139
2021-10-08,1.6261858242394363,1.6261858242394363,2.3383769625903037,1.7399489400348573
2021-10-11,1.6194068518464686,1.6194068518464686,2.3204427117588375,1.727352428573456
2021-10-12,1.6013236529560686,1.6013236529560686,2.312349434395931,1.7231001835733462
2021-10-13,1.6173489139418626,1.6173489139418626,2.330866724611707,1.7292992348745495
2021-10-14,1.6559021378675598,1.6559021378675598,2.3737928469193528,1.7583872894485966
2021-10-15,1.6611677232286124,1.6611677232286124,2.3887497370482214,1.771778855395031
2021-10-18,1.6970381629666622,1.6970381629666622,2.412770350232977,1.7770241767257895
2021-10-19,1.690705407878513,1.690705407878513,2.4310288278440106,1.7907333516519668
2021-10-20,1.6850619332232093,1.6850619332232093,2.427856443514606,1.797766932802867
2021-10-21,1.7174258795057074,1.7174258795057074,2.44268331789227,1.8024562449123867
2021-10-22,1.707623048080903,1.707623048080903,2.422158909517265,1.800588647349539
2021-10-25,1.8154420151471125,1.8154420151471125,2.446956773114693,1.8102448891658185
2021-10-26,1.8138996304652641,1.8138996304652641,2.4546620347200974,1.8118736994737907
2021-10-27,1.8283482814997536,1.8283482814997536,2.4603595687174384,1.8038471709967014
2021-10-28,1.8857055288271403,1.8857055288271403,2.4876819725339696,1.821251936679451
2021-10-29,1.900942655581038,1.900942655581038,2.4999188925177056,1.8249475274360234
2021-11-01,1.9913130532949868,1.9913130532949868,2.50846559981294,1.828087108971357
2021-11-02,1.983297865701553,1.983297865701553,2.5189548236910237,1.8354781614800424
2021-11-03,2.026115434271392,2.026115434271392,2.545694391272855,1.8466842628749676
2021-11-04,2.161505754962391,2.161505754962391,2.57832712592767,1.8553866457163424
2021-11-05,2.1528571214900647,2.1528571214900647,2.580787064570393,1.8618240972590425
2021-11-08,2.1388187953313835,2.1388187953313835,2.577291469209477,1.863413561206811
2021-11-09,2.005489880386246,2.005489880386246,2.559550616807929,1.8572541142747305
2021-11-10,1.9663050179087977,1.9663050179087977,2.5219332001416763,1.842313075763029
2021-11-11,1.9973758664018686,1.9973758664018686,2.528926016060399,1.8429089473623106
2021-11-12,1.9973758664018686,1.9973758664018686,2.5555361773398593,1.8568171761697805
2021-11-15,2.004921685788342,2.004921685788342,2.5549533411051604,1.857452910147104
2021-11-16,1.9975971760036075,1.9975971760036075,2.5731476234390365,1.8648044872911256
2021-11-17,1.960067882647416,1.960067882647416,2.5745068974879635,1.860274108675937
2021-11-18,2.0349376560842245,2.0349376560842245,2.6011826760918604,1.8665926181068082
2021-11-19,2.0968746584112083,2.0968746584112083,2.615685526839568,1.8632548857213993
2021-11-22,2.06723723858771,2.06723723858771,2.5853197386967812,1.8580094353861814
2021-11-23,2.062948326407452,2.062948326407452,2.5735354360469285,1.8604732915616893
2021-11-24,2.0964869674525133,2.0964869674525133,2.58182333073742,1.8654400922639895
2021-11-26,2.0257126424130316,2.0257126424130316,2.532875447652865,1.8238347349667878
2021-11-29,2.0627963799486007,2.0627963799486007,2.5878446852151065,1.8462072043830555
2021-11-30,2.0539605095450555,2.0539605095450555,2.5498382370432955,1.8102846225394011
2021-12-01,2.006798138430653,2.006798138430653,2.506458481653711,1.790177342430728
2021-12-02,2.00338351856686,2.00338351856686,2.5245229513859933,1.8175960792964614
2021-12-03,1.9975114840097854,1.9975114840097854,2.4806247581884784,1.8017807775614805
2021-12-06,2.0123061038565018,2.0123061038565018,2.5005021350516268,1.8231196632467583
2021-12-07,2.044597421999472,2.044597421999472,2.5758019762597333,1.8608306339150145
2021-12-08,2.0594257252894534,2.0594257252894534,2.587326653706399,1.865758088257111
2021-12-09,2.055992735774598,2.055992735774598,2.54925601025743,1.8531613187867904
2021-12-10,2.0716552468073273,2.0716552468073273,2.5769676487291315,1.8706059468475824
2021-12-13,2.0562000762685964,2.0562000762685964,2.5397378415211604,1.8540354530056105
2021-12-14,2.035324278747553,2.035324278747553,2.513451094422822,1.8412796210364992
2021-12-15,2.0596094174379194,2.0596094174379194,2.5707516769238596,1.8700496796174244
2021-12-16,2.024390727359457,2.024390727359457,2.5046457776724558,1.853558523518158
2021-12-17,2.021100089870444,2.021100089870444,2.4921496387847553,1.8338314195521739
2021-12-20,2.0027929028828293,2.0027929028828293,2.467974835045055,1.814331750448613
2021-12-21,2.019392199616249,2.019392199616249,2.523209385999599,1.8465524203171704
2021-12-22,2.0315829564999435,2.0315829564999435,2.5539384056473153,1.8650154095827092
2021-12-23,2.0334161264749855,2.0334161264749855,2.5731923163535133,1.8766198767491395
2021-12-27,2.068633297478676,2.068633297478676,2.615720265423093,1.90317789585986
2021-12-28,2.0556357501500147,2.0556357501500147,2.6035967029224394,1.901622747098367
2021-12-29,2.0491187311775008,2.0491187311775008,2.603208077716103,1.9040551261857122
2021-12-30,2.034557112434063,2.034557112434063,2.5954286665025896,1.898791357217219
2021-12-31,2.0251046633181184,2.0251046633181184,2.5792217968156503,1.8940060657896944
2022-01-03,2.0570154708050197,2.0570154708050197,2.6040505391539894,1.9049719608806879
2022-01-04,2.037855427994642,2.037855427994642,2.5702748847862376,1.9043342918364687
2022-01-05,1.9733294470830811,1.9733294470830811,2.491313271835206,1.8677666876943937
2022-01-06,1.9777099866806103,1.9777099866806103,2.489562934784607,1.8660122270426889
2022-01-07,1.977202193980318,1.977202193980318,2.4625940112916647,1.8586351070156497
2022-01-10,1.9684125364977687,1.9684125364977687,2.464214738890281,1.856322186057972
2022-01-11,1.9896739288031655,1.9896739288031655,2.501232051604877,1.8732300265620183
2022-01-12,1.9875564276471376,1.9875564276471376,2.511151034524159,1.8782944836402995
2022-01-13,1.9654379856606383,1.9654379856606383,2.4483318928332984,1.8524141249562998
2022-01-14,1.9764112978721433,1.9764112978721433,2.4635664884807573,1.853172155161404
2022-01-18,1.9550834175241045,1.9550834175241045,2.402238058637307,1.8203530336043716
2022-01-19,1.935381278506941,1.935381278506941,2.3758531902767315,1.801451300171447
2022-01-20,1.9289033853855613,1.9289033853855613,2.34499415487781,1.7815128869005001
2022-01-21,1.9182103899101057,1.9182103899101057,2.2799704336055777,1.7465401648935004
2022-01-24,1.9150596909278375,1.9150596909278375,2.2904086669312353,1.7539574053075015
2022-01-25,1.9146415239736827,1.9146415239736827,2.237312875084015,1.7325433100222274
2022-01-26,1.900381994379649,1.900381994379649,2.233811997833206,1.7281967627620887
2022-01-27,1.8789425876580752,1.8789425876580752,2.211316631929776,1.7196632467584407
2022-01-28,1.8775412283806048,1.8775412283806048,2.280684098189927,1.762371592185942
2022-01-31,1.884368723736236,1.884368723736236,2.353616636978044,1.7941136555090709
2022-02-01,1.9269827641642598,1.9269827641642598,2.3696290924870094,1.8062363335900522
2022-02-02,1.9279473088769716,1.9279473088769716,2.3888832063428183,1.823782359156156
2022-02-03,1.918020517475188,1.918020517475188,2.2920285819314064,1.7809145642164852
2022-02-04,1.9344341784024266,1.9344341784024266,2.3209424598025326,1.7892887597124232
2022-02-07,1.9557884678794952,1.9557884678794952,2.302272197929479,1.7835462551940422
2022-02-08,1.9648927637970237,1.9648927637970237,2.328138831631735,1.7982212865098748
2022-02-09,1.997965497112838,1.997965497112838,2.3774737147257365,1.8245400023478813
2022-02-10,1.9971735956048793,1.9971735956048793,2.3236654771918346,1.7917611301822705
2022-02-11,1.9971237408222304,1.9971237408222304,2.249954469093377,1.756430033786268
2022-02-14,1.9957123359654616,1.9957123359654616,2.252742697507893,1.7506876582723465
2022-02-15,2.0053116461656026,2.0053116461656026,2.3087549051743324,1.778920800292066
2022-02-16,2.017125750217255,2.017125750217255,2.3081716626404107,1.7809145642164852
2022-02-17,2.0121663330079635,2.0121663330079635,2.239517657814998,1.742871665073462
2022-02-18,2.0095854001005846,2.0095854001005846,2.213975047742698,1.73158648394475
2022-02-22,2.019242099494297,2.019242099494297,2.1917382912943992,1.7130037785406242
2022-02-23,2.031020777779028,2.031020777779028,2.1355964741759768,1.6826172940798565
2022-02-24,2.0183634979965053,2.0183634979965053,2.2073621215970283,1.7079390634534235
2022-02-25,2.018718424269469,2.018718424269469,2.2415920184955533,1.7456235882074447
2022-02-28,2.0383759628480647,2.0383759628480647,2.248269343067992,1.7411570667997993
2022-03-01,2.0690379517934168,2.0690379517934168,2.213845031991493,1.7146387810626615
2022-03-02,2.0870075443876193,2.0870075443876193,2.250992360457294,1.7461815324955783
2022-03-03,2.1041235447757174,2.1041235447757174,2.2188370273889353,1.737488308970841
2022-03-04,2.1232358150346853,2.1232358150346853,2.1866816943205767,1.7233717379609814
2022-03-07,2.1293510673495075,2.1293510673495075,2.1060345490449377,1.672567975674919
2022-03-08,2.136434529044975,2.136434529044975,2.0962453787272493,1.6598873533058038
2022-03-09,2.125164927216274,2.125164927216274,2.1717061144274723,1.7043900217630523
2022-03-10,2.150125749653403,2.150125749653403,2.1475900209254255,1.6966940027116737
2022-03-11,2.13029825745499,2.13029825745499,2.1030523127516707,1.6751200709008514
2022-03-14,2.10924437582547,2.10924437582547,2.0626643416870825,1.6628779346902023
2022-03-15,2.07268624844473,2.07268624844473,2.127363429880525,1.6994455388322773
2022-03-16,2.075930418724847,2.075930418724847,2.2062600349559536,1.73712928955954
2022-03-17,2.0784675402189365,2.0784675402189365,2.2329699426945417,1.758862412873613
2022-03-18,2.0739001846595864,2.0739001846595864,2.278673932786529,1.7781270358516295
2022-03-21,2.140181012388729,2.140181012388729,2.2723391184586714,1.7776071478791022
2022-03-22,2.1387889670688427,2.1387889670688427,2.3169970912022912,1.7984074399451988
2022-03-23,2.1639753137708264,2.1639753137708264,2.28369802582255,1.7752464952713416
2022-03-24,2.213521666088802,2.213521666088802,2.334457190841081,1.8020074383971454
2022-03-25,2.2371653378851217,2.2371653378851217,2.332509798667562,1.8108077356234205
2022-03-28,2.209499307265998,2.209499307265998,2.368599733406765,1.8236877988872078
2022-03-29,2.204214012870519,2.204214012870519,2.409362312354513,1.8462486148146144
2022-03-30,2.2593645156039504,2.2593645156039504,2.3827495101301057,1.8348482327034046
2022-03-31,2.2307378578711567,2.2307378578711567,2.3532158227950317,1.8066076084250233
2022-04-01,2.267494265837848,2.267494265837848,2.348737592764461,1.8117279244343476
2022-04-04,2.2655548840424617,2.2655548840424617,2.3970945136298663,1.8272483219744906
2022-04-05,2.235452019282548,2.235452019282548,2.343868706031441,1.8041673600656374
2022-04-06,2.2400983276617374,2.2400983276617374,2.29298033786015,1.7861272474189434
2022-04-07,2.2447721962078893,2.2447721962078893,2.298432670276703,1.7951273725532693
2022-04-08,2.2506103410795837,2.2506103410795837,2.2663025277601405,1.7903269876039614
2022-04-11,2.216768316069614,2.216768316069614,2.2126872823569337,1.7597266137490373
2022-04-12,2.2398832664157733,2.2398832664157733,2.203340978191788,1.7532062123387606
2022-04-13,2.256611787601549,2.256611787601549,2.248127747788945,1.7732867885242793
2022-04-14,2.2629774631603317,2.2629774631603317,2.19672033236089,1.7512061271958173
2022-04-18,2.2702339983693998,2.2702339983693998,2.1984078961816103,1.7519261010853144
2022-04-19,2.246676966324507,2.246676966324507,2.2475438958061895,1.7802069747551172
2022-04-20,2.250393058379453,2.250393058379453,2.214764690281658,1.778886872119169
2022-04-21,2.2365499344252586,2.2365499344252586,2.1689388104229157,1.752286152532293
2022-04-22,2.2193374320139156,2.2193374320139156,2.1121432578554655,1.7042049003634057
2022-04-25,2.1677204627838216,2.1677204627838216,2.1392759199350815,1.714085093921697
2022-04-26,2.1687445908184713,2.1687445908184713,2.0585286219010923,1.6644436618173892
2022-04-27,2.180130783932933,2.180130783932933,2.056061979321198,1.6691239436147307
2022-04-28,2.1995578157346496,2.1995578157346496,2.1290845133871024,1.7112851811287118
2022-04-29,2.1871987740137255,2.1871987740137255,2.0332783441193927,1.6480434538622
2022-05-02,2.1859016748841547,2.1859016748841547,2.0672262693574917,1.6579638968119128
2022-05-03,2.1855589948682184,2.1855589948682184,2.0694338961830323,1.6655638075408268
2022-05-04,2.1845497917759125,2.1845497917759125,2.1394055293870635,1.7162852649816105
2022-05-05,2.183651655694635,2.183651655694635,2.031655788174275,1.6552837001575145
2022-05-06,2.1815244579785134,2.1815244579785134,2.0073148080525662,1.6454032485903038
2022-05-09,2.038321313264196,2.038321313264196,1.9287751368441175,1.5927220844024579
2022-05-10,2.0465958058586002,2.0465958058586002,1.9522076319042807,1.5964021946238682
2022-05-11,2.0465958058586002,2.0465958058586002,1.8943083674988657,1.5710414659034764
2022-05-12,2.0465958058586002,2.0465958058586002,1.8898289185706272,1.5694014322075116
2022-05-13,2.0465958058586002,2.0465958058586002,1.959866575398318,1.6069225083111123
2022-05-16,2.048210402455651,2.048210402455651,1.937148557520949,1.6004022359052952
2022-05-17,2.0381469363830997,2.0381469363830997,1.9873232611078906,1.633322883972099
2022-05-18,2.052646398530045,2.052646398530045,1.889765129592692,1.567480942816193
2022-05-19,2.055719083633099,2.055719083633099,1.879638324621093,1.5578810759487955
2022-05-20,2.063938823822029,2.063938823822029,1.8737967575493697,1.5585610584557907
2022-05-23,2.047669951714126,2.047669951714126,1.9049536102783953,1.5877217425406396
2022-05-24,2.0679917990232433,2.0679917990232433,1.8644498439353898,1.575601386539933
2022-05-25,2.0723141062679686,2.0723141062679686,1.8905435989030328,1.5895216127621532
2022-05-26,2.0686840784296274,2.0686840784296274,1.9429255230162923,1.6212826397408557
2022-05-27,2.071493374211579,2.071493374211579,2.0063417214146404,1.6610837406649148
2022-05-31,2.046180329020588,2.046180329020588,2.0010192015996813,1.6517635554661128
2022-06-01,2.0314632981114693,2.0314632981114693,1.9862199555691484,1.6384030795944615
2022-06-02,2.0448469961087747,2.0448469961087747,2.040613670282696,1.6696040982136753
2022-06-03,2.029625226750834,2.029625226750834,1.987518081585087,1.642203292967838
2022-06-06,2.0573122082854236,2.0573122082854236,1.9941387274159847,1.647203247816277
2022-06-07,2.1042009783283495,2.1042009783283495,2.0113396081508093,1.6630037140383942
2022-06-08,2.0560679575322083,2.0560679575322083,1.996864995199067,1.6449233520002786
2022-06-09,1.987612993261101,1.987612993261101,1.9433799686966764,1.605802233583215
2022-06-10,1.9561074739924966,1.9561074739924966,1.874834852062898,1.5592407829538668
2022-06-13,1.9146268910433797,1.9146268910433797,1.7876627444232638,1.5000397333735827
2022-06-14,1.9076050767384787,1.9076050767384787,1.7909080594631097,1.4955192881017896
2022-06-15,1.9283552039931848,1.9283552039931848,1.8356308369327212,1.5168402421671716
2022-06-16,1.9405382015735795,1.9405382015735795,1.7615693957548435,1.4666385436944556
2022-06-17,1.9303170581543687,1.9303170581543687,1.7829888813170514,1.4698004430013145
2022-06-21,1.9276369205410178,1.9276369205410178,1.8279727060371291,1.5068003410877915
2022-06-22,1.9351329824372745,1.9351329824372745,1.8253067736885906,1.5040685426495195
2022-06-23,1.9382749482932948,1.9382749482932948,1.852490832619855,1.518812591351283
2022-06-24,1.9364389848510584,1.9364389848510584,1.9159641160589667,1.5671011536868829
2022-06-27,1.9444565018053064,1.9444565018053064,1.9019165235900883,1.5611154757619972
2022-06-28,1.9300525517911704,1.9300525517911704,1.843972159970974,1.5292175750515697
2022-06-29,1.9364245025378377,1.9364245025378377,1.8456621615870292,1.527972036993319
2022-06-30,1.9407066102871116,1.9407066102871116,1.822770653941646,1.51555832485129
2022-07-01,1.9580539920481939,1.9580539920481939,1.8348013770699545,1.5315876449848873
2022-07-05,1.945208376196742,1.945208376196742,1.8662131825611088,1.5344803119843853
2022-07-06,1.942087932907129,1.942087932907129,1.8781788978138156,1.539662679138818
2022-07-07,1.937330603226191,1.937330603226191,1.9183702200547061,1.5627224843162828
2022-07-08,1.9303759764293198,1.9303759764293198,1.9207763240504456,1.5614368258710705
2022-07-11,1.9347320495511853,1.9347320495511853,1.8797403057259445,1.5436000242528387
2022-07-12,1.9284078504100608,1.9284078504100608,1.8615303808720014,1.52994051604364
2022-07-13,1.922726010530984,1.922726010530984,1.857693900463394,1.5219057312811304
2022-07-14,1.9246657182575102,1.9246657182575102,1.8643273447198014,1.5182098825156385
2022-07-15,1.93346740914835,1.93346740914835,1.8981444416082502,1.5472153742354873
2022-07-18,1.92702023208491,1.92702023208491,1.8820811986964703,1.534440062592964
2022-07-19,1.9222111111031694,1.9222111111031694,1.9399615701880384,1.5758995158462628
2022-07-20,1.9230011025862626,1.9230011025862626,1.9707222811751108,1.5859430290505143
2022-07-21,1.9367803565081556,1.9367803565081556,1.9990122865900637,1.6020930973583756
2022-07-22,1.9504651174162728,1.9504651174162728,1.9639590243171097,1.5872284294868073
2022-07-25,1.943962759021708,1.943962759021708,1.9527729972724117,1.5891570461590858
2022-07-26,1.9445225097423797,1.9445225097423797,1.9144033175956716,1.5703556781957952
2022-07-27,1.942774087327933,1.942774087327933,1.995305212483828,1.6111319238306068
2022-07-28,1.9514461663788727,1.9514461663788727,2.0148154979994333,1.6313394404044548
2022-07-29,1.9503060777558228,1.9503060777558228,2.0515597776364984,1.6551223155784498
2022-08-01,1.9494279968570642,1.9494279968570642,2.0503242217008273,1.6502211781461285
2022-08-02,1.9452511511107171,1.9452511511107171,2.0442114498980746,1.639333846771083
2022-08-03,1.9571704611190286,1.9571704611190286,2.099880131571877,1.665004960221475
2022-08-04,1.96050666971779,1.96050666971779,2.109699774331254,1.6638802993419481
2022-08-05,1.9556583792672633,1.9556583792672633,2.0924659833594057,1.661067873116374
2022-08-08,1.9340514513349079,1.9340514513349079,2.0857029296510166,1.6591397724619341
2022-08-09,1.9291665883417242,1.9291665883417242,2.0620951164763377,1.652551256696944
2022-08-10,1.9572404462349406,1.9572404462349406,2.11965004229067,1.6872613256240268
2022-08-11,1.9549083858344165,1.9549083858344165,2.1076187097135275,1.6872613256240268
2022-08-12,1.963196460646245,1.963196460646245,2.148655540636474,1.7158248480649976
2022-08-15,1.9715343100259173,1.9715343100259173,2.1660193473595273,1.7228954534958274
2022-08-16,1.9628853296713853,1.9628853296713853,2.1609464984168043,1.7262703391656251
2022-08-17,1.946242131272296,1.946242131272296,2.1362991686813184,1.7140171085714433
2022-08-18,1.9429546665294128,1.9429546665294128,2.1414366192004213,1.7189988737910669
2022-08-19,1.8910174380712217,1.8910174380712217,2.0996849047954584,1.6958989482266402
2022-08-22,1.8414871634389696,1.8414871634389696,2.044406270375271,1.6605859124549938
2022-08-23,1.8383818974453254,1.8383818974453254,2.04271525301116,1.6565685845759688
2022-08-24,1.8381257137031022,1.8381257137031022,2.048633407486327,1.661871957913585
2022-08-25,1.8500817529506504,1.8500817529506504,2.084856811520127,1.6853332249695872
2022-08-26,1.8147978087028827,1.8147978087028827,1.9994025369932902,1.6282861628526497
2022-08-29,1.8012668544019061,1.8012668544019061,1.979697431000488,1.6175195796518687
2022-08-30,1.7886879709304788,1.7886879709304788,1.9576504162891046,1.5997628898031004
2022-08-31,1.8003499086127428,1.8003499086127428,1.9462693656175987,1.5875900289873024
2022-09-01,1.809181117629134,1.809181117629134,1.9471154837484879,1.5925719232113855
2022-09-02,1.7892394836711925,1.7892394836711925,1.9196059791399884,1.5757790256809179
2022-09-06,1.7848566332511495,1.7848566332511495,1.9058186213231316,1.5698332101340744
2022-09-07,1.8157940250227418,1.8157940250227418,1.9443189261999108,1.5980352620790104
2022-09-08,1.8229467796356493,1.8229467796356493,1.9543994130601432,1.6084804951707183
2022-09-09,1.8412523950994224,1.8412523950994224,1.9971262455991445,1.633468659011542
2022-09-12,1.861153494142548,1.861153494142548,2.0208636682258057,1.6510246179210417
2022-09-13,1.7480065058311902,1.7480065058311902,1.9100461647334104,1.5792340231201794
2022-09-14,1.7762253918763546,1.7762253918763546,1.9251990942371433,1.5852603374498657
2022-09-15,1.7792365791426668,1.7792365791426668,1.8931374131395746,1.5672622802570284
2022-09-16,1.7781822328136907,1.7781822328136907,1.8815609325420386,1.5553053729067416
2022-09-19,1.7785245716280669,1.7785245716280669,1.8962135045532431,1.5673667738693726
2022-09-20,1.769561219614399,1.769561219614399,1.881098360877204,1.5493756829173584
2022-09-21,1.7798492233702763,1.7798492233702763,1.8474155458817967,1.5223486035912261
2022-09-22,1.7803313357428978,1.7803313357428978,1.8246782287913583,1.509561294533952
2022-09-23,1.754680948808878,1.754680948808878,1.7949694264913798,1.4842689381771927
2022-09-26,1.754805985465359,1.754805985465359,1.7875414641053429,1.469585392567021
2022-09-27,1.7557651403984302,1.7557651403984302,1.7882587853826948,1.4658339428794054
2022-09-28,1.758864111273679,1.758864111273679,1.8238310949124126,1.494676372962213
2022-09-29,1.730753786142229,1.730753786142229,1.7712539440227342,1.4634540686071518
2022-09-30,1.7223732703584194,1.7223732703584194,1.7412192897462972,1.4408241062893545
2022-10-03,1.7679815427431835,1.7679815427431835,1.7820686135780528,1.478863651316426
2022-10-04,1.8031072990259827,1.8031072990259827,1.8380986984102832,1.5246886154854373
2022-10-05,1.7937332043299758,1.7937332043299758,1.8371215487801322,1.5211386707638483
2022-10-06,1.774894157668574,1.774894157668574,1.8226583122066202,1.505446826296785
2022-10-07,1.7585929218616285,1.7585929218616285,1.7532075546058536,1.4634540686071518
2022-10-10,1.7341352187860588,1.7341352187860588,1.7356820407922389,1.452280089322688
2022-10-11,1.730533554827261,1.730533554827261,1.711836542572388,1.4430825873650452
2022-10-12,1.733725678802376,1.733725678802376,1.7112502527942974,1.4383229678249978
2022-10-13,1.7698796512646997,1.7698796512646997,1.7513832710967567,1.4762816270558474
2022-10-14,1.7444789438311652,1.7444789438311652,1.6987414170558928,1.4426391990371108
2022-10-17,1.7489197584233631,1.7489197584233631,1.7548360018896978,1.4797106945987122
2022-10-18,1.7536819656810514,1.7536819656810514,1.768713558133953,1.4970964966258884
2022-10-19,1.7620338712829633,1.7620338712829633,1.762263557976512,1.4864876858793008
2022-10-20,1.7638540999811996,1.7638540999811996,1.7532725624814562,1.4740228879712372
2022-10-21,1.7827551574784513,1.7827551574784513,1.7943833398629003,1.5098438143006603
2022-10-24,1.7634478794105446,1.7634478794105446,1.8141237938880612,1.5283188009809499
2022-10-25,1.782189188555795,1.782189188555795,1.8516499963788582,1.5527241226729207
2022-10-26,1.8227833639882551,1.8227833639882551,1.8107356646715005,1.5410256112553813
2022-10-27,1.8142201623006058,1.8142201623006058,1.7777695615046114,1.5327966747810475
2022-10-28,1.8111713229602364,1.8111713229602364,1.8321701833049415,1.569262752413351
2022-10-31,1.816147274975151,1.816147274975151,1.8108662898715393,1.5579273885498222
2022-11-01,1.8302236830234586,1.8302236830234586,1.792363220128551,1.5511102768822718
2022-11-02,1.7964830790917876,1.7964830790917876,1.7309261052430782,1.5121833101770328
2022-11-03,1.8092055661699018,1.8092055661699018,1.6971129697720488,1.4966127299020726
2022-11-04,1.8198498960059848,1.8198498960059848,1.7244108940604235,1.5181535075667565
2022-11-07,1.8151070752349912,1.8151070752349912,1.7433698315310746,1.5326756685978635
2022-11-08,1.832953508187106,1.832953508187106,1.7560744019199264,1.5409451124725382
2022-11-09,1.8143082137045905,1.8143082137045905,1.7155505237654065,1.5091982759844007
2022-11-10,1.8489714101271257,1.8489714101271257,1.8421383284301482,1.592135114110895
2022-11-11,1.879160526978755,1.879160526978755,1.8760817843767994,1.6075441808023303
2022-11-14,1.8800597158494003,1.8800597158494003,1.8596640453933744,1.5938695790713484
2022-11-15,1.8930050659665127,1.8930050659665127,1.8853984286987018,1.6074635530150276
2022-11-16,1.8761757769684309,1.8761757769684309,1.8596640453933744,1.595201034099749
2022-11-17,1.8627375381974232,1.8627375381974232,1.8555594074979067,1.5903198923586788
2022-11-18,1.8635938992955516,1.8635938992955516,1.8556244153735093,1.5975405299761212
2022-11-21,1.8345906258583446,1.8345906258583446,1.8365358684508755,1.5917317171654624
2022-11-22,1.859865641598702,1.859865641598702,1.8629861509862762,1.6131516176514222
2022-11-23,1.886079837881195,1.886079837881195,1.8816844475056833,1.6233170400700754
2022-11-25,1.8812349161700652,1.8812349161700652,1.869306135392512,1.6229538925160643
2022-11-28,1.834986888240311,1.834986888240311,1.8418778906285154,1.5970563762389265
2022-11-29,1.88274292609053,1.88274292609053,1.82793573280788,1.5943134834171218
2022-11-30,1.9820848068706842,1.9820848068706842,1.9112634372040682,1.6445350485766292
2022-12-01,2.0030378285735995,2.0030378285735995,1.913609205765264,1.6433251157492517
2022-12-02,2.034287819750891,2.034287819750891,1.9059860166028082,1.6414292662097332
2022-12-05,1.9592846762253313,1.9592846762253313,1.8739974693652925,1.6119010484192438
2022-12-06,1.9492006963100172,1.9492006963100172,1.8351672495198306,1.5886660551855278
2022-12-07,1.9617845718151656,1.9617845718151656,1.827675091856636,1.585963153746225
2022-12-08,1.9852494700285697,1.9852494700285697,1.8493050404161073,1.5983874442539479
2022-12-09,1.977626302073001,1.977626302073001,1.8375128149314153,1.5864474364878793
2022-12-12,1.9712490647318344,1.9712490647318344,1.8605761871479227,1.6093192821675846
2022-12-13,1.9881636389656485,1.9881636389656485,1.8805772821243274,1.6215016893133996
2022-12-14,1.9905973177747367,1.9905973177747367,1.8666353274533032,1.6111346329242602
2022-12-15,1.9654830852103289,1.9654830852103289,1.8039598125376017,1.571723641486286
2022-12-16,1.9727697694643467,1.9727697694643467,1.7867605569996667,1.5531673819963956
2022-12-19,1.9735939151071702,1.9735939151071702,1.761649436701679,1.5399973167072385
2022-12-20,1.9889127577547896,1.9889127577547896,1.7602781768256879,1.5421047335606393
2022-12-21,1.9944741548063376,1.9944741548063376,1.7858132703623713,1.565162603671209
2022-12-22,1.9783889988640866,1.9783889988640866,1.7421228992171727,1.5428339957712338
2022-12-23,1.9929516130674125,1.9929516130674125,1.746041248919117,1.5517088575752063
2022-12-27,2.0061372532739092,2.0061372532739092,1.721355320757492,1.545589402025628
2022-12-28,1.9904999748510095,1.9904999748510095,1.698628872171256,1.5263812830009533
2022-12-29,1.9980327994281148,1.9980327994281148,1.7400333023157735,1.5538565238200284
2022-12-30,2.006341913720121,2.006341913720121,1.7389880975658512,1.549763470323169
2023-01-03,1.9828764676426605,1.9828764676426605,1.7272330484600193,1.543239069774642
2023-01-04,1.993871701591665,1.993871701591665,1.7354616234640239,1.5551534056532335
2023-01-05,2.0027748106457426,2.0027748106457426,1.7082938165016601,1.5374038110497479
2023-01-06,2.030528098960598,2.030528098960598,1.755445857022694,1.5726594398368352
2023-01-09,2.0366031238959015,2.0366031238959015,1.766808827378798,1.5717681480248773
2023-01-10,2.0930322020055416,2.0930322020055416,1.7817640923107771,1.5827908050781316
2023-01-11,2.1132168701003877,2.1132168701003877,1.8125887954253959,1.602809459123002
2023-01-12,2.135622643240622,2.135622643240622,1.8223848728298666,1.6086449758568153
2023-01-13,2.1385968462769323,2.1385968462769323,1.8349240794351547,1.6148858246029565
2023-01-17,2.1102361262272766,2.1102361262272766,1.8386461866126234,1.6119276233379387
2023-01-18,2.1017093845005648,2.1017093845005648,1.8147440096512317,1.5864786555671229
2023-01-19,2.123648700858883,2.123648700858883,1.7969151934680088,1.5749294023094378
2023-01-20,2.1506578016672355,2.1506578016672355,1.8460914167156173,1.6042687575709496
2023-01-23,2.151270642894158,2.151270642894158,1.8871038696852125,1.6235173839959647
2023-01-24,2.156174937958238,2.156174937958238,1.8832509341580936,1.6217750497634704
2023-01-25,2.1507049997040113,2.1507049997040113,1.8790715372056832,1.6223826607685827
2023-01-26,2.1932698416132212,2.1932698416132212,1.915708553848004,1.6402133991772097
2023-01-27,2.1430391447956283,2.1430391447956283,1.934778207856791,1.6439821354624229
2023-01-30,2.0120422498775343,2.0120422498775343,1.89565910926412,1.6233553543946013
2023-01-31,2.0120422498775343,2.0120422498775343,1.9240677540520474,1.6472240175342863
2023-02-01,2.0120422498775343,2.0120422498775343,1.9652112385209042,1.6647306967401863
2023-02-02,2.0120422498775343,2.0120422498775343,2.0357421426047293,1.6889639264829386
2023-02-03,2.0120422498775343,2.0120422498775343,1.999562212587739,1.671011794877749
2023-02-06,1.991470602347443,1.991470602347443,1.9826477728047882,1.6607995438402308
2023-02-07,2.0403884736228437,2.0403884736228437,2.023725436799597,1.6825207987440127
2023-02-08,1.9787756216279553,1.9787756216279553,1.9877419524566933,1.664122569717235
2023-02-09,1.9422172871330319,1.9422172871330319,1.970174386673548,1.649696129995214
2023-02-10,1.9240256547718786,1.9240256547718786,1.957243507617755,1.653545881081109
2023-02-13,1.9721739124472402,1.9721739124472402,1.9885907115325292,1.6729570531253266
2023-02-14,1.9710969001576764,1.9710969001576764,2.0032849292140416,1.6721871545099314
2023-02-15,1.9769218878896067,1.9769218878896067,2.018632069746137,1.6776172102269575
2023-02-16,1.9402976670599341,1.9402976670599341,1.9807540121286413,1.654518445702668
2023-02-17,1.9178401016237037,1.9178401016237037,1.9667785377717595,1.6503851428143872
2023-02-21,1.8662378573144156,1.8662378573144156,1.9202146153753175,1.6172767932587429
2023-02-22,1.866877397528704,1.866877397528704,1.921651492575745,1.61504785420432
2023-02-23,1.8645429850424613,1.8645429850424613,1.938435307158657,1.6236390352014471
2023-02-24,1.847123641826349,1.847123641826349,1.9059776874687466,1.6062946436058296
2023-02-27,1.849083646118971,1.8562564787919607,1.9196264972507255,1.6117655937365756
2023-02-28,1.858201341206098,1.8539454047478259,1.9171450247492092,1.6058086838061991
2023-03-01,1.8437997524748828,1.8392624301231135,1.9017328763415111,1.59964872085628
2023-03-02,1.8592598902344126,1.859975906720457,1.9174714861745008,1.612089652939302
2023-03-03,1.8992936020511937,1.8738856222828493,1.957112882417716,1.6379440817269053
2023-03-06,1.9059003677245905,1.8494818823012742,1.9593329013695433,1.6390788049542873
2023-03-07,1.8985344221695286,1.8358105081618212,1.9353009118065576,1.6139536383772788
2023-03-08,1.9016899721746974,1.841024417730006,1.9449659577117675,1.6165879094440294
2023-03-09,1.8835240767754835,1.8308137258556276,1.9112675001962933,1.5867620783650491
2023-03-10,1.8692542121031568,1.8226639371963878,1.8844261546592211,1.5638662378558428
2023-03-13,1.885473323198467,1.8258985727574433,1.8984020353153253,1.56163716979696
2023-03-14,1.9048676616353668,1.860054937501016,1.942026789136087,1.5874509621797626
2023-03-15,1.91460737072697,1.856628521100125,1.9522149452902862,1.5775225209535495
2023-03-16,1.942958146687864,1.884791537889867,2.0036768048141584,1.605200556783248
2023-03-17,1.9459892737931348,1.881428055445263,1.9942069856853675,1.586431310930419
2023-03-20,1.9315387268841515,1.8832851250947586,2.0012841086927615,1.6016859592836123
2023-03-21,1.9519397002729353,1.9003544636071996,2.0298674621463713,1.6227169113236244
2023-03-22,1.9420748307868807,1.895592356668589,2.002265524464749,1.5950553880647653
2023-03-23,1.962124129104609,1.9130892806028192,2.026008838430137,1.599367233125249
2023-03-24,1.9665219442486777,1.89517787156936,2.03346524176175,1.609862390942855
2023-03-27,1.9393044630513194,1.9119157519647607,2.0195330382720664,1.6128725810051254
2023-03-28,1.9251190800699538,1.9030670691203577,2.008806129348811,1.6092521998485487
2023-03-29,1.9665687608264368,1.9190548945730166,2.045434410557848,1.632642514451725
2023-03-30,1.9882162045026888,1.924972681095729,2.0647951779595672,1.6422020029232411
2023-03-31,2.0233786779228673,1.987172194903901,2.099134369348949,1.6653483700931542
2023-04-03,1.952875967125243,1.9597613432051764,2.094032470011816,1.6716943574739378
2023-04-04,1.9675591805344803,1.927891108015852,2.0869685517291536,1.662419323836025
2023-04-05,1.940586882184831,1.9152797156232244,2.0663655244545915,1.6580668423707408
2023-04-06,1.949800342414081,1.9114327033220138,2.0802965090466077,1.664534738965926
2023-04-10,1.9246076711739517,1.9201320921082412,2.0791198664982016,1.6662431450255235
2023-04-11,1.892938926371795,1.9167130096372393,2.065775984282721,1.6666905324917083
2023-04-12,1.888769095955754,1.912118646495162,2.0475278673018615,1.65989702864028
2023-04-13,1.935102777545697,1.9328173150915433,2.087622490327793,1.6819451808449017
2023-04-14,1.935720520628137,1.9326568552082035,2.0836982492871226,1.6778366468128803
2023-04-17,1.926399600309246,1.9478036184398617,2.0854642288577883,1.683857155941881
2023-04-18,1.9180055005681258,1.9444330135725918,2.085594854057827,1.6849553709071723
2023-04-19,1.9271155374462323,1.9237550342461736,2.0846138445850624,1.6846705290601895
2023-04-20,1.910840291354042,1.9024652487331652,2.068719419000238,1.675477413254176
2023-04-21,1.9390242504926234,1.9235250447931185,2.070877883619854,1.6767788102434702
2023-04-24,1.9186889572549146,1.9121562932543257,2.0665615638294557,1.678528239721247
2023-04-25,1.8641905846580429,1.8729856881323794,2.0275783723267162,1.6518835296136187
2023-04-26,1.9536075077751307,1.837444553442603,2.039875018296162,1.6448869727426476
2023-04-27,2.029926754125819,1.863543550675978,2.09534115980754,1.677633335784418
2023-04-28,1.9976298357886786,1.8618161662586794,2.1097960672469904,1.691952056782603
2023-05-01,2.0039901036653918,1.8275927799873701,2.1073755396288516,1.6902437797274652
2023-05-02,1.9872644112146256,1.8205492944470671,2.0889959848495083,1.6712464539899143
2023-05-03,1.974799506115727,1.80298048265005,2.0753258443583475,1.6597751194258785
2023-05-04,1.963454149942213,1.8059717181258315,2.067999863077162,1.6480193300282393
2023-05-05,1.9771868368523728,1.821464473471269,2.1119541255673844,1.678528239721247
2023-05-08,1.9930231536637606,1.8370466329236375,2.117186853254167,1.6789756271874319
2023-05-09,1.9632597198291841,1.8298196696460503,2.1037789789111403,1.6716126976509578
2023-05-10,1.9842776608109465,1.9158101619090147,2.1266712991549688,1.679423272662536
2023-05-11,1.974819153531355,1.9284471085646104,2.1336045922375924,1.6764943554098666
2023-05-12,1.961246270904918,1.9473685998622632,2.1259515400822817,1.6742974094614451
2023-05-15,1.9612612888709775,2.0532536068805083,2.1374632159538267,1.6800741001616426
2023-05-16,2.0059124382164986,2.043690308384461,2.139883540422354,1.6688463260174906
2023-05-17,2.035647312842142,2.114308211665001,2.165785115857747,1.6891046703484542
2023-05-18,2.0757616227208624,2.190856758068517,2.20601077038294,1.7053762608573382
2023-05-19,2.05847975857912,2.204180276378707,2.2010401056946796,1.7028947310708533
2023-05-22,2.105462002820467,2.2266222389790196,2.2084315011506903,1.70358632397922
2023-05-23,2.0717046355028153,2.2177938936641044,2.180436468971284,1.6844672180317275
2023-05-24,2.0506384354804448,2.186290806010992,2.169251457674642,1.672263267141145
2023-05-25,2.3093062201422527,2.2522599722365366,2.222036024317415,1.68674530778529
2023-05-26,2.3931299362059533,2.6173923151336456,2.2788098398764607,1.7085897619480706
2023-05-30,2.4784160746383885,2.6414193199279157,2.289144670049988,1.709240718451637
2023-05-31,2.4251335844918893,2.5740416910454655,2.2761280618582442,1.6997625027897214
2023-06-01,2.5085276765932236,2.611210752083872,2.3024225286418094,1.7159119260752844
2023-06-02,2.5335406818077293,2.6331112588280305,2.3196898392995156,1.7407259338955348
2023-06-05,2.549421751084664,2.595693050658909,2.321324990520531,1.7373902655814812
2023-06-06,2.5698268168341425,2.6426542471690873,2.320932505471581,1.7411734503661793
2023-06-07,2.5531151081876686,2.5383415956677955,2.2815570320695024,1.7351530702416382
2023-06-08,2.6163539247970347,2.551234062822113,2.3098785256742,1.7456480990547842
2023-06-09,2.6713215617885893,2.581493568217764,2.3187086266771395,1.7487800693269966
2023-06-12,2.7218851232131644,2.657015270737525,2.3578874512555204,1.764645037778956
2023-06-13,2.7667041789195155,2.725204100951535,2.3760059587843974,1.776279304975573
2023-06-14,2.7612674324838298,2.7410183553311405,2.393273472591715,1.7783945911010144
2023-06-15,2.771943636258986,2.695215506604472,2.421791411870499,1.8004424852967167
2023-06-16,2.7889525618728555,2.6845220502587637,2.4065509248843138,1.7943098712922505
2023-06-20,2.8079707778230114,2.6173395663852626,2.4031063200758234,1.785000393463602
2023-06-21,2.764870051798549,2.52462116457223,2.370357180693758,1.7758547512987524
2023-06-22,2.7897163714415396,2.5335685278040896,2.398325397124478,1.782264982900459
2023-06-23,2.744004524440732,2.4947807838797793,2.374549376071678,1.7687911121087456
2023-06-26,2.6740335725144675,2.4211141258161475,2.3427172540348304,1.7615642822772384
2023-06-27,2.7346542998601118,2.439828597143765,2.3829983684038973,1.7808767659097975
2023-06-28,2.7247891488372993,2.4314815249305104,2.387649072454426,1.781775281971498
2023-06-29,2.694797329761994,2.4415324816246975,2.382867336904636,1.7887977687388656
2023-06-30,2.746796202786088,2.4509165796803454,2.4196118196913123,1.8099066394725265
2023-07-03,2.7258206591311067,2.4521827555727227,2.425309759987876,1.811989287469668
2023-07-05,2.7184635251337412,2.4038269743584952,2.4252443458130513,1.8092943843068654
2023-07-06,2.73441456202304,2.362587492531149,2.4067739831574753,1.7951263405175917
2023-07-07,2.7101347313746134,2.369357606478167,2.3987834994978647,1.7905942848444272
2023-07-10,2.6519702470697357,2.3902575770953387,2.3995690790445994,1.7951263405175917
2023-07-11,2.6607125359558585,2.4040704790730985,2.4114240777591704,1.806558328721424
2023-07-12,2.6918900172115725,2.4066076438388855,2.4418806737781895,1.8210941642252572
2023-07-13,2.784624638043728,2.4273728591398935,2.483340259042164,1.8355479528927316
2023-07-14,2.8118980050955504,2.414695797158581,2.482816742493952,1.8344047153710104
2023-07-17,2.833939841760787,2.475074612293673,2.5060028170756596,1.840774052558997
2023-07-18,2.855327133043136,2.4555372545966754,2.5265036600957584,1.85445226641485
2023-07-19,2.8228351859500673,2.438930929539551,2.525914119923888,1.8585758939686545
2023-07-20,2.7434227713289623,2.3339018909574745,2.467686768896291,1.8462452606986623
2023-07-21,2.7163663672759975,2.3537303006069115,2.46028562225894,1.8462452606986623
2023-07-24,2.727391491441057,2.3617181648362475,2.464215551488726,1.8544931608285697
2023-07-25,2.7567423607539654,2.386676233730202,2.480917090479079,1.8595558118444155
2023-07-26,2.7111285026810794,2.313572616560352,2.4726645438209456,1.8598415567226159
2023-07-27,2.673914220828419,2.3200956809160496,2.4667701578502954,1.8475110524570835
2023-07-28,2.7228992215114687,2.3126011744623294,2.5117011636714457,1.8655988967538608
2023-07-31,2.6955584891334436,2.347047624121588,2.513010869215226,1.869151163555724
2023-08-01,2.7010632150950307,2.351871809578827,2.507181897419401,1.8638019936349202
2023-08-02,2.633365553625154,2.292595811283406,2.4521639039504577,1.8378753223498936
2023-08-03,2.629391623651062,2.261997892630962,2.448234177870283,1.8326083282699084
2023-08-04,2.6155853355455223,2.286172064328744,2.4367716642046626,1.8243200497441197
2023-08-07,2.64971263710504,2.2843001753858903,2.457403741873635,1.8402431992073967
2023-08-08,2.6121788316828845,2.2988033207068046,2.436509804355751,1.8322405365553487
2023-08-09,2.5773703562122163,2.2704109082113426,2.4097210745679947,1.819991821117256
2023-08-10,2.586807054832801,2.306714139867937,2.414174926645215,1.8206452287055563
2023-08-11,2.5777169653755743,2.3124907330192306,2.3987834994978647,1.8195832639934362
2023-08-14,2.607490785963981,2.344299721487066,2.425703463934494,1.8296276802289055
2023-08-15,2.583332317444157,2.3367018427258763,2.399962376691995,1.808314724440024
2023-08-16,2.569446734843887,2.309248760398311,2.374549376071678,1.7950448096990712
2023-08-17,2.5675106843678974,2.2773336136034112,2.3486118431550924,1.7813668538521377
2023-08-18,2.554546868763627,2.285792564922897,2.3456647517445726,1.782224088486739
2023-08-21,2.6195445174508634,2.3312197896097895,2.383456673926895,1.79381991235437
2023-08-22,2.602611876883328,2.3116358975850417,2.3800510738437666,1.7889609593803657
2023-08-23,2.6324032011524943,2.3345342264241182,2.4175813393267886,1.808886085191965
2023-08-24,2.618911418614743,2.326458618820079,2.3659037349157606,1.7838165195370803
2023-08-25,2.609175318423019,2.319653815327247,2.3842428629224637,1.7963922612804724
2023-08-28,2.6213848571028384,2.321925416669688,2.4021893027306054,1.8077837420839638
2023-08-29,2.6990381741570855,2.3601203079409916,2.4546524866883677,1.83391475643313
2023-08-30,2.704942763138073,2.384071663401382,2.4683419263925983,1.8414682255565578
2023-08-31,2.709297907059809,2.4839216329633547,2.4757430730299492,1.8387733223937552
2023-09-01,2.6633860215917298,2.495248259700464,2.473123255643166,1.8422031639633782
2023-09-05,2.666152730904329,2.451293457025529,2.4762669958773835,1.834241137716131
2023-09-06,2.6055749188230544,2.4580937098841438,2.4544562441638926,1.8219107624550581
2023-09-07,2.575220342717735,2.3784253993628837,2.4369026957039246,1.8163172580876121
2023-09-08,2.5858822566861197,2.345932236928814,2.4403087020862753,1.8190525396462955
2023-09-11,2.7305683114121733,2.382138337172143,2.469062091764508,1.8310161552284863
2023-09-12,2.6751999800995154,2.361733912869451,2.441684634403326,1.820971738993017
2023-09-13,2.71159859644504,2.3408108182181473,2.4509850267563276,1.8230950233949588
2023-09-14,2.7459373560225755,2.3485728035239806,2.4710273611038174,1.8388140878030153
2023-09-15,2.7033558053212157,2.2858746142058255,2.4287157663702277,1.8166595069191542
2023-09-18,2.692703949513595,2.2768677321901865,2.4312478231249472,1.8177250837561454
2023-09-19,2.6373332023925182,2.2300479295713296,2.4260658828409785,1.813955186430795
2023-09-20,2.6244816363389623,2.2191810401530785,2.3911054599403694,1.7972791669408013
2023-09-21,2.533862702151425,2.142556453475312,2.347289542335414,1.7675730520004076
2023-09-22,2.5447908251491747,2.1517969385392104,2.3476178321072068,1.7635986826064578
2023-09-25,2.530311317027271,2.139553511322972,2.358768307969935,1.771014632975862
2023-09-26,2.5180950882471778,2.129223843583794,2.323347954349438,1.7449962395200003
2023-09-27,2.5025010613990664,2.1160380135738572,2.328792160781541,1.7456928636022948
2023-09-28,2.5005836023271835,2.1144166690924657,2.348272989603514,1.755813650477897
2023-09-29,2.482103205143578,2.098790213004335,2.3499782274404133,1.7515523751656095
2023-10-02,2.460704624095586,2.0806962302953815,2.369590900360093,1.7508554930743958
2023-10-03,2.4446648299455505,2.0671334731501756,2.3280053623371386,1.7274184788568143
2023-10-04,2.4380391214795947,2.0615309776319592,2.35968634106321,1.7399977037206176
2023-10-05,2.432922017839292,2.057204112005687,2.3527333424682944,1.7393421030565028
2023-10-06,2.450730243829097,2.0722622007833493,2.392154727682517,1.7599927499493657
2023-10-09,2.4677077183701397,2.083421443848665,2.4043544712873928,1.7712607734849393
2023-10-10,2.476958163720459,2.106151310550062,2.4176701157069087,1.7804796901828897
2023-10-11,2.517772096985168,2.0943648102361494,2.4349209712461026,1.7877732153200536
2023-10-12,2.4923858952164144,2.036211232072796,2.426459586787596,1.7768740155347171
2023-10-13,2.4466263548520377,2.0141201605050494,2.395958907302934,1.7680235355736247
2023-10-16,2.46923858854838,2.013772203040858,2.4230485016649634,1.7866259786600822
2023-10-17,2.4504238962498293,2.0318808492781,2.415112055801948,1.786543931823723
2023-10-18,2.414255846486587,2.0089223629765947,2.383430467627043,1.7627380938559045
2023-10-19,2.414197205580268,2.0014727073495853,2.361129515901587,1.7472500764351426
2023-10-20,2.370893843024066,1.9633624050011773,2.325906014254399,1.7257796062009867
2023-10-23,2.368136158020074,1.9610787367223959,2.332924833323362,1.7227885087987491
2023-10-24,2.3675877163115744,1.9606245663111093,2.3556194889954365,1.7357773228220499
2023-10-25,2.3712539466765494,1.9636606106653707,2.2979638009739194,1.7108650136035202
2023-10-26,2.3750718484764657,1.9668222557478774,2.2541482896681866,1.6903780733699965
2023-10-27,2.382392023129288,1.9728841702252722,2.264971288357567,1.6827159824915148
2023-10-30,2.377725637795623,1.9690198869051547,2.2904862700827358,1.702834356983721
2023-10-31,2.373566026259113,1.9655752683558163,2.3014403002713775,1.7135284396781596
2023-11-01,2.393266539099431,1.981889472546666,2.3413862177818685,1.7318026954191807
2023-11-02,2.4106137641220555,1.9962548940693245,2.3838901951973197,1.764991801766587
2023-11-03,2.419338189024036,2.003479683111738,2.411897822652624,1.7810945254377444
2023-11-06,2.4343386755086303,1.986514800885997,2.421736967774682,1.7851918360817736
2023-11-07,2.44998712219236,1.9890610819379306,2.4446286785696763,1.790272418717515
2023-11-08,2.455533415953801,1.977393709954827,2.446202275458481,1.791583749050205
2023-11-09,2.454094789060973,1.9775584350582365,2.4273774167312596,1.7776112760218121
2023-11-10,2.4851096729319204,1.9944772071950938,2.4819505125515477,1.8053507179743205
2023-11-13,2.4817702722632378,1.9318553215134593,2.4742103092130074,1.8036301854955128
2023-11-14,2.525938162945394,1.8842553558363069,2.5274716679934035,1.8386217421536262
2023-11-15,2.510245358960814,1.8842553558363069,2.5293741641028338,1.8425141937156768
2023-11-16,2.536792994016802,1.8842553558363069,2.531538723210788,1.8447679016263592
2023-11-17,2.5319938950342413,1.8842553558363069,2.5321286696818808,1.8470623749463022
2023-11-20,2.5675491025738992,1.9155073451304157,2.5629572326391137,1.8612803434614735
2023-11-21,2.586220962708218,1.878300264280428,2.548067585031571,1.8572240562356241
2023-11-22,2.516952228210263,1.874916455638737,2.558497286073556,1.8643941241048703
2023-11-24,2.4993321252332046,1.8836780578449175,2.554889348977614,1.8655413607648417
2023-11-27,2.500679002400828,1.8813667260221107,2.552659375694835,1.8621818266257464
2023-11-28,2.5214273685633586,2.034782954912665,2.559349701842394,1.864025429359093
2023-11-29,2.4884368885638666,2.070375404441373,2.5568568529626474,1.8627143570353226
2023-11-30,2.4659601626945182,2.0919952875442878,2.5504287929632223,1.8700486475817468
2023-12-01,2.4454090281040886,2.075207397643865,2.55770987818032,1.8811116830308823
2023-12-04,2.426826517401551,2.0594380260444645,2.5339653453172644,1.8712371656688171
2023-12-05,2.421975832471998,2.0553216687669043,2.540327584842642,1.870867954905201
2023-12-06,2.425839803506931,2.0586006871985125,2.5256351955076313,1.863328934281258
2023-12-07,2.435424661525705,2.0667345282195164,2.560923908180033,1.8775469027964298
2023-12-08,2.43298972774951,2.0646682102632723,2.572336853340506,1.8856187118388685
2023-12-11,2.4402553001183205,2.070833873902603,2.5943105310422254,1.892953131389752
2023-12-12,2.446085109639365,2.075781129640146,2.61497206540483,1.9015987522688662
2023-12-13,2.497637412110066,2.119529115446723,2.648226844169317,1.9278218758022465
2023-12-14,2.4928680283683162,2.1154817514641193,2.6459312535621016,1.9340089296886993
2023-12-15,2.4767803738749623,2.1018295488134937,2.6587217562365155,1.9308245836058553
2023-12-18,2.484713116275047,2.1085613820254703,2.675468191290956,1.9416858560800447
2023-12-19,2.49981481820943,2.121376891909942,2.6891389412309508,1.9534929892526385
2023-12-20,2.4653574982086464,2.0921359409905587,2.6491792095468942,1.926422693432512
2023-12-21,2.486124617960314,2.1097592015744246,2.6800035063622905,1.9446890799014922
2023-12-22,2.4943343271985023,2.1167260726163635,2.6840126639404667,1.9485972700076242
2023-12-26,2.5072249633316246,2.1276652419562794,2.7004436076486233,1.9568250454418212
2023-12-27,2.5135085414937675,2.132997571941117,2.705940632979653,1.9603632507575788
2023-12-28,2.515275042328308,2.134496648601771,2.7046256455459803,1.9611037363561659
2023-12-29,2.510623187769404,2.130549021483994,2.6929203680949065,1.9554263790899251
2024-01-02,2.5142890342790034,2.1336599087457646,2.6473500504471272,1.9444831887838363
2024-01-03,2.5020322682900518,2.123258650240891,2.6193373442515413,1.9286032558145536
2024-01-04,2.500603060438172,2.122045804997864,2.6058571486469067,1.922391175062922
2024-01-05,2.5018954021935973,2.1231425038078875,2.608947460533363,1.9250240270806163
2024-01-08,2.5127955675858993,2.132392532575134,2.6628692586999585,1.952505589118216
2024-01-09,2.510891504097559,2.130776718373429,2.6681298178834836,1.9495433887149478
2024-01-10,2.51459616834061,2.1339205468923446,2.6862133836792244,1.9605688838663153
2024-01-11,2.509438203484111,2.129543427684892,2.6918026389337655,1.95970507000427
2024-01-12,2.5130374269805946,2.1325977777506013,2.693183446841486,1.961062454929067
2024-01-16,2.5263054417692663,2.118644585907544,2.6929203680949065,1.9538631030474727
2024-01-17,2.5166408376169995,2.1233346359007435,2.677730465361925,1.943002217586662
2024-01-18,2.5358946160400575,2.1711023790386497,2.7157387418802372,1.9602808169078407
2024-01-19,2.569960033536416,2.169377364501319,2.7695941101239505,1.9847181317058131
2024-01-22,2.56934506213725,2.168858249411684,2.7732113921020103,1.9889143887704197
2024-01-23,2.5755565905708027,2.1741015796607397,2.7847192081309413,1.9947152033045785
2024-01-24,2.5630737601353877,2.1635644625701542,2.800171986460891,1.9968956366821602
2024-01-25,2.5769655201883914,2.1752908977749073,2.8035914007175853,2.0077565221429707
2024-01-26,2.577026473221682,2.175342349987779,2.7868886428295654,2.005205845966095
2024-01-29,2.5970766365727376,2.1922672709829434,2.8154277096679206,2.0210859079398373
2024-01-30,2.5949092446080915,2.1904377129327215,2.7966863454309268,2.019522889906304
2024-01-31,2.5742093032244564,2.1729642955650714,2.7419103031489915,1.9865694747067406
2024-02-01,2.6088376056796165,2.2021950441125333,2.774197074015834,2.0125698075382465
2024-02-02,2.607864549148997,2.2013736590386954,2.8210829885461206,2.033757112983396
2024-02-05,2.553710618630042,2.1819540493457317,2.817400495542847,2.026351869984145
2024-02-06,2.531978724539319,2.192961885983966,2.8117454198142586,2.0322348603591225
2024-02-07,2.5837067484424545,2.200683004398375,2.8406788000480656,2.0491843693036467
2024-02-08,2.579607687547784,2.1998950153459362,2.8459393592315907,2.0500895935972507
2024-02-09,2.6094302869167065,2.210885669715734,2.873952471726399,2.061938008196943
2024-02-12,2.5986379500541594,2.242906628109018,2.8627077344440472,2.0610327839033395
2024-02-13,2.575431049927392,2.164056324315483,2.8180578876848776,2.032646126576596
2024-02-14,2.6141643231754688,2.25963940624625,2.8487669986706905,2.0511182751587724
2024-02-15,2.5638055436689755,2.2549811987870783,2.8572501201376017,2.065270451399505
2024-02-16,2.5428088959995683,2.184249627586971,2.8313414344658145,2.054985441846725
2024-02-20,2.4992315981467415,2.080838798195238,2.809969892211864,2.0436718797368827
2024-02-21,2.497207000713503,2.046176234111215,2.7987249517799,2.04552309373335
2024-02-22,2.5624181171765033,2.046176234111215,2.8806596592916924,2.087856036183171
2024-02-23,2.5215773483780155,2.046176234111215,2.8721771472736153,2.0892959839621654
2024-02-26,2.524103037488207,2.036491531288553,2.870664495268189,2.0816439554315394
2024-02-27,2.509268455266551,2.0445182787820393,2.877569144255625,2.0855111221194917
2024-02-28,2.4899738857593747,2.055474782629394,2.862247194275325,2.0827549418383393
2024-02-29,2.5390855944726676,2.069785517255978,2.88677486888978,2.090242231673949
2024-03-01,2.600393891522458,2.11631350798599,2.9302411660137606,2.109866132072186
2024-03-04,2.55410086057658,2.1236053088175644,2.919785664971146,2.1076035228537853
2024-03-05,2.565053517737393,2.076893846415139,2.867376315660367,2.0865392876631743
2024-03-06,2.605872766308173,2.1117152322582515,2.885394264131671,2.0971127511878085
2024-03-07,2.6641743563837847,2.159985980562614,2.929189257326667,2.1179292978158255
2024-03-08,2.5902741365130253,2.0372507825861943,2.8869065098378752,2.105217198358547
2024-03-11,2.507083071482706,2.0029626125259674,2.876188133198293,2.103407136784719
2024-03-12,2.6386904497378976,2.0332441563130197,2.917418159401546,2.126034131999943
2024-03-13,2.612942144130831,2.0024874637648824,2.8949951147597233,2.122701946806301
2024-03-14,2.560763740849172,1.9889804958672808,2.887696152376835,2.1185055607372347
2024-03-15,2.53908257118786,1.9931819041664711,2.8533701657121853,2.103958501845409
2024-03-18,2.6002767864032736,2.019423887282148,2.8805840876363047,2.1164627751181357
2024-03-19,2.6072965751990864,2.00026644061241,2.887761363402049,2.1282242407120013
2024-03-20,2.6342757414092013,2.03535833118204,2.9220001988834694,2.1479090312152094
2024-03-21,2.6370039630515163,2.0506576035690784,2.9358277803233555,2.1550069855914917
2024-03-22,2.663386983068551,2.0333152756798247,2.939186249696672,2.150921543357754
2024-03-25,2.640060734393311,2.0802458326361544,2.928519066759127,2.1449789529224024
2024-03-26,2.626627921048144,2.095075696202402,2.9190370586536605,2.141017096961042
2024-03-27,2.6229947182345343,2.079377079888686,2.928980013227071,2.1590097359665723
2024-03-28,2.601528189130863,2.065157322868427,2.9235807028590566,2.1585975667178814
2024-04-01,2.5863114195792023,2.049745112810393,2.929769858915642,2.154841214860798
2024-04-02,2.5138653531039297,2.032931949170209,2.904485655148863,2.141141199251258
2024-04-03,2.5198953671755873,2.0514456481211107,2.911004116725297,2.14349307955576
2024-04-04,2.5137310873907825,1.9914924261306153,2.866493021150617,2.1173296850872134
2024-04-05,2.5193892724705704,2.0469928283171357,2.900271925912149,2.139448918749121
2024-04-08,2.5008807326154114,2.044149410209194,2.9011277952243795,2.1406456931216113
2024-04-09,2.498462738995851,2.0680541272560036,2.9118601891871383,2.143121933725249
2024-04-10,2.507427361526716,2.0401678967308388,2.886443938173041,2.1216622998657066
2024-04-11,2.5363597114613587,2.037365770862737,2.9325353345736973,2.1376747204150846
2024-04-12,2.4894767028182034,1.992464822363225,2.885785530282954,2.1081679173649035
2024-04-15,2.439613196355794,1.962625333212863,2.838311497628076,2.0817567053293033
2024-04-16,2.412609707149512,1.9664642777684787,2.8385747795242664,2.0779599750763382
2024-04-17,2.411875455133776,1.969259895170636,2.803940411749727,2.0656619799346467
2024-04-18,2.410524166225361,1.9793199232607621,2.7879399420678252,2.0614114119925127
2024-04-19,2.4031075654066023,1.9754426970440453,2.730260079242569,2.0434186439825224
2024-04-22,2.4144157062364098,1.9862611817609812,2.7577175775505864,2.062236782525572
2024-04-23,2.432013946762858,2.0096479426421334,2.79887020375195,2.08670867051874
2024-04-24,2.4375789602871087,2.0081698510850727,2.8083520087078053,2.0857181742772846
2024-04-25,2.4106653071042228,1.9971474233554654,2.7947879123137205,2.077794720363483
2024-04-26,2.483279031400183,2.004969643786518,2.837916168484568,2.0974796398711506
2024-04-29,2.4624938357671953,2.030408073452411,2.849439220734343,2.1049078456642247
2024-04-30,2.4405018431765453,2.0175520785164793,2.7957096020999983,2.0715634179473583
2024-05-01,2.4167680972127115,2.0057966104527263,2.775495403181384,2.064836867410506
2024-05-02,2.4167680972127115,2.0147802629894525,2.810920022943717,2.0841498670609044
2024-05-03,2.4167680972127115,2.026280963688344,2.867414914086506,2.1099839131438776
2024-05-06,2.4567353712154327,2.0286668285199534,2.8988230628846576,2.1317734114068325
2024-05-07,2.4109192223125198,2.0354905498390714,2.8992838062029906,2.134125549720254
2024-05-08,2.38511716984853,2.036025130450281,2.897572067578531,2.1343315698423697
2024-05-09,2.3758620263556813,2.044467737644938,2.9038926614336003,2.1466295649840617
2024-05-10,2.3631990937857177,2.0417113320797706,2.910740834829107,2.1493949045818512
2024-05-13,2.3553821490348623,2.0349577983965395,2.9174571641269074,2.1496833585537054
2024-05-14,2.3638603398183915,2.042282622717852,2.9362229063172522,2.159546136509939
2024-05-15,2.4045954452790532,2.077476156200156,2.982116434996543,2.1862881159801693
2024-05-16,2.3994773327016357,2.073054307666254,2.976059326187275,2.1817899884799017
2024-05-17,2.487946543689448,2.1494882361866887,2.974610463159783,2.184925570876985
2024-05-20,2.4983821991941673,2.158504233255109,2.9953516321700007,2.1874432219121815
2024-05-21,2.5118970470321136,2.170180531733146,3.0012116858563482,2.192808259381527
2024-05-22,2.407743800568662,2.0801962116915065,3.0006190984403087,2.1864942651067447
2024-05-23,2.379571302635009,2.0558562784055687,2.9871210256698832,2.1705237710067635
2024-05-24,2.405598357530578,2.0783426330511343,3.015368572816083,2.1848850634766444
2024-05-28,2.4900063990949386,2.1550378098312035,3.0267591715193185,2.186411702252547
2024-05-29,2.496779092411891,2.1393611815653037,3.005426024541895,2.1711014529772292
2024-05-30,2.4075789740585916,2.107744494905255,2.973227826905561,2.156699137089169
2024-05-31,2.399469421695916,2.1200491262039463,2.96769667243984,2.1763423881563586
2024-06-03,2.4693095562897787,2.104323430963718,2.983631118498083,2.1781167154948546
2024-06-04,2.4867734605003373,2.067314640272803,2.991795701374541,2.180551803675853
2024-06-05,2.5606016008349304,2.1197934957249003,3.0521100083585906,2.2064677675907256
2024-06-06,2.5364378454566583,2.0881515643246726,3.0510560681753844,2.2064267441725463
2024-06-07,2.5510006138052237,2.0785383077445614,3.048356616140988,2.2037444834467927
2024-06-10,2.5854604804085057,2.0766217381194827,3.060669717228946,2.210553338828923
2024-06-11,2.58875156050141,2.0509477157282507,3.0816741681353537,2.2158768368622503
2024-06-12,2.6381714640221423,2.1005532662148845,3.122037151797757,2.2340762700166543
2024-06-13,2.672346740431158,2.098349253992013,3.1389595144155473,2.2385743975169223
2024-06-14,2.697234509481104,2.2636265789635317,3.1552232659936386,2.2399364266022674
2024-06-17,2.7145602580687562,2.310678842766824,3.19387410473236,2.2577638108949425
2024-06-18,2.74731863121164,2.301850592422915,3.194861614992685,2.263500123199259
2024-06-20,2.66913490656641,2.2599999985176513,3.1702356159663814,2.2573517706507116
2024-06-21,2.6122345513084326,2.2332017100845256,3.1617417275700737,2.254324810008682
2024-06-24,2.581861255708536,2.2203596923865447,3.1257462574001056,2.246996582671863
2024-06-25,2.596676049779476,2.190410464083171,3.1614912440993925,2.2556496858096384
2024-06-26,2.650814055842756,2.173607954920966,3.1680198631563905,2.258465079137786
2024-06-27,2.6818627494884724,2.1645380915431196,3.176197853907192,2.2620253442161498
2024-06-28,2.6332156957176527,2.1688524073397164,3.1597102314574936,2.2531240364979417
2024-07-01,2.714126327863594,2.183297339672724,3.178242351594892,2.257761230805749
2024-07-02,2.865470601497303,2.206505074849409,3.2116127224881845,2.272955118058431
2024-07-03,2.960499588827631,2.2088469369238775,3.2383884507008203,2.283098738723398
2024-07-05,3.078254686503489,2.2423893847247025,3.2721545570368433,2.2962639018430866
2024-07-08,3.056755116906813,2.27462625701611,3.279936406045692,2.2989136534449996
2024-07-09,3.115457076392739,2.255721327639836,3.2827723746188533,2.301149300731326
2024-07-10,3.134763790093263,2.3246650169949676,3.3170002400212657,2.323920135919099
2024-07-11,2.93795126302329,2.2620111052118697,3.244257849269286,2.303881873196356
2024-07-12,2.9818321911960965,2.3168383719525605,3.2633177520967327,2.3184134515530204
2024-07-15,2.9975661905207676,2.3301149799592236,3.2720887365627958,2.32478962597737
2024-07-16,2.9759799772002347,2.387586475472344,3.273341763365035,2.338575816565979
2024-07-17,2.8397763103350857,2.3998526390809993,3.1772530129880656,2.305786237030214
2024-07-18,2.8106191519530404,2.3985738542760937,3.1622164882115835,2.2880667004658353
2024-07-19,2.811434146595365,2.3818512802271132,3.134188139495931,2.272872297195314
2024-07-22,2.8366729441734573,2.3841991286680404,3.1808804524466883,2.296305699288024
2024-07-23,2.8401993719411536,2.3767187425657097,3.169669031700583,2.2927033787558035
2024-07-24,2.7789628082729263,2.3648152285567665,3.055972085618216,2.240745026555568
2024-07-25,2.7404239365525287,2.3319307730015564,3.0222713934570185,2.2290701229541505
2024-07-26,2.7516731641629657,2.336989444981328,3.0532679611427613,2.2540350659922312
2024-07-29,2.756673441322735,2.338754988139165,3.059401454205862,2.255359683784268
2024-07-30,2.7449152277395625,2.3338768513324544,3.0173913334953792,2.2439329847632834
2024-07-31,2.757402053417143,2.3424949848269576,3.1066873703207154,2.280407705694386
2024-08-01,2.7446304348918282,2.305776629643485,3.0314383165154233,2.248115051337325
2024-08-02,2.6701733027221435,2.2743003499164747,2.9594878029481273,2.2062582643481985
2024-08-05,2.571924428518869,2.2648810258339855,2.871247128353277,2.142003852073166
2024-08-06,2.590471075852376,2.2842358635464666,2.8986822802040555,2.1617522417749986
2024-08-07,2.58369468558765,2.2400965567988624,2.867289977075582,2.147303355276992
2024-08-08,2.611055153823734,2.2815978186325845,2.955002868980385,2.196943110323324
2024-08-09,2.621481280579863,2.276882354023311,2.970435332349209,2.2066308292277665
2024-08-12,2.6204528674212018,2.274223060935784,2.9768323104581116,2.207790321311408
2024-08-13,2.6480331891368682,2.2966688911906306,3.0506956807650125,2.244098368480598
2024-08-14,2.6503608364775237,2.32090982504437,3.0516850193718392,2.251178391236985
2024-08-15,2.671490881067975,2.352194180110983,3.1287802968442433,2.2897638831374403
2024-08-16,2.6551123454059073,2.3604125653034456,3.1328030654463745,2.294897486606112
2024-08-19,2.7534110653166755,2.336162584074715,3.1739554884981263,2.316840113162712
2024-08-20,2.71427467158153,2.3382659005084516,3.1672948221938104,2.313073182939934
2024-08-21,2.740925611637196,2.3390557893945956,3.1820672524756572,2.321021921727834
2024-08-22,2.6127579478881127,2.290704377579123,3.131616468567016,2.3028052019758323
2024-08-23,2.732101357548679,2.2949172575992702,3.1655796300259595,2.3272729618262904
2024-08-26,2.7058280838143647,2.282804185751958,3.1348475631340746,2.3217255120509517
2024-08-27,2.7134626421183325,2.333216828741656,3.144212353913845,2.3249137282675862
2024-08-28,2.6699402765907148,2.2904122513792187,3.108533593987828,2.3114172816954284
2024-08-29,2.5759331446082,2.3182286894762507,3.1039832458452605,2.3116234308220034
2024-08-30,2.588671048739436,2.341725390765962,3.1409806498979527,2.3336904176777393
2024-09-03,2.54846356449329,2.3047097257675455,3.045617549932397,2.2856648954354353
2024-09-04,2.5256722659557935,2.287904535061345,3.0377034505266196,2.280987193727287
2024-09-05,2.5573200689982913,2.276370256790097,3.040539825399004,2.2754389699251902
2024-09-06,2.523486255197216,2.270194677592855,2.9590918643557855,2.2371437380590247
2024-09-09,2.527108769073348,2.2734535864552132,2.9971446306389637,2.262190985942384
2024-09-10,2.534225569931895,2.2798560478901773,3.0248434706851555,2.272044346573061
2024-09-11,2.533273878346063,2.278999881081891,3.0905290533908665,2.295352872348797
2024-09-12,2.529290378192197,2.275416219459455,3.120865994288855,2.314687544748422
2024-09-13,2.5322125847765258,2.2780451134432864,3.1348475631340746,2.326776810674345
2024-09-16,2.5278839102170942,2.25448731539161,3.120998244685784,2.330212973462493
2024-09-17,2.5402681100558064,2.243417600620221,3.1226468037811426,2.3311652843838813
2024-09-18,2.53240495811281,2.2298843906826304,3.1091269940023123,2.3242514193715675
2024-09-19,2.555667045024288,2.2737380015459627,3.1877391896219804,2.363913582492547
2024-09-20,2.5565076984097947,2.2772144525622506,3.181671517032927,2.359827237227591
2024-09-23,2.5498797642056323,2.2626092989923112,3.190105273144302,2.365723773070835
2024-09-24,2.550906249489886,2.2916650894153556,3.205492840449038,2.372492895079383
2024-09-25,2.5558944534935546,2.2909376905871435,3.2084653255609648,2.3672602161856737
2024-09-26,2.5646501037563008,2.3265589483004177,3.2325706521336146,2.3766455486366165
2024-09-27,2.5731797956334996,2.332652538926212,3.214606944608516,2.373198807482775
2024-09-30,2.5396690246947746,2.3022741778632816,3.2233245007268185,2.3827087582417725
2024-10-01,2.55709504621873,2.318071306933009,3.1784156382132953,2.3613634223335103
2024-10-02,2.5690809243756405,2.328936808504808,3.1829066666693753,2.36236011078903
2024-10-03,2.510854263142988,2.2761528680323915,3.1805294099184342,2.358041041478804
2024-10-04,2.523931688080538,2.2880078843569245,3.2183713069051265,2.3794697142680223
2024-10-07,2.5325720888462255,2.295840626094452,3.1838974273234806,2.3579579626067675
2024-10-08,2.479078757780397,2.2473475690845723,3.2314476410825805,2.380258447534531
2024-10-09,2.4870861358763072,2.254606459768101,3.25687384642763,2.3967454754910875
2024-10-10,2.505841144487861,2.2716083492316987,3.2531753046050667,2.3925510244889168
2024-10-11,2.517277912514347,2.281976068587868,3.2582607488236874,2.406878001772521
2024-10-14,2.5182195247833223,2.282829663915189,3.285602248703677,2.426562018248971
2024-10-15,2.4889892721560307,2.2563317009200614,3.241684553143481,2.4077087904928876
2024-10-16,2.5036378000171897,2.269610961764892,3.2420804917358232,2.4181738902713867
2024-10-17,2.5319232892928842,2.295252472896637,3.2443259043890573,2.4183810714336396
2024-10-18,2.5415978643407553,2.3040227197665772,3.265591605695543,2.427683325012546
2024-10-21,2.5514853504518773,2.287950960277675,3.2718656782896347,2.4236968291993852
2024-10-22,2.5747350916967227,2.2830211618203125,3.2754319697152687,2.422409622700657
2024-10-23,2.5381354865821764,2.2679409614698236,3.225239795261759,2.4002750375080466
2024-10-24,2.5374792091439975,2.259394204903355,3.251392666766278,2.4054661769657377
2024-10-25,2.552317538232898,2.2560204649755913,3.271205238903435,2.404635646254291
2024-10-28,2.5159995790117544,2.2498770076245505,3.271733631042317,2.412069141230212
2024-10-29,2.51747738227866,2.304926256432661,3.303169611337211,2.4159728161802554
2024-10-30,2.5096125653346375,2.2612417913184295,3.278205774507385,2.4086636815034694
2024-10-31,2.396147148790636,2.2081366908584137,3.1954548118575583,2.3614465012055468
2024-11-01,2.396147148790636,2.2294293948291712,3.219097973064596,2.3714131277518264
2024-11-04,2.368794801162251,2.2312977236732734,3.209719977560094,2.366305067166172
2024-11-05,2.394798520011135,2.2518575715052362,3.2506660006068078,2.3949179983152016
2024-11-06,2.4881114598904825,2.2935520282488526,3.3389645728408675,2.4544690369946087
2024-11-07,2.535776865086403,2.3554122996669618,3.3915340040453184,2.473447915094425
2024-11-08,2.5076542500017944,2.3729074851949137,3.3954968435121278,2.4841617354711953
2024-11-11,2.479455311209425,2.3237306727436398,3.3935159316527512,2.4865289673063997
2024-11-12,2.5177217098748965,2.317679160666073,3.3873732968571435,2.4788044382694308
2024-11-13,2.5318480373668995,2.3061617920189494,3.3830147219476037,2.480008823905042
2024-11-14,2.5205973377938435,2.317558193922706,3.3595036079878833,2.4640620666256434
2024-11-15,2.4266889877305857,2.304866557346348,3.2794604265065144,2.4325008675549915
2024-11-18,2.462741265438902,2.2763284917948363,3.302245077456376,2.4424677521101903
2024-11-19,2.4839538147960845,2.2602507186414265,3.3249635016329675,2.451396150764932
2024-11-20,2.472949481268571,2.23123264486715,3.3230484102476385,2.4522266814763785
2024-11-21,2.4116889985966172,2.2882879472945223,3.3350019365236694,2.4653908125603903
2024-11-22,2.398167091517764,2.4100718315594545,3.3403516783865372,2.473032004716403
2024-11-25,2.3663032083060203,2.444261198080478,3.3456347871769125,2.4814209067207456
2024-11-26,2.3761721837875838,2.427741717066863,3.3635984947020106,2.4943773406246654
2024-11-27,2.356757411095276,2.4031186101966173,3.337115301929586,2.486819227340689
2024-11-29,2.368795591113613,2.407094861484081,3.366438119968175,2.5022675113878687
2024-12-02,2.396140255415299,2.4466587150721772,3.4030909822801734,2.506752738442168
2024-12-03,2.4269642261744258,2.4173408999219874,3.4135261683616624,2.507915584641761
2024-12-04,2.4555994685422955,2.4056400700060987,3.4557268434075055,2.523488228988076
2024-12-05,2.469201876002615,2.4015624500214656,3.446150777032027,2.5193360914486815
2024-12-06,2.5044598879575917,2.420993756878393,3.4769929510132136,2.52411157853727
2024-12-09,2.478798279087589,2.3676114536753925,3.4499163582263046,2.511113089179493
2024-12-10,2.484657305820953,2.3451220919387814,3.438159683923583,2.5033059972883263
2024-12-11,2.5402736868944196,2.3529470215970907,3.4997115783394164,2.5226579562855487
2024-12-12,2.529363706155878,2.3222806806842837,3.4771245919613087,2.5096599829456103
2024-12-13,2.500092027788751,2.3291402705849085,3.5037396288314397,2.509161509713391
2024-12-16,2.5597965387351915,2.4067148410915733,3.554195897779585,2.519875846108
2024-12-17,2.564166239258707,2.341429766063232,3.5385440328306026,2.5094935671926177
2024-12-18,2.490645965199042,2.2604841446449444,3.4108844108168634,2.434701941646123
2024-12-19,2.50010864029427,2.2604841446449444,3.3956947112334928,2.4339542317977934
2024-12-20,2.5214843559084663,2.2604841446449444,3.425347850539987,2.4631887064335816
2024-12-23,2.534020832640558,2.284670474707676,3.458719643480558,2.47793881834495
2024-12-24,2.5461095218542047,2.289457253653814,3.5056191690347984,2.5054810124786013
2024-12-26,2.546475729591221,2.290805340076075,3.503238255590855,2.5056479442494326
2024-12-27,2.5288020834963234,2.2746185707780726,3.4566694576037427,2.4792719504313263
2024-12-30,2.5219839923707097,2.2495132743105817,3.4106954816783936,2.4509797243690716
2024-12-31,2.5011992277772026,2.2381594271706318,3.381722690420003,2.4420629361157014
2025-01-02,2.5345807797538713,2.2318110980335097,3.3751079359278315,2.4360626806868715
2025-01-03,2.5685013447574256,2.26292930453428,3.430342080583153,2.4665216656539815
2025-01-06,2.6177026732008954,2.307036024025168,3.4697669193407674,2.480730474852516
2025-01-07,2.564234096751591,2.2722840646611266,3.407851387120782,2.4526882594331285
2025-01-08,2.556658043254113,2.2695109785597056,3.40844702178099,2.4562712292963966
2025-01-10,2.542877549613983,2.235384507256817,3.3549987653582374,2.4187704068929663
2025-01-13,2.5324342300121483,2.2045327264827215,3.344216193441498,2.4225205665359852
2025-01-14,2.5154740328385428,2.2350485736160577,3.3410411681671466,2.4258540417742243
2025-01-15,2.555773574099982,2.271203372722922,3.4179060739803844,2.4699805332270337
2025-01-16,2.547154772844081,2.268956314601978,3.3939604230021834,2.4652300730036236
2025-01-17,2.5553604286993434,2.289210893638336,3.451244956683932,2.4899808686386287
2025-01-21,2.5465024988447533,2.294248357353166,3.471486377650455,2.5127728605577895
2025-01-22,2.5721944438384394,2.3025631049087556,3.5158725362142116,2.5268983328753674
2025-01-23,2.565206427713568,2.2721068887555664,3.5233472230108376,2.540690715678041
2025-01-24,2.5395582113869146,2.249629543021759,3.50343612331222,2.53327347526404
2025-01-27,2.5154749779761962,2.2529343500310963,3.401435312948421,2.4974391324708094
2025-01-28,2.541059341883162,2.2658545077622465,3.4517081377976,2.5188982503125135
2025-01-29,2.531260493517642,2.2460156742770505,3.4452260400015806,2.5076062319474386
2025-01-30,2.4856602673072636,2.258476142191033,3.4599105065017524,2.521064751208449
2025-01-31,2.4937113141704126,2.2533783767692017,3.45488295992234,2.5076477713834566
2025-02-03,2.480094656172605,2.2632223869507015,3.4272330789324608,2.490772440003251
2025-02-04,2.4991027681356957,2.2735246185159803,3.4693033319278768,2.507481097621545
2025-02-05,2.4988205380708255,2.284517990349306,3.4850470205011477,2.517647939089254
2025-02-06,2.5071461570796685,2.2832781408466944,3.503238255590855,2.526398311589632
2025-02-07,2.4943500844673996,2.2644024077843676,3.4590503710476863,2.5032727141377276
2025-02-10,2.5352057681989915,2.263449929143208,3.500922350022514,2.520272921834908
2025-02-11,2.532139110372282,2.263163230229123,3.492587934071044,2.5221899281058144
2025-02-12,2.5261279473329106,2.3176485833529314,3.494638526247082,2.5140644532081473
2025-02-13,2.571635192250099,2.346929955258512,3.5449115542458727,2.5406071207881658
2025-02-14,2.619783187565671,2.36049113087834,3.5597951073650775,2.540481986462272
2025-02-18,2.6242755249634993,2.5944802753893983,3.567865428821912,2.547940250294453
2025-02-19,2.6248221995835133,2.643854540420903,3.568857611523296,2.5539405057232827
2025-02-20,2.6382626527383666,2.6776311495324534,3.553709557610233,2.543315440414775
2025-02-21,2.5832829721802617,2.547773281891855,3.479953247148465,2.4998143625825144
2025-02-24,2.5781151862923415,2.544345713923346,3.4388751768544337,2.488439523354322
2025-02-25,2.568226861261263,2.5350359222290053,3.395547834064554,2.4760638675279005
2025-02-26,2.5538185452838285,2.5253086806544816,3.403750609067928,2.477313404724401
2025-02-27,2.5341904493991163,2.4752161167821956,3.30922367290231,2.4377709577420092
2025-02-28,2.553509947536047,2.4752161167821956,3.3614810663038686,2.475813598876113
2025-03-03,2.558806509225293,2.480350279219825,3.287923639311522,2.432437655369746
2025-03-04,2.5489166496252063,2.47076365516987,3.27800140599846,2.403645150012836
2025-03-05,2.5402772724400884,2.462389172169247,3.320733520427354,2.4294790670913495
2025-03-06,2.53784093158555,2.460027532593514,3.22938221898492,2.3863533922367695
2025-03-07,2.5349999699435424,2.4572736784132148,3.2531295959425335,2.3997283166079053
2025-03-10,2.5271052733009687,2.4496210431118874,3.1270500716051592,2.3358102189592693
2025-03-11,2.534151011045907,2.456450749664517,3.1195749785093105,2.3163927256965273
2025-03-12,2.5363361545488794,2.458568893915828,3.1547663825179195,2.3286847866330738
2025-03-13,2.5479199948780598,2.469797559112408,3.0980108504238872,2.2976424434992717
2025-03-14,2.547683074174845,2.46956790269632,3.1728911876847454,2.345102152181401
2025-03-17,2.554081965682327,2.4757705961317393,3.193463336218396,2.3631857393310085
2025-03-18,2.5569780530440074,2.478577885807723,3.139023100243871,2.3376436303403008
2025-03-19,2.56201395187308,2.4834593776367377,3.181027329615628,2.363102402450053
2025-03-20,2.563830692873388,2.4852204150700636,3.17024516399811,2.3562690362205823
2025-03-21,2.5544618668273746,2.476138849029251,3.1806966020484997,2.3570461590857197
2025-03-24,2.55933162476892,2.4808592940595795,3.2504951517837397,2.399257450330058
2025-03-25,2.5736094283835325,2.494699322234618,3.2690441333388724,2.405024981713618
2025-03-26,2.6044650558296736,2.52460887728523,3.2088915334453842,2.3763129751395504
2025-03-27,2.5914890125625343,2.512030695846039,3.190607052684109,2.3700023349807204
2025-03-28,2.585987602790911,2.506697966226214,3.1066055010273783,2.3222745550313673
2025-03-31,2.6034475811484716,2.5236225996591104,3.1064732506304495,2.337863453939603
2025-04-01,2.602580565770665,2.522782168064663,3.1315144874621645,2.344466676212997
2025-04-02,2.6031020862919787,2.5232876981100163,3.154369834476744,2.359303221112354
2025-04-03,2.6016859133051726,2.5219149467704427,2.985504970512326,2.2430351137238813
2025-04-04,2.5864198360967987,2.5071169467146097,2.8000787407893237,2.1117209581935246
2025-04-07,2.559220079145037,2.480751168564999,2.8068359031589867,2.1079595751625133
2025-04-08,2.543922553105683,2.4659226839389485,2.7562892326338315,2.074943205786624
2025-04-09,2.5456559390876614,2.4676029221237803,3.0871287351976306,2.292852249902279
2025-04-10,2.5241431068800937,2.446749700443879,2.9558264375044248,2.192381770637811
2025-04-11,2.520586649573248,2.443302288596885,3.010281909699795,2.2314997929478424
2025-04-14,2.5310683810752055,2.4534626370108255,3.0306860535049354,2.253148805354201
2025-04-15,2.5360716506390926,2.4583125000290167,3.034064634689767,2.2468379071864515
2025-04-16,2.5570585234920733,2.4786558889305095,2.942576816708568,2.196894862655402
2025-04-17,2.5605712992603977,2.482060958569963,2.9420470025224073,2.200029671025727
2025-04-21,2.5419777784125643,2.464037538487072,2.869240822792493,2.1476630197105915
2025-04-22,2.559774833108866,2.4812889130736666,2.9445646356547273,2.2035403983915725
2025-04-23,2.5631614660018767,2.484571707537222,3.0113415380721165,2.2376850407718596
2025-04-24,2.5676071846136055,2.4888811148176,3.096071990534041,2.2847861170560666
2025-04-25,2.5680796723602732,2.4893391154949276,3.1305869063371605,2.3012945597529306
2025-04-28,2.566652737801179,2.487955932546425,3.1295933015884985,2.302171790078783
2025-04-29,2.5719224313588813,2.4930640506632598,3.15026255563633,2.316674213427558
2025-04-30,2.5797704272684534,2.5006714171348716,3.1498649918470982,2.317593757216187
2025-05-01,2.565950318045181,2.487275049864737,3.191004616473341,2.334018089005337
2025-05-02,2.573892667211087,2.4949738766030203,3.238371589283086,2.3686648167427147
2025-05-05,2.568884439728335,2.4901192076819996,3.219159730546419,2.3550821951914878
2025-05-06,2.575828756948372,2.4968506033907456,3.189216087295826,2.33539740468828
2025-05-07,2.587628321667329,2.5082883785956387,3.201736604136878,2.345219030221875
2025-05-08,2.5879905098349125,2.5086394616178826,3.2347943277784443,2.3615600251300686
2025-05-09,2.5866674374585044,2.507356956306746,3.232674258435356,2.358550867103476
2025-05-12,2.570256827128747,2.4914495159563987,3.3643741199177937,2.436494845626813
2025-05-13,2.5656696553875804,2.4870029926776707,3.4156498943977534,2.452585313874301
2025-05-14,2.5434795175936205,2.4654932324536207,3.4361200618265526,2.4557198642357068
2025-05-15,2.5589269640819223,2.4804670407788514,3.4398966130998385,2.467714698897141
2025-05-16,2.5484443358934388,2.470305823171923,3.4548679268511067,2.483344879232475
2025-05-19,2.527163096894955,2.449677093761658,3.458180890711502,2.486061455144504
2025-05-20,2.5002213632854815,2.4235614276337194,3.4466537754695015,2.477702740183728
2025-05-21,2.475093955625582,2.3992044579368694,3.3987565821743733,2.435951736851543
2025-05-22,2.467863542596716,2.392195738477088,3.405116383904416,2.4369130780851096
2025-05-23,2.497842330420686,2.4212553389125926,3.373582485496896,2.4202789850445128
2025-05-27,2.5547531912223436,2.5091858695666254,3.452946537827829,2.4705979485710823
2025-05-28,2.55341798105559,2.5048189079091947,3.4376436839109874,2.456305028464834
2025-05-29,2.5527093717541787,2.484867201729321,3.444401252579873,2.466000745645777
2025-05-30,2.556252227256322,2.509940208015893,3.4389686256756122,2.4632426302977293
2025-06-02,2.607872040980848,2.5932842477010873,3.466130135000027,2.4771178339635203
2025-06-03,2.6101502822864835,2.5936863308042772,3.493225011251949,2.491243822298937
2025-06-04,2.6485553389428866,2.5821163934411024,3.5029635973164344,2.4905753211888535
2025-06-05,2.6278458035022556,2.5811810658326313,3.476597215570483,2.4785386890824816
2025-06-06,2.674514438819388,2.6131390227998494,3.510582114037831,2.503991010969249
2025-06-09,2.6888701270857074,2.6763304901736613,3.5157498338490116,2.5062475569780447
2025-06-10,2.708928834849477,2.758857394618746,3.5390023383536002,2.5204576562211756
2025-06-11,2.665551685669183,2.8065145253071346,3.5270774561727567,2.5132687537008156
2025-06-12,2.6643042515908584,2.813156481565837,3.535358240626855,2.5232575690141608
2025-06-13,2.637027863462111,2.794351118750791,3.4909728946615433,2.495047389788265
2025-06-16,2.668362785911714,2.8535558018718143,3.539532152539761,2.5187855004147495
2025-06-17,2.610367970985681,2.8326275681899786,3.50501703358703,2.4972621383521227
2025-06-18,2.614375696475755,2.790378400451888,3.504420992627599,2.496885961347684
2025-06-20,2.564441353047539,2.735511708301668,3.490111946609032,2.49102193462828
2025-06-23,2.570483245115764,2.7063859630257228,3.5259987317369768,2.515626697214923
2025-06-24,2.5960811065380023,2.8047663261992337,3.579918295257848,2.5434178699557646
2025-06-25,2.6605039152561107,2.811867313130651,3.58907018524502,2.5448425952085163
2025-06-26,2.66292866985241,2.8961722489614266,3.622628875827949,2.5647531435161715
2025-06-27,2.6869066970958024,2.8558914736774215,3.6350319721936937,2.5774959460348543
2025-06-30,2.6971181454226976,2.886615570461462,3.6585757932408263,2.5898192260506447
2025-07-01,2.622608181886499,2.8693889587049766,3.6277364633541973,2.5889812130805363
2025-07-02,2.6460946391769244,2.910012668679762,3.653004212002465,2.6007177808136825
2025-07-03,2.6737656665568585,3.0006398204109974,3.6889511294153423,2.6212150414039814
2025-07-07,2.6308250110314777,2.9407329285842008,3.6611627003905856,2.601681702136443
2025-07-08,2.6131205365514076,2.919394975857612,3.663218574456516,2.6002567188747716
2025-07-09,2.6370859387520533,2.917912814128811,3.6891502160343754,2.6158494879167975
2025-07-10,2.6524824738752395,2.958269436151509,3.6838447607867617,2.6232269949572156
2025-07-11,2.663867255696563,2.9402175787626903,3.675554225151324,2.6140052401611524
2025-07-14,2.6409809789161858,2.9362544003901467,3.6888853089412947,2.6189933265993006
2025-07-15,2.6974429888078784,2.9690090244237446,3.692266937370295,2.60780167370386
2025-07-16,2.7095089687651006,2.993372250525773,3.6960475516358064,2.6165200530982355
2025-07-17,2.721492375381199,3.004268039164622,3.725958894098209,2.6325323446431543
2025-07-18,2.724367553132817,2.9947246205580367,3.722377366451731,2.6306042439887145
2025-07-21,2.756672489936003,3.007368967923029,3.7416769858204617,2.6355923304268627
2025-07-22,2.780852532283007,2.9392521722548226,3.7223107333792385,2.63596928145806
2025-07-23,2.7746704832783355,2.975752125107006,3.7392895715889582,2.658395158720637
2025-07-24,2.675098419132794,2.99743340272842,3.7472481607596007,2.6592752271446023
2025-07-25,2.682128315807089,2.9960784023057596,3.7562680034994553,2.6705089354939
2025-07-28,2.6790291005103093,3.0275175129867287,3.768006394337164,2.6698381123035424
2025-07-29,2.6836813895154354,3.189342921400688,3.762170312304945,2.662796274867222
2025-07-30,2.674928227699989,3.2121876285145086,3.7672112667587,2.659442932942192
2025-07-31,2.6339505018894656,3.139943438420893,3.7472481607596007,2.6494667600658954
2025-08-01,2.5820112929357917,3.0892582486833358,3.673432124312123,2.60604102083809
2025-08-04,2.655786366708593,3.1777730729716533,3.741212179509904,2.6456520981930347
2025-08-05,2.6141453555576115,3.1322790559537728,3.715811571015873,2.6322387304929133
2025-08-06,2.621789558815536,3.148300175336584,3.76256848554301,2.6524010955058714
2025-08-07,2.5942985168328176,3.1021018048379063,3.775302309475883,2.6501793807011906
2025-08-08,2.6100060389598436,3.107373848224527,3.8105187008866768,2.670844347089079
2025-08-11,2.596404594889703,3.072508027743126,3.7992438974618588,2.6655623884917703
2025-08-12,2.625632585645055,3.1079583932441963,3.8469958387849377,2.6939402735152553
2025-08-13,2.637760161853422,3.1410826851526816,3.848919259304328,2.703162028311319
2025-08-14,2.641051073080168,3.0764801804534634,3.8459349915149486,2.7034135870077027
2025-08-15,2.6405469289276278,3.0387621759564705,3.829023192676944,2.697084112197759
2025-08-18,2.613146279403508,3.091903163594832,3.8274971327971743,2.6964971419061956
2025-08-19,2.566449090463619,3.0225350553505383,3.775567622868186,2.68186829418693
2025-08-20,2.536391286517446,3.0486557101897716,3.75315046956509,2.674742603851815
2025-08-21,2.511231463729446,2.9807917307494596,3.7357746770149722,2.664011754886366
2025-08-22,2.550209574768566,3.0968519648329424,3.7934078154296396,2.7049221651592497
2025-08-25,2.5897724046299935,3.077283477134502,3.782464552170395,2.6930178916285135
2025-08-26,2.6003291909726167,3.0604134263354053,3.7976524234072637,2.7042936554316683
2025-08-27,2.594810311903236,3.0689079514809756,3.8034889117387056,2.710455424444023
2025-08-28,2.607389179105497,3.0525943161986935,3.827298452477364,2.720054388280203
2025-08-29,2.5695804644120623,3.039742014723333,3.7829959915534457,2.703832593492757
2025-09-02,2.546773202456447,3.010292842687025,3.75129327581897,2.6837963948413694
2025-09-03,2.7116192986190537,3.045751010785069,3.7808072576417517,2.6983413896618407
2025-09-04,2.728706898721307,3.041003015915569,3.8150286222566043,2.7208926592592304
2025-09-05,2.744052612840019,3.074158317853012,3.820533570422473,2.713012034826044
2025-09-08,2.7223062678492105,3.0581861006965463,3.8391697031608354,2.7196771792400862
2025-09-09,2.7570570181498706,3.1121744147646226,3.8500471459460326,2.7259645985961733
2025-09-10,2.7576686576185128,3.1837062722042058,3.851307079835055,2.733844965020441
2025-09-11,2.847921803897887,3.2569102279005957,3.873723826838928,2.756563682406501
2025-09-12,2.955216999849941,3.3147903995700285,3.890834305996743,2.755641300519759
2025-09-15,3.007255144666971,3.352366632292849,3.924128495785814,2.770312203692882
2025-09-16,3.0254413674504437,3.3812385616929954,3.920811875232416,2.7664980578378593
2025-09-17,3.000950101365138,3.4137611585296432,3.912986145907536,2.7630608630140343
2025-09-18,3.021631616106543,3.5706024023794884,3.948269576690045,2.7759711133213876
2025-09-19,3.058734238575055,3.5139661420668618,3.9749967521455902,2.789720150625607
2025-09-22,3.074803507227264,3.562407082416033,3.9985287905152695,2.8029185968958945
2025-09-23,3.0399068544227954,3.5392976096341715,3.9719694166386237,2.787660723431209
2025-09-24,3.0730699894933524,3.463741128517631,3.958025633621098,2.7787914088190027
2025-09-25,2.9973562154085798,3.439889430747231,3.9409614725746502,2.7659714616334288
2025-09-26,3.06213972698437,3.4434578679780623,3.9571622477732515,2.7818181114521128
2025-09-29,3.0874145661645853,3.4909140022399563,3.975488374204834,2.789636039717893
2025-09-30,3.1287804515491704,3.4028710315748603,3.9863780059667073,2.800144226985927
2025-10-01,3.139352255453463,3.3366339629007404,4.0055004788744215,2.8096856548330877
2025-10-02,3.1635076938386484,3.4006081720715304,4.021967380063771,2.8129218607087245
2025-10-03,3.1583476266393,3.4023386271349514,4.005036078863085,2.8128803212727065
2025-10-06,3.1750891013543376,3.476804339127274,4.035114410305942,2.82296795400217
2025-10-07,3.1570248916737222,3.2915496435781004,4.01386699246447,2.812501822187993
2025-10-08,3.1943655310958254,3.3441025351415474,4.059881598312071,2.829272917964774
2025-10-09,3.2161324544086396,3.3183833297627228,4.054967815514963,2.8210764906142805
2025-10-10,3.1023387788150836,3.1882765479316424,3.9142026057797485,2.74482892073579
2025-10-13,3.134592152241632,3.211233850577356,3.997267231429358,2.7869457807156395
2025-10-14,3.117689933868576,3.2270370319670407,3.970641224480219,2.7835410950156545
2025-10-15,3.1368427899018823,3.334532404676397,3.99866124406181,2.795898690217721
2025-10-16,3.1193048233383323,3.307469712232315,3.9838544814956607,2.7768578899772565
2025-10-17,3.127619125094405,3.309593845974035,4.010015682134241,2.7926204288882266
2025-10-20,3.1542837504923846,3.3626682896555002,4.060544678643216,2.82166500895936
2025-10-21,3.136749420955704,3.3718001997891585,4.059483018774783,2.8216229535055026
2025-10-22,3.140750201123361,3.322676761041924,4.020373874513063,2.8069535983858964
2025-10-23,3.1457181996641963,3.3315399051311143,4.054171062739608,2.823598527801106
2025-10-24,3.171644627327235,3.312647189062252,4.097462651197907,2.846674587540491
2025-10-27,3.194785767023611,3.336014736247598,4.170435210459442,2.8802588345479103
2025-10-28,3.2034685642400516,3.310520502472476,4.202505626990295,2.8879087990071817
2025-10-29,3.2073817302871204,3.287212217157276,4.2214294195781985,2.8892961129666253
2025-10-30,3.0905903533821695,3.281530825695106,4.156889600679983,2.8575192184393816
2025-10-31,3.164644705502102,3.332554932572335,4.176942092508035,2.8668921664621947
2025-11-03,3.2623149821904485,3.327467550102986,4.1969279512635955,2.872272684466702
2025-11-04,3.167686084786643,3.256752961668593,4.11173878697945,2.838226085475775
2025-11-05,3.1455359327019288,3.362946648231108,4.138497653774352,2.8480616434910155
2025-11-06,3.0430827837405965,3.2607299976303032,4.061408470790285,2.8175038411077873
2025-11-07,3.047654373344986,3.2539991201896257,4.048593387012909,2.820277694999916
2025-11-10,3.0635583359907455,3.3041510711682975,4.138165301010334,2.8642862763765744
2025-11-11,3.082260737858069,3.290358371623398,4.127143215701921,2.8708433150534014
2025-11-12,3.062119980345701,3.254961567707872,4.1238895715280135,2.8724409062821303
2025-11-13,3.0399116891234192,3.224597120008498,4.039696246638255,2.8247755644912647
2025-11-14,3.0291634755880703,3.1993331811644077,4.042750397893907,2.8243129544988372
2025-11-17,3.0114097013622643,3.1896104714502154,4.008223089964501,2.7980004308748954
2025-11-18,2.991029787579145,3.1879456688524273,3.959420052552773,2.774504074605859
2025-11-19,2.9840606573357378,3.1732881359846408,3.983058135019529,2.785222539143178
2025-11-20,2.965706638527964,3.152336548673531,3.888771931143252,2.7427694935413918
2025-11-21,2.980298403757578,3.1467649953156336,3.9179872830374847,2.7700908320400637
2025-11-24,3.050912628229599,3.1623968590512,4.018182702806034,2.8108624335143264
2025-11-25,3.091375158108269,3.1722443961952047,4.04294948451294,2.837301381508759
2025-11-26,3.079865644904981,3.192948419026679,4.078672124754989,2.856888644640445
2025-11-28,3.0978451429314315,3.1998739506822824,4.11173878697945,2.872482703727068
2025-12-01,3.089328704930022,3.1867866057189196,4.097927457508465,2.8593683683644944
2025-12-02,3.095220651228676,3.3045918897703466,4.12999828033854,2.8646647754612875
2025-12-03,3.1177999341990126,3.4106221096537057,4.14009115932506,2.8745844443842423
2025-12-04,3.15811673750143,3.3619805767553017,4.136239848994831,2.8766859270324976
2025-12-05,3.1731236211285414,3.395021188749643,4.153104923422246,2.8821502979358
2025-12-08,3.152354131230392,3.372799281662815,4.145137395668708,2.873491518601798
2025-12-09,3.163450368989124,3.3846714829396434,4.150249858785626,2.8710115368688296
2025-12-10,3.2624484483907175,3.4905925302559133,4.167247793058804,2.890052595118213
2025-12-11,3.331254266801949,3.5642099619437184,4.15376922265106,2.8967775976015493
2025-12-12,3.270984177120466,3.499725165273962,4.074356414413424,2.865631534882161
2025-12-15,3.3344146250077658,3.5675913250275086,4.053905343048084,2.8613018872062406
2025-12-16,3.324213827479677,3.5566771824081016,4.061939503874114,2.8534839589404606
2025-12-17,3.4068445692480362,3.645086318843166,3.9866433193590103,2.822085305489011
2025-12-18,3.3838349858583747,3.620467667797853,4.044410536517107,2.8433958101931585
2025-12-19,3.473182980927476,3.716063797243328,4.097130704733112,2.869166773095346
2025-12-22,3.5697204992779272,3.8193522156732795,4.116770396551089,2.8870413730202653
2025-12-23,3.6818448537141975,3.939317462709771,4.136050513557138,2.900236465174601
2025-12-24,3.693343228579145,3.951619922671542,4.148150917002109,2.9104383958553446
2025-12-26,3.9002346939739585,4.172979375580925,4.147884791011361,2.910143233651587
2025-12-29,3.7027614417442516,3.9616967545487465,4.12780670233229,2.8997725651375768
2025-12-30,3.700244059071178,3.9590033304859813,4.118232667452923,2.896231650728166
2025-12-31,3.677931903984057,3.9351308791314064,4.084192918590536,2.8747735649221395
