week_start,ticker,bucket,direction,sentiment_score,confidence,raw_score,contrarian_score,inference_time,massive_sentiment
2025-12-29,AAPL,Up 1-3%,Bullish,0.75,0.5,0.29375,-0.29375,32.90870785713196,0.0
2025-12-29,AAPL,Up 1-3%,Bullish,0.75,0.5,0.29375,-0.29375,32.12661647796631,0.0
2025-12-29,AMGN,Up 1-3%,Bullish,0.75,0.5,0.29375,-0.29375,32.76378345489502,0.0
2025-12-29,AMGN,Up 1-3%,Bullish,0.75,0.5,0.29375,-0.29375,32.11032271385193,0.0
2025-12-29,AXP,Up 1-3%,Bullish,0.75,0.5,0.29375,-0.29375,32.42631149291992,0.0
2025-12-29,AXP,Neutral,Neutral,0.0,0.5,0.0,-0.0,31.956924200057983,0.0
2025-12-29,BA,Up 1-3%,Bullish,0.75,0.5,0.29375,-0.29375,3.273951768875122,0.0
2025-12-29,BA,Up 1-3%,Bullish,0.75,0.5,0.29375,-0.29375,32.4249222278595,0.0
2025-12-29,CAT,Up 1-3%,Bullish,0.75,0.5,0.29375,-0.29375,32.302424907684326,0.0
2025-12-29,CAT,Neutral,Neutral,0.0,0.5,0.0,-0.0,2.440509557723999,0.0
2025-12-29,CRM,Up 1-3%,Bullish,0.75,0.5,0.29375,-0.29375,32.659810066223145,0.0
2025-12-29,CRM,Up 1-3%,Bullish,0.75,0.5,0.29375,-0.29375,32.29228115081787,0.0
2025-12-29,CSCO,Neutral,Neutral,0.0,0.5,0.0,-0.0,32.531466484069824,0.0
2025-12-29,CSCO,Up 1-3%,Bullish,0.75,0.5,0.29375,-0.29375,31.78790783882141,0.0
2025-12-29,CVX,Up 1-3%,Bullish,0.75,0.5,0.29375,-0.29375,3.3028416633605957,0.0
2025-12-29,CVX,Up 1-3%,Bullish,0.75,0.5,0.29375,-0.29375,32.07036328315735,0.0
2025-12-29,DIS,Up 1-3%,Bullish,0.75,0.5,0.29375,-0.29375,28.900235652923584,0.0
2025-12-29,DIS,Up 1-3%,Bullish,0.75,0.5,0.29375,-0.29375,31.965934991836548,0.0
2025-12-29,DOW,Up 1-3%,Bullish,0.75,0.5,0.29375,-0.29375,32.64962196350098,0.0
2025-12-29,DOW,Up 1-3%,Bullish,0.75,0.5,0.29375,-0.29375,32.23389410972595,0.0
2025-12-29,GS,Up 1-3%,Bullish,0.75,0.5,0.29375,-0.29375,31.88925051689148,0.0
2025-12-29,GS,Up 1-3%,Bullish,0.75,0.5,0.29375,-0.29375,31.89353346824646,0.0
2025-12-29,HD,Up 1-3%,Bullish,0.75,0.5,0.29375,-0.29375,31.619451761245728,0.0
2025-12-29,HD,Neutral,Neutral,0.0,0.5,0.0,-0.0,2.484325408935547,0.0
2025-12-29,HON,Up 1-3%,Bullish,0.75,0.5,0.29375,-0.29375,32.16762852668762,0.0
2025-12-29,HON,Up 1-3%,Bullish,0.75,0.5,0.29375,-0.29375,32.28258466720581,0.0
2025-12-29,IBM,Up 1-3%,Bullish,0.75,0.5,0.29375,-0.29375,32.536006927490234,0.0
2025-12-29,IBM,Up 1-3%,Bullish,0.75,0.5,0.29375,-0.29375,32.61323165893555,0.0
2025-12-29,INTC,Up 1-3%,Bullish,0.75,0.5,0.29375,-0.29375,32.70511054992676,0.0
2025-12-29,INTC,Up 1-3%,Bullish,0.75,0.5,0.29375,-0.29375,31.611949682235718,0.0
2025-12-29,JNJ,Up 1-3%,Bullish,0.75,0.5,0.29375,-0.29375,31.883832693099976,0.0
2025-12-29,JNJ,Up 1-3%,Bullish,0.75,0.5,0.29375,-0.29375,32.65576791763306,0.0
2025-12-29,JPM,Up 1-3%,Bullish,0.75,0.5,0.29375,-0.29375,32.02744388580322,0.0
2025-12-29,JPM,Up 1-3%,Bullish,0.75,0.5,0.29375,-0.29375,32.55274057388306,0.0
2025-12-29,KO,Up 1-3%,Bullish,0.75,0.5,0.29375,-0.29375,32.06641459465027,0.0
2025-12-29,KO,Up 1-3%,Bullish,0.75,0.5,0.29375,-0.29375,31.778666496276855,0.0
2025-12-29,MCD,Up 1-3%,Bullish,0.75,0.5,0.29375,-0.29375,32.178107261657715,0.0
2025-12-29,MCD,Up 1-3%,Bullish,0.75,0.5,0.29375,-0.29375,32.46513485908508,0.0
2025-12-29,MMM,Up 1-3%,Bullish,0.75,0.5,0.29375,-0.29375,32.3369574546814,0.0
2025-12-29,MMM,Up 1-3%,Bullish,0.75,0.5,0.29375,-0.29375,32.806957960128784,0.0
2025-12-29,MRK,Up 1-3%,Bullish,0.75,0.5,0.29375,-0.29375,3.281665563583374,0.0
2025-12-29,MRK,Up 1-3%,Bullish,0.75,0.5,0.29375,-0.29375,32.02560997009277,0.0
2025-12-29,MSFT,Up 1-3%,Bullish,0.75,0.5,0.29375,-0.29375,32.2350869178772,0.0
2025-12-29,MSFT,Up 1-3%,Bullish,0.75,0.5,0.29375,-0.29375,32.108986616134644,0.0
2025-12-29,NKE,Up 1-3%,Bullish,0.75,0.5,0.29375,-0.29375,32.64987277984619,0.0
2025-12-29,NKE,Up 1-3%,Bullish,0.75,0.5,0.29375,-0.29375,31.72391438484192,0.0
2025-12-29,PG,Up 1-3%,Bullish,0.75,0.5,0.29375,-0.29375,32.20709300041199,0.0
2025-12-29,PG,Up 1-3%,Bullish,0.75,0.5,0.29375,-0.29375,32.131059408187866,0.0
2025-12-29,TRV,Up 1-3%,Bullish,0.75,0.5,0.29375,-0.29375,31.852936029434204,0.0
2025-12-29,TRV,Up 1-3%,Bullish,0.75,0.5,0.29375,-0.29375,3.30043625831604,0.0
2025-12-29,UNH,Up 1-3%,Bullish,0.75,0.5,0.29375,-0.29375,32.217787981033325,0.0
2025-12-29,UNH,Neutral,Neutral,0.0,0.5,0.0,-0.0,2.4619975090026855,0.0
2025-12-29,V,Up 1-3%,Bullish,0.75,0.5,0.29375,-0.29375,32.2569854259491,0.0
2025-12-29,V,Neutral,Neutral,0.0,0.5,0.0,-0.0,2.4534358978271484,0.0
2025-12-29,VZ,Up 1-3%,Bullish,0.75,0.5,0.29375,-0.29375,32.08761763572693,0.0
2025-12-29,VZ,Up 1-3%,Bullish,0.75,0.5,0.29375,-0.29375,32.205066442489624,0.0
2025-12-29,WBA,Up 1-3%,Bullish,0.75,0.5,0.29375,-0.29375,3.2679967880249023,0.0
2025-12-29,WBA,Up 1-3%,Bullish,0.75,0.5,0.29375,-0.29375,32.0777690410614,0.0
2025-12-29,WMT,Up 1-3%,Bullish,0.75,0.5,0.29375,-0.29375,32.172324657440186,0.0
2025-12-29,WMT,Neutral,Neutral,0.0,0.5,0.0,-0.0,2.464035987854004,0.0
2026-01-05,AAPL,Up 1-3%,Bullish,0.75,0.5,0.29375,-0.29375,32.38328766822815,0.0
2026-01-05,AAPL,Neutral,Neutral,0.0,0.5,0.0,-0.0,2.495089530944824,0.0
2026-01-05,AAPL,Up 1-3%,Bullish,0.75,0.5,0.29375,-0.29375,3.235383987426758,0.0
2026-01-05,AAPL,Neutral,Neutral,0.0,0.5,0.0,-0.0,2.4814865589141846,0.0
2026-01-05,AAPL,Up 1-3%,Bullish,0.75,0.5,0.29375,-0.29375,32.20309519767761,0.0
2026-01-05,AMGN,Up 1-3%,Bullish,0.75,0.5,0.29375,-0.29375,32.22673296928406,0.0
2026-01-05,AMGN,Up 1-3%,Bullish,0.75,0.5,0.29375,-0.29375,32.958404779434204,0.0
2026-01-05,AMGN,Up 1-3%,Bullish,0.75,0.5,0.29375,-0.29375,29.782009840011597,0.0
2026-01-05,AMGN,Up 1-3%,Bullish,0.75,0.5,0.29375,-0.29375,32.12543058395386,0.0
2026-01-05,AMGN,Up 1-3%,Bullish,0.75,0.5,0.29375,-0.29375,32.39190721511841,0.0
2026-01-05,AXP,Up 1-3%,Bullish,0.75,0.5,0.29375,-0.29375,32.091798067092896,0.0
2026-01-05,AXP,Up 1-3%,Bullish,0.75,0.5,0.29375,-0.29375,33.047680616378784,0.0
2026-01-05,AXP,Up 1-3%,Bullish,0.75,0.5,0.29375,-0.29375,31.988347053527832,0.0
2026-01-05,AXP,Up 1-3%,Bullish,0.75,0.5,0.29375,-0.29375,32.88842058181763,0.0
2026-01-05,AXP,Up 1-3%,Bullish,0.75,0.5,0.29375,-0.29375,32.12786889076233,0.0
2026-01-05,BA,Up 1-3%,Bullish,0.75,0.5,0.29375,-0.29375,32.590564489364624,0.0
2026-01-05,BA,Up 1-3%,Bullish,0.75,0.5,0.29375,-0.29375,32.573814153671265,0.0
2026-01-05,BA,Up 1-3%,Bullish,0.75,0.5,0.29375,-0.29375,31.867595195770264,0.0
2026-01-05,BA,Up 1-3%,Bullish,0.75,0.5,0.29375,-0.29375,31.95703125,0.0
2026-01-05,BA,Up 1-3%,Bullish,0.75,0.5,0.29375,-0.29375,32.22852325439453,0.0
2026-01-05,CAT,Up 1-3%,Bullish,0.75,0.5,0.29375,-0.29375,32.17494249343872,0.0
2026-01-05,CAT,Up 1-3%,Bullish,0.75,0.5,0.29375,-0.29375,32.766345500946045,0.0
2026-01-05,CAT,Neutral,Neutral,0.0,0.5,0.0,-0.0,2.484100818634033,0.0
2026-01-05,CAT,Neutral,Neutral,0.0,0.5,0.0,-0.0,2.4663147926330566,0.0
2026-01-05,CAT,Up 1-3%,Bullish,0.75,0.5,0.29375,-0.29375,32.01486086845398,0.0
2026-01-05,CRM,Up 1-3%,Bullish,0.75,0.5,0.29375,-0.29375,31.7882399559021,0.0
2026-01-05,CRM,Up 1-3%,Bullish,0.75,0.5,0.29375,-0.29375,32.4387731552124,0.0
2026-01-05,CRM,Neutral,Neutral,0.0,0.5,0.0,-0.0,2.4761335849761963,0.0
2026-01-05,CRM,Up 1-3%,Bullish,0.75,0.5,0.29375,-0.29375,32.800148248672485,0.0
2026-01-05,CRM,Up 1-3%,Bullish,0.75,0.5,0.29375,-0.29375,29.864323139190674,0.0
2026-01-05,CSCO,Up 1-3%,Bullish,0.75,0.5,0.29375,-0.29375,31.868539571762085,0.0
2026-01-05,CSCO,Up 1-3%,Bullish,0.75,0.5,0.29375,-0.29375,32.885791540145874,0.0
2026-01-05,CSCO,Up 1-3%,Bullish,0.75,0.5,0.29375,-0.29375,3.283946990966797,0.0
2026-01-05,CSCO,Up 1-3%,Bullish,0.75,0.5,0.29375,-0.29375,3.282576322555542,0.0
2026-01-05,CSCO,Up 1-3%,Bullish,0.75,0.5,0.29375,-0.29375,31.963433504104614,0.0
2026-01-05,CVX,Up 1-3%,Bullish,0.75,0.5,0.29375,-0.29375,32.63721203804016,0.0
2026-01-05,CVX,Up 1-3%,Bullish,0.75,0.5,0.29375,-0.29375,31.906859159469604,0.0
2026-01-05,CVX,Up 1-3%,Bullish,0.75,0.5,0.29375,-0.29375,30.220229625701904,0.0
2026-01-05,CVX,Up 1-3%,Bullish,0.75,0.5,0.29375,-0.29375,32.18053841590881,0.0
2026-01-05,CVX,Up 1-3%,Bullish,0.75,0.5,0.29375,-0.29375,3.2863354682922363,0.0
2026-01-05,DIS,Up 1-3%,Bullish,0.75,0.5,0.29375,-0.29375,32.818657875061035,0.0
2026-01-05,DIS,Up 1-3%,Bullish,0.75,0.5,0.29375,-0.29375,32.24585247039795,0.0
2026-01-05,DIS,Up 1-3%,Bullish,0.75,0.5,0.29375,-0.29375,31.778027057647705,0.0
2026-01-05,DIS,Up 1-3%,Bullish,0.75,0.5,0.29375,-0.29375,32.65675234794617,0.0
2026-01-05,DIS,Up 1-3%,Bullish,0.75,0.5,0.29375,-0.29375,32.51660394668579,0.0
2026-01-05,DOW,Neutral,Neutral,0.0,0.5,0.0,-0.0,2.478522300720215,0.0
2026-01-05,DOW,Up 1-3%,Bullish,0.75,0.5,0.29375,-0.29375,32.831109046936035,0.0
2026-01-05,DOW,Up 1-3%,Bullish,0.75,0.5,0.29375,-0.29375,32.203447580337524,0.0
2026-01-05,DOW,Up 1-3%,Bullish,0.75,0.5,0.29375,-0.29375,32.25205588340759,0.0
2026-01-05,DOW,Up 1-3%,Bullish,0.75,0.5,0.29375,-0.29375,32.80571794509888,0.0
2026-01-05,GS,Up 1-3%,Bullish,0.75,0.5,0.29375,-0.29375,32.499915599823,0.0
2026-01-05,GS,Up 1-3%,Bullish,0.75,0.5,0.29375,-0.29375,32.5785710811615,0.0
2026-01-05,GS,Up 1-3%,Bullish,0.75,0.5,0.29375,-0.29375,32.44330978393555,0.0
2026-01-05,GS,Up 1-3%,Bullish,0.75,0.5,0.29375,-0.29375,32.13092827796936,0.0
2026-01-05,GS,Up 1-3%,Bullish,0.75,0.5,0.29375,-0.29375,32.40719032287598,0.0
2026-01-05,HD,Up 1-3%,Bullish,0.75,0.5,0.29375,-0.29375,31.952780961990356,0.0
2026-01-05,HD,Up 1-3%,Bullish,0.75,0.5,0.29375,-0.29375,32.34340476989746,0.0
2026-01-05,HD,Up 1-3%,Bullish,0.75,0.5,0.29375,-0.29375,32.680129528045654,0.0
2026-01-05,HD,Up 1-3%,Bullish,0.75,0.5,0.29375,-0.29375,32.76820397377014,0.0
2026-01-05,HD,Up 1-3%,Bullish,0.75,0.5,0.29375,-0.29375,32.302210569381714,0.0
2026-01-05,HON,Up 1-3%,Bullish,0.75,0.5,0.29375,-0.29375,31.58096957206726,0.0
2026-01-05,HON,Up 3-5%,Bullish,1.5,0.5,0.3875,-0.3875,32.530192375183105,1.0
2026-01-05,HON,Up 3-5%,Bullish,1.5,0.5,0.3875,-0.3875,32.6772518157959,1.0
2026-01-05,HON,Up 3-5%,Bullish,1.5,0.5,0.3875,-0.3875,25.37405824661255,1.0
2026-01-05,HON,Up 3-5%,Bullish,1.5,0.5,0.3875,-0.3875,18.05972671508789,1.0
2026-01-05,IBM,Up 1-3%,Bullish,0.75,0.5,0.29375,-0.29375,31.92617177963257,0.0
2026-01-05,IBM,Neutral,Neutral,0.0,0.5,0.0,-0.0,32.05388307571411,0.0
2026-01-05,IBM,Up 1-3%,Bullish,0.75,0.5,0.29375,-0.29375,32.119585037231445,0.0
2026-01-05,IBM,Up 1-3%,Bullish,0.75,0.5,0.29375,-0.29375,32.69341802597046,0.0
2026-01-05,IBM,Up 1-3%,Bullish,0.75,0.5,0.29375,-0.29375,32.17946648597717,0.0
2026-01-05,INTC,Up 1-3%,Bullish,0.75,0.5,0.29375,-0.29375,31.769596099853516,0.0
2026-01-05,INTC,Up 1-3%,Bullish,0.75,0.5,0.29375,-0.29375,32.39565849304199,0.0
2026-01-05,INTC,Up 1-3%,Bullish,0.75,0.5,0.29375,-0.29375,32.9323513507843,0.0
2026-01-05,INTC,Up 1-3%,Bullish,0.75,0.5,0.29375,-0.29375,3.264784336090088,0.0
2026-01-05,INTC,Up 1-3%,Bullish,0.75,0.5,0.29375,-0.29375,3.287501335144043,0.0
2026-01-05,JNJ,Up 1-3%,Bullish,0.75,0.5,0.29375,-0.29375,32.180328130722046,0.0
2026-01-05,JNJ,Up 1-3%,Bullish,0.75,0.5,0.29375,-0.29375,31.96408224105835,0.0
2026-01-05,JNJ,Up 1-3%,Bullish,0.75,0.5,0.29375,-0.29375,31.965070962905884,0.0
2026-01-05,JNJ,Up 1-3%,Bullish,0.75,0.5,0.29375,-0.29375,32.7115478515625,0.0
2026-01-05,JNJ,Up 1-3%,Bullish,0.75,0.5,0.29375,-0.29375,32.75792145729065,0.0
2026-01-05,JPM,Up 1-3%,Bullish,0.75,0.5,0.29375,-0.29375,32.474273920059204,0.0
2026-01-05,JPM,Up 1-3%,Bullish,0.75,0.5,0.29375,-0.29375,32.28305792808533,0.0
2026-01-05,JPM,Up 1-3%,Bullish,0.75,0.5,0.29375,-0.29375,32.0441997051239,0.0
2026-01-05,JPM,Up 1-3%,Bullish,0.75,0.5,0.29375,-0.29375,29.847535371780396,0.0
2026-01-05,JPM,Up 1-3%,Bullish,0.75,0.5,0.29375,-0.29375,32.27494287490845,0.0
2026-01-05,KO,Up 1-3%,Bullish,0.75,0.5,0.29375,-0.29375,31.584789037704468,0.0
2026-01-05,KO,Up 1-3%,Bullish,0.75,0.5,0.29375,-0.29375,32.501535415649414,0.0
2026-01-05,KO,Up 1-3%,Bullish,0.75,0.5,0.29375,-0.29375,31.71335744857788,0.0
2026-01-05,KO,Up 1-3%,Bullish,0.75,0.5,0.29375,-0.29375,32.913082122802734,0.0
2026-01-05,KO,Up 1-3%,Bullish,0.75,0.5,0.29375,-0.29375,32.551424980163574,0.0
2026-01-05,MCD,Up 1-3%,Bullish,0.75,0.5,0.29375,-0.29375,32.20044779777527,0.0
2026-01-05,MCD,Up 1-3%,Bullish,0.75,0.5,0.29375,-0.29375,3.28279709815979,0.0
2026-01-05,MCD,Up 3-5%,Bullish,1.5,0.5,0.3875,-0.3875,19.857987880706787,0.0
2026-01-05,MCD,Up 3-5%,Bullish,1.5,0.5,0.3875,-0.3875,25.160552978515625,0.6666666666666666
2026-01-05,MCD,Up 3-5%,Bullish,1.5,0.5,0.3875,-0.3875,28.763230085372925,0.6666666666666666
2026-01-05,MMM,Up 3-5%,Bullish,1.5,0.5,0.3875,-0.3875,24.628586769104004,1.0
2026-01-05,MMM,Up 3-5%,Bullish,1.5,0.5,0.3875,-0.3875,21.87831473350525,-1.0
2026-01-05,MMM,Up 3-5%,Bullish,1.5,0.5,0.3875,-0.3875,22.03410840034485,-1.0
2026-01-05,MMM,Up 3-5%,Bullish,1.5,0.5,0.3875,-0.3875,20.860596656799316,0.0
2026-01-05,MMM,Up 3-5%,Bullish,1.5,0.5,0.3875,-0.3875,25.426351070404053,1.0
2026-01-05,MRK,Up 1-3%,Bullish,0.75,0.5,0.29375,-0.29375,31.975691556930542,0.0
2026-01-05,MRK,Up 1-3%,Bullish,0.75,0.5,0.29375,-0.29375,32.86607766151428,0.0
2026-01-05,MRK,Up 1-3%,Bullish,0.75,0.5,0.29375,-0.29375,32.26787304878235,0.0
2026-01-05,MRK,Up 1-3%,Bullish,0.75,0.5,0.29375,-0.29375,3.3325164318084717,0.0
2026-01-05,MRK,Up 1-3%,Bullish,0.75,0.5,0.29375,-0.29375,32.10917139053345,0.0
2026-01-05,MSFT,Neutral,Neutral,0.0,0.5,0.0,-0.0,32.12133169174194,0.0
2026-01-05,MSFT,Up 1-3%,Bullish,0.75,0.5,0.29375,-0.29375,31.768030643463135,0.0
2026-01-05,MSFT,Up 1-3%,Bullish,0.75,0.5,0.29375,-0.29375,31.847551822662354,0.0
2026-01-05,MSFT,Up 1-3%,Bullish,0.75,0.5,0.29375,-0.29375,32.94659638404846,0.0
2026-01-05,MSFT,Neutral,Neutral,0.0,0.5,0.0,-0.0,2.484253406524658,0.0
2026-01-05,NKE,Up 1-3%,Bullish,0.75,0.5,0.29375,-0.29375,31.570531845092773,0.0
2026-01-05,NKE,Up 1-3%,Bullish,0.75,0.5,0.29375,-0.29375,32.34029722213745,0.0
2026-01-05,NKE,Up 1-3%,Bullish,0.75,0.5,0.29375,-0.29375,32.20845890045166,0.0
2026-01-05,NKE,Up 1-3%,Bullish,0.75,0.5,0.29375,-0.29375,3.332622766494751,0.0
2026-01-05,NKE,Up 1-3%,Bullish,0.75,0.5,0.29375,-0.29375,32.05058526992798,0.0
2026-01-05,PG,Up 1-3%,Bullish,0.75,0.5,0.29375,-0.29375,31.74019479751587,0.0
2026-01-05,PG,Up 1-3%,Bullish,0.75,0.5,0.29375,-0.29375,32.3789849281311,0.0
2026-01-05,PG,Up 1-3%,Bullish,0.75,0.5,0.29375,-0.29375,32.17554450035095,0.0
2026-01-05,PG,Up 1-3%,Bullish,0.75,0.5,0.29375,-0.29375,32.10306191444397,0.0
2026-01-05,PG,Up 1-3%,Bullish,0.75,0.5,0.29375,-0.29375,32.55014157295227,0.0
2026-01-05,TRV,Up 1-3%,Bullish,0.75,0.5,0.29375,-0.29375,32.616071701049805,0.0
2026-01-05,TRV,Up 1-3%,Bullish,0.75,0.5,0.29375,-0.29375,31.99458909034729,0.0
2026-01-05,TRV,Up 1-3%,Bullish,0.75,0.5,0.29375,-0.29375,32.50033473968506,0.0
2026-01-05,TRV,Up 1-3%,Bullish,0.75,0.5,0.29375,-0.29375,32.51474094390869,0.0
2026-01-05,TRV,Up 1-3%,Bullish,0.75,0.5,0.29375,-0.29375,32.328606367111206,0.0
2026-01-05,UNH,Up 1-3%,Bullish,0.75,0.5,0.29375,-0.29375,33.0350604057312,0.0
2026-01-05,UNH,Up 1-3%,Bullish,0.75,0.5,0.29375,-0.29375,32.1712441444397,0.0
2026-01-05,UNH,Up 1-3%,Bullish,0.75,0.5,0.29375,-0.29375,32.52282762527466,0.0
2026-01-05,UNH,Up 1-3%,Bullish,0.75,0.5,0.29375,-0.29375,33.08342218399048,0.0
2026-01-05,UNH,Neutral,Neutral,0.0,0.5,0.0,-0.0,2.4967775344848633,0.0
2026-01-05,V,Up 1-3%,Bullish,0.75,0.5,0.29375,-0.29375,32.48832964897156,0.0
2026-01-05,V,Up 1-3%,Bullish,0.75,0.5,0.29375,-0.29375,32.675703287124634,0.0
2026-01-05,V,Up 1-3%,Bullish,0.75,0.5,0.29375,-0.29375,32.39653205871582,0.0
2026-01-05,V,Up 1-3%,Bullish,0.75,0.5,0.29375,-0.29375,32.861692905426025,0.0
2026-01-05,V,Up 1-3%,Bullish,0.75,0.5,0.29375,-0.29375,32.671483755111694,0.0
2026-01-05,VZ,Up 1-3%,Bullish,0.75,0.5,0.29375,-0.29375,33.17893171310425,0.0
2026-01-05,VZ,Up 1-3%,Bullish,0.75,0.5,0.29375,-0.29375,3.2933788299560547,0.0
2026-01-05,VZ,Up 1-3%,Bullish,0.75,0.5,0.29375,-0.29375,32.39243030548096,0.0
2026-01-05,VZ,Up 1-3%,Bullish,0.75,0.5,0.29375,-0.29375,32.79198622703552,0.0
2026-01-05,VZ,Up 1-3%,Bullish,0.75,0.5,0.29375,-0.29375,26.245617866516113,0.0
2026-01-05,WBA,Up 1-3%,Bullish,0.75,0.5,0.29375,-0.29375,31.82870626449585,0.0
2026-01-05,WBA,Up 1-3%,Bullish,0.75,0.5,0.29375,-0.29375,3.3002028465270996,0.0
2026-01-05,WBA,Up 1-3%,Bullish,0.75,0.5,0.29375,-0.29375,32.628939151763916,0.0
2026-01-05,WBA,Up 1-3%,Bullish,0.75,0.5,0.29375,-0.29375,31.990176677703857,0.0
2026-01-05,WBA,Up 1-3%,Bullish,0.75,0.5,0.29375,-0.29375,3.258340835571289,0.0
2026-01-05,WMT,Up 1-3%,Bullish,0.75,0.5,0.29375,-0.29375,32.33280038833618,0.0
2026-01-05,WMT,Up 1-3%,Bullish,0.75,0.5,0.29375,-0.29375,31.71378445625305,0.0
2026-01-05,WMT,Up 1-3%,Bullish,0.75,0.5,0.29375,-0.29375,32.39390444755554,0.0
2026-01-05,WMT,Up 1-3%,Bullish,0.75,0.5,0.29375,-0.29375,32.29767084121704,0.0
2026-01-05,WMT,Up 1-3%,Bullish,0.75,0.5,0.29375,-0.29375,32.37035894393921,0.0
2026-01-12,AAPL,Up 1-3%,Bullish,0.75,0.5,0.29375,-0.29375,32.3255774974823,0.0
2026-01-12,AAPL,Neutral,Neutral,0.0,0.5,0.0,-0.0,2.4651849269866943,0.0
2026-01-12,AAPL,Up 1-3%,Bullish,0.75,0.5,0.29375,-0.29375,32.260156869888306,0.0
2026-01-12,AAPL,Up 1-3%,Bullish,0.75,0.5,0.29375,-0.29375,32.73935103416443,0.0
2026-01-12,AAPL,Up 1-3%,Bullish,0.75,0.5,0.29375,-0.29375,32.35083842277527,0.0
2026-01-12,AMGN,Up 1-3%,Bullish,0.75,0.5,0.29375,-0.29375,32.58584117889404,0.0
2026-01-12,AMGN,Up 1-3%,Bullish,0.75,0.5,0.29375,-0.29375,32.28702187538147,0.0
2026-01-12,AMGN,Up 1-3%,Bullish,0.75,0.5,0.29375,-0.29375,32.65136098861694,0.0
2026-01-12,AMGN,Up 1-3%,Bullish,0.75,0.5,0.29375,-0.29375,32.40654921531677,0.0
2026-01-12,AMGN,Up 1-3%,Bullish,0.75,0.5,0.29375,-0.29375,32.83544969558716,0.0
2026-01-12,AXP,Up 1-3%,Bullish,0.75,0.5,0.29375,-0.29375,32.76102614402771,0.0
2026-01-12,AXP,Up 1-3%,Bullish,0.75,0.5,0.29375,-0.29375,32.90734076499939,0.0
2026-01-12,AXP,Up 1-3%,Bullish,0.75,0.5,0.29375,-0.29375,32.06037735939026,0.0
2026-01-12,AXP,Up 1-3%,Bullish,0.75,0.5,0.29375,-0.29375,3.280653476715088,0.0
2026-01-12,AXP,Up 1-3%,Bullish,0.75,0.5,0.29375,-0.29375,32.12158489227295,0.0
2026-01-12,BA,Up 1-3%,Bullish,0.75,0.5,0.29375,-0.29375,32.013428926467896,0.0
2026-01-12,BA,Up 1-3%,Bullish,0.75,0.5,0.29375,-0.29375,32.27595806121826,0.0
2026-01-12,BA,Up 1-3%,Bullish,0.75,0.5,0.29375,-0.29375,32.169172525405884,0.0
2026-01-12,BA,Up 1-3%,Bullish,0.75,0.5,0.29375,-0.29375,32.97421741485596,0.0
2026-01-12,BA,Up 1-3%,Bullish,0.75,0.5,0.29375,-0.29375,32.46064639091492,0.0
2026-01-12,CAT,Up 1-3%,Bullish,0.75,0.5,0.29375,-0.29375,32.968209981918335,0.0
2026-01-12,CAT,Neutral,Neutral,0.0,0.5,0.0,-0.0,2.4410548210144043,0.0
2026-01-12,CAT,Up 1-3%,Bullish,0.75,0.5,0.29375,-0.29375,32.22327542304993,0.0
2026-01-12,CAT,Up 1-3%,Bullish,0.75,0.5,0.29375,-0.29375,32.354048013687134,0.0
2026-01-12,CAT,Up 1-3%,Bullish,0.75,0.5,0.29375,-0.29375,31.953357934951782,0.0
2026-01-12,CRM,Up 1-3%,Bullish,0.75,0.5,0.29375,-0.29375,33.02985119819641,0.0
2026-01-12,CRM,Up 1-3%,Bullish,0.75,0.5,0.29375,-0.29375,32.37159061431885,0.0
2026-01-12,CRM,Neutral,Neutral,0.0,0.5,0.0,-0.0,2.5347609519958496,0.0
2026-01-12,CRM,Neutral,Neutral,0.0,0.5,0.0,-0.0,2.477855682373047,0.0
2026-01-12,CRM,Up 1-3%,Bullish,0.75,0.5,0.29375,-0.29375,32.040812969207764,0.0
2026-01-12,CSCO,Up 1-3%,Bullish,0.75,0.5,0.29375,-0.29375,32.96032762527466,0.0
2026-01-12,CSCO,Up 1-3%,Bullish,0.75,0.5,0.29375,-0.29375,3.3009352684020996,0.0
2026-01-12,CSCO,Up 1-3%,Bullish,0.75,0.5,0.29375,-0.29375,32.30542325973511,0.0
2026-01-12,CSCO,Up 1-3%,Bullish,0.75,0.5,0.29375,-0.29375,3.2654550075531006,0.0
2026-01-12,CSCO,Up 1-3%,Bullish,0.75,0.5,0.29375,-0.29375,3.2869722843170166,0.0
2026-01-12,CVX,Up 1-3%,Bullish,0.75,0.5,0.29375,-0.29375,32.16186499595642,0.0
2026-01-12,CVX,Up 1-3%,Bullish,0.75,0.5,0.29375,-0.29375,3.325505495071411,0.0
2026-01-12,CVX,Up 1-3%,Bullish,0.75,0.5,0.29375,-0.29375,3.313232421875,0.0
2026-01-12,CVX,Up 1-3%,Bullish,0.75,0.5,0.29375,-0.29375,32.07344698905945,0.0
2026-01-12,CVX,Up 1-3%,Bullish,0.75,0.5,0.29375,-0.29375,3.2860119342803955,0.0
2026-01-12,DIS,Up 1-3%,Bullish,0.75,0.5,0.29375,-0.29375,32.379300355911255,0.0
2026-01-12,DIS,Up 1-3%,Bullish,0.75,0.5,0.29375,-0.29375,32.30890440940857,0.0
2026-01-12,DIS,Up 1-3%,Bullish,0.75,0.5,0.29375,-0.29375,3.286799430847168,0.0
2026-01-12,DIS,Up 1-3%,Bullish,0.75,0.5,0.29375,-0.29375,32.181970834732056,0.0
2026-01-12,DIS,Up 1-3%,Bullish,0.75,0.5,0.29375,-0.29375,32.100502252578735,0.0
2026-01-12,DOW,Up 1-3%,Bullish,0.75,0.5,0.29375,-0.29375,18.45826292037964,1.0
2026-01-12,DOW,Up 1-3%,Bullish,0.75,0.5,0.29375,-0.29375,19.57618474960327,1.0
2026-01-12,DOW,Up 1-3%,Bullish,0.75,0.5,0.29375,-0.29375,32.22508430480957,0.0
2026-01-12,DOW,Up 1-3%,Bullish,0.75,0.5,0.29375,-0.29375,22.35794734954834,0.0
2026-01-12,DOW,Up 1-3%,Bullish,0.75,0.5,0.29375,-0.29375,29.85377788543701,0.0
2026-01-12,GS,Up 1-3%,Bullish,0.75,0.5,0.29375,-0.29375,3.3057074546813965,0.0
2026-01-12,GS,Up 1-3%,Bullish,0.75,0.5,0.29375,-0.29375,32.26416063308716,0.0
2026-01-12,GS,Up 1-3%,Bullish,0.75,0.5,0.29375,-0.29375,32.72162365913391,0.0
2026-01-12,GS,Up 1-3%,Bullish,0.75,0.5,0.29375,-0.29375,32.23216414451599,0.0
2026-01-12,GS,Up 1-3%,Bullish,0.75,0.5,0.29375,-0.29375,32.75616645812988,0.0
2026-01-12,HD,Neutral,Neutral,0.0,0.5,0.0,-0.0,2.5173134803771973,0.0
2026-01-12,HD,Up 1-3%,Bullish,0.75,0.5,0.29375,-0.29375,32.35935139656067,0.0
2026-01-12,HD,Up 1-3%,Bullish,0.75,0.5,0.29375,-0.29375,32.16520977020264,0.0
2026-01-12,HD,Up 1-3%,Bullish,0.75,0.5,0.29375,-0.29375,32.35112810134888,0.0
2026-01-12,HD,Up 1-3%,Bullish,0.75,0.5,0.29375,-0.29375,24.974651336669922,0.0
2026-01-12,HON,Up 3-5%,Bullish,1.5,0.5,0.3875,-0.3875,26.016533374786377,1.0
2026-01-12,HON,Up 1-3%,Bullish,0.75,0.5,0.29375,-0.29375,32.76508975028992,0.0
2026-01-12,HON,Up 3-5%,Bullish,1.5,0.5,0.3875,-0.3875,29.836084842681885,0.5
2026-01-12,HON,Up 1-3%,Bullish,0.75,0.5,0.29375,-0.29375,18.907872915267944,0.6666666666666666
2026-01-12,HON,Up 1-3%,Bullish,0.75,0.5,0.29375,-0.29375,23.11098003387451,0.6666666666666666
2026-01-12,IBM,Up 1-3%,Bullish,0.75,0.5,0.29375,-0.29375,32.045573711395264,0.0
2026-01-12,IBM,Neutral,Neutral,0.0,0.5,0.0,-0.0,2.494203567504883,0.0
2026-01-12,IBM,Up 1-3%,Bullish,0.75,0.5,0.29375,-0.29375,32.07904624938965,0.0
2026-01-12,IBM,Up 1-3%,Bullish,0.75,0.5,0.29375,-0.29375,32.57311987876892,0.0
2026-01-12,IBM,Up 1-3%,Bullish,0.75,0.5,0.29375,-0.29375,32.70289492607117,0.0
2026-01-12,INTC,Up 1-3%,Bullish,0.75,0.5,0.29375,-0.29375,32.192063093185425,0.0
2026-01-12,INTC,Up 1-3%,Bullish,0.75,0.5,0.29375,-0.29375,31.679779052734375,0.0
2026-01-12,INTC,Up 1-3%,Bullish,0.75,0.5,0.29375,-0.29375,32.23614430427551,0.0
2026-01-12,INTC,Up 1-3%,Bullish,0.75,0.5,0.29375,-0.29375,3.2900710105895996,0.0
2026-01-12,INTC,Up 1-3%,Bullish,0.75,0.5,0.29375,-0.29375,32.85021662712097,0.0
2026-01-12,JNJ,Up 1-3%,Bullish,0.75,0.5,0.29375,-0.29375,32.27491283416748,0.0
2026-01-12,JNJ,Up 1-3%,Bullish,0.75,0.5,0.29375,-0.29375,32.42946743965149,0.0
2026-01-12,JNJ,Up 1-3%,Bullish,0.75,0.5,0.29375,-0.29375,3.3403429985046387,0.0
2026-01-12,JNJ,Up 1-3%,Bullish,0.75,0.5,0.29375,-0.29375,32.083901166915894,0.0
2026-01-12,JNJ,Up 1-3%,Bullish,0.75,0.5,0.29375,-0.29375,31.749706983566284,0.0
2026-01-12,JPM,Up 1-3%,Bullish,0.75,0.5,0.29375,-0.29375,32.20284175872803,0.0
2026-01-12,JPM,Up 1-3%,Bullish,0.75,0.5,0.29375,-0.29375,3.273174285888672,0.0
2026-01-12,JPM,Up 1-3%,Bullish,0.75,0.5,0.29375,-0.29375,32.202397108078,0.0
2026-01-12,JPM,Up 1-3%,Bullish,0.75,0.5,0.29375,-0.29375,31.82310390472412,0.0
2026-01-12,JPM,Up 1-3%,Bullish,0.75,0.5,0.29375,-0.29375,3.2867844104766846,0.0
2026-01-12,KO,Neutral,Neutral,0.0,0.5,0.0,-0.0,2.490757465362549,0.0
2026-01-12,KO,Up 1-3%,Bullish,0.75,0.5,0.29375,-0.29375,32.05151104927063,0.0
2026-01-12,KO,Up 1-3%,Bullish,0.75,0.5,0.29375,-0.29375,3.3158016204833984,0.0
2026-01-12,KO,Up 1-3%,Bullish,0.75,0.5,0.29375,-0.29375,32.05694603919983,0.0
2026-01-12,KO,Up 1-3%,Bullish,0.75,0.5,0.29375,-0.29375,32.242106676101685,0.0
2026-01-12,MCD,Up 1-3%,Bullish,0.75,0.5,0.29375,-0.29375,32.89611554145813,0.0
2026-01-12,MCD,Up 1-3%,Bullish,0.75,0.5,0.29375,-0.29375,3.3014445304870605,0.0
2026-01-12,MCD,Up 3-5%,Bullish,1.5,0.5,0.3875,-0.3875,32.4855592250824,0.5
2026-01-12,MCD,Up 3-5%,Bullish,1.5,0.5,0.3875,-0.3875,28.187419652938843,0.5
2026-01-12,MCD,Up 3-5%,Bullish,1.5,0.5,0.3875,-0.3875,24.328187227249146,0.6666666666666666
2026-01-12,MMM,Up 3-5%,Bullish,1.5,0.5,0.3875,-0.3875,20.331621408462524,1.0
2026-01-12,MMM,Up 3-5%,Bullish,1.5,0.5,0.3875,-0.3875,19.59200358390808,1.0
2026-01-12,MMM,Up 1-3%,Bullish,0.75,0.5,0.29375,-0.29375,21.898829460144043,1.0
2026-01-12,MMM,Up 1-3%,Bullish,0.75,0.5,0.29375,-0.29375,23.450379610061646,0.6666666666666666
2026-01-12,MMM,Up 1-3%,Bullish,0.75,0.5,0.29375,-0.29375,28.68851351737976,0.6666666666666666
2026-01-12,MRK,Up 1-3%,Bullish,0.75,0.5,0.29375,-0.29375,32.280914545059204,0.0
2026-01-12,MRK,Up 1-3%,Bullish,0.75,0.5,0.29375,-0.29375,32.05505347251892,0.0
2026-01-12,MRK,Up 1-3%,Bullish,0.75,0.5,0.29375,-0.29375,32.27860474586487,0.0
2026-01-12,MRK,Up 1-3%,Bullish,0.75,0.5,0.29375,-0.29375,31.83126974105835,0.0
2026-01-12,MRK,Up 1-3%,Bullish,0.75,0.5,0.29375,-0.29375,3.29612398147583,0.0
2026-01-12,MSFT,Up 1-3%,Bullish,0.75,0.5,0.29375,-0.29375,32.43742227554321,0.0
2026-01-12,MSFT,Up 1-3%,Bullish,0.75,0.5,0.29375,-0.29375,32.11355018615723,0.0
2026-01-12,MSFT,Neutral,Neutral,0.0,0.5,0.0,-0.0,2.5057644844055176,0.0
2026-01-12,MSFT,Up 1-3%,Bullish,0.75,0.5,0.29375,-0.29375,32.16190576553345,0.0
2026-01-12,MSFT,Up 1-3%,Bullish,0.75,0.5,0.29375,-0.29375,32.800251483917236,0.0
2026-01-12,NKE,Up 1-3%,Bullish,0.75,0.5,0.29375,-0.29375,3.3168532848358154,0.0
2026-01-12,NKE,Up 1-3%,Bullish,0.75,0.5,0.29375,-0.29375,32.20672845840454,0.0
2026-01-12,NKE,Up 1-3%,Bullish,0.75,0.5,0.29375,-0.29375,32.861308097839355,0.0
2026-01-12,NKE,Up 1-3%,Bullish,0.75,0.5,0.29375,-0.29375,31.948102951049805,0.0
2026-01-12,NKE,Up 1-3%,Bullish,0.75,0.5,0.29375,-0.29375,31.86089539527893,0.0
2026-01-12,PG,Up 1-3%,Bullish,0.75,0.5,0.29375,-0.29375,32.36638903617859,0.0
2026-01-12,PG,Up 1-3%,Bullish,0.75,0.5,0.29375,-0.29375,32.25943183898926,0.0
2026-01-12,PG,Up 1-3%,Bullish,0.75,0.5,0.29375,-0.29375,3.3278064727783203,0.0
2026-01-12,PG,Up 1-3%,Bullish,0.75,0.5,0.29375,-0.29375,32.04886317253113,0.0
2026-01-12,PG,Up 1-3%,Bullish,0.75,0.5,0.29375,-0.29375,32.19639444351196,0.0
2026-01-12,TRV,Up 1-3%,Bullish,0.75,0.5,0.29375,-0.29375,32.86162996292114,0.0
2026-01-12,TRV,Up 1-3%,Bullish,0.75,0.5,0.29375,-0.29375,3.2812702655792236,0.0
2026-01-12,TRV,Up 1-3%,Bullish,0.75,0.5,0.29375,-0.29375,32.15083694458008,0.0
2026-01-12,TRV,Neutral,Neutral,0.0,0.5,0.0,-0.0,2.471914052963257,0.0
2026-01-12,TRV,Up 1-3%,Bullish,0.75,0.5,0.29375,-0.29375,32.713929891586304,0.0
2026-01-12,UNH,Up 1-3%,Bullish,0.75,0.5,0.29375,-0.29375,33.051464796066284,0.0
2026-01-12,UNH,Up 1-3%,Bullish,0.75,0.5,0.29375,-0.29375,3.3458170890808105,0.0
2026-01-12,UNH,Neutral,Neutral,0.0,0.5,0.0,-0.0,2.491185426712036,0.0
2026-01-12,UNH,Up 1-3%,Bullish,0.75,0.5,0.29375,-0.29375,32.07782030105591,0.0
2026-01-12,UNH,Up 1-3%,Bullish,0.75,0.5,0.29375,-0.29375,3.255683660507202,0.0
2026-01-12,V,Up 1-3%,Bullish,0.75,0.5,0.29375,-0.29375,32.13491129875183,0.0
2026-01-12,V,Neutral,Neutral,0.0,0.5,0.0,-0.0,2.507951498031616,0.0
2026-01-12,V,Up 1-3%,Bullish,0.75,0.5,0.29375,-0.29375,32.54647994041443,0.0
2026-01-12,V,Up 1-3%,Bullish,0.75,0.5,0.29375,-0.29375,32.58924746513367,0.0
2026-01-12,V,Up 1-3%,Bullish,0.75,0.5,0.29375,-0.29375,31.95197606086731,0.0
2026-01-12,VZ,Up 1-3%,Bullish,0.75,0.5,0.29375,-0.29375,32.78468608856201,0.0
2026-01-12,VZ,Up 1-3%,Bullish,0.75,0.5,0.29375,-0.29375,31.92777180671692,0.0
2026-01-12,VZ,Up 1-3%,Bullish,0.75,0.5,0.29375,-0.29375,33.11689376831055,0.0
2026-01-12,VZ,Up 1-3%,Bullish,0.75,0.5,0.29375,-0.29375,32.034406900405884,0.0
2026-01-12,VZ,Up 1-3%,Bullish,0.75,0.5,0.29375,-0.29375,32.17166614532471,0.0
2026-01-12,WBA,Neutral,Neutral,0.0,0.5,0.0,-0.0,2.4900333881378174,0.0
2026-01-12,WBA,Up 1-3%,Bullish,0.75,0.5,0.29375,-0.29375,3.3322479724884033,0.0
2026-01-12,WBA,Up 1-3%,Bullish,0.75,0.5,0.29375,-0.29375,32.976938247680664,0.0
2026-01-12,WBA,Up 1-3%,Bullish,0.75,0.5,0.29375,-0.29375,32.241822481155396,0.0
2026-01-12,WBA,Up 1-3%,Bullish,0.75,0.5,0.29375,-0.29375,32.460503816604614,0.0
2026-01-12,WMT,Up 1-3%,Bullish,0.75,0.5,0.29375,-0.29375,32.41274356842041,0.0
2026-01-12,WMT,Up 1-3%,Bullish,0.75,0.5,0.29375,-0.29375,32.72515916824341,0.0
2026-01-12,WMT,Up 1-3%,Bullish,0.75,0.5,0.29375,-0.29375,32.35857629776001,0.0
2026-01-12,WMT,Up 1-3%,Bullish,0.75,0.5,0.29375,-0.29375,32.01916289329529,0.0
2026-01-12,WMT,Up 1-3%,Bullish,0.75,0.5,0.29375,-0.29375,32.062761306762695,0.0
2026-01-19,AAPL,Up 1-3%,Bullish,0.75,0.5,0.29375,-0.29375,3.2959718704223633,0.0
2026-01-19,AAPL,Neutral,Neutral,0.0,0.5,0.0,-0.0,2.4565441608428955,0.0
2026-01-19,AAPL,Up 1-3%,Bullish,0.75,0.5,0.29375,-0.29375,32.148489475250244,0.0
2026-01-19,AAPL,Up 1-3%,Bullish,0.75,0.5,0.29375,-0.29375,32.424193382263184,0.0
2026-01-19,AAPL,Neutral,Neutral,0.0,0.5,0.0,-0.0,2.4688525199890137,0.0
2026-01-19,AMGN,Up 1-3%,Bullish,0.75,0.5,0.29375,-0.29375,32.250993728637695,0.0
2026-01-19,AMGN,Up 1-3%,Bullish,0.75,0.5,0.29375,-0.29375,32.11964702606201,0.0
2026-01-19,AMGN,Up 1-3%,Bullish,0.75,0.5,0.29375,-0.29375,32.997785806655884,0.0
2026-01-19,AMGN,Up 1-3%,Bullish,0.75,0.5,0.29375,-0.29375,32.380714416503906,0.0
2026-01-19,AMGN,Up 1-3%,Bullish,0.75,0.5,0.29375,-0.29375,31.702751398086548,0.0
2026-01-19,AXP,Up 1-3%,Bullish,0.75,0.5,0.29375,-0.29375,32.591919898986816,0.0
2026-01-19,AXP,Up 1-3%,Bullish,0.75,0.5,0.29375,-0.29375,26.4063982963562,0.0
2026-01-19,AXP,Up 1-3%,Bullish,0.75,0.5,0.29375,-0.29375,33.01551151275635,0.0
2026-01-19,AXP,Up 1-3%,Bullish,0.75,0.5,0.29375,-0.29375,32.407925605773926,0.0
2026-01-19,AXP,Up 1-3%,Bullish,0.75,0.5,0.29375,-0.29375,3.2671844959259033,0.0
2026-01-19,BA,Up 1-3%,Bullish,0.75,0.5,0.29375,-0.29375,32.05786871910095,0.0
2026-01-19,BA,Up 1-3%,Bullish,0.75,0.5,0.29375,-0.29375,32.696757316589355,0.0
2026-01-19,BA,Up 1-3%,Bullish,0.75,0.5,0.29375,-0.29375,32.59788274765015,0.0
2026-01-19,BA,Up 1-3%,Bullish,0.75,0.5,0.29375,-0.29375,32.30070090293884,0.0
2026-01-19,BA,Up 1-3%,Bullish,0.75,0.5,0.29375,-0.29375,3.3133316040039062,0.0
2026-01-19,CAT,Neutral,Neutral,0.0,0.5,0.0,-0.0,2.46791410446167,0.0
2026-01-19,CAT,Neutral,Neutral,0.0,0.5,0.0,-0.0,2.491399049758911,0.0
2026-01-19,CAT,Up 1-3%,Bullish,0.75,0.5,0.29375,-0.29375,32.23590302467346,0.0
2026-01-19,CAT,Up 1-3%,Bullish,0.75,0.5,0.29375,-0.29375,32.44369387626648,0.0
2026-01-19,CAT,Neutral,Neutral,0.0,0.5,0.0,-0.0,2.493098497390747,0.0
2026-01-19,CRM,Up 1-3%,Bullish,0.75,0.5,0.29375,-0.29375,31.906299591064453,0.0
2026-01-19,CRM,Up 1-3%,Bullish,0.75,0.5,0.29375,-0.29375,32.78415632247925,0.0
2026-01-19,CRM,Up 1-3%,Bullish,0.75,0.5,0.29375,-0.29375,32.07598161697388,0.0
2026-01-19,CRM,Up 1-3%,Bullish,0.75,0.5,0.29375,-0.29375,32.37598252296448,0.0
2026-01-19,CRM,Neutral,Neutral,0.0,0.5,0.0,-0.0,2.4477198123931885,0.0
2026-01-19,CSCO,Up 1-3%,Bullish,0.75,0.5,0.29375,-0.29375,3.2453722953796387,0.0
2026-01-19,CSCO,Up 1-3%,Bullish,0.75,0.5,0.29375,-0.29375,32.06698441505432,0.0
2026-01-19,CSCO,Up 1-3%,Bullish,0.75,0.5,0.29375,-0.29375,32.14132308959961,0.0
2026-01-19,CSCO,Up 1-3%,Bullish,0.75,0.5,0.29375,-0.29375,3.2801263332366943,0.0
2026-01-19,CSCO,Up 1-3%,Bullish,0.75,0.5,0.29375,-0.29375,32.557353258132935,0.0
2026-01-19,CVX,Up 1-3%,Bullish,0.75,0.5,0.29375,-0.29375,3.219987392425537,0.0
2026-01-19,CVX,Up 1-3%,Bullish,0.75,0.5,0.29375,-0.29375,32.20581769943237,0.0
2026-01-19,CVX,Up 1-3%,Bullish,0.75,0.5,0.29375,-0.29375,32.22145628929138,0.0
2026-01-19,CVX,Up 1-3%,Bullish,0.75,0.5,0.29375,-0.29375,3.2768337726593018,0.0
2026-01-19,CVX,Up 1-3%,Bullish,0.75,0.5,0.29375,-0.29375,3.2163808345794678,0.0
2026-01-19,DIS,Up 1-3%,Bullish,0.75,0.5,0.29375,-0.29375,32.165894985198975,0.0
2026-01-19,DIS,Neutral,Neutral,0.0,0.5,0.0,-0.0,2.491835832595825,0.0
2026-01-19,DIS,Up 1-3%,Bullish,0.75,0.5,0.29375,-0.29375,32.34990739822388,0.0
2026-01-19,DIS,Up 1-3%,Bullish,0.75,0.5,0.29375,-0.29375,32.306355714797974,0.0
2026-01-19,DIS,Neutral,Neutral,0.0,0.5,0.0,-0.0,2.467244863510132,0.0
2026-01-19,DOW,Up 1-3%,Bullish,0.75,0.5,0.29375,-0.29375,3.2307004928588867,0.0
2026-01-19,DOW,Up 1-3%,Bullish,0.75,0.5,0.29375,-0.29375,16.62068486213684,1.0
2026-01-19,DOW,Up 1-3%,Bullish,0.75,0.5,0.29375,-0.29375,16.8046236038208,1.0
2026-01-19,DOW,Up 1-3%,Bullish,0.75,0.5,0.29375,-0.29375,16.635462522506714,1.0
2026-01-19,DOW,Neutral,Neutral,0.0,0.5,0.0,-0.0,7.030233860015869,0.0
2026-01-19,GS,Neutral,Neutral,0.0,0.5,0.0,-0.0,2.46294903755188,0.0
2026-01-19,GS,Up 1-3%,Bullish,0.75,0.5,0.29375,-0.29375,3.3222339153289795,0.0
2026-01-19,GS,Up 1-3%,Bullish,0.75,0.5,0.29375,-0.29375,3.2927889823913574,0.0
2026-01-19,GS,Up 1-3%,Bullish,0.75,0.5,0.29375,-0.29375,32.14031434059143,0.0
2026-01-19,GS,Up 1-3%,Bullish,0.75,0.5,0.29375,-0.29375,32.08092427253723,0.0
2026-01-19,HD,Up 1-3%,Bullish,0.75,0.5,0.29375,-0.29375,32.096465826034546,0.0
2026-01-19,HD,Up 1-3%,Bullish,0.75,0.5,0.29375,-0.29375,31.92532205581665,0.0
2026-01-19,HD,Up 1-3%,Bullish,0.75,0.5,0.29375,-0.29375,32.329761028289795,0.0
2026-01-19,HD,Up 1-3%,Bullish,0.75,0.5,0.29375,-0.29375,32.31017732620239,0.0
2026-01-19,HD,Up 1-3%,Bullish,0.75,0.5,0.29375,-0.29375,19.17868185043335,0.0
2026-01-19,HON,Up 3-5%,Bullish,1.5,0.5,0.3875,-0.3875,23.397342681884766,1.0
2026-01-19,HON,Up 1-3%,Bullish,0.75,0.5,0.29375,-0.29375,32.31302285194397,0.0
2026-01-19,HON,Up 1-3%,Bullish,0.75,0.5,0.29375,-0.29375,32.138427734375,0.0
2026-01-19,HON,Up 1-3%,Bullish,0.75,0.5,0.29375,-0.29375,20.96119499206543,0.5
2026-01-19,HON,Up 1-3%,Bullish,0.75,0.5,0.29375,-0.29375,30.420793533325195,0.25
2026-01-19,IBM,Up 1-3%,Bullish,0.75,0.5,0.29375,-0.29375,32.55760145187378,0.0
2026-01-19,IBM,Up 1-3%,Bullish,0.75,0.5,0.29375,-0.29375,3.294613838195801,0.0
2026-01-19,IBM,Up 1-3%,Bullish,0.75,0.5,0.29375,-0.29375,31.790184497833252,0.0
2026-01-19,IBM,Up 1-3%,Bullish,0.75,0.5,0.29375,-0.29375,32.21917366981506,0.0
2026-01-19,IBM,Up 1-3%,Bullish,0.75,0.5,0.29375,-0.29375,32.212563276290894,0.0
2026-01-19,INTC,Up 1-3%,Bullish,0.75,0.5,0.29375,-0.29375,32.70912504196167,0.0
2026-01-19,INTC,Up 1-3%,Bullish,0.75,0.5,0.29375,-0.29375,32.74067711830139,0.0
2026-01-19,INTC,Up 1-3%,Bullish,0.75,0.5,0.29375,-0.29375,32.07001757621765,0.0
2026-01-19,INTC,Up 1-3%,Bullish,0.75,0.5,0.29375,-0.29375,32.02753138542175,0.0
2026-01-19,INTC,Up 1-3%,Bullish,0.75,0.5,0.29375,-0.29375,32.57200789451599,0.0
2026-01-19,JNJ,Up 1-3%,Bullish,0.75,0.5,0.29375,-0.29375,31.986146688461304,0.0
2026-01-19,JNJ,Up 1-3%,Bullish,0.75,0.5,0.29375,-0.29375,32.267250776290894,0.0
2026-01-19,JNJ,Up 1-3%,Bullish,0.75,0.5,0.29375,-0.29375,32.42880296707153,0.0
2026-01-19,JNJ,Up 1-3%,Bullish,0.75,0.5,0.29375,-0.29375,32.188631772994995,0.0
2026-01-19,JNJ,Up 1-3%,Bullish,0.75,0.5,0.29375,-0.29375,32.40406370162964,0.0
2026-01-19,JPM,Up 1-3%,Bullish,0.75,0.5,0.29375,-0.29375,3.2749364376068115,0.0
2026-01-19,JPM,Up 1-3%,Bullish,0.75,0.5,0.29375,-0.29375,3.2669825553894043,0.0
2026-01-19,JPM,Up 1-3%,Bullish,0.75,0.5,0.29375,-0.29375,32.1946496963501,0.0
2026-01-19,JPM,Up 1-3%,Bullish,0.75,0.5,0.29375,-0.29375,31.90839695930481,0.0
2026-01-19,JPM,Up 1-3%,Bullish,0.75,0.5,0.29375,-0.29375,32.12317419052124,0.0
2026-01-19,KO,Up 1-3%,Bullish,0.75,0.5,0.29375,-0.29375,3.296511173248291,0.0
2026-01-19,KO,Up 1-3%,Bullish,0.75,0.5,0.29375,-0.29375,32.141212463378906,0.0
2026-01-19,KO,Up 1-3%,Bullish,0.75,0.5,0.29375,-0.29375,3.3354685306549072,0.0
2026-01-19,KO,Up 1-3%,Bullish,0.75,0.5,0.29375,-0.29375,31.923157930374146,0.0
2026-01-19,KO,Up 1-3%,Bullish,0.75,0.5,0.29375,-0.29375,32.187735080718994,0.0
2026-01-19,MCD,Up 1-3%,Bullish,0.75,0.5,0.29375,-0.29375,3.278977394104004,0.0
2026-01-19,MCD,Up 1-3%,Bullish,0.75,0.5,0.29375,-0.29375,3.2942469120025635,0.0
2026-01-19,MCD,Up 1-3%,Bullish,0.75,0.5,0.29375,-0.29375,3.287964344024658,0.0
2026-01-19,MCD,Up 1-3%,Bullish,0.75,0.5,0.29375,-0.29375,26.34793210029602,0.0
2026-01-19,MCD,Up 1-3%,Bullish,0.75,0.5,0.29375,-0.29375,3.302960157394409,0.0
2026-01-19,MMM,Up 3-5%,Bullish,1.5,0.5,0.3875,-0.3875,23.97955870628357,0.5
2026-01-19,MMM,Up 3-5%,Bullish,1.5,0.5,0.3875,-0.3875,18.188124895095825,0.5
2026-01-19,MMM,Up 3-5%,Bullish,1.5,0.5,0.3875,-0.3875,26.98149061203003,0.0
2026-01-19,MMM,Up 3-5%,Bullish,1.5,0.5,0.3875,-0.3875,19.631088256835938,0.1428571428571428
2026-01-19,MMM,Up 1-3%,Bullish,0.75,0.5,0.29375,-0.29375,22.237123012542725,0.0
2026-01-19,MRK,Up 1-3%,Bullish,0.75,0.5,0.29375,-0.29375,31.883184909820557,0.0
2026-01-19,MRK,Up 1-3%,Bullish,0.75,0.5,0.29375,-0.29375,32.19733190536499,0.0
2026-01-19,MRK,Up 1-3%,Bullish,0.75,0.5,0.29375,-0.29375,32.27142930030823,0.0
2026-01-19,MRK,Up 1-3%,Bullish,0.75,0.5,0.29375,-0.29375,3.244227647781372,0.0
2026-01-19,MRK,Up 1-3%,Bullish,0.75,0.5,0.29375,-0.29375,31.823910236358643,0.0
2026-01-19,MSFT,Up 1-3%,Bullish,0.75,0.5,0.29375,-0.29375,32.65331721305847,0.0
2026-01-19,MSFT,Up 1-3%,Bullish,0.75,0.5,0.29375,-0.29375,31.925235986709595,0.0
2026-01-19,MSFT,Neutral,Neutral,0.0,0.5,0.0,-0.0,2.440378427505493,0.0
2026-01-19,MSFT,Neutral,Neutral,0.0,0.5,0.0,-0.0,2.4508306980133057,0.0
2026-01-19,MSFT,Up 1-3%,Bullish,0.75,0.5,0.29375,-0.29375,32.708341121673584,0.0
2026-01-19,NKE,Up 1-3%,Bullish,0.75,0.5,0.29375,-0.29375,3.292811393737793,0.0
2026-01-19,NKE,Up 1-3%,Bullish,0.75,0.5,0.29375,-0.29375,3.2620482444763184,0.0
2026-01-19,NKE,Up 1-3%,Bullish,0.75,0.5,0.29375,-0.29375,33.11438703536987,0.0
2026-01-19,NKE,Up 1-3%,Bullish,0.75,0.5,0.29375,-0.29375,31.802480936050415,0.0
2026-01-19,NKE,Neutral,Neutral,0.0,0.5,0.0,-0.0,8.747653484344482,0.0
2026-01-19,PG,Up 1-3%,Bullish,0.75,0.5,0.29375,-0.29375,31.844808340072632,0.0
2026-01-19,PG,Up 1-3%,Bullish,0.75,0.5,0.29375,-0.29375,32.67178559303284,0.0
2026-01-19,PG,Up 1-3%,Bullish,0.75,0.5,0.29375,-0.29375,32.33166289329529,0.0
2026-01-19,PG,Up 1-3%,Bullish,0.75,0.5,0.29375,-0.29375,31.581042051315308,0.0
2026-01-19,PG,Up 1-3%,Bullish,0.75,0.5,0.29375,-0.29375,32.0720419883728,0.0
2026-01-19,TRV,Up 1-3%,Bullish,0.75,0.5,0.29375,-0.29375,32.19508719444275,0.0
2026-01-19,TRV,Neutral,Neutral,0.0,0.5,0.0,-0.0,2.446925163269043,0.0
2026-01-19,TRV,Up 1-3%,Bullish,0.75,0.5,0.29375,-0.29375,32.428138256073,0.0
2026-01-19,TRV,Up 1-3%,Bullish,0.75,0.5,0.29375,-0.29375,22.5771381855011,1.0
2026-01-19,TRV,Up 1-3%,Bullish,0.75,0.5,0.29375,-0.29375,22.178182363510132,1.0
2026-01-19,UNH,Up 1-3%,Bullish,0.75,0.5,0.29375,-0.29375,32.211241006851196,0.0
2026-01-19,UNH,Up 1-3%,Bullish,0.75,0.5,0.29375,-0.29375,32.75292158126831,0.0
2026-01-19,UNH,Up 1-3%,Bullish,0.75,0.5,0.29375,-0.29375,31.68388032913208,0.0
2026-01-19,UNH,Up 1-3%,Bullish,0.75,0.5,0.29375,-0.29375,32.137452602386475,0.0
2026-01-19,UNH,Up 1-3%,Bullish,0.75,0.5,0.29375,-0.29375,3.2295658588409424,0.0
2026-01-19,V,Up 1-3%,Bullish,0.75,0.5,0.29375,-0.29375,32.087077379226685,0.0
2026-01-19,V,Up 1-3%,Bullish,0.75,0.5,0.29375,-0.29375,32.19605255126953,0.0
2026-01-19,V,Up 1-3%,Bullish,0.75,0.5,0.29375,-0.29375,32.284366846084595,0.0
2026-01-19,V,Up 1-3%,Bullish,0.75,0.5,0.29375,-0.29375,32.00571608543396,0.0
2026-01-19,V,Up 1-3%,Bullish,0.75,0.5,0.29375,-0.29375,31.9467875957489,0.0
2026-01-19,VZ,Up 1-3%,Bullish,0.75,0.5,0.29375,-0.29375,32.70410203933716,0.0
2026-01-19,VZ,Up 1-3%,Bullish,0.75,0.5,0.29375,-0.29375,32.54290151596069,0.0
2026-01-19,VZ,Up 1-3%,Bullish,0.75,0.5,0.29375,-0.29375,32.30940794944763,0.0
2026-01-19,VZ,Up 1-3%,Bullish,0.75,0.5,0.29375,-0.29375,32.03839659690857,0.0
2026-01-19,VZ,Up 1-3%,Bullish,0.75,0.5,0.29375,-0.29375,30.2779541015625,0.0
2026-01-19,WBA,Up 1-3%,Bullish,0.75,0.5,0.29375,-0.29375,32.119691371917725,0.0
2026-01-19,WBA,Up 1-3%,Bullish,0.75,0.5,0.29375,-0.29375,3.2901086807250977,0.0
2026-01-19,WBA,Up 1-3%,Bullish,0.75,0.5,0.29375,-0.29375,32.6998496055603,0.0
2026-01-19,WBA,Up 1-3%,Bullish,0.75,0.5,0.29375,-0.29375,32.07702136039734,0.0
2026-01-19,WBA,Up 1-3%,Bullish,0.75,0.5,0.29375,-0.29375,32.02999258041382,0.0
2026-01-19,WMT,Up 1-3%,Bullish,0.75,0.5,0.29375,-0.29375,31.883337259292603,0.0
2026-01-19,WMT,Up 1-3%,Bullish,0.75,0.5,0.29375,-0.29375,32.526941537857056,0.0
2026-01-19,WMT,Up 1-3%,Bullish,0.75,0.5,0.29375,-0.29375,32.38339972496033,0.0
2026-01-19,WMT,Up 1-3%,Bullish,0.75,0.5,0.29375,-0.29375,32.926119565963745,0.0
2026-01-19,WMT,Up 1-3%,Bullish,0.75,0.5,0.29375,-0.29375,32.117666244506836,0.0
2026-01-26,AAPL,Neutral,Neutral,0.0,0.5,0.0,-0.0,7.008512735366821,0.0
2026-01-26,AAPL,Up 1-3%,Bullish,0.75,0.5,0.29375,-0.29375,32.95021319389343,0.0
2026-01-26,AAPL,Up 1-3%,Bullish,0.75,0.5,0.29375,-0.29375,29.620782613754272,0.0
2026-01-26,AAPL,Up 1-3%,Bullish,0.75,0.5,0.29375,-0.29375,32.08600974082947,0.0
2026-01-26,AAPL,Up 1-3%,Bullish,0.75,0.5,0.29375,-0.29375,31.94442057609558,0.0
2026-01-26,AMGN,Up 1-3%,Bullish,0.75,0.5,0.29375,-0.29375,32.258684158325195,0.0
2026-01-26,AMGN,Up 1-3%,Bullish,0.75,0.5,0.29375,-0.29375,32.93959856033325,0.0
2026-01-26,AMGN,Up 1-3%,Bullish,0.75,0.5,0.29375,-0.29375,32.04124355316162,0.0
2026-01-26,AMGN,Up 1-3%,Bullish,0.75,0.5,0.29375,-0.29375,32.781440019607544,0.0
2026-01-26,AMGN,Up 1-3%,Bullish,0.75,0.5,0.29375,-0.29375,32.29179549217224,0.0
2026-01-26,AXP,Up 1-3%,Bullish,0.75,0.5,0.29375,-0.29375,3.2529759407043457,0.0
2026-01-26,AXP,Up 1-3%,Bullish,0.75,0.5,0.29375,-0.29375,32.88529872894287,0.0
2026-01-26,AXP,Up 1-3%,Bullish,0.75,0.5,0.29375,-0.29375,32.094064712524414,0.0
2026-01-26,AXP,Up 1-3%,Bullish,0.75,0.5,0.29375,-0.29375,3.296358823776245,0.0
2026-01-26,AXP,Up 1-3%,Bullish,0.75,0.5,0.29375,-0.29375,32.80359077453613,0.0
2026-01-26,BA,Up 1-3%,Bullish,0.75,0.5,0.29375,-0.29375,31.80502700805664,0.0
2026-01-26,BA,Up 1-3%,Bullish,0.75,0.5,0.29375,-0.29375,32.75559186935425,0.0
2026-01-26,BA,Up 1-3%,Bullish,0.75,0.5,0.29375,-0.29375,32.49649524688721,0.0
2026-01-26,BA,Up 1-3%,Bullish,0.75,0.5,0.29375,-0.29375,32.1443612575531,0.0
2026-01-26,BA,Up 1-3%,Bullish,0.75,0.5,0.29375,-0.29375,31.838417291641235,0.0
2026-01-26,CAT,Up 1-3%,Bullish,0.75,0.5,0.29375,-0.29375,32.60103750228882,0.0
2026-01-26,CAT,Up 3-5%,Bullish,1.5,0.5,0.3875,-0.3875,26.962794303894043,1.0
2026-01-26,CAT,Up 3-5%,Bullish,1.5,0.5,0.3875,-0.3875,24.64289879798889,1.0
2026-01-26,CAT,Up 1-3%,Bullish,0.75,0.5,0.29375,-0.29375,29.84198546409607,0.5
2026-01-26,CAT,Up 1-3%,Bullish,0.75,0.5,0.29375,-0.29375,21.783081769943237,0.6666666666666666
2026-01-26,CRM,Up 1-3%,Bullish,0.75,0.5,0.29375,-0.29375,32.313411712646484,0.0
2026-01-26,CRM,Up 1-3%,Bullish,0.75,0.5,0.29375,-0.29375,31.875522136688232,0.0
2026-01-26,CRM,Up 1-3%,Bullish,0.75,0.5,0.29375,-0.29375,31.9379620552063,0.0
2026-01-26,CRM,Up 1-3%,Bullish,0.75,0.5,0.29375,-0.29375,31.946101665496826,0.0
2026-01-26,CRM,Up 1-3%,Bullish,0.75,0.5,0.29375,-0.29375,32.52111840248108,0.0
2026-01-26,CSCO,Up 1-3%,Bullish,0.75,0.5,0.29375,-0.29375,32.8478741645813,0.0
2026-01-26,CSCO,Up 1-3%,Bullish,0.75,0.5,0.29375,-0.29375,3.2957441806793213,0.0
2026-01-26,CSCO,Up 3-5%,Bullish,1.5,0.5,0.3875,-0.3875,21.40779137611389,0.0
2026-01-26,CSCO,Up 3-5%,Bullish,1.5,0.5,0.3875,-0.3875,14.850849151611328,0.5
2026-01-26,CSCO,Up 1-3%,Bullish,0.75,0.5,0.29375,-0.29375,23.603169918060303,0.3333333333333333
2026-01-26,CVX,Up 1-3%,Bullish,0.75,0.5,0.29375,-0.29375,32.44170117378235,0.0
2026-01-26,CVX,Up 1-3%,Bullish,0.75,0.5,0.29375,-0.29375,3.2744033336639404,0.0
2026-01-26,CVX,Up 1-3%,Bullish,0.75,0.5,0.29375,-0.29375,3.277276039123535,0.0
2026-01-26,CVX,Up 1-3%,Bullish,0.75,0.5,0.29375,-0.29375,3.2809619903564453,0.0
2026-01-26,CVX,Up 1-3%,Bullish,0.75,0.5,0.29375,-0.29375,3.2849886417388916,0.0
2026-01-26,DIS,Up 1-3%,Bullish,0.75,0.5,0.29375,-0.29375,32.714781522750854,0.0
2026-01-26,DIS,Up 1-3%,Bullish,0.75,0.5,0.29375,-0.29375,32.031007289886475,0.0
2026-01-26,DIS,Up 1-3%,Bullish,0.75,0.5,0.29375,-0.29375,32.77833533287048,0.0
2026-01-26,DIS,Up 1-3%,Bullish,0.75,0.5,0.29375,-0.29375,32.59870171546936,0.0
2026-01-26,DIS,Up 1-3%,Bullish,0.75,0.5,0.29375,-0.29375,32.23342537879944,0.0
2026-01-26,DOW,Up 1-3%,Bullish,0.75,0.5,0.29375,-0.29375,32.6702606678009,0.0
2026-01-26,DOW,Up 1-3%,Bullish,0.75,0.5,0.29375,-0.29375,21.199191093444824,0.5
2026-01-26,DOW,Up 1-3%,Bullish,0.75,0.5,0.29375,-0.29375,23.50273561477661,0.5
2026-01-26,DOW,Up 1-3%,Bullish,0.75,0.5,0.29375,-0.29375,21.415626287460327,0.5
2026-01-26,DOW,Down 3-5%,Bearish,-1.5,0.5,-0.3875,0.3875,27.051181077957153,-1.0
2026-01-26,GS,Up 1-3%,Bullish,0.75,0.5,0.29375,-0.29375,32.16688776016235,0.0
2026-01-26,GS,Up 1-3%,Bullish,0.75,0.5,0.29375,-0.29375,32.390503883361816,0.0
2026-01-26,GS,Up 1-3%,Bullish,0.75,0.5,0.29375,-0.29375,3.274975299835205,0.0
2026-01-26,GS,Up 1-3%,Bullish,0.75,0.5,0.29375,-0.29375,31.86015224456787,0.0
2026-01-26,GS,Up 1-3%,Bullish,0.75,0.5,0.29375,-0.29375,32.424747705459595,0.0
2026-01-26,HD,Up 3-5%,Bullish,1.5,0.5,0.3875,-0.3875,26.235143899917603,0.0
2026-01-26,HD,Up 3-5%,Bullish,1.5,0.5,0.3875,-0.3875,27.613861083984375,0.0
2026-01-26,HD,Up 3-5%,Bullish,1.5,0.5,0.3875,-0.3875,21.160666942596436,0.0
2026-01-26,HD,Up 1-3%,Bullish,0.75,0.5,0.29375,-0.29375,31.90338659286499,0.0
2026-01-26,HD,Up 1-3%,Bullish,0.75,0.5,0.29375,-0.29375,32.090160608291626,1.0
2026-01-26,HON,Up 1-3%,Bullish,0.75,0.5,0.29375,-0.29375,32.67096662521362,0.0
2026-01-26,HON,Up 1-3%,Bullish,0.75,0.5,0.29375,-0.29375,31.8794527053833,0.0
2026-01-26,HON,Up 1-3%,Bullish,0.75,0.5,0.29375,-0.29375,22.277766466140747,0.5
2026-01-26,HON,Up 1-3%,Bullish,0.75,0.5,0.29375,-0.29375,31.678754806518555,0.8
2026-01-26,HON,Up 1-3%,Bullish,0.75,0.5,0.29375,-0.29375,17.884396076202393,0.8333333333333334
2026-01-26,IBM,Up 1-3%,Bullish,0.75,0.5,0.29375,-0.29375,32.52559423446655,0.0
2026-01-26,IBM,Up 1-3%,Bullish,0.75,0.5,0.29375,-0.29375,32.16312766075134,0.0
2026-01-26,IBM,Up 1-3%,Bullish,0.75,0.5,0.29375,-0.29375,32.06713676452637,0.0
2026-01-26,IBM,Up 1-3%,Bullish,0.75,0.5,0.29375,-0.29375,32.54354190826416,0.0
2026-01-26,IBM,Up 1-3%,Bullish,0.75,0.5,0.29375,-0.29375,32.11550784111023,0.0
2026-01-26,INTC,Up 1-3%,Bullish,0.75,0.5,0.29375,-0.29375,3.294459581375122,0.0
2026-01-26,INTC,Up 1-3%,Bullish,0.75,0.5,0.29375,-0.29375,32.42533755302429,0.0
2026-01-26,INTC,Up 1-3%,Bullish,0.75,0.5,0.29375,-0.29375,32.40286636352539,0.0
2026-01-26,INTC,Up 1-3%,Bullish,0.75,0.5,0.29375,-0.29375,32.73326826095581,0.0
2026-01-26,INTC,Up 1-3%,Bullish,0.75,0.5,0.29375,-0.29375,32.04625940322876,0.0
2026-01-26,JNJ,Up 1-3%,Bullish,0.75,0.5,0.29375,-0.29375,31.607377529144287,0.0
2026-01-26,JNJ,Up 1-3%,Bullish,0.75,0.5,0.29375,-0.29375,31.99017572402954,0.0
2026-01-26,JNJ,Up 1-3%,Bullish,0.75,0.5,0.29375,-0.29375,32.22734522819519,0.0
2026-01-26,JNJ,Up 1-3%,Bullish,0.75,0.5,0.29375,-0.29375,32.20606088638306,0.0
2026-01-26,JNJ,Up 1-3%,Bullish,0.75,0.5,0.29375,-0.29375,3.303365707397461,0.0
2026-01-26,JPM,Up 1-3%,Bullish,0.75,0.5,0.29375,-0.29375,32.41847205162048,0.0
2026-01-26,JPM,Up 1-3%,Bullish,0.75,0.5,0.29375,-0.29375,32.03541398048401,0.0
2026-01-26,JPM,Up 1-3%,Bullish,0.75,0.5,0.29375,-0.29375,31.99853253364563,0.0
2026-01-26,JPM,Up 1-3%,Bullish,0.75,0.5,0.29375,-0.29375,31.89906072616577,0.0
2026-01-26,JPM,Up 1-3%,Bullish,0.75,0.5,0.29375,-0.29375,32.395079135894775,0.0
2026-01-26,KO,Up 1-3%,Bullish,0.75,0.5,0.29375,-0.29375,32.73886013031006,0.0
2026-01-26,KO,Neutral,Neutral,0.0,0.5,0.0,-0.0,2.456033229827881,0.0
2026-01-26,KO,Up 1-3%,Bullish,0.75,0.5,0.29375,-0.29375,31.85662531852722,0.0
2026-01-26,KO,Up 1-3%,Bullish,0.75,0.5,0.29375,-0.29375,32.09339427947998,0.0
2026-01-26,KO,Up 1-3%,Bullish,0.75,0.5,0.29375,-0.29375,32.39566206932068,0.0
2026-01-26,MCD,Up 1-3%,Bullish,0.75,0.5,0.29375,-0.29375,31.683527946472168,0.0
2026-01-26,MCD,Up 1-3%,Bullish,0.75,0.5,0.29375,-0.29375,31.908622980117798,0.0
2026-01-26,MCD,Up 1-3%,Bullish,0.75,0.5,0.29375,-0.29375,32.81181836128235,0.0
2026-01-26,MCD,Up 1-3%,Bullish,0.75,0.5,0.29375,-0.29375,17.208266258239746,0.0
2026-01-26,MCD,Up 3-5%,Bullish,1.5,0.5,0.3875,-0.3875,22.673025369644165,0.0
2026-01-26,MMM,Up 1-3%,Bullish,0.75,0.5,0.29375,-0.29375,19.404356718063354,0.5
2026-01-26,MMM,Up 3-5%,Bullish,1.5,0.5,0.3875,-0.3875,21.58601450920105,0.6666666666666666
2026-01-26,MMM,Up 3-5%,Bullish,1.5,0.5,0.3875,-0.3875,19.405789375305176,0.5
2026-01-26,MMM,Up 3-5%,Bullish,1.5,0.5,0.3875,-0.3875,15.967552661895752,0.5
2026-01-26,MMM,Up 1-3%,Bullish,0.75,0.5,0.29375,-0.29375,30.115927934646606,0.0
2026-01-26,MRK,Up 1-3%,Bullish,0.75,0.5,0.29375,-0.29375,3.2881271839141846,0.0
2026-01-26,MRK,Up 1-3%,Bullish,0.75,0.5,0.29375,-0.29375,32.04478216171265,0.0
2026-01-26,MRK,Up 1-3%,Bullish,0.75,0.5,0.29375,-0.29375,31.92172598838806,0.0
2026-01-26,MRK,Up 1-3%,Bullish,0.75,0.5,0.29375,-0.29375,3.3001158237457275,0.0
2026-01-26,MRK,Up 1-3%,Bullish,0.75,0.5,0.29375,-0.29375,32.0808629989624,0.0
2026-01-26,MSFT,Up 1-3%,Bullish,0.75,0.5,0.29375,-0.29375,32.14366412162781,0.0
2026-01-26,MSFT,Up 1-3%,Bullish,0.75,0.5,0.29375,-0.29375,32.361698389053345,0.0
2026-01-26,MSFT,Neutral,Neutral,0.0,0.5,0.0,-0.0,2.4735233783721924,0.0
2026-01-26,MSFT,Up 1-3%,Bullish,0.75,0.5,0.29375,-0.29375,32.27037215232849,0.0
2026-01-26,MSFT,Up 1-3%,Bullish,0.75,0.5,0.29375,-0.29375,3.35797119140625,0.0
2026-01-26,NKE,Up 1-3%,Bullish,0.75,0.5,0.29375,-0.29375,31.9635226726532,0.0
2026-01-26,NKE,Up 1-3%,Bullish,0.75,0.5,0.29375,-0.29375,3.2373313903808594,0.0
2026-01-26,NKE,Up 1-3%,Bullish,0.75,0.5,0.29375,-0.29375,32.268720626831055,0.0
2026-01-26,NKE,Up 1-3%,Bullish,0.75,0.5,0.29375,-0.29375,32.33471441268921,0.0
2026-01-26,NKE,Up 1-3%,Bullish,0.75,0.5,0.29375,-0.29375,32.06805968284607,0.0
2026-01-26,PG,Up 1-3%,Bullish,0.75,0.5,0.29375,-0.29375,32.05075740814209,0.0
2026-01-26,PG,Up 1-3%,Bullish,0.75,0.5,0.29375,-0.29375,31.843546867370605,0.0
2026-01-26,PG,Up 1-3%,Bullish,0.75,0.5,0.29375,-0.29375,32.29062461853027,0.0
2026-01-26,PG,Up 1-3%,Bullish,0.75,0.5,0.29375,-0.29375,3.255798101425171,0.0
2026-01-26,PG,Up 1-3%,Bullish,0.75,0.5,0.29375,-0.29375,32.536184787750244,0.0
2026-01-26,TRV,Up 1-3%,Bullish,0.75,0.5,0.29375,-0.29375,31.798426866531372,0.0
2026-01-26,TRV,Up 1-3%,Bullish,0.75,0.5,0.29375,-0.29375,32.14351725578308,0.0
2026-01-26,TRV,Up 1-3%,Bullish,0.75,0.5,0.29375,-0.29375,32.1356840133667,0.0
2026-01-26,TRV,Up 1-3%,Bullish,0.75,0.5,0.29375,-0.29375,3.284191608428955,0.0
2026-01-26,TRV,Up 1-3%,Bullish,0.75,0.5,0.29375,-0.29375,32.17363500595093,0.0
2026-01-26,UNH,Up 1-3%,Bullish,0.75,0.5,0.29375,-0.29375,3.2799510955810547,0.0
2026-01-26,UNH,Up 1-3%,Bullish,0.75,0.5,0.29375,-0.29375,3.2849347591400146,0.0
2026-01-26,UNH,Up 1-3%,Bullish,0.75,0.5,0.29375,-0.29375,22.33622717857361,-1.0
2026-01-26,UNH,Up 3-5%,Bullish,1.5,0.5,0.3875,-0.3875,22.9419949054718,-0.75
2026-01-26,UNH,Down 3-5%,Bearish,-1.5,0.5,-0.3875,0.3875,32.980308055877686,-0.75
2026-01-26,V,Up 1-3%,Bullish,0.75,0.5,0.29375,-0.29375,32.003849267959595,0.0
2026-01-26,V,Up 1-3%,Bullish,0.75,0.5,0.29375,-0.29375,3.299802541732788,0.0
2026-01-26,V,Up 1-3%,Bullish,0.75,0.5,0.29375,-0.29375,31.94421410560608,0.0
2026-01-26,V,Up 1-3%,Bullish,0.75,0.5,0.29375,-0.29375,31.98753809928894,0.0
2026-01-26,V,Up 1-3%,Bullish,0.75,0.5,0.29375,-0.29375,3.3003828525543213,0.0
2026-01-26,VZ,Up 1-3%,Bullish,0.75,0.5,0.29375,-0.29375,3.2985334396362305,0.0
2026-01-26,VZ,Neutral,Neutral,0.0,0.5,0.0,-0.0,2.499594211578369,0.0
2026-01-26,VZ,Up 1-3%,Bullish,0.75,0.5,0.29375,-0.29375,32.01602816581726,0.0
2026-01-26,VZ,Up 1-3%,Bullish,0.75,0.5,0.29375,-0.29375,32.48624849319458,0.0
2026-01-26,VZ,Up 1-3%,Bullish,0.75,0.5,0.29375,-0.29375,32.43567514419556,0.0
2026-01-26,WBA,Up 1-3%,Bullish,0.75,0.5,0.29375,-0.29375,3.276261329650879,0.0
2026-01-26,WBA,Up 1-3%,Bullish,0.75,0.5,0.29375,-0.29375,28.448907136917114,0.0
2026-01-26,WBA,Up 1-3%,Bullish,0.75,0.5,0.29375,-0.29375,31.984642505645752,0.0
2026-01-26,WBA,Up 1-3%,Bullish,0.75,0.5,0.29375,-0.29375,32.21459364891052,0.0
2026-01-26,WBA,Up 1-3%,Bullish,0.75,0.5,0.29375,-0.29375,32.89732646942139,0.0
2026-01-26,WMT,Up 1-3%,Bullish,0.75,0.5,0.29375,-0.29375,31.94196081161499,0.0
2026-01-26,WMT,Up 1-3%,Bullish,0.75,0.5,0.29375,-0.29375,32.794363498687744,0.0
2026-01-26,WMT,Up 1-3%,Bullish,0.75,0.5,0.29375,-0.29375,32.05133271217346,0.0
2026-01-26,WMT,Up 1-3%,Bullish,0.75,0.5,0.29375,-0.29375,29.87214708328247,0.0
2026-01-26,WMT,Up 1-3%,Bullish,0.75,0.5,0.29375,-0.29375,32.8552348613739,0.0
2026-02-02,AAPL,Neutral,Neutral,0.0,0.5,0.0,-0.0,2.4716508388519287,0.0
2026-02-02,AAPL,Up 1-3%,Bullish,0.75,0.5,0.29375,-0.29375,32.603989601135254,0.0
2026-02-02,AAPL,Up 1-3%,Bullish,0.75,0.5,0.29375,-0.29375,32.65946865081787,0.0
2026-02-02,AAPL,Up 1-3%,Bullish,0.75,0.5,0.29375,-0.29375,32.058549880981445,0.0
2026-02-02,AAPL,Neutral,Neutral,0.0,0.5,0.0,-0.0,2.481006145477295,0.0
2026-02-02,AMGN,Up 1-3%,Bullish,0.75,0.5,0.29375,-0.29375,32.724507093429565,0.0
2026-02-02,AMGN,Up 1-3%,Bullish,0.75,0.5,0.29375,-0.29375,23.930662631988525,0.1111111111111111
2026-02-02,AMGN,Up 1-3%,Bullish,0.75,0.5,0.29375,-0.29375,27.27905035018921,0.5
2026-02-02,AMGN,Up 1-3%,Bullish,0.75,0.5,0.29375,-0.29375,32.264707803726196,0.5
2026-02-02,AMGN,Up 1-3%,Bullish,0.75,0.5,0.29375,-0.29375,28.402252435684204,0.5
2026-02-02,AXP,Up 1-3%,Bullish,0.75,0.5,0.29375,-0.29375,32.41024136543274,0.0
2026-02-02,AXP,Neutral,Neutral,0.0,0.5,0.0,-0.0,22.22238302230835,0.0
2026-02-02,AXP,Up 1-3%,Bullish,0.75,0.5,0.29375,-0.29375,32.450151205062866,0.0
2026-02-02,AXP,Up 1-3%,Bullish,0.75,0.5,0.29375,-0.29375,32.63317799568176,0.0
2026-02-02,AXP,Up 1-3%,Bullish,0.75,0.5,0.29375,-0.29375,32.79713678359985,0.0
2026-02-02,BA,Up 1-3%,Bullish,0.75,0.5,0.29375,-0.29375,31.805232763290405,0.0
2026-02-02,BA,Up 1-3%,Bullish,0.75,0.5,0.29375,-0.29375,32.58195471763611,0.0
2026-02-02,BA,Up 1-3%,Bullish,0.75,0.5,0.29375,-0.29375,22.795103788375854,0.0
2026-02-02,BA,Up 1-3%,Bullish,0.75,0.5,0.29375,-0.29375,32.18895149230957,0.0
2026-02-02,BA,Up 1-3%,Bullish,0.75,0.5,0.29375,-0.29375,32.72785425186157,0.0
2026-02-02,CAT,Up 1-3%,Bullish,0.75,0.5,0.29375,-0.29375,32.31722831726074,0.0
2026-02-02,CAT,Up 1-3%,Bullish,0.75,0.5,0.29375,-0.29375,22.671976327896118,1.0
2026-02-02,CAT,Up 1-3%,Bullish,0.75,0.5,0.29375,-0.29375,18.263457536697388,1.0
2026-02-02,CAT,Up 3-5%,Bullish,1.5,0.5,0.3875,-0.3875,14.783578634262085,1.0
2026-02-02,CAT,Up 1-3%,Bullish,0.75,0.5,0.29375,-0.29375,32.81988501548767,0.0
2026-02-02,CRM,Up 1-3%,Bullish,0.75,0.5,0.29375,-0.29375,32.27965521812439,0.0
2026-02-02,CRM,Up 1-3%,Bullish,0.75,0.5,0.29375,-0.29375,32.956029176712036,0.0
2026-02-02,CRM,Up 1-3%,Bullish,0.75,0.5,0.29375,-0.29375,32.74774169921875,0.0
2026-02-02,CRM,Neutral,Neutral,0.0,0.5,0.0,-0.0,2.5204238891601562,0.0
2026-02-02,CRM,Up 1-3%,Bullish,0.75,0.5,0.29375,-0.29375,32.294055223464966,0.0
2026-02-02,CSCO,Up 1-3%,Bullish,0.75,0.5,0.29375,-0.29375,3.3160271644592285,0.0
2026-02-02,CSCO,Up 1-3%,Bullish,0.75,0.5,0.29375,-0.29375,3.341953754425049,0.0
2026-02-02,CSCO,Up 3-5%,Bullish,1.5,0.5,0.3875,-0.3875,20.281245231628418,-0.5
2026-02-02,CSCO,Up 3-5%,Bullish,1.5,0.5,0.3875,-0.3875,21.52418613433838,-0.5
2026-02-02,CSCO,Up 3-5%,Bullish,1.5,0.5,0.3875,-0.3875,32.64076256752014,0.0
2026-02-02,CVX,Up 1-3%,Bullish,0.75,0.5,0.29375,-0.29375,3.312066078186035,0.0
2026-02-02,CVX,Up 1-3%,Bullish,0.75,0.5,0.29375,-0.29375,3.2378146648406982,0.0
2026-02-02,CVX,Up 1-3%,Bullish,0.75,0.5,0.29375,-0.29375,32.339757442474365,0.0
2026-02-02,CVX,Up 1-3%,Bullish,0.75,0.5,0.29375,-0.29375,32.92861533164978,0.0
2026-02-02,CVX,Up 1-3%,Bullish,0.75,0.5,0.29375,-0.29375,32.17357158660889,0.0
2026-02-02,DIS,Up 1-3%,Bullish,0.75,0.5,0.29375,-0.29375,32.53095579147339,0.0
2026-02-02,DIS,Up 1-3%,Bullish,0.75,0.5,0.29375,-0.29375,32.310386657714844,0.0
2026-02-02,DIS,Up 1-3%,Bullish,0.75,0.5,0.29375,-0.29375,32.75850248336792,0.0
2026-02-02,DIS,Up 1-3%,Bullish,0.75,0.5,0.29375,-0.29375,31.815013647079468,0.0
2026-02-02,DIS,Up 1-3%,Bullish,0.75,0.5,0.29375,-0.29375,30.08551526069641,0.0
2026-02-02,DOW,Up 1-3%,Bullish,0.75,0.5,0.29375,-0.29375,32.241819858551025,0.0
2026-02-02,DOW,Up 1-3%,Bullish,0.75,0.5,0.29375,-0.29375,28.00862193107605,1.0
2026-02-02,DOW,Up 1-3%,Bullish,0.75,0.5,0.29375,-0.29375,32.372984886169434,1.0
2026-02-02,DOW,Up 1-3%,Bullish,0.75,0.5,0.29375,-0.29375,27.954100370407104,1.0
2026-02-02,DOW,Up 1-3%,Bullish,0.75,0.5,0.29375,-0.29375,20.158657789230347,1.0
2026-02-02,GS,Up 1-3%,Bullish,0.75,0.5,0.29375,-0.29375,33.10056829452515,0.0
2026-02-02,GS,Up 1-3%,Bullish,0.75,0.5,0.29375,-0.29375,3.288217544555664,0.0
2026-02-02,GS,Up 1-3%,Bullish,0.75,0.5,0.29375,-0.29375,31.84216594696045,0.0
2026-02-02,GS,Up 1-3%,Bullish,0.75,0.5,0.29375,-0.29375,32.96978187561035,0.0
2026-02-02,GS,Up 1-3%,Bullish,0.75,0.5,0.29375,-0.29375,32.101181983947754,0.0
2026-02-02,HD,Up 1-3%,Bullish,0.75,0.5,0.29375,-0.29375,22.870848655700684,0.0
2026-02-02,HD,Up 1-3%,Bullish,0.75,0.5,0.29375,-0.29375,32.29230999946594,0.0
2026-02-02,HD,Up 1-3%,Bullish,0.75,0.5,0.29375,-0.29375,32.87445664405823,0.0
2026-02-02,HD,Up 1-3%,Bullish,0.75,0.5,0.29375,-0.29375,32.941545486450195,0.0
2026-02-02,HD,Up 1-3%,Bullish,0.75,0.5,0.29375,-0.29375,31.919361352920532,0.0
2026-02-02,HON,Up 1-3%,Bullish,0.75,0.5,0.29375,-0.29375,3.3057093620300293,0.0
2026-02-02,HON,Up 1-3%,Bullish,0.75,0.5,0.29375,-0.29375,32.45609450340271,0.0
2026-02-02,HON,Up 1-3%,Bullish,0.75,0.5,0.29375,-0.29375,23.57554054260254,1.0
2026-02-02,HON,Up 3-5%,Bullish,1.5,0.5,0.3875,-0.3875,18.40162444114685,1.0
2026-02-02,HON,Up 3-5%,Bullish,1.5,0.5,0.3875,-0.3875,24.156808614730835,1.0
2026-02-02,IBM,Up 1-3%,Bullish,0.75,0.5,0.29375,-0.29375,32.62302875518799,0.0
2026-02-02,IBM,Up 1-3%,Bullish,0.75,0.5,0.29375,-0.29375,31.12978172302246,0.0
2026-02-02,IBM,Neutral,Neutral,0.0,0.5,0.0,-0.0,2.508117198944092,0.0
2026-02-02,IBM,Neutral,Neutral,0.0,0.5,0.0,-0.0,19.567864656448364,0.0
2026-02-02,IBM,Up 1-3%,Bullish,0.75,0.5,0.29375,-0.29375,31.987014532089233,0.0
2026-02-02,INTC,Up 1-3%,Bullish,0.75,0.5,0.29375,-0.29375,32.21145987510681,0.0
2026-02-02,INTC,Up 1-3%,Bullish,0.75,0.5,0.29375,-0.29375,32.37389874458313,0.0
2026-02-02,INTC,Up 1-3%,Bullish,0.75,0.5,0.29375,-0.29375,32.32726812362671,0.0
2026-02-02,INTC,Up 1-3%,Bullish,0.75,0.5,0.29375,-0.29375,32.64389991760254,0.0
2026-02-02,INTC,Up 1-3%,Bullish,0.75,0.5,0.29375,-0.29375,32.82521939277649,0.0
2026-02-02,JNJ,Up 1-3%,Bullish,0.75,0.5,0.29375,-0.29375,32.3209867477417,0.0
2026-02-02,JNJ,Up 1-3%,Bullish,0.75,0.5,0.29375,-0.29375,32.41576528549194,0.0
2026-02-02,JNJ,Up 1-3%,Bullish,0.75,0.5,0.29375,-0.29375,32.89103436470032,0.0
2026-02-02,JNJ,Up 1-3%,Bullish,0.75,0.5,0.29375,-0.29375,32.733930826187134,0.0
2026-02-02,JNJ,Up 1-3%,Bullish,0.75,0.5,0.29375,-0.29375,32.88872027397156,0.0
2026-02-02,JPM,Up 1-3%,Bullish,0.75,0.5,0.29375,-0.29375,32.07921123504639,0.0
2026-02-02,JPM,Up 1-3%,Bullish,0.75,0.5,0.29375,-0.29375,32.480687856674194,0.0
2026-02-02,JPM,Up 1-3%,Bullish,0.75,0.5,0.29375,-0.29375,32.15025973320007,0.0
2026-02-02,JPM,Up 1-3%,Bullish,0.75,0.5,0.29375,-0.29375,32.40314030647278,0.0
2026-02-02,JPM,Up 1-3%,Bullish,0.75,0.5,0.29375,-0.29375,32.78989863395691,0.0
2026-02-02,KO,Neutral,Neutral,0.0,0.5,0.0,-0.0,2.5412607192993164,0.0
2026-02-02,KO,Up 1-3%,Bullish,0.75,0.5,0.29375,-0.29375,32.744247913360596,0.0
2026-02-02,KO,Up 1-3%,Bullish,0.75,0.5,0.29375,-0.29375,31.44569730758667,0.0
2026-02-02,KO,Up 1-3%,Bullish,0.75,0.5,0.29375,-0.29375,32.281015157699585,0.0
2026-02-02,KO,Up 1-3%,Bullish,0.75,0.5,0.29375,-0.29375,32.83499836921692,0.0
2026-02-02,MCD,Up 1-3%,Bullish,0.75,0.5,0.29375,-0.29375,32.115124464035034,0.0
2026-02-02,MCD,Up 1-3%,Bullish,0.75,0.5,0.29375,-0.29375,23.926589250564575,0.0
2026-02-02,MCD,Up 1-3%,Bullish,0.75,0.5,0.29375,-0.29375,24.125709772109985,0.0
2026-02-02,MCD,Up 1-3%,Bullish,0.75,0.5,0.29375,-0.29375,27.516587018966675,0.3333333333333333
2026-02-02,MCD,Up 1-3%,Bullish,0.75,0.5,0.29375,-0.29375,15.56583046913147,0.5
2026-02-02,MMM,Up 1-3%,Bullish,0.75,0.5,0.29375,-0.29375,31.849639177322388,0.0
2026-02-02,MMM,Up 1-3%,Bullish,0.75,0.5,0.29375,-0.29375,31.357255220413208,0.6666666666666666
2026-02-02,MMM,Up 1-3%,Bullish,0.75,0.5,0.29375,-0.29375,23.36407232284546,0.8
2026-02-02,MMM,Up 1-3%,Bullish,0.75,0.5,0.29375,-0.29375,16.83121085166931,0.5714285714285714
2026-02-02,MMM,Up 1-3%,Bullish,0.75,0.5,0.29375,-0.29375,19.45208168029785,0.6
2026-02-02,MRK,Up 1-3%,Bullish,0.75,0.5,0.29375,-0.29375,32.49422907829285,0.0
2026-02-02,MRK,Up 1-3%,Bullish,0.75,0.5,0.29375,-0.29375,32.09764122962952,0.0
2026-02-02,MRK,Up 1-3%,Bullish,0.75,0.5,0.29375,-0.29375,31.335750579833984,0.0
2026-02-02,MRK,Up 1-3%,Bullish,0.75,0.5,0.29375,-0.29375,32.155425786972046,0.0
2026-02-02,MRK,Up 1-3%,Bullish,0.75,0.5,0.29375,-0.29375,32.83715558052063,0.0
2026-02-02,MSFT,Neutral,Neutral,0.0,0.5,0.0,-0.0,32.184014558792114,0.0
2026-02-02,MSFT,Neutral,Neutral,0.0,0.5,0.0,-0.0,15.636396408081055,0.0
2026-02-02,MSFT,Up 1-3%,Bullish,0.75,0.5,0.29375,-0.29375,31.719194173812866,0.0
2026-02-02,MSFT,Up 1-3%,Bullish,0.75,0.5,0.29375,-0.29375,3.2727465629577637,0.0
2026-02-02,MSFT,Up 1-3%,Bullish,0.75,0.5,0.29375,-0.29375,32.24555587768555,0.0
2026-02-02,NKE,Up 1-3%,Bullish,0.75,0.5,0.29375,-0.29375,32.2990837097168,0.0
2026-02-02,NKE,Up 1-3%,Bullish,0.75,0.5,0.29375,-0.29375,32.40477514266968,0.0
2026-02-02,NKE,Up 1-3%,Bullish,0.75,0.5,0.29375,-0.29375,31.11843466758728,0.0
2026-02-02,NKE,Up 1-3%,Bullish,0.75,0.5,0.29375,-0.29375,29.674654483795166,0.0
2026-02-02,NKE,Neutral,Neutral,0.0,0.5,0.0,-0.0,2.4875552654266357,0.0
2026-02-02,PG,Up 1-3%,Bullish,0.75,0.5,0.29375,-0.29375,32.87493562698364,0.0
2026-02-02,PG,Up 1-3%,Bullish,0.75,0.5,0.29375,-0.29375,32.48707437515259,0.0
2026-02-02,PG,Up 1-3%,Bullish,0.75,0.5,0.29375,-0.29375,32.10538029670715,0.0
2026-02-02,PG,Up 1-3%,Bullish,0.75,0.5,0.29375,-0.29375,32.74948334693909,0.0
2026-02-02,PG,Up 1-3%,Bullish,0.75,0.5,0.29375,-0.29375,32.150715827941895,0.0
2026-02-02,TRV,Up 1-3%,Bullish,0.75,0.5,0.29375,-0.29375,32.494667768478394,0.0
2026-02-02,TRV,Neutral,Neutral,0.0,0.5,0.0,-0.0,2.489779472351074,0.0
2026-02-02,TRV,Up 1-3%,Bullish,0.75,0.5,0.29375,-0.29375,32.77840042114258,0.0
2026-02-02,TRV,Up 1-3%,Bullish,0.75,0.5,0.29375,-0.29375,31.87172555923462,0.0
2026-02-02,TRV,Up 3-5%,Bullish,1.5,0.5,0.3875,-0.3875,27.921493768692017,1.0
2026-02-02,UNH,Down 3-5%,Bearish,-1.5,0.5,-0.3875,0.3875,22.546339750289917,-1.0
2026-02-02,UNH,Down 3-5%,Bearish,-1.5,0.5,-0.3875,0.3875,26.24797749519348,-1.0
2026-02-02,UNH,Down 3-5%,Bearish,-1.5,0.5,-0.3875,0.3875,20.687180757522583,-1.0
2026-02-02,UNH,Down 3-5%,Bearish,-1.5,0.5,-0.3875,0.3875,16.676024198532104,-1.0
2026-02-02,UNH,Up 1-3%,Bullish,0.75,0.5,0.29375,-0.29375,16.570350408554077,-1.0
2026-02-02,V,Neutral,Neutral,0.0,0.5,0.0,-0.0,2.5110578536987305,0.0
2026-02-02,V,Up 1-3%,Bullish,0.75,0.5,0.29375,-0.29375,32.655402421951294,0.0
2026-02-02,V,Up 1-3%,Bullish,0.75,0.5,0.29375,-0.29375,32.07896184921265,0.0
2026-02-02,V,Up 1-3%,Bullish,0.75,0.5,0.29375,-0.29375,31.966344356536865,0.0
2026-02-02,V,Up 1-3%,Bullish,0.75,0.5,0.29375,-0.29375,3.237661600112915,0.0
2026-02-02,VZ,Up 1-3%,Bullish,0.75,0.5,0.29375,-0.29375,32.36760878562927,0.0
2026-02-02,VZ,Up 1-3%,Bullish,0.75,0.5,0.29375,-0.29375,3.2929465770721436,0.0
2026-02-02,VZ,Up 1-3%,Bullish,0.75,0.5,0.29375,-0.29375,3.297478199005127,0.0
2026-02-02,VZ,Up 1-3%,Bullish,0.75,0.5,0.29375,-0.29375,26.231815576553345,0.0
2026-02-02,VZ,Up 1-3%,Bullish,0.75,0.5,0.29375,-0.29375,3.2601256370544434,0.0
2026-02-02,WBA,Up 1-3%,Bullish,0.75,0.5,0.29375,-0.29375,33.06680941581726,0.0
2026-02-02,WBA,Up 1-3%,Bullish,0.75,0.5,0.29375,-0.29375,32.54082536697388,0.0
2026-02-02,WBA,Up 1-3%,Bullish,0.75,0.5,0.29375,-0.29375,32.785155057907104,0.0
2026-02-02,WBA,Up 1-3%,Bullish,0.75,0.5,0.29375,-0.29375,32.745211601257324,0.0
2026-02-02,WBA,Up 1-3%,Bullish,0.75,0.5,0.29375,-0.29375,32.58128023147583,0.0
2026-02-02,WMT,Up 1-3%,Bullish,0.75,0.5,0.29375,-0.29375,32.61703586578369,0.0
2026-02-02,WMT,Up 1-3%,Bullish,0.75,0.5,0.29375,-0.29375,32.37171125411987,0.0
2026-02-02,WMT,Up 1-3%,Bullish,0.75,0.5,0.29375,-0.29375,32.361266136169434,0.0
2026-02-02,WMT,Up 1-3%,Bullish,0.75,0.5,0.29375,-0.29375,32.694687366485596,0.0
2026-02-02,WMT,Up 1-3%,Bullish,0.75,0.5,0.29375,-0.29375,32.0253427028656,0.0
2026-02-09,AAPL,Up 1-3%,Bullish,0.75,0.5,0.29375,-0.29375,32.08136343955994,0.0
2026-02-09,AAPL,Up 1-3%,Bullish,0.75,0.5,0.29375,-0.29375,32.995694398880005,0.0
2026-02-09,AAPL,Up 1-3%,Bullish,0.75,0.5,0.29375,-0.29375,32.08858251571655,0.0
2026-02-09,AAPL,Neutral,Neutral,0.0,0.5,0.0,-0.0,2.4742588996887207,0.0
2026-02-09,AAPL,Neutral,Neutral,0.0,0.5,0.0,-0.0,2.4841248989105225,0.0
2026-02-09,AMGN,Up 1-3%,Bullish,0.75,0.5,0.29375,-0.29375,28.090576648712158,-0.5
2026-02-09,AMGN,Up 1-3%,Bullish,0.75,0.5,0.29375,-0.29375,32.795722246170044,0.0
2026-02-09,AMGN,Up 1-3%,Bullish,0.75,0.5,0.29375,-0.29375,31.949900150299072,0.0
2026-02-09,AMGN,Up 1-3%,Bullish,0.75,0.5,0.29375,-0.29375,32.185287952423096,0.0
2026-02-09,AMGN,Up 1-3%,Bullish,0.75,0.5,0.29375,-0.29375,32.175557374954224,0.0
2026-02-09,AXP,Up 1-3%,Bullish,0.75,0.5,0.29375,-0.29375,31.698719024658203,0.0
2026-02-09,AXP,Up 1-3%,Bullish,0.75,0.5,0.29375,-0.29375,31.96401023864746,0.0
2026-02-09,AXP,Up 1-3%,Bullish,0.75,0.5,0.29375,-0.29375,32.29852890968323,0.0
2026-02-09,AXP,Up 1-3%,Bullish,0.75,0.5,0.29375,-0.29375,32.722400188446045,0.0
2026-02-09,AXP,Up 1-3%,Bullish,0.75,0.5,0.29375,-0.29375,32.142911434173584,0.0
2026-02-09,BA,Up 1-3%,Bullish,0.75,0.5,0.29375,-0.29375,32.1750111579895,0.0
2026-02-09,BA,Up 1-3%,Bullish,0.75,0.5,0.29375,-0.29375,32.67845010757446,0.0
2026-02-09,BA,Up 1-3%,Bullish,0.75,0.5,0.29375,-0.29375,32.076597452163696,0.0
2026-02-09,BA,Up 1-3%,Bullish,0.75,0.5,0.29375,-0.29375,31.952237606048584,0.0
2026-02-09,BA,Up 1-3%,Bullish,0.75,0.5,0.29375,-0.29375,3.315037727355957,0.0
2026-02-09,CAT,Down 3-5%,Bearish,-1.5,0.5,-0.3875,0.3875,12.58132028579712,1.0
2026-02-09,CAT,Down 3-5%,Bearish,-1.5,0.5,-0.3875,0.3875,12.918421268463135,1.0
2026-02-09,CAT,Up 1-3%,Bullish,0.75,0.5,0.29375,-0.29375,22.615163326263428,0.5
2026-02-09,CAT,Up 1-3%,Bullish,0.75,0.5,0.29375,-0.29375,28.47857642173767,0.6666666666666666
2026-02-09,CAT,Up 3-5%,Bullish,1.5,0.5,0.3875,-0.3875,15.533292531967163,0.6
2026-02-09,CRM,Up 1-3%,Bullish,0.75,0.5,0.29375,-0.29375,32.0125937461853,0.0
2026-02-09,CRM,Up 1-3%,Bullish,0.75,0.5,0.29375,-0.29375,33.094645738601685,0.0
2026-02-09,CRM,Up 1-3%,Bullish,0.75,0.5,0.29375,-0.29375,3.355114698410034,0.0
2026-02-09,CRM,Up 1-3%,Bullish,0.75,0.5,0.29375,-0.29375,3.3139054775238037,0.0
2026-02-09,CRM,Up 1-3%,Bullish,0.75,0.5,0.29375,-0.29375,32.83382964134216,0.0
2026-02-09,CSCO,Up 3-5%,Bullish,1.5,0.5,0.3875,-0.3875,19.974189519882202,0.0
2026-02-09,CSCO,Up 3-5%,Bullish,1.5,0.5,0.3875,-0.3875,19.476664781570435,0.3333333333333333
2026-02-09,CSCO,Up 1-3%,Bullish,0.75,0.5,0.29375,-0.29375,19.56689715385437,0.4
2026-02-09,CSCO,Up 1-3%,Bullish,0.75,0.5,0.29375,-0.29375,21.81741976737976,0.5
2026-02-09,CSCO,Down 1-3%,Bearish,-0.75,0.5,-0.29375,0.29375,25.15812397003174,-0.1666666666666666
2026-02-09,CVX,Up 1-3%,Bullish,0.75,0.5,0.29375,-0.29375,3.2831871509552,0.0
2026-02-09,CVX,Up 1-3%,Bullish,0.75,0.5,0.29375,-0.29375,32.135743379592896,0.0
2026-02-09,CVX,Up 1-3%,Bullish,0.75,0.5,0.29375,-0.29375,32.59042978286743,0.0
2026-02-09,CVX,Up 1-3%,Bullish,0.75,0.5,0.29375,-0.29375,3.3030598163604736,0.0
2026-02-09,CVX,Up 1-3%,Bullish,0.75,0.5,0.29375,-0.29375,3.213780641555786,0.0
2026-02-09,DIS,Neutral,Neutral,0.0,0.5,0.0,-0.0,2.5003979206085205,0.0
2026-02-09,DIS,Up 1-3%,Bullish,0.75,0.5,0.29375,-0.29375,32.24584484100342,0.0
2026-02-09,DIS,Up 3-5%,Bullish,1.5,0.5,0.3875,-0.3875,19.656554698944092,1.0
2026-02-09,DIS,Up 1-3%,Bullish,0.75,0.5,0.29375,-0.29375,16.580265760421753,0.6666666666666666
2026-02-09,DIS,Up 1-3%,Bullish,0.75,0.5,0.29375,-0.29375,24.59405779838562,0.5
2026-02-09,DOW,Up 1-3%,Bullish,0.75,0.5,0.29375,-0.29375,32.468114614486694,0.0
2026-02-09,DOW,Up 1-3%,Bullish,0.75,0.5,0.29375,-0.29375,24.07615637779236,1.0
2026-02-09,DOW,Up 3-5%,Bullish,1.5,0.5,0.3875,-0.3875,13.306744575500488,1.0
2026-02-09,DOW,Up 1-3%,Bullish,0.75,0.5,0.29375,-0.29375,23.189852714538574,1.0
2026-02-09,DOW,Up 1-3%,Bullish,0.75,0.5,0.29375,-0.29375,21.97022318840027,1.0
2026-02-09,GS,Up 1-3%,Bullish,0.75,0.5,0.29375,-0.29375,32.551743507385254,0.0
2026-02-09,GS,Up 1-3%,Bullish,0.75,0.5,0.29375,-0.29375,33.24826455116272,0.0
2026-02-09,GS,Up 1-3%,Bullish,0.75,0.5,0.29375,-0.29375,32.19404125213623,0.0
2026-02-09,GS,Up 1-3%,Bullish,0.75,0.5,0.29375,-0.29375,32.803030014038086,0.0
2026-02-09,GS,Up 1-3%,Bullish,0.75,0.5,0.29375,-0.29375,32.402581453323364,0.0
2026-02-09,HD,Up 1-3%,Bullish,0.75,0.5,0.29375,-0.29375,32.10173535346985,0.0
2026-02-09,HD,Up 3-5%,Bullish,1.5,0.5,0.3875,-0.3875,19.782823085784912,0.0
2026-02-09,HD,Up 3-5%,Bullish,1.5,0.5,0.3875,-0.3875,23.019079446792603,0.0
2026-02-09,HD,Up 3-5%,Bullish,1.5,0.5,0.3875,-0.3875,18.063218355178833,0.0
2026-02-09,HD,Up 3-5%,Bullish,1.5,0.5,0.3875,-0.3875,17.564557552337646,1.0
2026-02-09,HON,Up 3-5%,Bullish,1.5,0.5,0.3875,-0.3875,17.639695167541504,0.5
2026-02-09,HON,Up 3-5%,Bullish,1.5,0.5,0.3875,-0.3875,32.876264333724976,0.0
2026-02-09,HON,Up 3-5%,Bullish,1.5,0.5,0.3875,-0.3875,27.048402786254883,0.0
2026-02-09,HON,Up 1-3%,Bullish,0.75,0.5,0.29375,-0.29375,32.269487142562866,0.5
2026-02-09,HON,Up 3-5%,Bullish,1.5,0.5,0.3875,-0.3875,28.50632333755493,1.0
2026-02-09,IBM,Up 1-3%,Bullish,0.75,0.5,0.29375,-0.29375,32.39620780944824,0.0
2026-02-09,IBM,Up 1-3%,Bullish,0.75,0.5,0.29375,-0.29375,32.869693756103516,0.0
2026-02-09,IBM,Up 1-3%,Bullish,0.75,0.5,0.29375,-0.29375,32.56203317642212,0.0
2026-02-09,IBM,Up 1-3%,Bullish,0.75,0.5,0.29375,-0.29375,32.08054733276367,0.0
2026-02-09,IBM,Up 1-3%,Bullish,0.75,0.5,0.29375,-0.29375,29.268522024154663,0.0
2026-02-09,INTC,Up 1-3%,Bullish,0.75,0.5,0.29375,-0.29375,32.120262145996094,0.0
2026-02-09,INTC,Up 1-3%,Bullish,0.75,0.5,0.29375,-0.29375,31.985618114471436,0.0
2026-02-09,INTC,Up 1-3%,Bullish,0.75,0.5,0.29375,-0.29375,31.676164865493774,0.0
2026-02-09,INTC,Up 1-3%,Bullish,0.75,0.5,0.29375,-0.29375,32.67677927017212,0.0
2026-02-09,INTC,Up 1-3%,Bullish,0.75,0.5,0.29375,-0.29375,32.22214460372925,0.0
2026-02-09,JNJ,Up 1-3%,Bullish,0.75,0.5,0.29375,-0.29375,3.3035173416137695,0.0
2026-02-09,JNJ,Up 1-3%,Bullish,0.75,0.5,0.29375,-0.29375,32.69236969947815,0.0
2026-02-09,JNJ,Up 1-3%,Bullish,0.75,0.5,0.29375,-0.29375,32.11669874191284,0.0
2026-02-09,JNJ,Up 1-3%,Bullish,0.75,0.5,0.29375,-0.29375,3.297212839126587,0.0
2026-02-09,JNJ,Up 1-3%,Bullish,0.75,0.5,0.29375,-0.29375,3.296067237854004,0.0
2026-02-09,JPM,Up 1-3%,Bullish,0.75,0.5,0.29375,-0.29375,32.19251847267151,0.0
2026-02-09,JPM,Up 1-3%,Bullish,0.75,0.5,0.29375,-0.29375,32.24281024932861,0.0
2026-02-09,JPM,Up 1-3%,Bullish,0.75,0.5,0.29375,-0.29375,31.6459481716156,0.0
2026-02-09,JPM,Up 1-3%,Bullish,0.75,0.5,0.29375,-0.29375,31.816926956176758,0.0
2026-02-09,JPM,Up 1-3%,Bullish,0.75,0.5,0.29375,-0.29375,32.28335642814636,0.0
2026-02-09,KO,Up 1-3%,Bullish,0.75,0.5,0.29375,-0.29375,32.3800482749939,0.0
2026-02-09,KO,Up 1-3%,Bullish,0.75,0.5,0.29375,-0.29375,32.56978940963745,0.0
2026-02-09,KO,Up 1-3%,Bullish,0.75,0.5,0.29375,-0.29375,32.741520166397095,0.0
2026-02-09,KO,Up 1-3%,Bullish,0.75,0.5,0.29375,-0.29375,32.05311369895935,0.0
2026-02-09,KO,Up 1-3%,Bullish,0.75,0.5,0.29375,-0.29375,32.126830101013184,0.0
2026-02-09,MCD,Down 3-5%,Bearish,-1.5,0.5,-0.3875,0.3875,32.1434109210968,0.0
2026-02-09,MCD,Up 1-3%,Bullish,0.75,0.5,0.29375,-0.29375,20.060222148895264,0.0
2026-02-09,MCD,Up 1-3%,Bullish,0.75,0.5,0.29375,-0.29375,32.01559281349182,0.0
2026-02-09,MCD,Up 1-3%,Bullish,0.75,0.5,0.29375,-0.29375,22.017902135849,0.3333333333333333
2026-02-09,MCD,Up 1-3%,Bullish,0.75,0.5,0.29375,-0.29375,18.96755814552307,0.6666666666666666
2026-02-09,MMM,Up 3-5%,Bullish,1.5,0.5,0.3875,-0.3875,19.74508762359619,0.0
2026-02-09,MMM,Up 1-3%,Bullish,0.75,0.5,0.29375,-0.29375,32.31954312324524,0.0
2026-02-09,MMM,Up 1-3%,Bullish,0.75,0.5,0.29375,-0.29375,32.816920042037964,0.0
2026-02-09,MMM,Up 1-3%,Bullish,0.75,0.5,0.29375,-0.29375,14.785472631454468,0.0
2026-02-09,MMM,Up 1-3%,Bullish,0.75,0.5,0.29375,-0.29375,31.294538021087646,0.0
2026-02-09,MRK,Up 1-3%,Bullish,0.75,0.5,0.29375,-0.29375,32.02136945724487,0.0
2026-02-09,MRK,Up 1-3%,Bullish,0.75,0.5,0.29375,-0.29375,3.2888576984405518,0.0
2026-02-09,MRK,Up 1-3%,Bullish,0.75,0.5,0.29375,-0.29375,32.06334710121155,0.0
2026-02-09,MRK,Up 1-3%,Bullish,0.75,0.5,0.29375,-0.29375,32.09598445892334,0.0
2026-02-09,MRK,Up 1-3%,Bullish,0.75,0.5,0.29375,-0.29375,32.14395093917847,0.0
2026-02-09,MSFT,Up 1-3%,Bullish,0.75,0.5,0.29375,-0.29375,32.247785806655884,0.0
2026-02-09,MSFT,Up 1-3%,Bullish,0.75,0.5,0.29375,-0.29375,32.19230556488037,0.0
2026-02-09,MSFT,Up 1-3%,Bullish,0.75,0.5,0.29375,-0.29375,32.59707045555115,0.0
2026-02-09,MSFT,Neutral,Neutral,0.0,0.5,0.0,-0.0,32.23858690261841,0.0
2026-02-09,MSFT,Neutral,Neutral,0.0,0.5,0.0,-0.0,32.08501124382019,0.0
2026-02-09,NKE,Up 1-3%,Bullish,0.75,0.5,0.29375,-0.29375,32.36502766609192,0.0
2026-02-09,NKE,Up 1-3%,Bullish,0.75,0.5,0.29375,-0.29375,32.17150831222534,0.0
2026-02-09,NKE,Up 1-3%,Bullish,0.75,0.5,0.29375,-0.29375,31.618120193481445,0.0
2026-02-09,NKE,Up 1-3%,Bullish,0.75,0.5,0.29375,-0.29375,32.06589198112488,0.0
2026-02-09,NKE,Neutral,Neutral,0.0,0.5,0.0,-0.0,2.4902076721191406,0.0
2026-02-09,PG,Up 1-3%,Bullish,0.75,0.5,0.29375,-0.29375,32.739022970199585,0.0
2026-02-09,PG,Up 1-3%,Bullish,0.75,0.5,0.29375,-0.29375,31.90137767791748,0.0
2026-02-09,PG,Up 1-3%,Bullish,0.75,0.5,0.29375,-0.29375,32.401068449020386,0.0
2026-02-09,PG,Up 1-3%,Bullish,0.75,0.5,0.29375,-0.29375,32.20936918258667,0.0
2026-02-09,PG,Neutral,Neutral,0.0,0.5,0.0,-0.0,2.4880945682525635,0.0
2026-02-09,TRV,Up 1-3%,Bullish,0.75,0.5,0.29375,-0.29375,32.53839612007141,0.0
2026-02-09,TRV,Up 1-3%,Bullish,0.75,0.5,0.29375,-0.29375,3.2686374187469482,0.0
2026-02-09,TRV,Up 1-3%,Bullish,0.75,0.5,0.29375,-0.29375,22.679666996002197,1.0
2026-02-09,TRV,Up 1-3%,Bullish,0.75,0.5,0.29375,-0.29375,16.126317977905273,1.0
2026-02-09,TRV,Up 1-3%,Bullish,0.75,0.5,0.29375,-0.29375,16.560777187347412,1.0
2026-02-09,UNH,Up 1-3%,Bullish,0.75,0.5,0.29375,-0.29375,14.117714881896973,-1.0
2026-02-09,UNH,Up 1-3%,Bullish,0.75,0.5,0.29375,-0.29375,27.68111515045166,-0.3333333333333333
2026-02-09,UNH,Up 3-5%,Bullish,1.5,0.5,0.3875,-0.3875,25.493560075759888,0.0
2026-02-09,UNH,Up 3-5%,Bullish,1.5,0.5,0.3875,-0.3875,26.74587059020996,0.0
2026-02-09,UNH,Up 1-3%,Bullish,0.75,0.5,0.29375,-0.29375,12.485517263412476,0.0
2026-02-09,V,Up 1-3%,Bullish,0.75,0.5,0.29375,-0.29375,32.91709613800049,0.0
2026-02-09,V,Up 1-3%,Bullish,0.75,0.5,0.29375,-0.29375,31.770983457565308,0.0
2026-02-09,V,Up 1-3%,Bullish,0.75,0.5,0.29375,-0.29375,31.996289253234863,0.0
2026-02-09,V,Neutral,Neutral,0.0,0.5,0.0,-0.0,2.4796135425567627,0.0
2026-02-09,V,Up 1-3%,Bullish,0.75,0.5,0.29375,-0.29375,32.23229122161865,0.0
2026-02-09,VZ,Up 1-3%,Bullish,0.75,0.5,0.29375,-0.29375,3.3043575286865234,0.0
2026-02-09,VZ,Up 1-3%,Bullish,0.75,0.5,0.29375,-0.29375,32.07485365867615,0.0
2026-02-09,VZ,Up 1-3%,Bullish,0.75,0.5,0.29375,-0.29375,32.86366105079651,0.0
2026-02-09,VZ,Up 1-3%,Bullish,0.75,0.5,0.29375,-0.29375,32.52733850479126,0.0
2026-02-09,VZ,Up 1-3%,Bullish,0.75,0.5,0.29375,-0.29375,32.26483678817749,0.0
2026-02-09,WBA,Up 1-3%,Bullish,0.75,0.5,0.29375,-0.29375,32.855586767196655,0.0
2026-02-09,WBA,Up 1-3%,Bullish,0.75,0.5,0.29375,-0.29375,32.107381105422974,0.0
2026-02-09,WBA,Up 1-3%,Bullish,0.75,0.5,0.29375,-0.29375,32.36519742012024,0.0
2026-02-09,WBA,Up 1-3%,Bullish,0.75,0.5,0.29375,-0.29375,32.30351400375366,0.0
2026-02-09,WBA,Up 1-3%,Bullish,0.75,0.5,0.29375,-0.29375,32.77450394630432,0.0
2026-02-09,WMT,Up 1-3%,Bullish,0.75,0.5,0.29375,-0.29375,3.2897372245788574,0.0
2026-02-09,WMT,Up 1-3%,Bullish,0.75,0.5,0.29375,-0.29375,32.24791669845581,0.0
2026-02-09,WMT,Up 1-3%,Bullish,0.75,0.5,0.29375,-0.29375,32.16677474975586,0.0
2026-02-09,WMT,Up 1-3%,Bullish,0.75,0.5,0.29375,-0.29375,32.301544189453125,0.0
2026-02-09,WMT,Up 1-3%,Bullish,0.75,0.5,0.29375,-0.29375,32.07341742515564,0.0
2026-02-16,AAPL,Up 1-3%,Bullish,0.75,0.5,0.29375,-0.29375,3.309278726577759,0.0
2026-02-16,AAPL,Up 1-3%,Bullish,0.75,0.5,0.29375,-0.29375,32.092971086502075,0.0
2026-02-16,AAPL,Neutral,Neutral,0.0,0.5,0.0,-0.0,6.774695634841919,0.0
2026-02-16,AAPL,Up 1-3%,Bullish,0.75,0.5,0.29375,-0.29375,31.85609197616577,0.0
2026-02-16,AAPL,Neutral,Neutral,0.0,0.5,0.0,-0.0,2.478928804397583,0.0
2026-02-16,AMGN,Up 1-3%,Bullish,0.75,0.5,0.29375,-0.29375,3.278470993041992,0.0
2026-02-16,AMGN,Up 1-3%,Bullish,0.75,0.5,0.29375,-0.29375,32.40675401687622,0.0
2026-02-16,AMGN,Up 1-3%,Bullish,0.75,0.5,0.29375,-0.29375,32.331748485565186,0.0
2026-02-16,AMGN,Up 1-3%,Bullish,0.75,0.5,0.29375,-0.29375,32.90161967277527,0.0
2026-02-16,AMGN,Up 1-3%,Bullish,0.75,0.5,0.29375,-0.29375,3.295578956604004,0.0
2026-02-16,AXP,Up 1-3%,Bullish,0.75,0.5,0.29375,-0.29375,32.75788497924805,0.0
2026-02-16,AXP,Up 1-3%,Bullish,0.75,0.5,0.29375,-0.29375,32.41676950454712,0.0
2026-02-16,AXP,Up 1-3%,Bullish,0.75,0.5,0.29375,-0.29375,32.94516587257385,0.0
2026-02-16,AXP,Up 1-3%,Bullish,0.75,0.5,0.29375,-0.29375,26.642574310302734,0.0
2026-02-16,AXP,Up 1-3%,Bullish,0.75,0.5,0.29375,-0.29375,31.87931728363037,0.0
2026-02-16,BA,Up 1-3%,Bullish,0.75,0.5,0.29375,-0.29375,32.11295223236084,0.0
2026-02-16,BA,Up 1-3%,Bullish,0.75,0.5,0.29375,-0.29375,33.21411681175232,0.0
2026-02-16,BA,Up 1-3%,Bullish,0.75,0.5,0.29375,-0.29375,32.29338526725769,0.0
2026-02-16,BA,Up 1-3%,Bullish,0.75,0.5,0.29375,-0.29375,32.525376081466675,0.0
2026-02-16,BA,Up 1-3%,Bullish,0.75,0.5,0.29375,-0.29375,32.259947776794434,0.0
2026-02-16,CAT,Neutral,Neutral,0.0,0.5,0.0,-0.0,32.50143575668335,0.0
2026-02-16,CAT,Up 3-5%,Bullish,1.5,0.5,0.3875,-0.3875,12.678556442260742,1.0
2026-02-16,CAT,Up 3-5%,Bullish,1.5,0.5,0.3875,-0.3875,25.457165241241455,1.0
2026-02-16,CAT,Up 1-3%,Bullish,0.75,0.5,0.29375,-0.29375,32.11948347091675,0.6666666666666666
2026-02-16,CAT,Up 1-3%,Bullish,0.75,0.5,0.29375,-0.29375,30.709278106689453,0.5
2026-02-16,CRM,Up 1-3%,Bullish,0.75,0.5,0.29375,-0.29375,3.3060896396636963,0.0
2026-02-16,CRM,Up 1-3%,Bullish,0.75,0.5,0.29375,-0.29375,33.12956976890564,0.0
2026-02-16,CRM,Up 1-3%,Bullish,0.75,0.5,0.29375,-0.29375,3.2896041870117188,0.0
2026-02-16,CRM,Up 1-3%,Bullish,0.75,0.5,0.29375,-0.29375,32.18389439582825,0.0
2026-02-16,CRM,Neutral,Neutral,0.0,0.5,0.0,-0.0,2.512420177459717,0.0
2026-02-16,CSCO,Down 1-3%,Bearish,-0.75,0.5,-0.29375,0.29375,31.99888849258423,-1.0
2026-02-16,CSCO,Up 1-3%,Bullish,0.75,0.5,0.29375,-0.29375,3.3105175495147705,0.0
2026-02-16,CSCO,Up 3-5%,Bullish,1.5,0.5,0.3875,-0.3875,32.6565146446228,1.0
2026-02-16,CSCO,Up 3-5%,Bullish,1.5,0.5,0.3875,-0.3875,18.326926708221436,1.0
2026-02-16,CSCO,Up 3-5%,Bullish,1.5,0.5,0.3875,-0.3875,18.670581340789795,1.0
2026-02-16,CVX,Up 1-3%,Bullish,0.75,0.5,0.29375,-0.29375,32.754088163375854,0.0
2026-02-16,CVX,Up 1-3%,Bullish,0.75,0.5,0.29375,-0.29375,3.310161828994751,0.0
2026-02-16,CVX,Up 1-3%,Bullish,0.75,0.5,0.29375,-0.29375,3.2981348037719727,0.0
2026-02-16,CVX,Up 1-3%,Bullish,0.75,0.5,0.29375,-0.29375,32.832183837890625,0.0
2026-02-16,CVX,Up 1-3%,Bullish,0.75,0.5,0.29375,-0.29375,3.286698579788208,0.0
2026-02-16,DIS,Up 1-3%,Bullish,0.75,0.5,0.29375,-0.29375,28.080770015716553,-0.5
2026-02-16,DIS,Up 1-3%,Bullish,0.75,0.5,0.29375,-0.29375,3.370393991470337,0.0
2026-02-16,DIS,Up 1-3%,Bullish,0.75,0.5,0.29375,-0.29375,14.082882404327393,1.0
2026-02-16,DIS,Up 1-3%,Bullish,0.75,0.5,0.29375,-0.29375,20.321678161621094,1.0
2026-02-16,DIS,Up 1-3%,Bullish,0.75,0.5,0.29375,-0.29375,22.250386714935303,1.0
2026-02-16,DOW,Up 1-3%,Bullish,0.75,0.5,0.29375,-0.29375,32.410330295562744,0.0
2026-02-16,DOW,Up 1-3%,Bullish,0.75,0.5,0.29375,-0.29375,16.10797142982483,1.0
2026-02-16,DOW,Up 1-3%,Bullish,0.75,0.5,0.29375,-0.29375,26.09809136390686,1.0
2026-02-16,DOW,Up 1-3%,Bullish,0.75,0.5,0.29375,-0.29375,25.04274821281433,1.0
2026-02-16,DOW,Up 3-5%,Bullish,1.5,0.5,0.3875,-0.3875,28.810527324676514,1.0
2026-02-16,GS,Up 1-3%,Bullish,0.75,0.5,0.29375,-0.29375,32.93270802497864,0.0
2026-02-16,GS,Up 1-3%,Bullish,0.75,0.5,0.29375,-0.29375,3.3466243743896484,0.0
2026-02-16,GS,Up 1-3%,Bullish,0.75,0.5,0.29375,-0.29375,33.19214391708374,0.0
2026-02-16,GS,Up 1-3%,Bullish,0.75,0.5,0.29375,-0.29375,32.27084755897522,0.0
2026-02-16,GS,Up 1-3%,Bullish,0.75,0.5,0.29375,-0.29375,32.539918422698975,0.0
2026-02-16,HD,Up 1-3%,Bullish,0.75,0.5,0.29375,-0.29375,32.306725025177,0.0
2026-02-16,HD,Up 1-3%,Bullish,0.75,0.5,0.29375,-0.29375,33.18616962432861,0.0
2026-02-16,HD,Up 1-3%,Bullish,0.75,0.5,0.29375,-0.29375,32.56642985343933,0.0
2026-02-16,HD,Up 1-3%,Bullish,0.75,0.5,0.29375,-0.29375,32.95335268974304,0.0
2026-02-16,HD,Down 3-5%,Bearish,-1.5,0.5,-0.3875,0.3875,30.825965404510498,0.3333333333333333
2026-02-16,HON,Up 1-3%,Bullish,0.75,0.5,0.29375,-0.29375,14.885114192962646,1.0
2026-02-16,HON,Neutral,Neutral,0.0,0.5,0.0,-0.0,10.923801183700562,0.0
2026-02-16,HON,Up 3-5%,Bullish,1.5,0.5,0.3875,-0.3875,32.60496997833252,1.0
2026-02-16,HON,Up 3-5%,Bullish,1.5,0.5,0.3875,-0.3875,31.256201028823853,1.0
2026-02-16,HON,Up 3-5%,Bullish,1.5,0.5,0.3875,-0.3875,13.151256561279297,1.0
2026-02-16,IBM,Up 1-3%,Bullish,0.75,0.5,0.29375,-0.29375,3.286745309829712,0.0
2026-02-16,IBM,Neutral,Neutral,0.0,0.5,0.0,-0.0,32.28513026237488,0.0
2026-02-16,IBM,Neutral,Neutral,0.0,0.5,0.0,-0.0,15.7003014087677,0.0
2026-02-16,IBM,Up 1-3%,Bullish,0.75,0.5,0.29375,-0.29375,3.283535957336426,0.0
2026-02-16,IBM,Up 1-3%,Bullish,0.75,0.5,0.29375,-0.29375,32.140631675720215,0.0
2026-02-16,INTC,Up 1-3%,Bullish,0.75,0.5,0.29375,-0.29375,32.707186460494995,0.0
2026-02-16,INTC,Up 1-3%,Bullish,0.75,0.5,0.29375,-0.29375,32.42488694190979,0.0
2026-02-16,INTC,Up 1-3%,Bullish,0.75,0.5,0.29375,-0.29375,3.2358012199401855,0.0
2026-02-16,INTC,Up 1-3%,Bullish,0.75,0.5,0.29375,-0.29375,32.82528758049011,0.0
2026-02-16,INTC,Up 1-3%,Bullish,0.75,0.5,0.29375,-0.29375,3.286113739013672,0.0
2026-02-16,JNJ,Up 1-3%,Bullish,0.75,0.5,0.29375,-0.29375,3.2969701290130615,0.0
2026-02-16,JNJ,Up 1-3%,Bullish,0.75,0.5,0.29375,-0.29375,30.8102867603302,0.0
2026-02-16,JNJ,Up 1-3%,Bullish,0.75,0.5,0.29375,-0.29375,32.20195555686951,0.0
2026-02-16,JNJ,Up 1-3%,Bullish,0.75,0.5,0.29375,-0.29375,32.737839698791504,0.0
2026-02-16,JNJ,Up 1-3%,Bullish,0.75,0.5,0.29375,-0.29375,3.2980000972747803,0.0
2026-02-16,JPM,Up 1-3%,Bullish,0.75,0.5,0.29375,-0.29375,3.288332462310791,0.0
2026-02-16,JPM,Up 1-3%,Bullish,0.75,0.5,0.29375,-0.29375,32.147215127944946,0.0
2026-02-16,JPM,Up 1-3%,Bullish,0.75,0.5,0.29375,-0.29375,32.08752942085266,0.0
2026-02-16,JPM,Up 1-3%,Bullish,0.75,0.5,0.29375,-0.29375,32.92770957946777,0.0
2026-02-16,JPM,Up 1-3%,Bullish,0.75,0.5,0.29375,-0.29375,32.428035736083984,0.0
2026-02-16,KO,Up 1-3%,Bullish,0.75,0.5,0.29375,-0.29375,31.952800989151,0.0
2026-02-16,KO,Up 1-3%,Bullish,0.75,0.5,0.29375,-0.29375,33.172956466674805,0.0
2026-02-16,KO,Up 1-3%,Bullish,0.75,0.5,0.29375,-0.29375,32.84902906417847,0.0
2026-02-16,KO,Up 1-3%,Bullish,0.75,0.5,0.29375,-0.29375,3.3317222595214844,0.0
2026-02-16,KO,Up 1-3%,Bullish,0.75,0.5,0.29375,-0.29375,32.18802237510681,0.0
2026-02-16,MCD,Up 1-3%,Bullish,0.75,0.5,0.29375,-0.29375,22.645117044448853,1.0
2026-02-16,MCD,Up 3-5%,Bullish,1.5,0.5,0.3875,-0.3875,22.451212644577026,1.0
2026-02-16,MCD,Up 3-5%,Bullish,1.5,0.5,0.3875,-0.3875,23.429943561553955,0.6666666666666666
2026-02-16,MCD,Up 1-3%,Bullish,0.75,0.5,0.29375,-0.29375,26.860729694366455,0.6666666666666666
2026-02-16,MCD,Up 1-3%,Bullish,0.75,0.5,0.29375,-0.29375,22.971998691558838,0.6666666666666666
2026-02-16,MMM,Up 1-3%,Bullish,0.75,0.5,0.29375,-0.29375,32.36097979545593,0.0
2026-02-16,MMM,Up 1-3%,Bullish,0.75,0.5,0.29375,-0.29375,3.317687511444092,0.0
2026-02-16,MMM,Up 1-3%,Bullish,0.75,0.5,0.29375,-0.29375,32.14991545677185,0.0
2026-02-16,MMM,Up 1-3%,Bullish,0.75,0.5,0.29375,-0.29375,3.372469663619995,0.0
2026-02-16,MMM,Up 1-3%,Bullish,0.75,0.5,0.29375,-0.29375,31.45930314064026,0.0
2026-02-16,MRK,Up 1-3%,Bullish,0.75,0.5,0.29375,-0.29375,3.3127245903015137,0.0
2026-02-16,MRK,Up 1-3%,Bullish,0.75,0.5,0.29375,-0.29375,32.21184301376343,0.0
2026-02-16,MRK,Up 1-3%,Bullish,0.75,0.5,0.29375,-0.29375,30.41235113143921,0.0
2026-02-16,MRK,Up 1-3%,Bullish,0.75,0.5,0.29375,-0.29375,31.94520330429077,0.0
2026-02-16,MRK,Up 1-3%,Bullish,0.75,0.5,0.29375,-0.29375,3.281310796737671,0.0
2026-02-16,MSFT,Neutral,Neutral,0.0,0.5,0.0,-0.0,15.86919641494751,0.0
2026-02-16,MSFT,Neutral,Neutral,0.0,0.5,0.0,-0.0,16.239661693572998,0.0
2026-02-16,MSFT,Neutral,Neutral,0.0,0.5,0.0,-0.0,2.494014024734497,0.0
2026-02-16,MSFT,Up 1-3%,Bullish,0.75,0.5,0.29375,-0.29375,32.311532497406006,0.0
2026-02-16,MSFT,Neutral,Neutral,0.0,0.5,0.0,-0.0,2.47902250289917,0.0
2026-02-16,NKE,Up 1-3%,Bullish,0.75,0.5,0.29375,-0.29375,3.2948191165924072,0.0
2026-02-16,NKE,Up 1-3%,Bullish,0.75,0.5,0.29375,-0.29375,3.325363874435425,0.0
2026-02-16,NKE,Up 1-3%,Bullish,0.75,0.5,0.29375,-0.29375,32.416412353515625,0.0
2026-02-16,NKE,Up 1-3%,Bullish,0.75,0.5,0.29375,-0.29375,32.19056463241577,0.0
2026-02-16,NKE,Up 1-3%,Bullish,0.75,0.5,0.29375,-0.29375,32.033273458480835,0.0
2026-02-16,PG,Neutral,Neutral,0.0,0.5,0.0,-0.0,7.13751220703125,0.0
2026-02-16,PG,Up 1-3%,Bullish,0.75,0.5,0.29375,-0.29375,32.58349657058716,0.0
2026-02-16,PG,Up 1-3%,Bullish,0.75,0.5,0.29375,-0.29375,33.16844868659973,0.0
2026-02-16,PG,Up 1-3%,Bullish,0.75,0.5,0.29375,-0.29375,32.4317524433136,0.0
2026-02-16,PG,Up 1-3%,Bullish,0.75,0.5,0.29375,-0.29375,32.85448670387268,0.0
2026-02-16,TRV,Up 1-3%,Bullish,0.75,0.5,0.29375,-0.29375,3.340963363647461,0.0
2026-02-16,TRV,Up 1-3%,Bullish,0.75,0.5,0.29375,-0.29375,32.98016428947449,0.0
2026-02-16,TRV,Up 1-3%,Bullish,0.75,0.5,0.29375,-0.29375,33.167543172836304,0.0
2026-02-16,TRV,Up 1-3%,Bullish,0.75,0.5,0.29375,-0.29375,32.421510457992554,0.0
2026-02-16,TRV,Neutral,Neutral,0.0,0.5,0.0,-0.0,2.4860053062438965,0.0
2026-02-16,UNH,Up 1-3%,Bullish,0.75,0.5,0.29375,-0.29375,32.41237020492554,0.0
2026-02-16,UNH,Up 1-3%,Bullish,0.75,0.5,0.29375,-0.29375,14.458360195159912,1.0
2026-02-16,UNH,Up 1-3%,Bullish,0.75,0.5,0.29375,-0.29375,32.60715126991272,0.5
2026-02-16,UNH,Down 3-5%,Bearish,-1.5,0.5,-0.3875,0.3875,25.31408929824829,0.3333333333333333
2026-02-16,UNH,Up 1-3%,Bullish,0.75,0.5,0.29375,-0.29375,28.62389087677002,0.0
2026-02-16,V,Up 1-3%,Bullish,0.75,0.5,0.29375,-0.29375,32.54518675804138,0.0
2026-02-16,V,Up 1-3%,Bullish,0.75,0.5,0.29375,-0.29375,32.10667943954468,0.0
2026-02-16,V,Up 1-3%,Bullish,0.75,0.5,0.29375,-0.29375,32.45864534378052,0.0
2026-02-16,V,Up 1-3%,Bullish,0.75,0.5,0.29375,-0.29375,32.310569524765015,0.0
2026-02-16,V,Up 1-3%,Bullish,0.75,0.5,0.29375,-0.29375,32.362478733062744,0.0
2026-02-16,VZ,Up 1-3%,Bullish,0.75,0.5,0.29375,-0.29375,14.897706270217896,1.0
2026-02-16,VZ,Up 1-3%,Bullish,0.75,0.5,0.29375,-0.29375,3.278151035308838,0.0
2026-02-16,VZ,Up 1-3%,Bullish,0.75,0.5,0.29375,-0.29375,33.13740086555481,0.0
2026-02-16,VZ,Up 1-3%,Bullish,0.75,0.5,0.29375,-0.29375,32.30897068977356,0.0
2026-02-16,VZ,Up 1-3%,Bullish,0.75,0.5,0.29375,-0.29375,3.319230079650879,0.0
2026-02-16,WBA,Up 1-3%,Bullish,0.75,0.5,0.29375,-0.29375,32.38135123252869,0.0
2026-02-16,WBA,Up 1-3%,Bullish,0.75,0.5,0.29375,-0.29375,32.404972076416016,0.0
2026-02-16,WBA,Up 1-3%,Bullish,0.75,0.5,0.29375,-0.29375,3.303940534591675,0.0
2026-02-16,WBA,Up 1-3%,Bullish,0.75,0.5,0.29375,-0.29375,32.469428062438965,0.0
2026-02-16,WBA,Up 1-3%,Bullish,0.75,0.5,0.29375,-0.29375,26.677406072616577,0.0
2026-02-16,WMT,Up 1-3%,Bullish,0.75,0.5,0.29375,-0.29375,32.220016956329346,0.0
2026-02-16,WMT,Up 1-3%,Bullish,0.75,0.5,0.29375,-0.29375,32.420250415802,0.0
2026-02-16,WMT,Up 1-3%,Bullish,0.75,0.5,0.29375,-0.29375,32.535123348236084,0.0
2026-02-16,WMT,Up 1-3%,Bullish,0.75,0.5,0.29375,-0.29375,32.48770046234131,0.0
2026-02-16,WMT,Up 1-3%,Bullish,0.75,0.5,0.29375,-0.29375,32.6104531288147,0.0
2026-02-23,AAPL,Up 1-3%,Bullish,0.75,0.5,0.29375,-0.29375,3.2975685596466064,0.0
2026-02-23,AAPL,Neutral,Neutral,0.0,0.5,0.0,-0.0,2.480119228363037,0.0
2026-02-23,AAPL,Up 1-3%,Bullish,0.75,0.5,0.29375,-0.29375,32.20212936401367,0.0
2026-02-23,AAPL,Neutral,Neutral,0.0,0.5,0.0,-0.0,8.136245250701904,0.0
2026-02-23,AAPL,Up 1-3%,Bullish,0.75,0.5,0.29375,-0.29375,31.778760194778442,0.0
2026-02-23,AMGN,Up 1-3%,Bullish,0.75,0.5,0.29375,-0.29375,3.365017890930176,0.0
2026-02-23,AMGN,Up 1-3%,Bullish,0.75,0.5,0.29375,-0.29375,32.8122444152832,0.0
2026-02-23,AMGN,Up 1-3%,Bullish,0.75,0.5,0.29375,-0.29375,32.40691375732422,0.0
2026-02-23,AMGN,Up 1-3%,Bullish,0.75,0.5,0.29375,-0.29375,20.204267740249634,0.0
2026-02-23,AMGN,Up 3-5%,Bullish,1.5,0.5,0.3875,-0.3875,32.590901136398315,0.0
2026-02-23,AXP,Up 1-3%,Bullish,0.75,0.5,0.29375,-0.29375,15.648657083511353,0.5
2026-02-23,AXP,Up 3-5%,Bullish,1.5,0.5,0.3875,-0.3875,25.347973823547363,-0.25
2026-02-23,AXP,Up 1-3%,Bullish,0.75,0.5,0.29375,-0.29375,21.331471920013428,-0.3333333333333333
2026-02-23,AXP,Down 3-5%,Bearish,-1.5,0.5,-0.3875,0.3875,21.74006414413452,0.0
2026-02-23,AXP,Up 1-3%,Bullish,0.75,0.5,0.29375,-0.29375,31.99295163154602,1.0
2026-02-23,BA,Up 1-3%,Bullish,0.75,0.5,0.29375,-0.29375,32.15137267112732,0.0
2026-02-23,BA,Up 1-3%,Bullish,0.75,0.5,0.29375,-0.29375,32.808021545410156,0.0
2026-02-23,BA,Up 1-3%,Bullish,0.75,0.5,0.29375,-0.29375,32.40297770500183,0.0
2026-02-23,BA,Up 1-3%,Bullish,0.75,0.5,0.29375,-0.29375,32.06679129600525,0.0
2026-02-23,BA,Up 1-3%,Bullish,0.75,0.5,0.29375,-0.29375,32.27414393424988,0.0
2026-02-23,CAT,Down 3-5%,Bearish,-1.5,0.5,-0.3875,0.3875,20.91175603866577,1.0
2026-02-23,CAT,Up 1-3%,Bullish,0.75,0.5,0.29375,-0.29375,32.06703281402588,0.0
2026-02-23,CAT,Up 1-3%,Bullish,0.75,0.5,0.29375,-0.29375,32.219407081604004,0.0
2026-02-23,CAT,Up 1-3%,Bullish,0.75,0.5,0.29375,-0.29375,32.42531156539917,0.0
2026-02-23,CAT,Up 1-3%,Bullish,0.75,0.5,0.29375,-0.29375,25.27175498008728,1.0
2026-02-23,CRM,Up 1-3%,Bullish,0.75,0.5,0.29375,-0.29375,32.51969003677368,0.0
2026-02-23,CRM,Neutral,Neutral,0.0,0.5,0.0,-0.0,10.232165813446045,0.0
2026-02-23,CRM,Neutral,Neutral,0.0,0.5,0.0,-0.0,2.502673387527466,0.0
2026-02-23,CRM,Up 1-3%,Bullish,0.75,0.5,0.29375,-0.29375,32.50571155548096,0.0
2026-02-23,CRM,Up 1-3%,Bullish,0.75,0.5,0.29375,-0.29375,32.470645904541016,0.0
2026-02-23,CSCO,Up 1-3%,Bullish,0.75,0.5,0.29375,-0.29375,3.2944576740264893,0.0
2026-02-23,CSCO,Up 1-3%,Bullish,0.75,0.5,0.29375,-0.29375,17.099910736083984,0.0
2026-02-23,CSCO,Up 3-5%,Bullish,1.5,0.5,0.3875,-0.3875,18.403943061828613,1.0
2026-02-23,CSCO,Up 1-3%,Bullish,0.75,0.5,0.29375,-0.29375,29.29845094680786,0.5
2026-02-23,CSCO,Up 1-3%,Bullish,0.75,0.5,0.29375,-0.29375,24.39770007133484,0.6666666666666666
2026-02-23,CVX,Up 1-3%,Bullish,0.75,0.5,0.29375,-0.29375,3.2933826446533203,0.0
2026-02-23,CVX,Up 1-3%,Bullish,0.75,0.5,0.29375,-0.29375,32.57682251930237,0.0
2026-02-23,CVX,Neutral,Neutral,0.0,0.5,0.0,-0.0,2.449554204940796,0.0
2026-02-23,CVX,Up 1-3%,Bullish,0.75,0.5,0.29375,-0.29375,32.430750608444214,0.0
2026-02-23,CVX,Up 1-3%,Bullish,0.75,0.5,0.29375,-0.29375,31.945148706436157,0.0
2026-02-23,DIS,Up 1-3%,Bullish,0.75,0.5,0.29375,-0.29375,32.51005268096924,0.0
2026-02-23,DIS,Up 3-5%,Bullish,1.5,0.5,0.3875,-0.3875,26.125938177108765,1.0
2026-02-23,DIS,Up 1-3%,Bullish,0.75,0.5,0.29375,-0.29375,32.1371865272522,0.5
2026-02-23,DIS,Up 3-5%,Bullish,1.5,0.5,0.3875,-0.3875,25.95774531364441,0.5
2026-02-23,DIS,Up 1-3%,Bullish,0.75,0.5,0.29375,-0.29375,26.70327115058899,0.0
2026-02-23,DOW,Up 1-3%,Bullish,0.75,0.5,0.29375,-0.29375,32.56695866584778,0.0
2026-02-23,DOW,Up 3-5%,Bullish,1.5,0.5,0.3875,-0.3875,20.428422212600708,1.0
2026-02-23,DOW,Up 3-5%,Bullish,1.5,0.5,0.3875,-0.3875,25.121593952178955,1.0
2026-02-23,DOW,Up 3-5%,Bullish,1.5,0.5,0.3875,-0.3875,18.989399433135986,1.0
2026-02-23,DOW,Up 1-3%,Bullish,0.75,0.5,0.29375,-0.29375,32.78447079658508,0.0
2026-02-23,GS,Up 1-3%,Bullish,0.75,0.5,0.29375,-0.29375,3.2998106479644775,0.0
2026-02-23,GS,Up 1-3%,Bullish,0.75,0.5,0.29375,-0.29375,32.64811730384827,0.0
2026-02-23,GS,Up 1-3%,Bullish,0.75,0.5,0.29375,-0.29375,3.312613010406494,0.0
2026-02-23,GS,Up 1-3%,Bullish,0.75,0.5,0.29375,-0.29375,32.697558879852295,0.0
2026-02-23,GS,Up 1-3%,Bullish,0.75,0.5,0.29375,-0.29375,30.037245750427246,0.0
2026-02-23,HD,Down 3-5%,Bearish,-1.5,0.5,-0.3875,0.3875,30.70268440246582,-0.5
2026-02-23,HD,Up 3-5%,Bullish,1.5,0.5,0.3875,-0.3875,30.5578396320343,-0.1666666666666666
2026-02-23,HD,Up 3-5%,Bullish,1.5,0.5,0.3875,-0.3875,29.09322190284729,0.0
2026-02-23,HD,Up 3-5%,Bullish,1.5,0.5,0.3875,-0.3875,32.1793646812439,0.2
2026-02-23,HD,Up 1-3%,Bullish,0.75,0.5,0.29375,-0.29375,15.871097087860107,1.0
2026-02-23,HON,Up 1-3%,Bullish,0.75,0.5,0.29375,-0.29375,32.11075496673584,0.0
2026-02-23,HON,Down 3-5%,Bearish,-1.5,0.5,-0.3875,0.3875,17.356751918792725,0.0
2026-02-23,HON,Down 3-5%,Bearish,-1.5,0.5,-0.3875,0.3875,32.38696551322937,0.5
2026-02-23,HON,Up 3-5%,Bullish,1.5,0.5,0.3875,-0.3875,28.19716501235962,0.5
2026-02-23,HON,Up 3-5%,Bullish,1.5,0.5,0.3875,-0.3875,17.461727142333984,1.0
2026-02-23,IBM,Up 1-3%,Bullish,0.75,0.5,0.29375,-0.29375,32.410013914108276,0.0
2026-02-23,IBM,Up 1-3%,Bullish,0.75,0.5,0.29375,-0.29375,32.458462715148926,0.0
2026-02-23,IBM,Up 1-3%,Bullish,0.75,0.5,0.29375,-0.29375,32.7748589515686,0.0
2026-02-23,IBM,Up 1-3%,Bullish,0.75,0.5,0.29375,-0.29375,31.99008870124817,0.0
2026-02-23,IBM,Up 1-3%,Bullish,0.75,0.5,0.29375,-0.29375,32.770989656448364,0.0
2026-02-23,INTC,Up 1-3%,Bullish,0.75,0.5,0.29375,-0.29375,32.91791224479675,0.0
2026-02-23,INTC,Up 1-3%,Bullish,0.75,0.5,0.29375,-0.29375,32.51882600784302,0.0
2026-02-23,INTC,Up 1-3%,Bullish,0.75,0.5,0.29375,-0.29375,32.699713468551636,0.0
2026-02-23,INTC,Up 1-3%,Bullish,0.75,0.5,0.29375,-0.29375,32.901291370391846,0.0
2026-02-23,INTC,Up 1-3%,Bullish,0.75,0.5,0.29375,-0.29375,34.18349266052246,0.0
2026-02-23,JNJ,Up 1-3%,Bullish,0.75,0.5,0.29375,-0.29375,3.2942991256713867,0.0
2026-02-23,JNJ,Up 1-3%,Bullish,0.75,0.5,0.29375,-0.29375,32.40356421470642,0.0
2026-02-23,JNJ,Up 1-3%,Bullish,0.75,0.5,0.29375,-0.29375,31.80278491973877,0.0
2026-02-23,JNJ,Up 1-3%,Bullish,0.75,0.5,0.29375,-0.29375,3.260150909423828,0.0
2026-02-23,JNJ,Up 1-3%,Bullish,0.75,0.5,0.29375,-0.29375,32.82656407356262,0.0
2026-02-23,JPM,Up 1-3%,Bullish,0.75,0.5,0.29375,-0.29375,32.445876359939575,0.0
2026-02-23,JPM,Up 1-3%,Bullish,0.75,0.5,0.29375,-0.29375,32.85560846328735,0.0
2026-02-23,JPM,Up 1-3%,Bullish,0.75,0.5,0.29375,-0.29375,32.01850247383118,0.0
2026-02-23,JPM,Up 1-3%,Bullish,0.75,0.5,0.29375,-0.29375,32.189712047576904,0.0
2026-02-23,JPM,Up 1-3%,Bullish,0.75,0.5,0.29375,-0.29375,32.401058197021484,0.0
2026-02-23,KO,Up 1-3%,Bullish,0.75,0.5,0.29375,-0.29375,32.275107622146606,0.0
2026-02-23,KO,Up 1-3%,Bullish,0.75,0.5,0.29375,-0.29375,32.94727182388306,0.0
2026-02-23,KO,Up 1-3%,Bullish,0.75,0.5,0.29375,-0.29375,31.962507486343384,0.0
2026-02-23,KO,Up 1-3%,Bullish,0.75,0.5,0.29375,-0.29375,32.40328097343445,0.0
2026-02-23,KO,Up 1-3%,Bullish,0.75,0.5,0.29375,-0.29375,31.75837516784668,0.0
2026-02-23,MCD,Up 1-3%,Bullish,0.75,0.5,0.29375,-0.29375,14.280635356903076,1.0
2026-02-23,MCD,Up 1-3%,Bullish,0.75,0.5,0.29375,-0.29375,15.11193299293518,1.0
2026-02-23,MCD,Up 1-3%,Bullish,0.75,0.5,0.29375,-0.29375,18.694403886795044,1.0
2026-02-23,MCD,Up 1-3%,Bullish,0.75,0.5,0.29375,-0.29375,31.7023286819458,1.0
2026-02-23,MCD,Up 3-5%,Bullish,1.5,0.5,0.3875,-0.3875,21.489707946777344,1.0
2026-02-23,MMM,Up 3-5%,Bullish,1.5,0.5,0.3875,-0.3875,24.150158882141113,1.0
2026-02-23,MMM,Up 1-3%,Bullish,0.75,0.5,0.29375,-0.29375,32.85298705101013,0.0
2026-02-23,MMM,Up 1-3%,Bullish,0.75,0.5,0.29375,-0.29375,32.85386514663696,0.0
2026-02-23,MMM,Up 1-3%,Bullish,0.75,0.5,0.29375,-0.29375,32.68356513977051,0.0
2026-02-23,MMM,Up 1-3%,Bullish,0.75,0.5,0.29375,-0.29375,32.10063171386719,0.0
2026-02-23,MRK,Up 1-3%,Bullish,0.75,0.5,0.29375,-0.29375,33.02270317077637,0.0
2026-02-23,MRK,Up 3-5%,Bullish,1.5,0.5,0.3875,-0.3875,15.412290573120117,0.0
2026-02-23,MRK,Up 1-3%,Bullish,0.75,0.5,0.29375,-0.29375,32.44529390335083,0.0
2026-02-23,MRK,Up 3-5%,Bullish,1.5,0.5,0.3875,-0.3875,14.681046962738037,0.0
2026-02-23,MRK,Up 1-3%,Bullish,0.75,0.5,0.29375,-0.29375,32.03799748420715,0.0
2026-02-23,MSFT,Up 1-3%,Bullish,0.75,0.5,0.29375,-0.29375,32.568970918655396,0.0
2026-02-23,MSFT,Neutral,Neutral,0.0,0.5,0.0,-0.0,2.4515137672424316,0.0
2026-02-23,MSFT,Neutral,Neutral,0.0,0.5,0.0,-0.0,2.4887313842773438,0.0
2026-02-23,MSFT,Up 1-3%,Bullish,0.75,0.5,0.29375,-0.29375,32.19182300567627,0.0
2026-02-23,MSFT,Up 1-3%,Bullish,0.75,0.5,0.29375,-0.29375,32.067760705947876,0.0
2026-02-23,NKE,Up 1-3%,Bullish,0.75,0.5,0.29375,-0.29375,32.24423670768738,0.0
2026-02-23,NKE,Up 1-3%,Bullish,0.75,0.5,0.29375,-0.29375,3.2703335285186768,0.0
2026-02-23,NKE,Up 1-3%,Bullish,0.75,0.5,0.29375,-0.29375,32.21874785423279,0.0
2026-02-23,NKE,Up 1-3%,Bullish,0.75,0.5,0.29375,-0.29375,32.86939072608948,0.0
2026-02-23,NKE,Up 1-3%,Bullish,0.75,0.5,0.29375,-0.29375,14.421201705932617,0.0
2026-02-23,PG,Up 1-3%,Bullish,0.75,0.5,0.29375,-0.29375,3.321197748184204,0.0
2026-02-23,PG,Down 3-5%,Bearish,-1.5,0.5,-0.3875,0.3875,17.35730218887329,-1.0
2026-02-23,PG,Down 3-5%,Bearish,-1.5,0.5,-0.3875,0.3875,18.918326377868652,-1.0
2026-02-23,PG,Down 3-5%,Bearish,-1.5,0.5,-0.3875,0.3875,23.072384357452393,0.0
2026-02-23,PG,Up 3-5%,Bullish,1.5,0.5,0.3875,-0.3875,18.931575059890747,1.0
2026-02-23,TRV,Up 1-3%,Bullish,0.75,0.5,0.29375,-0.29375,32.467536211013794,0.0
2026-02-23,TRV,Up 1-3%,Bullish,0.75,0.5,0.29375,-0.29375,32.9533371925354,0.0
2026-02-23,TRV,Up 1-3%,Bullish,0.75,0.5,0.29375,-0.29375,32.704501152038574,0.0
2026-02-23,TRV,Up 1-3%,Bullish,0.75,0.5,0.29375,-0.29375,3.3000829219818115,0.0
2026-02-23,TRV,Up 1-3%,Bullish,0.75,0.5,0.29375,-0.29375,32.14241337776184,0.0
2026-02-23,UNH,Up 1-3%,Bullish,0.75,0.5,0.29375,-0.29375,32.163102865219116,0.0
2026-02-23,UNH,Neutral,Neutral,0.0,0.5,0.0,-0.0,2.4775521755218506,0.0
2026-02-23,UNH,Up 1-3%,Bullish,0.75,0.5,0.29375,-0.29375,17.83932328224182,0.0
2026-02-23,UNH,Up 1-3%,Bullish,0.75,0.5,0.29375,-0.29375,13.077347755432129,0.0
2026-02-23,UNH,Up 3-5%,Bullish,1.5,0.5,0.3875,-0.3875,19.617639541625977,0.5
2026-02-23,V,Up 1-3%,Bullish,0.75,0.5,0.29375,-0.29375,32.21611285209656,0.0
2026-02-23,V,Up 1-3%,Bullish,0.75,0.5,0.29375,-0.29375,32.88425087928772,0.0
2026-02-23,V,Up 1-3%,Bullish,0.75,0.5,0.29375,-0.29375,31.61174702644348,0.0
2026-02-23,V,Up 1-3%,Bullish,0.75,0.5,0.29375,-0.29375,32.33590650558472,0.0
2026-02-23,V,Up 1-3%,Bullish,0.75,0.5,0.29375,-0.29375,32.330530405044556,0.0
2026-02-23,VZ,Up 3-5%,Bullish,1.5,0.5,0.3875,-0.3875,20.51880192756653,0.5
2026-02-23,VZ,Up 3-5%,Bullish,1.5,0.5,0.3875,-0.3875,21.203571319580078,0.5
2026-02-23,VZ,Up 3-5%,Bullish,1.5,0.5,0.3875,-0.3875,16.80645489692688,0.5
2026-02-23,VZ,Up 1-3%,Bullish,0.75,0.5,0.29375,-0.29375,32.31480312347412,0.0
2026-02-23,VZ,Up 3-5%,Bullish,1.5,0.5,0.3875,-0.3875,18.40437602996826,0.5
2026-02-23,WBA,Up 1-3%,Bullish,0.75,0.5,0.29375,-0.29375,31.78125762939453,0.0
2026-02-23,WBA,Up 1-3%,Bullish,0.75,0.5,0.29375,-0.29375,32.93427228927612,0.0
2026-02-23,WBA,Up 1-3%,Bullish,0.75,0.5,0.29375,-0.29375,32.80060386657715,0.0
2026-02-23,WBA,Up 1-3%,Bullish,0.75,0.5,0.29375,-0.29375,32.30530524253845,0.0
2026-02-23,WBA,Up 1-3%,Bullish,0.75,0.5,0.29375,-0.29375,32.29902410507202,0.0
2026-02-23,WMT,Up 1-3%,Bullish,0.75,0.5,0.29375,-0.29375,32.32472348213196,0.0
2026-02-23,WMT,Up 1-3%,Bullish,0.75,0.5,0.29375,-0.29375,32.41928744316101,0.0
2026-02-23,WMT,Up 1-3%,Bullish,0.75,0.5,0.29375,-0.29375,31.789591073989868,0.0
2026-02-23,WMT,Up 1-3%,Bullish,0.75,0.5,0.29375,-0.29375,31.999516010284424,0.0
2026-02-23,WMT,Up 1-3%,Bullish,0.75,0.5,0.29375,-0.29375,31.949896574020386,0.0
2026-03-02,AAPL,Up 1-3%,Bullish,0.75,0.5,0.29375,-0.29375,31.823514938354492,0.0
2026-03-02,AAPL,Neutral,Neutral,0.0,0.5,0.0,-0.0,2.4836997985839844,0.0
2026-03-02,AAPL,Up 1-3%,Bullish,0.75,0.5,0.29375,-0.29375,32.23414635658264,0.0
2026-03-02,AAPL,Neutral,Neutral,0.0,0.5,0.0,-0.0,10.442384004592896,0.0
2026-03-02,AAPL,Up 1-3%,Bullish,0.75,0.5,0.29375,-0.29375,33.765316009521484,0.0
2026-03-02,AMGN,Up 1-3%,Bullish,0.75,0.5,0.29375,-0.29375,23.44099712371826,0.6666666666666666
2026-03-02,AMGN,Up 1-3%,Bullish,0.75,0.5,0.29375,-0.29375,18.68705654144287,0.0
2026-03-02,AMGN,Up 1-3%,Bullish,0.75,0.5,0.29375,-0.29375,15.480011224746704,0.0
2026-03-02,AMGN,Up 1-3%,Bullish,0.75,0.5,0.29375,-0.29375,26.402697801589966,0.6666666666666666
2026-03-02,AMGN,Up 1-3%,Bullish,0.75,0.5,0.29375,-0.29375,26.313607454299927,1.0
2026-03-02,AXP,Up 3-5%,Bullish,1.5,0.5,0.3875,-0.3875,28.040270566940308,0.3333333333333333
2026-03-02,AXP,Down 3-5%,Bearish,-1.5,0.5,-0.3875,0.3875,20.124370574951172,0.0
2026-03-02,AXP,Up 1-3%,Bullish,0.75,0.5,0.29375,-0.29375,17.560230255126953,0.5
2026-03-02,AXP,Up 1-3%,Bullish,0.75,0.5,0.29375,-0.29375,10.547101497650146,0.75
2026-03-02,AXP,Up 1-3%,Bullish,0.75,0.5,0.29375,-0.29375,29.1919903755188,0.2
2026-03-02,BA,Up 1-3%,Bullish,0.75,0.5,0.29375,-0.29375,33.40309119224548,0.0
2026-03-02,BA,Up 1-3%,Bullish,0.75,0.5,0.29375,-0.29375,31.907588958740234,0.0
2026-03-02,BA,Up 1-3%,Bullish,0.75,0.5,0.29375,-0.29375,31.89518165588379,0.0
2026-03-02,BA,Up 1-3%,Bullish,0.75,0.5,0.29375,-0.29375,34.51431465148926,0.0
2026-03-02,BA,Up 1-3%,Bullish,0.75,0.5,0.29375,-0.29375,32.291707038879395,0.0
2026-03-02,CAT,Up 3-5%,Bullish,1.5,0.5,0.3875,-0.3875,26.1042537689209,1.0
2026-03-02,CAT,Up 3-5%,Bullish,1.5,0.5,0.3875,-0.3875,22.511924266815186,0.5
2026-03-02,CAT,Up 3-5%,Bullish,1.5,0.5,0.3875,-0.3875,22.064366817474365,0.5
2026-03-02,CAT,Up 1-3%,Bullish,0.75,0.5,0.29375,-0.29375,20.964751958847046,0.0
2026-03-02,CAT,Up 1-3%,Bullish,0.75,0.5,0.29375,-0.29375,32.30872941017151,0.0
2026-03-02,CRM,Down 3-5%,Bearish,-1.5,0.5,-0.3875,0.3875,32.48814845085144,0.0
2026-03-02,CRM,Down 3-5%,Bearish,-1.5,0.5,-0.3875,0.3875,16.26991033554077,0.5
2026-03-02,CRM,Up 3-5%,Bullish,1.5,0.5,0.3875,-0.3875,32.33353400230408,1.0
2026-03-02,CRM,Up 1-3%,Bullish,0.75,0.5,0.29375,-0.29375,33.76424741744995,0.0
2026-03-02,CRM,Up 1-3%,Bullish,0.75,0.5,0.29375,-0.29375,34.18285775184631,0.0
2026-03-02,CSCO,Up 1-3%,Bullish,0.75,0.5,0.29375,-0.29375,3.297104835510254,0.0
2026-03-02,CSCO,Up 1-3%,Bullish,0.75,0.5,0.29375,-0.29375,19.64692974090576,0.0
2026-03-02,CSCO,Up 1-3%,Bullish,0.75,0.5,0.29375,-0.29375,19.951367616653442,0.0
2026-03-02,CSCO,Up 1-3%,Bullish,0.75,0.5,0.29375,-0.29375,20.853068113327026,-0.5
2026-03-02,CSCO,Up 1-3%,Bullish,0.75,0.5,0.29375,-0.29375,25.020102977752686,0.5
2026-03-02,CVX,Up 1-3%,Bullish,0.75,0.5,0.29375,-0.29375,3.2955081462860107,0.0
2026-03-02,CVX,Up 1-3%,Bullish,0.75,0.5,0.29375,-0.29375,3.312098264694214,0.0
2026-03-02,CVX,Up 1-3%,Bullish,0.75,0.5,0.29375,-0.29375,33.078062772750854,0.0
2026-03-02,CVX,Up 1-3%,Bullish,0.75,0.5,0.29375,-0.29375,3.278630495071411,0.0
2026-03-02,CVX,Up 1-3%,Bullish,0.75,0.5,0.29375,-0.29375,3.470796823501587,0.0
2026-03-02,DIS,Up 1-3%,Bullish,0.75,0.5,0.29375,-0.29375,21.137728929519653,0.0
2026-03-02,DIS,Up 1-3%,Bullish,0.75,0.5,0.29375,-0.29375,28.5989830493927,0.0
2026-03-02,DIS,Up 1-3%,Bullish,0.75,0.5,0.29375,-0.29375,20.57387065887451,-0.3333333333333333
2026-03-02,DIS,Up 1-3%,Bullish,0.75,0.5,0.29375,-0.29375,22.42279028892517,-0.3333333333333333
2026-03-02,DIS,Up 1-3%,Bullish,0.75,0.5,0.29375,-0.29375,25.712146759033203,-0.3333333333333333
2026-03-02,DOW,Up 1-3%,Bullish,0.75,0.5,0.29375,-0.29375,32.847248792648315,0.0
2026-03-02,DOW,Up 1-3%,Bullish,0.75,0.5,0.29375,-0.29375,32.3266065120697,0.0
2026-03-02,DOW,Up 1-3%,Bullish,0.75,0.5,0.29375,-0.29375,27.12222981452942,1.0
2026-03-02,DOW,Up 1-3%,Bullish,0.75,0.5,0.29375,-0.29375,21.08737850189209,1.0
2026-03-02,DOW,Up 3-5%,Bullish,1.5,0.5,0.3875,-0.3875,28.217415809631348,1.0
2026-03-02,GS,Up 1-3%,Bullish,0.75,0.5,0.29375,-0.29375,3.3269386291503906,0.0
2026-03-02,GS,Up 1-3%,Bullish,0.75,0.5,0.29375,-0.29375,32.45229125022888,0.0
2026-03-02,GS,Up 1-3%,Bullish,0.75,0.5,0.29375,-0.29375,33.188499212265015,0.0
2026-03-02,GS,Up 1-3%,Bullish,0.75,0.5,0.29375,-0.29375,32.42398190498352,0.0
2026-03-02,GS,Up 1-3%,Bullish,0.75,0.5,0.29375,-0.29375,34.3325731754303,0.0
2026-03-02,HD,Up 1-3%,Bullish,0.75,0.5,0.29375,-0.29375,17.216447114944458,0.0
2026-03-02,HD,Down 3-5%,Bearish,-1.5,0.5,-0.3875,0.3875,15.629878282546997,0.5
2026-03-02,HD,Down 3-5%,Bearish,-1.5,0.5,-0.3875,0.3875,13.422895669937134,0.5
2026-03-02,HD,Up 1-3%,Bullish,0.75,0.5,0.29375,-0.29375,19.850728273391724,0.5
2026-03-02,HD,Up 3-5%,Bullish,1.5,0.5,0.3875,-0.3875,27.551437377929688,0.5
2026-03-02,HON,Up 1-3%,Bullish,0.75,0.5,0.29375,-0.29375,3.293285846710205,0.0
2026-03-02,HON,Up 1-3%,Bullish,0.75,0.5,0.29375,-0.29375,32.6681592464447,0.0
2026-03-02,HON,Up 1-3%,Bullish,0.75,0.5,0.29375,-0.29375,23.686723470687866,1.0
2026-03-02,HON,Up 3-5%,Bullish,1.5,0.5,0.3875,-0.3875,34.97572898864746,1.0
2026-03-02,HON,Up 3-5%,Bullish,1.5,0.5,0.3875,-0.3875,20.249420404434204,1.0
2026-03-02,IBM,Up 1-3%,Bullish,0.75,0.5,0.29375,-0.29375,32.5179967880249,0.0
2026-03-02,IBM,Up 1-3%,Bullish,0.75,0.5,0.29375,-0.29375,31.958983421325684,0.0
2026-03-02,IBM,Up 1-3%,Bullish,0.75,0.5,0.29375,-0.29375,32.521644592285156,0.0
2026-03-02,IBM,Up 1-3%,Bullish,0.75,0.5,0.29375,-0.29375,33.82221794128418,0.0
2026-03-02,IBM,Up 1-3%,Bullish,0.75,0.5,0.29375,-0.29375,32.40476870536804,0.0
2026-03-02,INTC,Up 1-3%,Bullish,0.75,0.5,0.29375,-0.29375,26.390233755111694,0.0
2026-03-02,INTC,Up 1-3%,Bullish,0.75,0.5,0.29375,-0.29375,32.911969900131226,0.0
2026-03-02,INTC,Up 1-3%,Bullish,0.75,0.5,0.29375,-0.29375,33.259708404541016,0.0
2026-03-02,INTC,Up 1-3%,Bullish,0.75,0.5,0.29375,-0.29375,34.56269192695618,0.0
2026-03-02,INTC,Up 1-3%,Bullish,0.75,0.5,0.29375,-0.29375,32.45042824745178,0.0
2026-03-02,JNJ,Up 1-3%,Bullish,0.75,0.5,0.29375,-0.29375,3.27272891998291,0.0
2026-03-02,JNJ,Up 1-3%,Bullish,0.75,0.5,0.29375,-0.29375,32.68767714500427,0.0
2026-03-02,JNJ,Up 1-3%,Bullish,0.75,0.5,0.29375,-0.29375,32.23520040512085,0.0
2026-03-02,JNJ,Up 1-3%,Bullish,0.75,0.5,0.29375,-0.29375,34.01343059539795,0.0
2026-03-02,JNJ,Up 1-3%,Bullish,0.75,0.5,0.29375,-0.29375,32.383482217788696,0.0
2026-03-02,JPM,Up 1-3%,Bullish,0.75,0.5,0.29375,-0.29375,32.32233786582947,0.0
2026-03-02,JPM,Up 1-3%,Bullish,0.75,0.5,0.29375,-0.29375,3.394897222518921,0.0
2026-03-02,JPM,Up 1-3%,Bullish,0.75,0.5,0.29375,-0.29375,32.771873235702515,0.0
2026-03-02,JPM,Up 1-3%,Bullish,0.75,0.5,0.29375,-0.29375,33.243202924728394,0.0
2026-03-02,JPM,Up 1-3%,Bullish,0.75,0.5,0.29375,-0.29375,32.25476861000061,0.0
2026-03-02,KO,Neutral,Neutral,0.0,0.5,0.0,-0.0,32.2788360118866,0.0
2026-03-02,KO,Up 1-3%,Bullish,0.75,0.5,0.29375,-0.29375,34.385637044906616,0.0
2026-03-02,KO,Up 1-3%,Bullish,0.75,0.5,0.29375,-0.29375,33.37217736244202,0.0
2026-03-02,KO,Up 1-3%,Bullish,0.75,0.5,0.29375,-0.29375,34.309266805648804,0.0
2026-03-02,KO,Up 1-3%,Bullish,0.75,0.5,0.29375,-0.29375,34.283287525177,0.0
2026-03-02,MCD,Up 1-3%,Bullish,0.75,0.5,0.29375,-0.29375,31.987584352493286,0.0
2026-03-02,MCD,Up 1-3%,Bullish,0.75,0.5,0.29375,-0.29375,32.898404121398926,0.0
2026-03-02,MCD,Up 1-3%,Bullish,0.75,0.5,0.29375,-0.29375,32.34492635726929,0.0
2026-03-02,MCD,Up 3-5%,Bullish,1.5,0.5,0.3875,-0.3875,22.78990411758423,0.0
2026-03-02,MCD,Up 3-5%,Bullish,1.5,0.5,0.3875,-0.3875,20.112799644470215,0.75
2026-03-02,MMM,Up 3-5%,Bullish,1.5,0.5,0.3875,-0.3875,22.10051703453064,1.0
2026-03-02,MMM,Up 1-3%,Bullish,0.75,0.5,0.29375,-0.29375,31.698910236358643,0.0
2026-03-02,MMM,Up 3-5%,Bullish,1.5,0.5,0.3875,-0.3875,21.347715139389038,1.0
2026-03-02,MMM,Up 3-5%,Bullish,1.5,0.5,0.3875,-0.3875,22.84111523628235,1.0
2026-03-02,MMM,Up 3-5%,Bullish,1.5,0.5,0.3875,-0.3875,24.282037258148193,1.0
2026-03-02,MRK,Up 1-3%,Bullish,0.75,0.5,0.29375,-0.29375,18.539473056793213,0.0
2026-03-02,MRK,Up 1-3%,Bullish,0.75,0.5,0.29375,-0.29375,21.99406623840332,0.5
2026-03-02,MRK,Up 1-3%,Bullish,0.75,0.5,0.29375,-0.29375,19.49204969406128,1.0
2026-03-02,MRK,Up 1-3%,Bullish,0.75,0.5,0.29375,-0.29375,23.029451847076416,1.0
2026-03-02,MRK,Up 1-3%,Bullish,0.75,0.5,0.29375,-0.29375,33.67067837715149,1.0
2026-03-02,MSFT,Up 1-3%,Bullish,0.75,0.5,0.29375,-0.29375,32.58105158805847,0.0
2026-03-02,MSFT,Neutral,Neutral,0.0,0.5,0.0,-0.0,2.485273838043213,0.0
2026-03-02,MSFT,Neutral,Neutral,0.0,0.5,0.0,-0.0,2.512972116470337,0.0
2026-03-02,MSFT,Neutral,Neutral,0.0,0.5,0.0,-0.0,32.41081690788269,0.0
2026-03-02,MSFT,Up 1-3%,Bullish,0.75,0.5,0.29375,-0.29375,34.49957275390625,0.0
2026-03-02,NKE,Down 3-5%,Bearish,-1.5,0.5,-0.3875,0.3875,16.608824729919434,0.0
2026-03-02,NKE,Down 3-5%,Bearish,-1.5,0.5,-0.3875,0.3875,19.63860535621643,0.0
2026-03-02,NKE,Down 3-5%,Bearish,-1.5,0.5,-0.3875,0.3875,23.140527486801147,-0.25
2026-03-02,NKE,Down 3-5%,Bearish,-1.5,0.5,-0.3875,0.3875,16.575453281402588,-0.3333333333333333
2026-03-02,NKE,Down 3-5%,Bearish,-1.5,0.5,-0.3875,0.3875,17.393840074539185,-0.3333333333333333
2026-03-02,PG,Up 1-3%,Bullish,0.75,0.5,0.29375,-0.29375,26.19396162033081,0.0
2026-03-02,PG,Up 1-3%,Bullish,0.75,0.5,0.29375,-0.29375,32.07839894294739,0.0
2026-03-02,PG,Up 1-3%,Bullish,0.75,0.5,0.29375,-0.29375,32.289088010787964,0.0
2026-03-02,PG,Up 1-3%,Bullish,0.75,0.5,0.29375,-0.29375,21.314867973327637,1.0
2026-03-02,PG,Up 1-3%,Bullish,0.75,0.5,0.29375,-0.29375,26.647363662719727,1.0
2026-03-02,TRV,Up 1-3%,Bullish,0.75,0.5,0.29375,-0.29375,32.87220811843872,0.0
2026-03-02,TRV,Up 1-3%,Bullish,0.75,0.5,0.29375,-0.29375,3.3070476055145264,0.0
2026-03-02,TRV,Up 1-3%,Bullish,0.75,0.5,0.29375,-0.29375,32.199705600738525,0.0
2026-03-02,TRV,Up 1-3%,Bullish,0.75,0.5,0.29375,-0.29375,3.3855438232421875,0.0
2026-03-02,TRV,Up 1-3%,Bullish,0.75,0.5,0.29375,-0.29375,3.2694783210754395,0.0
2026-03-02,UNH,Up 3-5%,Bullish,1.5,0.5,0.3875,-0.3875,24.025663137435913,0.5
2026-03-02,UNH,Down 3-5%,Bearish,-1.5,0.5,-0.3875,0.3875,16.492238998413086,0.0
2026-03-02,UNH,Down 3-5%,Bearish,-1.5,0.5,-0.3875,0.3875,32.49455142021179,0.0
2026-03-02,UNH,Up 1-3%,Bullish,0.75,0.5,0.29375,-0.29375,16.316831350326538,0.0
2026-03-02,UNH,Up 1-3%,Bullish,0.75,0.5,0.29375,-0.29375,15.197319269180298,0.0
2026-03-02,V,Up 1-3%,Bullish,0.75,0.5,0.29375,-0.29375,33.325785636901855,0.0
2026-03-02,V,Up 1-3%,Bullish,0.75,0.5,0.29375,-0.29375,31.863789081573486,0.0
2026-03-02,V,Up 1-3%,Bullish,0.75,0.5,0.29375,-0.29375,32.82976961135864,0.0
2026-03-02,V,Up 1-3%,Bullish,0.75,0.5,0.29375,-0.29375,34.29420280456543,0.0
2026-03-02,V,Up 1-3%,Bullish,0.75,0.5,0.29375,-0.29375,3.350304365158081,0.0
2026-03-02,VZ,Up 1-3%,Bullish,0.75,0.5,0.29375,-0.29375,27.1532039642334,1.0
2026-03-02,VZ,Up 1-3%,Bullish,0.75,0.5,0.29375,-0.29375,32.11020755767822,0.0
2026-03-02,VZ,Up 1-3%,Bullish,0.75,0.5,0.29375,-0.29375,34.680850982666016,0.0
2026-03-02,VZ,Up 1-3%,Bullish,0.75,0.5,0.29375,-0.29375,33.456642866134644,0.0
2026-03-02,VZ,Down 3-5%,Bearish,-1.5,0.5,-0.3875,0.3875,23.684101819992065,0.0
2026-03-02,WBA,Up 1-3%,Bullish,0.75,0.5,0.29375,-0.29375,32.44662642478943,0.0
2026-03-02,WBA,Up 1-3%,Bullish,0.75,0.5,0.29375,-0.29375,32.33457899093628,0.0
2026-03-02,WBA,Up 1-3%,Bullish,0.75,0.5,0.29375,-0.29375,3.3947134017944336,0.0
2026-03-02,WBA,Up 1-3%,Bullish,0.75,0.5,0.29375,-0.29375,34.22856330871582,0.0
2026-03-02,WBA,Up 1-3%,Bullish,0.75,0.5,0.29375,-0.29375,32.531105518341064,0.0
2026-03-02,WMT,Up 1-3%,Bullish,0.75,0.5,0.29375,-0.29375,31.970463037490845,0.0
2026-03-02,WMT,Up 1-3%,Bullish,0.75,0.5,0.29375,-0.29375,32.118637800216675,0.0
2026-03-02,WMT,Up 1-3%,Bullish,0.75,0.5,0.29375,-0.29375,34.55833196640015,0.0
2026-03-02,WMT,Up 1-3%,Bullish,0.75,0.5,0.29375,-0.29375,33.67961812019348,0.0
2026-03-02,WMT,Up 1-3%,Bullish,0.75,0.5,0.29375,-0.29375,32.71800708770752,0.0
2026-03-09,AAPL,Up 1-3%,Bullish,0.75,0.5,0.29375,-0.29375,32.8760724067688,0.0
2026-03-09,AAPL,Neutral,Neutral,0.0,0.5,0.0,-0.0,12.477930545806885,0.0
2026-03-09,AAPL,Up 1-3%,Bullish,0.75,0.5,0.29375,-0.29375,32.8086142539978,0.0
2026-03-09,AAPL,Up 1-3%,Bullish,0.75,0.5,0.29375,-0.29375,32.97229886054993,0.0
2026-03-09,AAPL,Up 1-3%,Bullish,0.75,0.5,0.29375,-0.29375,32.225454330444336,0.0
2026-03-09,AMGN,Up 1-3%,Bullish,0.75,0.5,0.29375,-0.29375,12.19633150100708,1.0
2026-03-09,AMGN,Up 3-5%,Bullish,1.5,0.5,0.3875,-0.3875,17.149260997772217,1.0
2026-03-09,AMGN,Up 3-5%,Bullish,1.5,0.5,0.3875,-0.3875,20.560903787612915,1.0
2026-03-09,AMGN,Up 1-3%,Bullish,0.75,0.5,0.29375,-0.29375,32.15615677833557,0.0
2026-03-09,AMGN,Up 1-3%,Bullish,0.75,0.5,0.29375,-0.29375,33.054508686065674,0.0
2026-03-09,AXP,Up 3-5%,Bullish,1.5,0.5,0.3875,-0.3875,19.914074659347534,0.5
2026-03-09,AXP,Up 1-3%,Bullish,0.75,0.5,0.29375,-0.29375,13.678976774215698,0.6666666666666666
2026-03-09,AXP,Up 1-3%,Bullish,0.75,0.5,0.29375,-0.29375,22.3090558052063,0.8
2026-03-09,AXP,Up 3-5%,Bullish,1.5,0.5,0.3875,-0.3875,29.41508650779724,0.8
2026-03-09,AXP,Up 1-3%,Bullish,0.75,0.5,0.29375,-0.29375,14.697080135345459,1.0
2026-03-09,BA,Up 3-5%,Bullish,1.5,0.5,0.3875,-0.3875,24.864742517471313,0.0
2026-03-09,BA,Up 3-5%,Bullish,1.5,0.5,0.3875,-0.3875,32.275893449783325,0.0
2026-03-09,BA,Up 3-5%,Bullish,1.5,0.5,0.3875,-0.3875,32.05836510658264,0.0
2026-03-09,BA,Up 3-5%,Bullish,1.5,0.5,0.3875,-0.3875,23.95964789390564,0.5
2026-03-09,BA,Up 3-5%,Bullish,1.5,0.5,0.3875,-0.3875,22.157161712646484,1.0
2026-03-09,CAT,Up 3-5%,Bullish,1.5,0.5,0.3875,-0.3875,15.524760723114014,1.0
2026-03-09,CAT,Up 3-5%,Bullish,1.5,0.5,0.3875,-0.3875,15.879519701004028,1.0
2026-03-09,CAT,Up 3-5%,Bullish,1.5,0.5,0.3875,-0.3875,32.543604373931885,1.0
2026-03-09,CAT,Up 1-3%,Bullish,0.75,0.5,0.29375,-0.29375,32.29874777793884,0.0
2026-03-09,CAT,Up 1-3%,Bullish,0.75,0.5,0.29375,-0.29375,32.74288296699524,0.0
2026-03-09,CRM,Up 1-3%,Bullish,0.75,0.5,0.29375,-0.29375,32.353575229644775,0.5
2026-03-09,CRM,Down 3-5%,Bearish,-1.5,0.5,-0.3875,0.3875,16.48498272895813,-1.0
2026-03-09,CRM,Up 3-5%,Bullish,1.5,0.5,0.3875,-0.3875,32.48188042640686,1.0
2026-03-09,CRM,Up 3-5%,Bullish,1.5,0.5,0.3875,-0.3875,24.055495977401733,0.6
2026-03-09,CRM,Up 3-5%,Bullish,1.5,0.5,0.3875,-0.3875,32.65115523338318,0.5714285714285714
2026-03-09,CSCO,Up 1-3%,Bullish,0.75,0.5,0.29375,-0.29375,32.30802607536316,0.0
2026-03-09,CSCO,Up 1-3%,Bullish,0.75,0.5,0.29375,-0.29375,31.963051795959473,0.0
2026-03-09,CSCO,Up 1-3%,Bullish,0.75,0.5,0.29375,-0.29375,23.673139572143555,1.0
2026-03-09,CSCO,Up 1-3%,Bullish,0.75,0.5,0.29375,-0.29375,21.55378746986389,1.0
2026-03-09,CSCO,Up 1-3%,Bullish,0.75,0.5,0.29375,-0.29375,30.288939237594604,1.0
2026-03-09,CVX,Up 1-3%,Bullish,0.75,0.5,0.29375,-0.29375,3.3269383907318115,0.0
2026-03-09,CVX,Up 1-3%,Bullish,0.75,0.5,0.29375,-0.29375,32.19059419631958,0.0
2026-03-09,CVX,Up 1-3%,Bullish,0.75,0.5,0.29375,-0.29375,32.835315465927124,0.0
2026-03-09,CVX,Up 1-3%,Bullish,0.75,0.5,0.29375,-0.29375,3.3013105392456055,0.0
2026-03-09,CVX,Up 1-3%,Bullish,0.75,0.5,0.29375,-0.29375,32.2861053943634,0.0
2026-03-09,DIS,Up 1-3%,Bullish,0.75,0.5,0.29375,-0.29375,17.626988410949707,0.0
2026-03-09,DIS,Up 1-3%,Bullish,0.75,0.5,0.29375,-0.29375,18.778171062469482,0.0
2026-03-09,DIS,Up 1-3%,Bullish,0.75,0.5,0.29375,-0.29375,18.433265209197998,0.0
2026-03-09,DIS,Up 3-5%,Bullish,1.5,0.5,0.3875,-0.3875,16.49849581718445,-1.0
2026-03-09,DIS,Up 3-5%,Bullish,1.5,0.5,0.3875,-0.3875,32.16417455673218,-1.0
2026-03-09,DOW,Up 3-5%,Bullish,1.5,0.5,0.3875,-0.3875,20.816842317581177,1.0
2026-03-09,DOW,Up 1-3%,Bullish,0.75,0.5,0.29375,-0.29375,32.52862548828125,0.0
2026-03-09,DOW,Up 1-3%,Bullish,0.75,0.5,0.29375,-0.29375,32.31831479072571,0.0
2026-03-09,DOW,Up 3-5%,Bullish,1.5,0.5,0.3875,-0.3875,25.613866567611694,0.0
2026-03-09,DOW,Up 1-3%,Bullish,0.75,0.5,0.29375,-0.29375,24.149404764175415,0.5
2026-03-09,GS,Up 1-3%,Bullish,0.75,0.5,0.29375,-0.29375,32.34707427024841,0.0
2026-03-09,GS,Up 1-3%,Bullish,0.75,0.5,0.29375,-0.29375,32.474754095077515,0.0
2026-03-09,GS,Up 1-3%,Bullish,0.75,0.5,0.29375,-0.29375,32.571659088134766,0.0
2026-03-09,GS,Up 1-3%,Bullish,0.75,0.5,0.29375,-0.29375,3.305704355239868,0.0
2026-03-09,GS,Up 1-3%,Bullish,0.75,0.5,0.29375,-0.29375,3.284747838973999,0.0
2026-03-09,HD,Up 1-3%,Bullish,0.75,0.5,0.29375,-0.29375,32.783849000930786,0.0
2026-03-09,HD,Up 1-3%,Bullish,0.75,0.5,0.29375,-0.29375,33.060945987701416,0.0
2026-03-09,HD,Up 1-3%,Bullish,0.75,0.5,0.29375,-0.29375,32.67754673957825,0.0
2026-03-09,HD,Neutral,Neutral,0.0,0.5,0.0,-0.0,2.5220067501068115,0.0
2026-03-09,HD,Up 3-5%,Bullish,1.5,0.5,0.3875,-0.3875,32.111937522888184,1.0
2026-03-09,HON,Up 1-3%,Bullish,0.75,0.5,0.29375,-0.29375,3.331294536590576,0.0
2026-03-09,HON,Up 3-5%,Bullish,1.5,0.5,0.3875,-0.3875,12.078673601150513,1.0
2026-03-09,HON,Up 3-5%,Bullish,1.5,0.5,0.3875,-0.3875,17.87129497528076,1.0
2026-03-09,HON,Up 3-5%,Bullish,1.5,0.5,0.3875,-0.3875,20.059651613235474,0.5
2026-03-09,HON,Up 3-5%,Bullish,1.5,0.5,0.3875,-0.3875,21.74119257926941,0.0
2026-03-09,IBM,Up 1-3%,Bullish,0.75,0.5,0.29375,-0.29375,32.48372769355774,0.0
2026-03-09,IBM,Up 1-3%,Bullish,0.75,0.5,0.29375,-0.29375,29.993441581726074,0.0
2026-03-09,IBM,Up 1-3%,Bullish,0.75,0.5,0.29375,-0.29375,31.86380934715271,0.0
2026-03-09,IBM,Up 1-3%,Bullish,0.75,0.5,0.29375,-0.29375,32.150444746017456,0.0
2026-03-09,IBM,Up 1-3%,Bullish,0.75,0.5,0.29375,-0.29375,31.87029218673706,0.0
2026-03-09,INTC,Up 1-3%,Bullish,0.75,0.5,0.29375,-0.29375,32.86354470252991,0.0
2026-03-09,INTC,Up 1-3%,Bullish,0.75,0.5,0.29375,-0.29375,32.42977285385132,0.0
2026-03-09,INTC,Up 1-3%,Bullish,0.75,0.5,0.29375,-0.29375,32.056519746780396,0.0
2026-03-09,INTC,Up 1-3%,Bullish,0.75,0.5,0.29375,-0.29375,33.124884843826294,0.0
2026-03-09,INTC,Up 1-3%,Bullish,0.75,0.5,0.29375,-0.29375,31.70936679840088,0.0
2026-03-09,JNJ,Up 1-3%,Bullish,0.75,0.5,0.29375,-0.29375,33.45209765434265,0.0
2026-03-09,JNJ,Up 1-3%,Bullish,0.75,0.5,0.29375,-0.29375,31.902918100357056,0.0
2026-03-09,JNJ,Up 1-3%,Bullish,0.75,0.5,0.29375,-0.29375,32.225624084472656,0.0
2026-03-09,JNJ,Up 1-3%,Bullish,0.75,0.5,0.29375,-0.29375,30.694586277008057,0.0
2026-03-09,JNJ,Up 1-3%,Bullish,0.75,0.5,0.29375,-0.29375,30.886493682861328,0.0
2026-03-09,JPM,Up 1-3%,Bullish,0.75,0.5,0.29375,-0.29375,33.858875036239624,0.0
2026-03-09,JPM,Up 1-3%,Bullish,0.75,0.5,0.29375,-0.29375,31.915183782577515,0.0
2026-03-09,JPM,Up 1-3%,Bullish,0.75,0.5,0.29375,-0.29375,32.45671892166138,0.0
2026-03-09,JPM,Up 1-3%,Bullish,0.75,0.5,0.29375,-0.29375,31.95344042778015,0.0
2026-03-09,JPM,Up 1-3%,Bullish,0.75,0.5,0.29375,-0.29375,32.288835763931274,0.0
2026-03-09,KO,Up 1-3%,Bullish,0.75,0.5,0.29375,-0.29375,3.445286989212036,0.0
2026-03-09,KO,Up 1-3%,Bullish,0.75,0.5,0.29375,-0.29375,32.62165856361389,0.0
2026-03-09,KO,Up 1-3%,Bullish,0.75,0.5,0.29375,-0.29375,32.89475178718567,0.0
2026-03-09,KO,Neutral,Neutral,0.0,0.5,0.0,-0.0,9.74578857421875,0.0
2026-03-09,KO,Up 1-3%,Bullish,0.75,0.5,0.29375,-0.29375,32.0400230884552,0.0
2026-03-09,MCD,Up 1-3%,Bullish,0.75,0.5,0.29375,-0.29375,32.70409846305847,0.0
2026-03-09,MCD,Up 3-5%,Bullish,1.5,0.5,0.3875,-0.3875,16.717845916748047,1.0
2026-03-09,MCD,Up 3-5%,Bullish,1.5,0.5,0.3875,-0.3875,32.115161180496216,1.0
2026-03-09,MCD,Up 1-3%,Bullish,0.75,0.5,0.29375,-0.29375,21.307698011398315,0.6666666666666666
2026-03-09,MCD,Up 1-3%,Bullish,0.75,0.5,0.29375,-0.29375,16.873104572296143,0.0
2026-03-09,MMM,Up 1-3%,Bullish,0.75,0.5,0.29375,-0.29375,31.535776376724243,0.0
2026-03-09,MMM,Up 1-3%,Bullish,0.75,0.5,0.29375,-0.29375,32.537842750549316,0.0
2026-03-09,MMM,Up 1-3%,Bullish,0.75,0.5,0.29375,-0.29375,32.93731474876404,0.0
2026-03-09,MMM,Up 3-5%,Bullish,1.5,0.5,0.3875,-0.3875,23.810105323791504,1.0
2026-03-09,MMM,Up 3-5%,Bullish,1.5,0.5,0.3875,-0.3875,24.312060117721558,1.0
2026-03-09,MRK,Up 1-3%,Bullish,0.75,0.5,0.29375,-0.29375,19.08635687828064,1.0
2026-03-09,MRK,Up 3-5%,Bullish,1.5,0.5,0.3875,-0.3875,18.31710147857666,1.0
2026-03-09,MRK,Up 1-3%,Bullish,0.75,0.5,0.29375,-0.29375,29.316500425338745,1.0
2026-03-09,MRK,Up 1-3%,Bullish,0.75,0.5,0.29375,-0.29375,29.47499680519104,1.0
2026-03-09,MRK,Up 1-3%,Bullish,0.75,0.5,0.29375,-0.29375,31.616764783859253,0.0
2026-03-09,MSFT,Up 1-3%,Bullish,0.75,0.5,0.29375,-0.29375,32.13933610916138,0.0
2026-03-09,MSFT,Up 1-3%,Bullish,0.75,0.5,0.29375,-0.29375,33.29587507247925,0.0
2026-03-09,MSFT,Up 1-3%,Bullish,0.75,0.5,0.29375,-0.29375,32.10523700714111,0.0
2026-03-09,MSFT,Neutral,Neutral,0.0,0.5,0.0,-0.0,2.5044188499450684,0.0
2026-03-09,MSFT,Neutral,Neutral,0.0,0.5,0.0,-0.0,2.4816510677337646,0.0
2026-03-09,NKE,Up 1-3%,Bullish,0.75,0.5,0.29375,-0.29375,32.204389810562134,0.0
2026-03-09,NKE,Up 1-3%,Bullish,0.75,0.5,0.29375,-0.29375,3.337491989135742,0.0
2026-03-09,NKE,Up 3-5%,Bullish,1.5,0.5,0.3875,-0.3875,22.89557981491089,0.0
2026-03-09,NKE,Up 3-5%,Bullish,1.5,0.5,0.3875,-0.3875,16.55236053466797,0.0
2026-03-09,NKE,Up 3-5%,Bullish,1.5,0.5,0.3875,-0.3875,20.168290376663208,0.3333333333333333
2026-03-09,PG,Up 1-3%,Bullish,0.75,0.5,0.29375,-0.29375,32.31652021408081,0.0
2026-03-09,PG,Up 1-3%,Bullish,0.75,0.5,0.29375,-0.29375,32.96048879623413,0.0
2026-03-09,PG,Up 1-3%,Bullish,0.75,0.5,0.29375,-0.29375,33.143752574920654,0.0
2026-03-09,PG,Up 3-5%,Bullish,1.5,0.5,0.3875,-0.3875,15.39518117904663,1.0
2026-03-09,PG,Up 3-5%,Bullish,1.5,0.5,0.3875,-0.3875,13.047075986862183,1.0
2026-03-09,TRV,Up 1-3%,Bullish,0.75,0.5,0.29375,-0.29375,32.45481467247009,0.0
2026-03-09,TRV,Up 1-3%,Bullish,0.75,0.5,0.29375,-0.29375,32.302818298339844,0.0
2026-03-09,TRV,Up 1-3%,Bullish,0.75,0.5,0.29375,-0.29375,32.23163342475891,0.0
2026-03-09,TRV,Up 1-3%,Bullish,0.75,0.5,0.29375,-0.29375,32.65223741531372,0.0
2026-03-09,TRV,Up 1-3%,Bullish,0.75,0.5,0.29375,-0.29375,32.67683243751526,0.0
2026-03-09,UNH,Up 1-3%,Bullish,0.75,0.5,0.29375,-0.29375,32.18857741355896,0.0
2026-03-09,UNH,Up 1-3%,Bullish,0.75,0.5,0.29375,-0.29375,32.21266770362854,0.0
2026-03-09,UNH,Up 1-3%,Bullish,0.75,0.5,0.29375,-0.29375,32.23453688621521,0.0
2026-03-09,UNH,Up 1-3%,Bullish,0.75,0.5,0.29375,-0.29375,32.43404769897461,0.0
2026-03-09,UNH,Up 1-3%,Bullish,0.75,0.5,0.29375,-0.29375,31.846397399902344,0.0
2026-03-09,V,Up 1-3%,Bullish,0.75,0.5,0.29375,-0.29375,14.625132322311401,1.0
2026-03-09,V,Up 1-3%,Bullish,0.75,0.5,0.29375,-0.29375,32.78990054130554,0.0
2026-03-09,V,Up 3-5%,Bullish,1.5,0.5,0.3875,-0.3875,16.68975329399109,1.0
2026-03-09,V,Up 1-3%,Bullish,0.75,0.5,0.29375,-0.29375,16.15657114982605,0.75
2026-03-09,V,Up 1-3%,Bullish,0.75,0.5,0.29375,-0.29375,16.017975091934204,0.75
2026-03-09,VZ,Up 3-5%,Bullish,1.5,0.5,0.3875,-0.3875,26.474252223968506,1.0
2026-03-09,VZ,Up 3-5%,Bullish,1.5,0.5,0.3875,-0.3875,13.833460569381714,1.0
2026-03-09,VZ,Up 1-3%,Bullish,0.75,0.5,0.29375,-0.29375,26.243077516555786,1.0
2026-03-09,VZ,Down 3-5%,Bearish,-1.5,0.5,-0.3875,0.3875,22.07881498336792,0.0
2026-03-09,VZ,Down 3-5%,Bearish,-1.5,0.5,-0.3875,0.3875,23.585476636886597,0.3333333333333333
2026-03-09,WBA,Up 1-3%,Bullish,0.75,0.5,0.29375,-0.29375,32.23833680152893,0.0
2026-03-09,WBA,Up 1-3%,Bullish,0.75,0.5,0.29375,-0.29375,32.102678060531616,0.0
2026-03-09,WBA,Up 1-3%,Bullish,0.75,0.5,0.29375,-0.29375,32.89986324310303,0.0
2026-03-09,WBA,Up 1-3%,Bullish,0.75,0.5,0.29375,-0.29375,3.2950804233551025,0.0
2026-03-09,WBA,Up 1-3%,Bullish,0.75,0.5,0.29375,-0.29375,31.867987632751465,0.0
2026-03-09,WMT,Up 1-3%,Bullish,0.75,0.5,0.29375,-0.29375,32.420663595199585,0.0
2026-03-09,WMT,Up 1-3%,Bullish,0.75,0.5,0.29375,-0.29375,3.2829227447509766,0.0
2026-03-09,WMT,Up 1-3%,Bullish,0.75,0.5,0.29375,-0.29375,32.12851691246033,0.0
2026-03-09,WMT,Up 1-3%,Bullish,0.75,0.5,0.29375,-0.29375,32.94497799873352,0.0
2026-03-09,WMT,Up 1-3%,Bullish,0.75,0.5,0.29375,-0.29375,32.19272327423096,0.0
2026-03-16,AAPL,Neutral,Neutral,0.0,0.5,0.0,-0.0,6.767020225524902,0.0
2026-03-16,AAPL,Up 1-3%,Bullish,0.75,0.5,0.29375,-0.29375,32.12216234207153,0.0
2026-03-16,AAPL,Neutral,Neutral,0.0,0.5,0.0,-0.0,2.4921786785125732,0.0
2026-03-16,AAPL,Up 1-3%,Bullish,0.75,0.5,0.29375,-0.29375,32.31792163848877,0.0
2026-03-16,AAPL,Up 1-3%,Bullish,0.75,0.5,0.29375,-0.29375,3.3015456199645996,0.0
2026-03-16,AMGN,Up 1-3%,Bullish,0.75,0.5,0.29375,-0.29375,24.23073959350586,0.0
2026-03-16,AMGN,Up 1-3%,Bullish,0.75,0.5,0.29375,-0.29375,21.9229953289032,0.0
2026-03-16,AMGN,Up 3-5%,Bullish,1.5,0.5,0.3875,-0.3875,20.84992551803589,0.0
2026-03-16,AMGN,Up 1-3%,Bullish,0.75,0.5,0.29375,-0.29375,20.251659393310547,0.0
2026-03-16,AMGN,Up 1-3%,Bullish,0.75,0.5,0.29375,-0.29375,30.354016542434692,0.0
2026-03-16,AXP,Up 1-3%,Bullish,0.75,0.5,0.29375,-0.29375,12.528266906738281,1.0
2026-03-16,AXP,Up 3-5%,Bullish,1.5,0.5,0.3875,-0.3875,31.594762086868286,1.0
2026-03-16,AXP,Up 3-5%,Bullish,1.5,0.5,0.3875,-0.3875,21.77539825439453,1.0
2026-03-16,AXP,Down 3-5%,Bearish,-1.5,0.5,-0.3875,0.3875,29.238025903701782,0.6666666666666666
2026-03-16,AXP,Down 1-3%,Bearish,-0.75,0.5,-0.29375,0.29375,21.141770839691162,0.5
2026-03-16,BA,Up 1-3%,Bullish,0.75,0.5,0.29375,-0.29375,24.22251582145691,0.3333333333333333
2026-03-16,BA,Up 3-5%,Bullish,1.5,0.5,0.3875,-0.3875,26.006911516189575,0.0
2026-03-16,BA,Up 3-5%,Bullish,1.5,0.5,0.3875,-0.3875,18.48825478553772,1.0
2026-03-16,BA,Up 1-3%,Bullish,0.75,0.5,0.29375,-0.29375,32.85945773124695,0.0
2026-03-16,BA,Down 3-5%,Bearish,-1.5,0.5,-0.3875,0.3875,19.2709903717041,-1.0
2026-03-16,CAT,Down 3-5%,Bearish,-1.5,0.5,-0.3875,0.3875,14.630132675170898,-1.0
2026-03-16,CAT,Up 1-3%,Bullish,0.75,0.5,0.29375,-0.29375,32.25449514389038,0.0
2026-03-16,CAT,Down 3-5%,Bearish,-1.5,0.5,-0.3875,0.3875,15.229117393493652,0.0
2026-03-16,CAT,Up 3-5%,Bullish,1.5,0.5,0.3875,-0.3875,17.625431537628174,1.0
2026-03-16,CAT,Up 3-5%,Bullish,1.5,0.5,0.3875,-0.3875,18.676488399505615,-1.0
2026-03-16,CRM,Up 1-3%,Bullish,0.75,0.5,0.29375,-0.29375,31.711039066314697,0.0
2026-03-16,CRM,Up 1-3%,Bullish,0.75,0.5,0.29375,-0.29375,3.299494504928589,0.0
2026-03-16,CRM,Up 1-3%,Bullish,0.75,0.5,0.29375,-0.29375,32.182785749435425,0.0
2026-03-16,CRM,Up 3-5%,Bullish,1.5,0.5,0.3875,-0.3875,31.941383600234985,-1.0
2026-03-16,CRM,Up 3-5%,Bullish,1.5,0.5,0.3875,-0.3875,32.603320837020874,0.0
2026-03-16,CSCO,Up 1-3%,Bullish,0.75,0.5,0.29375,-0.29375,3.304535150527954,0.0
2026-03-16,CSCO,Up 1-3%,Bullish,0.75,0.5,0.29375,-0.29375,3.314545154571533,0.0
2026-03-16,CSCO,Up 1-3%,Bullish,0.75,0.5,0.29375,-0.29375,25.116129159927368,0.0
2026-03-16,CSCO,Up 1-3%,Bullish,0.75,0.5,0.29375,-0.29375,16.316014766693115,0.0
2026-03-16,CSCO,Up 3-5%,Bullish,1.5,0.5,0.3875,-0.3875,19.972033500671387,0.0
2026-03-16,CVX,Up 1-3%,Bullish,0.75,0.5,0.29375,-0.29375,31.668269634246826,0.0
2026-03-16,CVX,Up 1-3%,Bullish,0.75,0.5,0.29375,-0.29375,3.281348705291748,0.0
2026-03-16,CVX,Up 1-3%,Bullish,0.75,0.5,0.29375,-0.29375,3.294764995574951,0.0
2026-03-16,CVX,Up 1-3%,Bullish,0.75,0.5,0.29375,-0.29375,3.2626941204071045,0.0
2026-03-16,CVX,Up 1-3%,Bullish,0.75,0.5,0.29375,-0.29375,3.3002569675445557,0.0
2026-03-16,DIS,Up 1-3%,Bullish,0.75,0.5,0.29375,-0.29375,28.199848890304565,0.3333333333333333
2026-03-16,DIS,Up 1-3%,Bullish,0.75,0.5,0.29375,-0.29375,16.497967004776,0.75
2026-03-16,DIS,Up 1-3%,Bullish,0.75,0.5,0.29375,-0.29375,24.059338569641113,0.75
2026-03-16,DIS,Up 1-3%,Bullish,0.75,0.5,0.29375,-0.29375,17.36430287361145,0.75
2026-03-16,DIS,Up 3-5%,Bullish,1.5,0.5,0.3875,-0.3875,16.916701555252075,0.6666666666666666
2026-03-16,DOW,Up 1-3%,Bullish,0.75,0.5,0.29375,-0.29375,21.943910837173462,1.0
2026-03-16,DOW,Up 1-3%,Bullish,0.75,0.5,0.29375,-0.29375,32.85349416732788,0.0
2026-03-16,DOW,Up 3-5%,Bullish,1.5,0.5,0.3875,-0.3875,22.8217613697052,1.0
2026-03-16,DOW,Up 3-5%,Bullish,1.5,0.5,0.3875,-0.3875,25.957651138305664,1.0
2026-03-16,DOW,Up 3-5%,Bullish,1.5,0.5,0.3875,-0.3875,17.067151069641113,1.0
2026-03-16,GS,Up 1-3%,Bullish,0.75,0.5,0.29375,-0.29375,32.29199171066284,0.0
2026-03-16,GS,Up 1-3%,Bullish,0.75,0.5,0.29375,-0.29375,32.30692005157471,0.0
2026-03-16,GS,Up 1-3%,Bullish,0.75,0.5,0.29375,-0.29375,32.19919228553772,0.0
2026-03-16,GS,Neutral,Neutral,0.0,0.5,0.0,-0.0,8.216285228729248,0.0
2026-03-16,GS,Up 1-3%,Bullish,0.75,0.5,0.29375,-0.29375,32.24289655685425,0.0
2026-03-16,HD,Up 3-5%,Bullish,1.5,0.5,0.3875,-0.3875,23.338043212890625,-0.3333333333333333
2026-03-16,HD,Up 3-5%,Bullish,1.5,0.5,0.3875,-0.3875,14.395003318786621,1.0
2026-03-16,HD,Up 3-5%,Bullish,1.5,0.5,0.3875,-0.3875,14.407904148101807,1.0
2026-03-16,HD,Up 3-5%,Bullish,1.5,0.5,0.3875,-0.3875,12.19469404220581,1.0
2026-03-16,HD,Up 1-3%,Bullish,0.75,0.5,0.29375,-0.29375,32.16171312332153,0.0
2026-03-16,HON,Up 1-3%,Bullish,0.75,0.5,0.29375,-0.29375,32.22345447540283,0.0
2026-03-16,HON,Up 1-3%,Bullish,0.75,0.5,0.29375,-0.29375,32.1429967880249,0.0
2026-03-16,HON,Up 1-3%,Bullish,0.75,0.5,0.29375,-0.29375,32.2292902469635,0.0
2026-03-16,HON,Up 1-3%,Bullish,0.75,0.5,0.29375,-0.29375,32.192309617996216,0.0
2026-03-16,HON,Up 1-3%,Bullish,0.75,0.5,0.29375,-0.29375,3.314410924911499,0.0
2026-03-16,IBM,Up 3-5%,Bullish,1.5,0.5,0.3875,-0.3875,26.943180084228516,1.0
2026-03-16,IBM,Up 3-5%,Bullish,1.5,0.5,0.3875,-0.3875,26.47083353996277,0.0
2026-03-16,IBM,Up 1-3%,Bullish,0.75,0.5,0.29375,-0.29375,28.608572959899902,0.6
2026-03-16,IBM,Up 3-5%,Bullish,1.5,0.5,0.3875,-0.3875,25.487971782684326,0.4
2026-03-16,IBM,Up 3-5%,Bullish,1.5,0.5,0.3875,-0.3875,26.08158254623413,0.75
2026-03-16,INTC,Up 1-3%,Bullish,0.75,0.5,0.29375,-0.29375,31.968242168426514,0.0
2026-03-16,INTC,Up 1-3%,Bullish,0.75,0.5,0.29375,-0.29375,32.309914112091064,0.0
2026-03-16,INTC,Up 1-3%,Bullish,0.75,0.5,0.29375,-0.29375,31.89544987678528,0.0
2026-03-16,INTC,Up 1-3%,Bullish,0.75,0.5,0.29375,-0.29375,32.64812731742859,0.0
2026-03-16,INTC,Up 1-3%,Bullish,0.75,0.5,0.29375,-0.29375,32.86729598045349,0.0
2026-03-16,JNJ,Up 1-3%,Bullish,0.75,0.5,0.29375,-0.29375,3.2575364112854004,0.0
2026-03-16,JNJ,Up 1-3%,Bullish,0.75,0.5,0.29375,-0.29375,30.93878722190857,1.0
2026-03-16,JNJ,Up 1-3%,Bullish,0.75,0.5,0.29375,-0.29375,32.000176429748535,0.6666666666666666
2026-03-16,JNJ,Up 1-3%,Bullish,0.75,0.5,0.29375,-0.29375,29.02135944366455,0.75
2026-03-16,JNJ,Up 1-3%,Bullish,0.75,0.5,0.29375,-0.29375,25.569689750671387,0.75
2026-03-16,JPM,Up 1-3%,Bullish,0.75,0.5,0.29375,-0.29375,32.025688886642456,0.0
2026-03-16,JPM,Up 1-3%,Bullish,0.75,0.5,0.29375,-0.29375,32.202417850494385,0.0
2026-03-16,JPM,Up 1-3%,Bullish,0.75,0.5,0.29375,-0.29375,31.87462878227234,0.0
2026-03-16,JPM,Up 1-3%,Bullish,0.75,0.5,0.29375,-0.29375,32.118059396743774,0.0
2026-03-16,JPM,Up 1-3%,Bullish,0.75,0.5,0.29375,-0.29375,32.28866195678711,0.0
2026-03-16,KO,Up 1-3%,Bullish,0.75,0.5,0.29375,-0.29375,32.2216956615448,0.0
2026-03-16,KO,Up 1-3%,Bullish,0.75,0.5,0.29375,-0.29375,32.04904842376709,0.0
2026-03-16,KO,Up 1-3%,Bullish,0.75,0.5,0.29375,-0.29375,32.08159351348877,0.0
2026-03-16,KO,Up 1-3%,Bullish,0.75,0.5,0.29375,-0.29375,3.3019039630889893,0.0
2026-03-16,KO,Up 1-3%,Bullish,0.75,0.5,0.29375,-0.29375,32.93179440498352,0.0
2026-03-16,MCD,Up 1-3%,Bullish,0.75,0.5,0.29375,-0.29375,3.314629077911377,0.0
2026-03-16,MCD,Up 1-3%,Bullish,0.75,0.5,0.29375,-0.29375,32.25727415084839,0.0
2026-03-16,MCD,Up 1-3%,Bullish,0.75,0.5,0.29375,-0.29375,3.2837471961975098,0.0
2026-03-16,MCD,Up 1-3%,Bullish,0.75,0.5,0.29375,-0.29375,32.3631432056427,1.0
2026-03-16,MCD,Up 1-3%,Bullish,0.75,0.5,0.29375,-0.29375,23.440978288650513,1.0
2026-03-16,MMM,Up 1-3%,Bullish,0.75,0.5,0.29375,-0.29375,3.304830551147461,0.0
2026-03-16,MMM,Up 1-3%,Bullish,0.75,0.5,0.29375,-0.29375,32.6735897064209,0.0
2026-03-16,MMM,Up 1-3%,Bullish,0.75,0.5,0.29375,-0.29375,32.42730259895325,1.0
2026-03-16,MMM,Up 3-5%,Bullish,1.5,0.5,0.3875,-0.3875,28.476975202560425,1.0
2026-03-16,MMM,Up 3-5%,Bullish,1.5,0.5,0.3875,-0.3875,28.82815718650818,0.75
2026-03-16,MRK,Up 1-3%,Bullish,0.75,0.5,0.29375,-0.29375,31.93515372276306,0.0
2026-03-16,MRK,Up 1-3%,Bullish,0.75,0.5,0.29375,-0.29375,31.95053744316101,1.0
2026-03-16,MRK,Up 1-3%,Bullish,0.75,0.5,0.29375,-0.29375,26.043094635009766,1.0
2026-03-16,MRK,Up 3-5%,Bullish,1.5,0.5,0.3875,-0.3875,25.40663743019104,1.0
2026-03-16,MRK,Up 1-3%,Bullish,0.75,0.5,0.29375,-0.29375,19.307793140411377,0.0
2026-03-16,MSFT,Neutral,Neutral,0.0,0.5,0.0,-0.0,2.4837703704833984,0.0
2026-03-16,MSFT,Neutral,Neutral,0.0,0.5,0.0,-0.0,19.500486373901367,0.0
2026-03-16,MSFT,Up 1-3%,Bullish,0.75,0.5,0.29375,-0.29375,32.07016634941101,0.0
2026-03-16,MSFT,Neutral,Neutral,0.0,0.5,0.0,-0.0,16.364410400390625,0.0
2026-03-16,MSFT,Up 1-3%,Bullish,0.75,0.5,0.29375,-0.29375,32.43956184387207,0.0
2026-03-16,NKE,Down 1-3%,Bearish,-0.75,0.5,-0.29375,0.29375,21.08921194076538,1.0
2026-03-16,NKE,Up 1-3%,Bullish,0.75,0.5,0.29375,-0.29375,32.28574085235596,1.0
2026-03-16,NKE,Up 1-3%,Bullish,0.75,0.5,0.29375,-0.29375,27.825008630752563,1.0
2026-03-16,NKE,Up 1-3%,Bullish,0.75,0.5,0.29375,-0.29375,32.09647560119629,0.0
2026-03-16,NKE,Up 1-3%,Bullish,0.75,0.5,0.29375,-0.29375,32.14075446128845,0.0
2026-03-16,PG,Up 3-5%,Bullish,1.5,0.5,0.3875,-0.3875,19.403234481811523,1.0
2026-03-16,PG,Up 3-5%,Bullish,1.5,0.5,0.3875,-0.3875,11.8187415599823,1.0
2026-03-16,PG,Up 3-5%,Bullish,1.5,0.5,0.3875,-0.3875,32.01594424247742,0.5
2026-03-16,PG,Up 1-3%,Bullish,0.75,0.5,0.29375,-0.29375,32.459511518478394,0.0
2026-03-16,PG,Up 1-3%,Bullish,0.75,0.5,0.29375,-0.29375,32.04186987876892,0.0
2026-03-16,TRV,Up 1-3%,Bullish,0.75,0.5,0.29375,-0.29375,32.17953085899353,0.0
2026-03-16,TRV,Up 1-3%,Bullish,0.75,0.5,0.29375,-0.29375,3.2785255908966064,0.0
2026-03-16,TRV,Up 1-3%,Bullish,0.75,0.5,0.29375,-0.29375,32.25794315338135,0.0
2026-03-16,TRV,Up 1-3%,Bullish,0.75,0.5,0.29375,-0.29375,32.267979860305786,0.0
2026-03-16,TRV,Up 1-3%,Bullish,0.75,0.5,0.29375,-0.29375,32.33899688720703,0.0
2026-03-16,UNH,Up 1-3%,Bullish,0.75,0.5,0.29375,-0.29375,3.310199022293091,0.0
2026-03-16,UNH,Up 3-5%,Bullish,1.5,0.5,0.3875,-0.3875,24.019083738327026,1.0
2026-03-16,UNH,Up 1-3%,Bullish,0.75,0.5,0.29375,-0.29375,20.080968379974365,0.5
2026-03-16,UNH,Up 1-3%,Bullish,0.75,0.5,0.29375,-0.29375,20.19058609008789,0.5
2026-03-16,UNH,Up 1-3%,Bullish,0.75,0.5,0.29375,-0.29375,26.45220923423767,0.0
2026-03-16,V,Up 1-3%,Bullish,0.75,0.5,0.29375,-0.29375,27.871952056884766,0.3333333333333333
2026-03-16,V,Up 1-3%,Bullish,0.75,0.5,0.29375,-0.29375,10.264416217803955,0.0
2026-03-16,V,Up 1-3%,Bullish,0.75,0.5,0.29375,-0.29375,17.025431156158447,0.0
2026-03-16,V,Down 3-5%,Bearish,-1.5,0.5,-0.3875,0.3875,16.6530339717865,0.0
2026-03-16,V,Down 3-5%,Bearish,-1.5,0.5,-0.3875,0.3875,29.146005868911743,0.6666666666666666
2026-03-16,VZ,Up 1-3%,Bullish,0.75,0.5,0.29375,-0.29375,27.48512601852417,0.8
2026-03-16,VZ,Down 3-5%,Bearish,-1.5,0.5,-0.3875,0.3875,21.42143225669861,0.75
2026-03-16,VZ,Up 3-5%,Bullish,1.5,0.5,0.3875,-0.3875,19.420255661010742,0.0
2026-03-16,VZ,Up 1-3%,Bullish,0.75,0.5,0.29375,-0.29375,32.02298355102539,0.0
2026-03-16,VZ,Down 3-5%,Bearish,-1.5,0.5,-0.3875,0.3875,15.088403463363647,0.0
2026-03-16,WBA,Up 1-3%,Bullish,0.75,0.5,0.29375,-0.29375,3.2980704307556152,0.0
2026-03-16,WBA,Up 1-3%,Bullish,0.75,0.5,0.29375,-0.29375,31.86559772491455,0.0
2026-03-16,WBA,Up 1-3%,Bullish,0.75,0.5,0.29375,-0.29375,3.3015308380126953,0.0
2026-03-16,WBA,Up 1-3%,Bullish,0.75,0.5,0.29375,-0.29375,32.59416079521179,0.0
2026-03-16,WBA,Up 1-3%,Bullish,0.75,0.5,0.29375,-0.29375,32.98878574371338,0.0
2026-03-16,WMT,Up 1-3%,Bullish,0.75,0.5,0.29375,-0.29375,32.21944832801819,0.0
2026-03-16,WMT,Up 1-3%,Bullish,0.75,0.5,0.29375,-0.29375,32.222453355789185,0.0
2026-03-16,WMT,Up 1-3%,Bullish,0.75,0.5,0.29375,-0.29375,32.10881757736206,0.0
2026-03-16,WMT,Up 1-3%,Bullish,0.75,0.5,0.29375,-0.29375,32.0485737323761,0.0
2026-03-16,WMT,Neutral,Neutral,0.0,0.5,0.0,-0.0,2.4979662895202637,0.0
2026-03-23,AAPL,Neutral,Neutral,0.0,0.5,0.0,-0.0,2.500640869140625,0.0
2026-03-23,AAPL,Up 1-3%,Bullish,0.75,0.5,0.29375,-0.29375,32.257983922958374,0.0
2026-03-23,AAPL,Up 1-3%,Bullish,0.75,0.5,0.29375,-0.29375,32.71372747421265,0.0
2026-03-23,AAPL,Up 1-3%,Bullish,0.75,0.5,0.29375,-0.29375,32.88947916030884,0.0
2026-03-23,AAPL,Up 1-3%,Bullish,0.75,0.5,0.29375,-0.29375,32.33789849281311,0.0
2026-03-23,AMGN,Up 1-3%,Bullish,0.75,0.5,0.29375,-0.29375,23.535465478897095,0.0
2026-03-23,AMGN,Up 1-3%,Bullish,0.75,0.5,0.29375,-0.29375,32.76143836975098,0.0
2026-03-23,AMGN,Up 1-3%,Bullish,0.75,0.5,0.29375,-0.29375,32.451154708862305,0.0
2026-03-23,AMGN,Up 1-3%,Bullish,0.75,0.5,0.29375,-0.29375,32.83327102661133,0.0
2026-03-23,AMGN,Up 1-3%,Bullish,0.75,0.5,0.29375,-0.29375,22.026407957077026,0.0
2026-03-23,AXP,Up 1-3%,Bullish,0.75,0.5,0.29375,-0.29375,28.852858304977417,1.0
2026-03-23,AXP,Down 3-5%,Bearish,-1.5,0.5,-0.3875,0.3875,25.7081356048584,-1.0
2026-03-23,AXP,Down 3-5%,Bearish,-1.5,0.5,-0.3875,0.3875,20.727999687194824,-1.0
2026-03-23,AXP,Down 3-5%,Bearish,-1.5,0.5,-0.3875,0.3875,25.573356866836548,-1.0
2026-03-23,AXP,Up 1-3%,Bullish,0.75,0.5,0.29375,-0.29375,32.617199182510376,0.0
2026-03-23,BA,Up 3-5%,Bullish,1.5,0.5,0.3875,-0.3875,13.490645170211792,-1.0
2026-03-23,BA,Up 3-5%,Bullish,1.5,0.5,0.3875,-0.3875,32.5066294670105,-1.0
2026-03-23,BA,Up 3-5%,Bullish,1.5,0.5,0.3875,-0.3875,22.8738751411438,0.3333333333333333
2026-03-23,BA,Up 3-5%,Bullish,1.5,0.5,0.3875,-0.3875,19.002946376800537,1.0
2026-03-23,BA,Up 3-5%,Bullish,1.5,0.5,0.3875,-0.3875,22.8399715423584,0.5
2026-03-23,CAT,Up 3-5%,Bullish,1.5,0.5,0.3875,-0.3875,13.292008638381958,0.0
2026-03-23,CAT,Up 3-5%,Bullish,1.5,0.5,0.3875,-0.3875,22.049532175064087,1.0
2026-03-23,CAT,Up 1-3%,Bullish,0.75,0.5,0.29375,-0.29375,17.17981719970703,1.0
2026-03-23,CAT,Up 3-5%,Bullish,1.5,0.5,0.3875,-0.3875,20.815699577331543,1.0
2026-03-23,CAT,Up 3-5%,Bullish,1.5,0.5,0.3875,-0.3875,15.328309774398804,1.0
2026-03-23,CRM,Up 3-5%,Bullish,1.5,0.5,0.3875,-0.3875,27.099469661712646,1.0
2026-03-23,CRM,Up 3-5%,Bullish,1.5,0.5,0.3875,-0.3875,22.364813089370728,-0.3333333333333333
2026-03-23,CRM,Up 1-3%,Bullish,0.75,0.5,0.29375,-0.29375,32.34126377105713,-0.25
2026-03-23,CRM,Up 1-3%,Bullish,0.75,0.5,0.29375,-0.29375,32.559356689453125,-0.25
2026-03-23,CRM,Up 1-3%,Bullish,0.75,0.5,0.29375,-0.29375,25.978312015533447,0.0
2026-03-23,CSCO,Up 1-3%,Bullish,0.75,0.5,0.29375,-0.29375,22.564265966415405,0.0
2026-03-23,CSCO,Up 1-3%,Bullish,0.75,0.5,0.29375,-0.29375,32.86255860328674,0.0
2026-03-23,CSCO,Up 1-3%,Bullish,0.75,0.5,0.29375,-0.29375,26.643605709075928,1.0
2026-03-23,CSCO,Up 1-3%,Bullish,0.75,0.5,0.29375,-0.29375,26.812928676605225,1.0
2026-03-23,CSCO,Up 1-3%,Bullish,0.75,0.5,0.29375,-0.29375,22.081019401550293,1.0
2026-03-23,CVX,Up 1-3%,Bullish,0.75,0.5,0.29375,-0.29375,3.3033058643341064,0.0
2026-03-23,CVX,Up 1-3%,Bullish,0.75,0.5,0.29375,-0.29375,28.832762956619263,0.0
2026-03-23,CVX,Up 1-3%,Bullish,0.75,0.5,0.29375,-0.29375,3.298285722732544,0.0
2026-03-23,CVX,Up 1-3%,Bullish,0.75,0.5,0.29375,-0.29375,28.12298846244812,0.0
2026-03-23,CVX,Up 1-3%,Bullish,0.75,0.5,0.29375,-0.29375,3.2587454319000244,0.0
2026-03-23,DIS,Up 1-3%,Bullish,0.75,0.5,0.29375,-0.29375,26.57806658744812,0.5
2026-03-23,DIS,Up 3-5%,Bullish,1.5,0.5,0.3875,-0.3875,16.228110313415527,0.5
2026-03-23,DIS,Up 1-3%,Bullish,0.75,0.5,0.29375,-0.29375,17.18669104576111,0.0
2026-03-23,DIS,Up 1-3%,Bullish,0.75,0.5,0.29375,-0.29375,19.0709490776062,0.0
2026-03-23,DIS,Up 1-3%,Bullish,0.75,0.5,0.29375,-0.29375,20.862210273742676,0.5
2026-03-23,DOW,Up 1-3%,Bullish,0.75,0.5,0.29375,-0.29375,22.447409868240356,-1.0
2026-03-23,DOW,Up 3-5%,Bullish,1.5,0.5,0.3875,-0.3875,19.092422485351562,-1.0
2026-03-23,DOW,Up 1-3%,Bullish,0.75,0.5,0.29375,-0.29375,32.86103081703186,0.0
2026-03-23,DOW,Up 1-3%,Bullish,0.75,0.5,0.29375,-0.29375,32.94785118103027,0.0
2026-03-23,DOW,Up 1-3%,Bullish,0.75,0.5,0.29375,-0.29375,32.87441635131836,0.0
2026-03-23,GS,Up 1-3%,Bullish,0.75,0.5,0.29375,-0.29375,3.236021041870117,0.0
2026-03-23,GS,Up 1-3%,Bullish,0.75,0.5,0.29375,-0.29375,32.28395223617554,0.0
2026-03-23,GS,Up 1-3%,Bullish,0.75,0.5,0.29375,-0.29375,32.844889879226685,0.0
2026-03-23,GS,Up 1-3%,Bullish,0.75,0.5,0.29375,-0.29375,32.42233395576477,0.0
2026-03-23,GS,Up 1-3%,Bullish,0.75,0.5,0.29375,-0.29375,32.38695931434631,0.0
2026-03-23,HD,Down 3-5%,Bearish,-1.5,0.5,-0.3875,0.3875,27.49417233467102,0.5
2026-03-23,HD,Up 1-3%,Bullish,0.75,0.5,0.29375,-0.29375,21.55492067337036,0.8
2026-03-23,HD,Up 1-3%,Bullish,0.75,0.5,0.29375,-0.29375,28.15938711166382,1.0
2026-03-23,HD,Up 3-5%,Bullish,1.5,0.5,0.3875,-0.3875,20.1344153881073,1.0
2026-03-23,HD,Up 3-5%,Bullish,1.5,0.5,0.3875,-0.3875,21.68810200691223,0.0
2026-03-23,HON,Up 1-3%,Bullish,0.75,0.5,0.29375,-0.29375,3.2878663539886475,0.0
2026-03-23,HON,Up 1-3%,Bullish,0.75,0.5,0.29375,-0.29375,3.3166723251342773,0.0
2026-03-23,HON,Up 1-3%,Bullish,0.75,0.5,0.29375,-0.29375,3.290470600128174,0.0
2026-03-23,HON,Up 3-5%,Bullish,1.5,0.5,0.3875,-0.3875,29.5129132270813,1.0
2026-03-23,HON,Up 3-5%,Bullish,1.5,0.5,0.3875,-0.3875,26.127318143844604,0.5
2026-03-23,IBM,Up 3-5%,Bullish,1.5,0.5,0.3875,-0.3875,15.540589809417725,1.0
2026-03-23,IBM,Up 3-5%,Bullish,1.5,0.5,0.3875,-0.3875,22.602333307266235,0.75
2026-03-23,IBM,Up 1-3%,Bullish,0.75,0.5,0.29375,-0.29375,19.55764150619507,0.75
2026-03-23,IBM,Up 1-3%,Bullish,0.75,0.5,0.29375,-0.29375,29.88049292564392,0.6666666666666666
2026-03-23,IBM,Up 1-3%,Bullish,0.75,0.5,0.29375,-0.29375,27.234497547149658,1.0
2026-03-23,INTC,Up 1-3%,Bullish,0.75,0.5,0.29375,-0.29375,3.305699586868286,0.0
2026-03-23,INTC,Up 1-3%,Bullish,0.75,0.5,0.29375,-0.29375,32.704352378845215,0.0
2026-03-23,INTC,Up 1-3%,Bullish,0.75,0.5,0.29375,-0.29375,33.14827036857605,0.0
2026-03-23,INTC,Up 1-3%,Bullish,0.75,0.5,0.29375,-0.29375,31.539323568344116,0.0
2026-03-23,INTC,Up 1-3%,Bullish,0.75,0.5,0.29375,-0.29375,32.018659591674805,0.0
2026-03-23,JNJ,Up 1-3%,Bullish,0.75,0.5,0.29375,-0.29375,32.03371572494507,0.0
2026-03-23,JNJ,Up 1-3%,Bullish,0.75,0.5,0.29375,-0.29375,32.22901105880737,0.0
2026-03-23,JNJ,Neutral,Neutral,0.0,0.5,0.0,-0.0,2.5176734924316406,0.0
2026-03-23,JNJ,Up 1-3%,Bullish,0.75,0.5,0.29375,-0.29375,31.883057117462158,0.0
2026-03-23,JNJ,Down 3-5%,Bearish,-1.5,0.5,-0.3875,0.3875,17.82597279548645,0.5
2026-03-23,JPM,Up 1-3%,Bullish,0.75,0.5,0.29375,-0.29375,32.192373514175415,0.0
2026-03-23,JPM,Up 1-3%,Bullish,0.75,0.5,0.29375,-0.29375,31.885345935821533,0.0
2026-03-23,JPM,Up 1-3%,Bullish,0.75,0.5,0.29375,-0.29375,32.424644470214844,0.0
2026-03-23,JPM,Up 1-3%,Bullish,0.75,0.5,0.29375,-0.29375,22.851720571517944,0.0
2026-03-23,JPM,Up 1-3%,Bullish,0.75,0.5,0.29375,-0.29375,32.48421549797058,0.0
2026-03-23,KO,Up 3-5%,Bullish,1.5,0.5,0.3875,-0.3875,20.812775135040283,0.5
2026-03-23,KO,Up 1-3%,Bullish,0.75,0.5,0.29375,-0.29375,16.68629217147827,0.0
2026-03-23,KO,Up 1-3%,Bullish,0.75,0.5,0.29375,-0.29375,14.510801792144775,1.0
2026-03-23,KO,Up 1-3%,Bullish,0.75,0.5,0.29375,-0.29375,11.377865076065063,1.0
2026-03-23,KO,Up 3-5%,Bullish,1.5,0.5,0.3875,-0.3875,18.286868572235107,1.0
2026-03-23,MCD,Up 3-5%,Bullish,1.5,0.5,0.3875,-0.3875,16.80176043510437,1.0
2026-03-23,MCD,Up 1-3%,Bullish,0.75,0.5,0.29375,-0.29375,21.4312961101532,0.6666666666666666
2026-03-23,MCD,Up 3-5%,Bullish,1.5,0.5,0.3875,-0.3875,17.186190366744995,0.6666666666666666
2026-03-23,MCD,Down 3-5%,Bearish,-1.5,0.5,-0.3875,0.3875,26.094906330108643,0.5
2026-03-23,MCD,Up 1-3%,Bullish,0.75,0.5,0.29375,-0.29375,17.082213878631592,1.0
2026-03-23,MMM,Up 1-3%,Bullish,0.75,0.5,0.29375,-0.29375,31.7321834564209,0.0
2026-03-23,MMM,Up 1-3%,Bullish,0.75,0.5,0.29375,-0.29375,14.865039825439453,1.0
2026-03-23,MMM,Up 1-3%,Bullish,0.75,0.5,0.29375,-0.29375,15.271381139755249,1.0
2026-03-23,MMM,Up 1-3%,Bullish,0.75,0.5,0.29375,-0.29375,21.24421215057373,1.0
2026-03-23,MMM,Up 1-3%,Bullish,0.75,0.5,0.29375,-0.29375,32.14872121810913,0.0
2026-03-23,MRK,Up 1-3%,Bullish,0.75,0.5,0.29375,-0.29375,31.665016412734985,1.0
2026-03-23,MRK,Up 1-3%,Bullish,0.75,0.5,0.29375,-0.29375,31.878357887268066,0.0
2026-03-23,MRK,Up 1-3%,Bullish,0.75,0.5,0.29375,-0.29375,19.879008531570435,1.0
2026-03-23,MRK,Up 1-3%,Bullish,0.75,0.5,0.29375,-0.29375,28.266308546066284,1.0
2026-03-23,MRK,Up 1-3%,Bullish,0.75,0.5,0.29375,-0.29375,32.268253803253174,1.0
2026-03-23,MSFT,Neutral,Neutral,0.0,0.5,0.0,-0.0,2.4847066402435303,0.0
2026-03-23,MSFT,Up 1-3%,Bullish,0.75,0.5,0.29375,-0.29375,32.77656555175781,0.0
2026-03-23,MSFT,Up 1-3%,Bullish,0.75,0.5,0.29375,-0.29375,32.056599140167236,0.0
2026-03-23,MSFT,Neutral,Neutral,0.0,0.5,0.0,-0.0,2.4890244007110596,0.0
2026-03-23,MSFT,Up 1-3%,Bullish,0.75,0.5,0.29375,-0.29375,32.34384202957153,0.0
2026-03-23,NKE,Up 3-5%,Bullish,1.5,0.5,0.3875,-0.3875,9.853482007980347,-0.25
2026-03-23,NKE,Up 3-5%,Bullish,1.5,0.5,0.3875,-0.3875,12.828500509262085,0.0
2026-03-23,NKE,Down 1-3%,Bearish,-0.75,0.5,-0.29375,0.29375,13.583904027938843,0.0
2026-03-23,NKE,Down 3-5%,Bearish,-1.5,0.5,-0.3875,0.3875,18.280930519104004,0.0
2026-03-23,NKE,Down 3-5%,Bearish,-1.5,0.5,-0.3875,0.3875,22.838738918304443,0.0
2026-03-23,PG,Up 3-5%,Bullish,1.5,0.5,0.3875,-0.3875,19.5655460357666,0.0
2026-03-23,PG,Up 3-5%,Bullish,1.5,0.5,0.3875,-0.3875,19.038785934448242,-1.0
2026-03-23,PG,Up 3-5%,Bullish,1.5,0.5,0.3875,-0.3875,20.77804660797119,-1.0
2026-03-23,PG,Up 1-3%,Bullish,0.75,0.5,0.29375,-0.29375,13.815517902374268,1.0
2026-03-23,PG,Up 1-3%,Bullish,0.75,0.5,0.29375,-0.29375,32.539992332458496,0.3333333333333333
2026-03-23,TRV,Up 1-3%,Bullish,0.75,0.5,0.29375,-0.29375,32.777204513549805,0.0
2026-03-23,TRV,Up 1-3%,Bullish,0.75,0.5,0.29375,-0.29375,32.06032609939575,0.0
2026-03-23,TRV,Up 1-3%,Bullish,0.75,0.5,0.29375,-0.29375,3.2806220054626465,0.0
2026-03-23,TRV,Down 3-5%,Bearish,-1.5,0.5,-0.3875,0.3875,22.275444984436035,-1.0
2026-03-23,TRV,Up 3-5%,Bullish,1.5,0.5,0.3875,-0.3875,24.65381932258606,-1.0
2026-03-23,UNH,Up 1-3%,Bullish,0.75,0.5,0.29375,-0.29375,3.3178927898406982,0.0
2026-03-23,UNH,Up 3-5%,Bullish,1.5,0.5,0.3875,-0.3875,14.270707368850708,1.0
2026-03-23,UNH,Up 3-5%,Bullish,1.5,0.5,0.3875,-0.3875,15.632089614868164,1.0
2026-03-23,UNH,Up 3-5%,Bullish,1.5,0.5,0.3875,-0.3875,15.665156364440918,1.0
2026-03-23,UNH,Up 1-3%,Bullish,0.75,0.5,0.29375,-0.29375,3.3372106552124023,0.0
2026-03-23,V,Up 3-5%,Bullish,1.5,0.5,0.3875,-0.3875,23.039759397506714,1.0
2026-03-23,V,Up 3-5%,Bullish,1.5,0.5,0.3875,-0.3875,20.293158292770386,0.0
2026-03-23,V,Up 3-5%,Bullish,1.5,0.5,0.3875,-0.3875,24.871997356414795,0.0
2026-03-23,V,Up 3-5%,Bullish,1.5,0.5,0.3875,-0.3875,31.768879175186157,0.0
2026-03-23,V,Up 1-3%,Bullish,0.75,0.5,0.29375,-0.29375,32.06859064102173,0.0
2026-03-23,VZ,Up 1-3%,Bullish,0.75,0.5,0.29375,-0.29375,25.392272233963013,0.5
2026-03-23,VZ,Down 3-5%,Bearish,-1.5,0.5,-0.3875,0.3875,22.546812772750854,1.0
2026-03-23,VZ,Down 3-5%,Bearish,-1.5,0.5,-0.3875,0.3875,13.296172380447388,1.0
2026-03-23,VZ,Up 1-3%,Bullish,0.75,0.5,0.29375,-0.29375,25.079909801483154,1.0
2026-03-23,VZ,Up 1-3%,Bullish,0.75,0.5,0.29375,-0.29375,21.601495265960693,1.0
2026-03-23,WBA,Up 1-3%,Bullish,0.75,0.5,0.29375,-0.29375,32.978191614151,0.0
2026-03-23,WBA,Up 1-3%,Bullish,0.75,0.5,0.29375,-0.29375,33.13391304016113,0.0
2026-03-23,WBA,Up 1-3%,Bullish,0.75,0.5,0.29375,-0.29375,32.75012946128845,0.0
2026-03-23,WBA,Up 1-3%,Bullish,0.75,0.5,0.29375,-0.29375,31.948711156845093,0.0
2026-03-23,WBA,Up 1-3%,Bullish,0.75,0.5,0.29375,-0.29375,31.9338321685791,0.0
2026-03-23,WMT,Up 1-3%,Bullish,0.75,0.5,0.29375,-0.29375,32.077470541000366,0.0
2026-03-23,WMT,Up 1-3%,Bullish,0.75,0.5,0.29375,-0.29375,32.44837927818298,0.0
2026-03-23,WMT,Up 1-3%,Bullish,0.75,0.5,0.29375,-0.29375,32.327232360839844,0.0
2026-03-23,WMT,Up 1-3%,Bullish,0.75,0.5,0.29375,-0.29375,32.52806496620178,0.0
2026-03-23,WMT,Up 1-3%,Bullish,0.75,0.5,0.29375,-0.29375,32.07964873313904,0.0
2026-03-30,AAPL,Neutral,Neutral,0.0,0.5,0.0,-0.0,6.756310224533081,0.0
2026-03-30,AAPL,Up 1-3%,Bullish,0.75,0.5,0.29375,-0.29375,32.723501682281494,0.0
2026-03-30,AAPL,Up 1-3%,Bullish,0.75,0.5,0.29375,-0.29375,32.454453229904175,0.0
2026-03-30,AAPL,Neutral,Neutral,0.0,0.5,0.0,-0.0,2.4652767181396484,0.0
2026-03-30,AAPL,Neutral,Neutral,0.0,0.5,0.0,-0.0,2.469383478164673,0.0
2026-03-30,AMGN,Up 1-3%,Bullish,0.75,0.5,0.29375,-0.29375,3.2943203449249268,0.0
2026-03-30,AMGN,Up 1-3%,Bullish,0.75,0.5,0.29375,-0.29375,32.40480327606201,0.25
2026-03-30,AMGN,Down 3-5%,Bearish,-1.5,0.5,-0.3875,0.3875,32.24181604385376,0.0
2026-03-30,AMGN,Down 3-5%,Bearish,-1.5,0.5,-0.3875,0.3875,15.471622467041016,0.0
2026-03-30,AMGN,Up 1-3%,Bullish,0.75,0.5,0.29375,-0.29375,19.801401138305664,-0.2
2026-03-30,AXP,Up 1-3%,Bullish,0.75,0.5,0.29375,-0.29375,21.999395847320557,1.0
2026-03-30,AXP,Up 1-3%,Bullish,0.75,0.5,0.29375,-0.29375,32.59932065010071,0.0
2026-03-30,AXP,Up 1-3%,Bullish,0.75,0.5,0.29375,-0.29375,32.983076333999634,0.0
2026-03-30,AXP,Up 1-3%,Bullish,0.75,0.5,0.29375,-0.29375,29.854435205459595,1.0
2026-03-30,AXP,Up 1-3%,Bullish,0.75,0.5,0.29375,-0.29375,25.070781707763672,1.0
2026-03-30,BA,Up 1-3%,Bullish,0.75,0.5,0.29375,-0.29375,24.00446891784668,0.5
2026-03-30,BA,Up 3-5%,Bullish,1.5,0.5,0.3875,-0.3875,21.146306037902832,0.0
2026-03-30,BA,Up 1-3%,Bullish,0.75,0.5,0.29375,-0.29375,20.652591943740845,0.0
2026-03-30,BA,Up 1-3%,Bullish,0.75,0.5,0.29375,-0.29375,24.50870394706726,0.2
2026-03-30,BA,Up 1-3%,Bullish,0.75,0.5,0.29375,-0.29375,25.737248420715332,0.3333333333333333
2026-03-30,CAT,Up 1-3%,Bullish,0.75,0.5,0.29375,-0.29375,32.24773406982422,0.0
2026-03-30,CAT,Up 1-3%,Bullish,0.75,0.5,0.29375,-0.29375,32.93885922431946,0.0
2026-03-30,CAT,Up 1-3%,Bullish,0.75,0.5,0.29375,-0.29375,23.851489782333374,1.0
2026-03-30,CAT,Up 3-5%,Bullish,1.5,0.5,0.3875,-0.3875,30.804803371429443,1.0
2026-03-30,CAT,Up 3-5%,Bullish,1.5,0.5,0.3875,-0.3875,32.801681995391846,0.0
2026-03-30,CRM,Up 1-3%,Bullish,0.75,0.5,0.29375,-0.29375,31.95198893547058,0.0
2026-03-30,CRM,Up 1-3%,Bullish,0.75,0.5,0.29375,-0.29375,32.78373146057129,0.0
2026-03-30,CRM,Down 3-5%,Bearish,-1.5,0.5,-0.3875,0.3875,27.29257106781006,-1.0
2026-03-30,CRM,Down 3-5%,Bearish,-1.5,0.5,-0.3875,0.3875,32.34864783287048,-1.0
2026-03-30,CRM,Down 3-5%,Bearish,-1.5,0.5,-0.3875,0.3875,25.019246101379395,-1.0
2026-03-30,CSCO,Up 1-3%,Bullish,0.75,0.5,0.29375,-0.29375,3.274521589279175,0.0
2026-03-30,CSCO,Up 1-3%,Bullish,0.75,0.5,0.29375,-0.29375,3.2601897716522217,0.0
2026-03-30,CSCO,Up 3-5%,Bullish,1.5,0.5,0.3875,-0.3875,31.901620864868164,0.0
2026-03-30,CSCO,Up 1-3%,Bullish,0.75,0.5,0.29375,-0.29375,21.948527574539185,0.3333333333333333
2026-03-30,CSCO,Up 1-3%,Bullish,0.75,0.5,0.29375,-0.29375,32.289698362350464,0.3333333333333333
2026-03-30,CVX,Up 1-3%,Bullish,0.75,0.5,0.29375,-0.29375,3.2753710746765137,0.0
2026-03-30,CVX,Up 1-3%,Bullish,0.75,0.5,0.29375,-0.29375,3.264526128768921,0.0
2026-03-30,CVX,Up 1-3%,Bullish,0.75,0.5,0.29375,-0.29375,32.29565930366516,0.0
2026-03-30,CVX,Up 1-3%,Bullish,0.75,0.5,0.29375,-0.29375,3.2926506996154785,0.0
2026-03-30,CVX,Up 1-3%,Bullish,0.75,0.5,0.29375,-0.29375,3.3414342403411865,0.0
2026-03-30,DIS,Up 1-3%,Bullish,0.75,0.5,0.29375,-0.29375,15.64336109161377,1.0
2026-03-30,DIS,Up 1-3%,Bullish,0.75,0.5,0.29375,-0.29375,18.8915376663208,1.0
2026-03-30,DIS,Up 1-3%,Bullish,0.75,0.5,0.29375,-0.29375,17.7750084400177,1.0
2026-03-30,DIS,Up 3-5%,Bullish,1.5,0.5,0.3875,-0.3875,19.69165539741516,0.0
2026-03-30,DIS,Up 1-3%,Bullish,0.75,0.5,0.29375,-0.29375,22.48016333580017,0.25
2026-03-30,DOW,Down 3-5%,Bearish,-1.5,0.5,-0.3875,0.3875,21.002479791641235,-1.0
2026-03-30,DOW,Up 1-3%,Bullish,0.75,0.5,0.29375,-0.29375,19.601500988006592,-1.0
2026-03-30,DOW,Up 1-3%,Bullish,0.75,0.5,0.29375,-0.29375,32.920894145965576,0.0
2026-03-30,DOW,Up 1-3%,Bullish,0.75,0.5,0.29375,-0.29375,28.20387840270996,1.0
2026-03-30,DOW,Up 3-5%,Bullish,1.5,0.5,0.3875,-0.3875,24.31541633605957,0.5
2026-03-30,GS,Up 1-3%,Bullish,0.75,0.5,0.29375,-0.29375,32.67827653884888,0.0
2026-03-30,GS,Up 1-3%,Bullish,0.75,0.5,0.29375,-0.29375,32.23375868797302,0.0
2026-03-30,GS,Neutral,Neutral,0.0,0.5,0.0,-0.0,6.364993572235107,0.0
2026-03-30,GS,Up 1-3%,Bullish,0.75,0.5,0.29375,-0.29375,32.2060763835907,0.0
2026-03-30,GS,Up 1-3%,Bullish,0.75,0.5,0.29375,-0.29375,32.012927770614624,0.0
2026-03-30,HD,Up 1-3%,Bullish,0.75,0.5,0.29375,-0.29375,26.390159368515015,0.3333333333333333
2026-03-30,HD,Up 1-3%,Bullish,0.75,0.5,0.29375,-0.29375,22.196096181869507,0.0
2026-03-30,HD,Up 3-5%,Bullish,1.5,0.5,0.3875,-0.3875,20.597938299179077,0.0
2026-03-30,HD,Up 3-5%,Bullish,1.5,0.5,0.3875,-0.3875,32.02829074859619,0.0
2026-03-30,HD,Up 3-5%,Bullish,1.5,0.5,0.3875,-0.3875,32.628336668014526,0.0
2026-03-30,HON,Up 1-3%,Bullish,0.75,0.5,0.29375,-0.29375,32.12267780303955,0.0
2026-03-30,HON,Up 1-3%,Bullish,0.75,0.5,0.29375,-0.29375,32.23588490486145,0.0
2026-03-30,HON,Up 1-3%,Bullish,0.75,0.5,0.29375,-0.29375,32.052964210510254,0.0
2026-03-30,HON,Up 1-3%,Bullish,0.75,0.5,0.29375,-0.29375,14.670754432678223,0.0
2026-03-30,HON,Up 1-3%,Bullish,0.75,0.5,0.29375,-0.29375,14.764345407485962,0.0
2026-03-30,IBM,Up 1-3%,Bullish,0.75,0.5,0.29375,-0.29375,26.603633403778076,0.0
2026-03-30,IBM,Up 3-5%,Bullish,1.5,0.5,0.3875,-0.3875,32.75298094749451,0.0
2026-03-30,IBM,Down 3-5%,Bearish,-1.5,0.5,-0.3875,0.3875,25.19153070449829,0.25
2026-03-30,IBM,Down 3-5%,Bearish,-1.5,0.5,-0.3875,0.3875,31.981680870056152,0.2
2026-03-30,IBM,Down 3-5%,Bearish,-1.5,0.5,-0.3875,0.3875,21.50562882423401,0.0
2026-03-30,INTC,Up 1-3%,Bullish,0.75,0.5,0.29375,-0.29375,3.346106767654419,0.0
2026-03-30,INTC,Up 1-3%,Bullish,0.75,0.5,0.29375,-0.29375,32.28534555435181,0.0
2026-03-30,INTC,Up 1-3%,Bullish,0.75,0.5,0.29375,-0.29375,32.23025679588318,0.0
2026-03-30,INTC,Up 1-3%,Bullish,0.75,0.5,0.29375,-0.29375,32.704896450042725,0.0
2026-03-30,INTC,Up 1-3%,Bullish,0.75,0.5,0.29375,-0.29375,32.80416512489319,0.0
2026-03-30,JNJ,Up 1-3%,Bullish,0.75,0.5,0.29375,-0.29375,31.95004916191101,0.6666666666666666
2026-03-30,JNJ,Up 1-3%,Bullish,0.75,0.5,0.29375,-0.29375,19.044498920440674,1.0
2026-03-30,JNJ,Up 1-3%,Bullish,0.75,0.5,0.29375,-0.29375,20.983038425445557,1.0
2026-03-30,JNJ,Up 1-3%,Bullish,0.75,0.5,0.29375,-0.29375,24.228748083114624,1.0
2026-03-30,JNJ,Up 1-3%,Bullish,0.75,0.5,0.29375,-0.29375,26.41853952407837,1.0
2026-03-30,JPM,Up 1-3%,Bullish,0.75,0.5,0.29375,-0.29375,32.50854015350342,0.0
2026-03-30,JPM,Up 1-3%,Bullish,0.75,0.5,0.29375,-0.29375,3.2813916206359863,0.0
2026-03-30,JPM,Up 1-3%,Bullish,0.75,0.5,0.29375,-0.29375,3.3081369400024414,0.0
2026-03-30,JPM,Up 1-3%,Bullish,0.75,0.5,0.29375,-0.29375,31.859161615371704,0.0
2026-03-30,JPM,Up 1-3%,Bullish,0.75,0.5,0.29375,-0.29375,32.386611223220825,0.0
2026-03-30,KO,Up 1-3%,Bullish,0.75,0.5,0.29375,-0.29375,19.552690982818604,0.5
2026-03-30,KO,Up 1-3%,Bullish,0.75,0.5,0.29375,-0.29375,13.3046875,0.0
2026-03-30,KO,Up 1-3%,Bullish,0.75,0.5,0.29375,-0.29375,32.987889528274536,0.0
2026-03-30,KO,Up 1-3%,Bullish,0.75,0.5,0.29375,-0.29375,26.95501470565796,1.0
2026-03-30,KO,Up 3-5%,Bullish,1.5,0.5,0.3875,-0.3875,31.81166982650757,0.8333333333333334
2026-03-30,MCD,Up 1-3%,Bullish,0.75,0.5,0.29375,-0.29375,31.73528027534485,0.0
2026-03-30,MCD,Up 1-3%,Bullish,0.75,0.5,0.29375,-0.29375,32.063759326934814,0.0
2026-03-30,MCD,Up 1-3%,Bullish,0.75,0.5,0.29375,-0.29375,32.75546216964722,0.0
2026-03-30,MCD,Up 1-3%,Bullish,0.75,0.5,0.29375,-0.29375,27.77743625640869,0.0
2026-03-30,MCD,Down 3-5%,Bearish,-1.5,0.5,-0.3875,0.3875,19.367071866989136,0.5
2026-03-30,MMM,Up 1-3%,Bullish,0.75,0.5,0.29375,-0.29375,32.35397934913635,0.0
2026-03-30,MMM,Up 1-3%,Bullish,0.75,0.5,0.29375,-0.29375,32.21666765213013,0.0
2026-03-30,MMM,Up 1-3%,Bullish,0.75,0.5,0.29375,-0.29375,32.27207565307617,0.0
2026-03-30,MMM,Up 1-3%,Bullish,0.75,0.5,0.29375,-0.29375,32.9564094543457,0.0
2026-03-30,MMM,Up 1-3%,Bullish,0.75,0.5,0.29375,-0.29375,32.44869637489319,0.0
2026-03-30,MRK,Up 1-3%,Bullish,0.75,0.5,0.29375,-0.29375,32.421935081481934,0.0
2026-03-30,MRK,Up 1-3%,Bullish,0.75,0.5,0.29375,-0.29375,32.623939037323,1.0
2026-03-30,MRK,Up 1-3%,Bullish,0.75,0.5,0.29375,-0.29375,32.66923904418945,1.0
2026-03-30,MRK,Up 1-3%,Bullish,0.75,0.5,0.29375,-0.29375,24.20741033554077,0.75
2026-03-30,MRK,Up 3-5%,Bullish,1.5,0.5,0.3875,-0.3875,25.333524703979492,0.6666666666666666
2026-03-30,MSFT,Up 1-3%,Bullish,0.75,0.5,0.29375,-0.29375,32.669028759002686,0.0
2026-03-30,MSFT,Neutral,Neutral,0.0,0.5,0.0,-0.0,2.5022337436676025,0.0
2026-03-30,MSFT,Neutral,Neutral,0.0,0.5,0.0,-0.0,31.96002197265625,0.0
2026-03-30,MSFT,Up 1-3%,Bullish,0.75,0.5,0.29375,-0.29375,32.04588222503662,0.0
2026-03-30,MSFT,Up 1-3%,Bullish,0.75,0.5,0.29375,-0.29375,32.18756461143494,0.0
2026-03-30,NKE,Up 3-5%,Bullish,1.5,0.5,0.3875,-0.3875,15.357188940048218,-1.0
2026-03-30,NKE,Up 3-5%,Bullish,1.5,0.5,0.3875,-0.3875,32.532278299331665,-0.3333333333333333
2026-03-30,NKE,Down 3-5%,Bearish,-1.5,0.5,-0.3875,0.3875,21.684757471084595,-0.5
2026-03-30,NKE,Down 3-5%,Bearish,-1.5,0.5,-0.3875,0.3875,22.360464811325073,-0.6923076923076923
2026-03-30,NKE,Down 3-5%,Bearish,-1.5,0.5,-0.3875,0.3875,21.11315608024597,-0.8461538461538461
2026-03-30,PG,Up 1-3%,Bullish,0.75,0.5,0.29375,-0.29375,15.091654300689697,0.0
2026-03-30,PG,Up 1-3%,Bullish,0.75,0.5,0.29375,-0.29375,32.382697105407715,0.0
2026-03-30,PG,Up 1-3%,Bullish,0.75,0.5,0.29375,-0.29375,32.34144639968872,0.0
2026-03-30,PG,Up 3-5%,Bullish,1.5,0.5,0.3875,-0.3875,18.05767011642456,1.0
2026-03-30,PG,Up 1-3%,Bullish,0.75,0.5,0.29375,-0.29375,26.434213399887085,0.4
2026-03-30,TRV,Up 1-3%,Bullish,0.75,0.5,0.29375,-0.29375,3.2665023803710938,0.0
2026-03-30,TRV,Up 1-3%,Bullish,0.75,0.5,0.29375,-0.29375,32.24191474914551,0.0
2026-03-30,TRV,Up 1-3%,Bullish,0.75,0.5,0.29375,-0.29375,3.284406900405884,0.0
2026-03-30,TRV,Up 1-3%,Bullish,0.75,0.5,0.29375,-0.29375,3.2813448905944824,0.0
2026-03-30,TRV,Up 1-3%,Bullish,0.75,0.5,0.29375,-0.29375,33.03601002693176,0.0
2026-03-30,UNH,Up 1-3%,Bullish,0.75,0.5,0.29375,-0.29375,3.3250350952148438,0.0
2026-03-30,UNH,Up 1-3%,Bullish,0.75,0.5,0.29375,-0.29375,20.122291326522827,1.0
2026-03-30,UNH,Up 1-3%,Bullish,0.75,0.5,0.29375,-0.29375,26.156070232391357,1.0
2026-03-30,UNH,Up 1-3%,Bullish,0.75,0.5,0.29375,-0.29375,18.03651237487793,0.0
2026-03-30,UNH,Up 1-3%,Bullish,0.75,0.5,0.29375,-0.29375,25.982362985610962,0.0
2026-03-30,V,Up 1-3%,Bullish,0.75,0.5,0.29375,-0.29375,32.21300435066223,0.0
2026-03-30,V,Up 1-3%,Bullish,0.75,0.5,0.29375,-0.29375,32.28509020805359,0.0
2026-03-30,V,Up 1-3%,Bullish,0.75,0.5,0.29375,-0.29375,21.95218300819397,1.0
2026-03-30,V,Up 3-5%,Bullish,1.5,0.5,0.3875,-0.3875,16.540440320968628,1.0
2026-03-30,V,Up 3-5%,Bullish,1.5,0.5,0.3875,-0.3875,19.10301446914673,0.6666666666666666
2026-03-30,VZ,Up 1-3%,Bullish,0.75,0.5,0.29375,-0.29375,19.20670223236084,0.5
2026-03-30,VZ,Up 1-3%,Bullish,0.75,0.5,0.29375,-0.29375,26.56526517868042,0.0
2026-03-30,VZ,Up 1-3%,Bullish,0.75,0.5,0.29375,-0.29375,15.674241304397583,0.0
2026-03-30,VZ,Up 1-3%,Bullish,0.75,0.5,0.29375,-0.29375,27.097102880477905,0.3333333333333333
2026-03-30,VZ,Up 1-3%,Bullish,0.75,0.5,0.29375,-0.29375,26.560664653778076,0.6666666666666666
2026-03-30,WBA,Up 1-3%,Bullish,0.75,0.5,0.29375,-0.29375,31.90921139717102,0.0
2026-03-30,WBA,Up 1-3%,Bullish,0.75,0.5,0.29375,-0.29375,32.61333608627319,0.0
2026-03-30,WBA,Up 1-3%,Bullish,0.75,0.5,0.29375,-0.29375,3.2891359329223633,0.0
2026-03-30,WBA,Up 1-3%,Bullish,0.75,0.5,0.29375,-0.29375,32.279757261276245,0.0
2026-03-30,WBA,Up 1-3%,Bullish,0.75,0.5,0.29375,-0.29375,32.323737382888794,0.0
2026-03-30,WMT,Up 1-3%,Bullish,0.75,0.5,0.29375,-0.29375,32.75240159034729,0.0
2026-03-30,WMT,Up 1-3%,Bullish,0.75,0.5,0.29375,-0.29375,32.24240684509277,0.0
2026-03-30,WMT,Up 1-3%,Bullish,0.75,0.5,0.29375,-0.29375,31.624544382095337,0.0
2026-03-30,WMT,Up 1-3%,Bullish,0.75,0.5,0.29375,-0.29375,32.71387720108032,0.0
2026-03-30,WMT,Up 1-3%,Bullish,0.75,0.5,0.29375,-0.29375,27.41996955871582,0.2857142857142857
2026-04-06,AAPL,Up 1-3%,Bullish,0.75,0.5,0.29375,-0.29375,32.39751410484314,0.0
2026-04-06,AAPL,Up 1-3%,Bullish,0.75,0.5,0.29375,-0.29375,31.948354721069336,0.0
2026-04-06,AAPL,Neutral,Neutral,0.0,0.5,0.0,-0.0,2.4923858642578125,0.0
2026-04-06,AAPL,Up 1-3%,Bullish,0.75,0.5,0.29375,-0.29375,3.336956262588501,0.0
2026-04-06,AAPL,Up 1-3%,Bullish,0.75,0.5,0.29375,-0.29375,32.91617441177368,0.0
2026-04-06,AMGN,Up 1-3%,Bullish,0.75,0.5,0.29375,-0.29375,33.164814710617065,0.0
2026-04-06,AMGN,Up 3-5%,Bullish,1.5,0.5,0.3875,-0.3875,20.419705867767334,1.0
2026-04-06,AMGN,Down 3-5%,Bearish,-1.5,0.5,-0.3875,0.3875,15.37682318687439,1.0
2026-04-06,AMGN,Down 3-5%,Bearish,-1.5,0.5,-0.3875,0.3875,20.082876920700073,1.0
2026-04-06,AMGN,Down 1-3%,Bearish,-0.75,0.5,-0.29375,0.29375,24.65189552307129,1.0
2026-04-06,AXP,Up 1-3%,Bullish,0.75,0.5,0.29375,-0.29375,26.43208074569702,1.0
2026-04-06,AXP,Up 1-3%,Bullish,0.75,0.5,0.29375,-0.29375,13.982174634933472,1.0
2026-04-06,AXP,Up 1-3%,Bullish,0.75,0.5,0.29375,-0.29375,15.700809240341187,1.0
2026-04-06,AXP,Up 3-5%,Bullish,1.5,0.5,0.3875,-0.3875,20.35908031463623,1.0
2026-04-06,AXP,Up 1-3%,Bullish,0.75,0.5,0.29375,-0.29375,15.554044246673584,1.0
2026-04-06,BA,Up 3-5%,Bullish,1.5,0.5,0.3875,-0.3875,24.19907259941101,0.0
2026-04-06,BA,Up 3-5%,Bullish,1.5,0.5,0.3875,-0.3875,18.851064205169678,0.25
2026-04-06,BA,Up 1-3%,Bullish,0.75,0.5,0.29375,-0.29375,16.12929677963257,-0.2
2026-04-06,BA,Up 3-5%,Bullish,1.5,0.5,0.3875,-0.3875,26.36760425567627,0.0
2026-04-06,BA,Up 1-3%,Bullish,0.75,0.5,0.29375,-0.29375,18.37839674949646,-0.3333333333333333
2026-04-06,CAT,Up 1-3%,Bullish,0.75,0.5,0.29375,-0.29375,32.98468494415283,0.0
2026-04-06,CAT,Up 3-5%,Bullish,1.5,0.5,0.3875,-0.3875,30.299279928207397,1.0
2026-04-06,CAT,Down 3-5%,Bearish,-1.5,0.5,-0.3875,0.3875,21.13045835494995,1.0
2026-04-06,CAT,Up 1-3%,Bullish,0.75,0.5,0.29375,-0.29375,26.43549418449402,1.0
2026-04-06,CAT,Up 3-5%,Bullish,1.5,0.5,0.3875,-0.3875,25.43205976486206,1.0
2026-04-06,CRM,Up 3-5%,Bullish,1.5,0.5,0.3875,-0.3875,16.621365785598755,-0.5
2026-04-06,CRM,Down 3-5%,Bearish,-1.5,0.5,-0.3875,0.3875,32.4178032875061,0.0
2026-04-06,CRM,Up 1-3%,Bullish,0.75,0.5,0.29375,-0.29375,32.42122507095337,-0.25
2026-04-06,CRM,Up 3-5%,Bullish,1.5,0.5,0.3875,-0.3875,32.809184074401855,0.0
2026-04-06,CRM,Up 3-5%,Bullish,1.5,0.5,0.3875,-0.3875,32.71272087097168,0.0
2026-04-06,CSCO,Up 1-3%,Bullish,0.75,0.5,0.29375,-0.29375,18.609381437301636,0.0
2026-04-06,CSCO,Up 1-3%,Bullish,0.75,0.5,0.29375,-0.29375,32.46398091316223,0.5
2026-04-06,CSCO,Up 1-3%,Bullish,0.75,0.5,0.29375,-0.29375,22.819667100906372,0.5
2026-04-06,CSCO,Up 1-3%,Bullish,0.75,0.5,0.29375,-0.29375,32.653401374816895,0.3333333333333333
2026-04-06,CSCO,Up 1-3%,Bullish,0.75,0.5,0.29375,-0.29375,32.1842303276062,0.0
2026-04-06,CVX,Up 1-3%,Bullish,0.75,0.5,0.29375,-0.29375,3.2971508502960205,0.0
2026-04-06,CVX,Up 1-3%,Bullish,0.75,0.5,0.29375,-0.29375,3.2296996116638184,0.0
2026-04-06,CVX,Neutral,Neutral,0.0,0.5,0.0,-0.0,2.465298891067505,0.0
2026-04-06,CVX,Up 1-3%,Bullish,0.75,0.5,0.29375,-0.29375,26.61786437034607,0.0
2026-04-06,CVX,Up 3-5%,Bullish,1.5,0.5,0.3875,-0.3875,25.274724006652832,0.3333333333333333
2026-04-06,DIS,Up 3-5%,Bullish,1.5,0.5,0.3875,-0.3875,23.654738187789917,1.0
2026-04-06,DIS,Up 3-5%,Bullish,1.5,0.5,0.3875,-0.3875,23.947745084762573,1.0
2026-04-06,DIS,Up 3-5%,Bullish,1.5,0.5,0.3875,-0.3875,15.761034727096558,1.0
2026-04-06,DIS,Up 1-3%,Bullish,0.75,0.5,0.29375,-0.29375,24.462509393692017,1.0
2026-04-06,DIS,Up 1-3%,Bullish,0.75,0.5,0.29375,-0.29375,23.420169591903687,1.0
2026-04-06,DOW,Up 1-3%,Bullish,0.75,0.5,0.29375,-0.29375,32.95702910423279,0.0
2026-04-06,DOW,Up 1-3%,Bullish,0.75,0.5,0.29375,-0.29375,32.50981402397156,0.0
2026-04-06,DOW,Up 1-3%,Bullish,0.75,0.5,0.29375,-0.29375,32.25733399391174,0.0
2026-04-06,DOW,Up 1-3%,Bullish,0.75,0.5,0.29375,-0.29375,32.138731956481934,0.0
2026-04-06,DOW,Up 1-3%,Bullish,0.75,0.5,0.29375,-0.29375,14.589597702026367,1.0
2026-04-06,GS,Up 1-3%,Bullish,0.75,0.5,0.29375,-0.29375,32.58307909965515,0.25
2026-04-06,GS,Up 3-5%,Bullish,1.5,0.5,0.3875,-0.3875,21.001379251480103,0.2857142857142857
2026-04-06,GS,Up 3-5%,Bullish,1.5,0.5,0.3875,-0.3875,31.068098306655884,0.5714285714285714
2026-04-06,GS,Up 1-3%,Bullish,0.75,0.5,0.29375,-0.29375,22.870725870132446,0.3
2026-04-06,GS,Up 1-3%,Bullish,0.75,0.5,0.29375,-0.29375,28.64460039138794,0.25
2026-04-06,HD,Up 1-3%,Bullish,0.75,0.5,0.29375,-0.29375,32.24689269065857,0.0
2026-04-06,HD,Up 1-3%,Bullish,0.75,0.5,0.29375,-0.29375,15.591607809066772,1.0
2026-04-06,HD,Up 1-3%,Bullish,0.75,0.5,0.29375,-0.29375,15.521388292312622,1.0
2026-04-06,HD,Up 1-3%,Bullish,0.75,0.5,0.29375,-0.29375,17.311575889587402,0.3333333333333333
2026-04-06,HD,Up 1-3%,Bullish,0.75,0.5,0.29375,-0.29375,30.038031101226807,0.2
2026-04-06,HON,Up 1-3%,Bullish,0.75,0.5,0.29375,-0.29375,32.205787897109985,0.0
2026-04-06,HON,Up 1-3%,Bullish,0.75,0.5,0.29375,-0.29375,30.41412878036499,1.0
2026-04-06,HON,Up 1-3%,Bullish,0.75,0.5,0.29375,-0.29375,32.02785658836365,1.0
2026-04-06,HON,Up 1-3%,Bullish,0.75,0.5,0.29375,-0.29375,24.281933546066284,1.0
2026-04-06,HON,Up 1-3%,Bullish,0.75,0.5,0.29375,-0.29375,3.3863699436187744,0.0
2026-04-06,IBM,Up 3-5%,Bullish,1.5,0.5,0.3875,-0.3875,21.03865361213684,1.0
2026-04-06,IBM,Up 1-3%,Bullish,0.75,0.5,0.29375,-0.29375,21.573173999786377,1.0
2026-04-06,IBM,Up 1-3%,Bullish,0.75,0.5,0.29375,-0.29375,14.966759443283081,0.6666666666666666
2026-04-06,IBM,Up 1-3%,Bullish,0.75,0.5,0.29375,-0.29375,12.946736335754395,0.6666666666666666
2026-04-06,IBM,Up 1-3%,Bullish,0.75,0.5,0.29375,-0.29375,20.454680919647217,0.0
2026-04-06,INTC,Up 1-3%,Bullish,0.75,0.5,0.29375,-0.29375,32.69567131996155,0.0
2026-04-06,INTC,Up 1-3%,Bullish,0.75,0.5,0.29375,-0.29375,32.06725263595581,0.0
2026-04-06,INTC,Up 1-3%,Bullish,0.75,0.5,0.29375,-0.29375,32.25856065750122,0.0
2026-04-06,INTC,Up 1-3%,Bullish,0.75,0.5,0.29375,-0.29375,32.24142909049988,0.0
2026-04-06,INTC,Up 1-3%,Bullish,0.75,0.5,0.29375,-0.29375,33.195770263671875,0.0
2026-04-06,JNJ,Up 1-3%,Bullish,0.75,0.5,0.29375,-0.29375,32.35736131668091,1.0
2026-04-06,JNJ,Up 3-5%,Bullish,1.5,0.5,0.3875,-0.3875,29.674662828445435,1.0
2026-04-06,JNJ,Down 3-5%,Bearish,-1.5,0.5,-0.3875,0.3875,26.068257808685303,1.0
2026-04-06,JNJ,Down 3-5%,Bearish,-1.5,0.5,-0.3875,0.3875,22.7614324092865,1.0
2026-04-06,JNJ,Down 3-5%,Bearish,-1.5,0.5,-0.3875,0.3875,26.11746883392334,1.0
2026-04-06,JPM,Up 1-3%,Bullish,0.75,0.5,0.29375,-0.29375,32.242525815963745,0.0
2026-04-06,JPM,Up 1-3%,Bullish,0.75,0.5,0.29375,-0.29375,32.181516885757446,0.0
2026-04-06,JPM,Up 1-3%,Bullish,0.75,0.5,0.29375,-0.29375,31.820786952972412,0.0
2026-04-06,JPM,Up 1-3%,Bullish,0.75,0.5,0.29375,-0.29375,32.070220708847046,0.0
2026-04-06,JPM,Up 3-5%,Bullish,1.5,0.5,0.3875,-0.3875,31.951765775680542,0.5
2026-04-06,KO,Up 3-5%,Bullish,1.5,0.5,0.3875,-0.3875,32.11184644699097,1.0
2026-04-06,KO,Up 3-5%,Bullish,1.5,0.5,0.3875,-0.3875,27.636000871658325,1.0
2026-04-06,KO,Up 3-5%,Bullish,1.5,0.5,0.3875,-0.3875,13.105196475982666,1.0
2026-04-06,KO,Up 3-5%,Bullish,1.5,0.5,0.3875,-0.3875,23.656439304351807,1.0
2026-04-06,KO,Up 3-5%,Bullish,1.5,0.5,0.3875,-0.3875,24.95227575302124,1.0
2026-04-06,MCD,Up 3-5%,Bullish,1.5,0.5,0.3875,-0.3875,19.8931622505188,0.5
2026-04-06,MCD,Up 3-5%,Bullish,1.5,0.5,0.3875,-0.3875,18.096598863601685,0.5
2026-04-06,MCD,Up 3-5%,Bullish,1.5,0.5,0.3875,-0.3875,12.31681752204895,0.0
2026-04-06,MCD,Neutral,Neutral,0.0,0.5,0.0,-0.0,2.4609858989715576,0.0
2026-04-06,MCD,Up 1-3%,Bullish,0.75,0.5,0.29375,-0.29375,32.73423504829407,0.0
2026-04-06,MMM,Up 1-3%,Bullish,0.75,0.5,0.29375,-0.29375,32.3238480091095,0.0
2026-04-06,MMM,Up 1-3%,Bullish,0.75,0.5,0.29375,-0.29375,32.38745427131653,0.0
2026-04-06,MMM,Up 1-3%,Bullish,0.75,0.5,0.29375,-0.29375,3.2368640899658203,0.0
2026-04-06,MMM,Up 1-3%,Bullish,0.75,0.5,0.29375,-0.29375,32.82528519630432,0.0
2026-04-06,MMM,Up 1-3%,Bullish,0.75,0.5,0.29375,-0.29375,32.41940259933472,0.0
2026-04-06,MRK,Up 1-3%,Bullish,0.75,0.5,0.29375,-0.29375,32.24326729774475,0.0
2026-04-06,MRK,Up 1-3%,Bullish,0.75,0.5,0.29375,-0.29375,32.32397508621216,0.0
2026-04-06,MRK,Down 3-5%,Bearish,-1.5,0.5,-0.3875,0.3875,27.94346857070923,-0.3333333333333333
2026-04-06,MRK,Down 3-5%,Bearish,-1.5,0.5,-0.3875,0.3875,27.79237723350525,-0.3333333333333333
2026-04-06,MRK,Down 3-5%,Bearish,-1.5,0.5,-0.3875,0.3875,29.501675128936768,-0.3333333333333333
2026-04-06,MSFT,Up 1-3%,Bullish,0.75,0.5,0.29375,-0.29375,31.633642435073853,0.0
2026-04-06,MSFT,Neutral,Neutral,0.0,0.5,0.0,-0.0,2.54113507270813,0.0
2026-04-06,MSFT,Neutral,Neutral,0.0,0.5,0.0,-0.0,2.43943190574646,0.0
2026-04-06,MSFT,Neutral,Neutral,0.0,0.5,0.0,-0.0,2.475338935852051,0.0
2026-04-06,MSFT,Up 1-3%,Bullish,0.75,0.5,0.29375,-0.29375,33.18398118019104,0.0
2026-04-06,NKE,Down 3-5%,Bearish,-1.5,0.5,-0.3875,0.3875,29.90707039833069,-1.0
2026-04-06,NKE,Down 3-5%,Bearish,-1.5,0.5,-0.3875,0.3875,32.13613200187683,-1.0
2026-04-06,NKE,Down 3-5%,Bearish,-1.5,0.5,-0.3875,0.3875,25.890866994857788,-1.0
2026-04-06,NKE,Down 3-5%,Bearish,-1.5,0.5,-0.3875,0.3875,24.85089683532715,-1.0
2026-04-06,NKE,Down 3-5%,Bearish,-1.5,0.5,-0.3875,0.3875,23.66315531730652,-1.0
2026-04-06,PG,Up 1-3%,Bullish,0.75,0.5,0.29375,-0.29375,24.320117950439453,1.0
2026-04-06,PG,Up 1-3%,Bullish,0.75,0.5,0.29375,-0.29375,23.074589490890503,1.0
2026-04-06,PG,Up 1-3%,Bullish,0.75,0.5,0.29375,-0.29375,32.25270318984985,1.0
2026-04-06,PG,Up 1-3%,Bullish,0.75,0.5,0.29375,-0.29375,32.23513221740723,0.0
2026-04-06,PG,Up 3-5%,Bullish,1.5,0.5,0.3875,-0.3875,21.346317291259766,1.0
2026-04-06,TRV,Up 1-3%,Bullish,0.75,0.5,0.29375,-0.29375,22.08128786087036,1.0
2026-04-06,TRV,Up 1-3%,Bullish,0.75,0.5,0.29375,-0.29375,31.891656398773193,0.0
2026-04-06,TRV,Up 1-3%,Bullish,0.75,0.5,0.29375,-0.29375,3.3125898838043213,0.0
2026-04-06,TRV,Up 1-3%,Bullish,0.75,0.5,0.29375,-0.29375,32.83235836029053,0.0
2026-04-06,TRV,Up 1-3%,Bullish,0.75,0.5,0.29375,-0.29375,22.105395793914795,1.0
2026-04-06,UNH,Up 3-5%,Bullish,1.5,0.5,0.3875,-0.3875,25.73197603225708,1.0
2026-04-06,UNH,Up 1-3%,Bullish,0.75,0.5,0.29375,-0.29375,22.920918464660645,1.0
2026-04-06,UNH,Up 3-5%,Bullish,1.5,0.5,0.3875,-0.3875,32.22004532814026,1.0
2026-04-06,UNH,Up 1-3%,Bullish,0.75,0.5,0.29375,-0.29375,32.41174602508545,1.0
2026-04-06,UNH,Up 3-5%,Bullish,1.5,0.5,0.3875,-0.3875,23.425047636032104,1.0
2026-04-06,V,Down 3-5%,Bearish,-1.5,0.5,-0.3875,0.3875,31.94818353652954,1.0
2026-04-06,V,Up 1-3%,Bullish,0.75,0.5,0.29375,-0.29375,28.139081716537476,1.0
2026-04-06,V,Up 1-3%,Bullish,0.75,0.5,0.29375,-0.29375,20.5595760345459,1.0
2026-04-06,V,Up 1-3%,Bullish,0.75,0.5,0.29375,-0.29375,23.58640432357788,1.0
2026-04-06,V,Up 3-5%,Bullish,1.5,0.5,0.3875,-0.3875,33.51809906959534,1.0
2026-04-06,VZ,Up 1-3%,Bullish,0.75,0.5,0.29375,-0.29375,31.65449833869934,0.0
2026-04-06,VZ,Up 1-3%,Bullish,0.75,0.5,0.29375,-0.29375,32.235278606414795,0.0
2026-04-06,VZ,Up 1-3%,Bullish,0.75,0.5,0.29375,-0.29375,32.88935875892639,0.0
2026-04-06,VZ,Up 1-3%,Bullish,0.75,0.5,0.29375,-0.29375,3.2637712955474854,0.0
2026-04-06,VZ,Up 1-3%,Bullish,0.75,0.5,0.29375,-0.29375,32.888283014297485,0.0
2026-04-06,WBA,Up 1-3%,Bullish,0.75,0.5,0.29375,-0.29375,32.81004357337952,0.0
2026-04-06,WBA,Up 1-3%,Bullish,0.75,0.5,0.29375,-0.29375,3.3168094158172607,0.0
2026-04-06,WBA,Up 1-3%,Bullish,0.75,0.5,0.29375,-0.29375,3.2591755390167236,0.0
2026-04-06,WBA,Up 1-3%,Bullish,0.75,0.5,0.29375,-0.29375,3.2515389919281006,0.0
2026-04-06,WBA,Up 1-3%,Bullish,0.75,0.5,0.29375,-0.29375,33.530426263809204,0.0
2026-04-06,WMT,Up 1-3%,Bullish,0.75,0.5,0.29375,-0.29375,32.3060142993927,0.75
2026-04-06,WMT,Up 1-3%,Bullish,0.75,0.5,0.29375,-0.29375,25.885174036026,0.1666666666666666
2026-04-06,WMT,Up 1-3%,Bullish,0.75,0.5,0.29375,-0.29375,32.35254764556885,0.125
2026-04-06,WMT,Down 3-5%,Bearish,-1.5,0.5,-0.3875,0.3875,27.77570104598999,0.1
2026-04-06,WMT,Up 1-3%,Bullish,0.75,0.5,0.29375,-0.29375,33.734946489334106,0.5
2026-04-13,AAPL,Up 1-3%,Bullish,0.75,0.5,0.29375,-0.29375,33.292460441589355,0.0
2026-04-13,AAPL,Up 1-3%,Bullish,0.75,0.5,0.29375,-0.29375,3.4094300270080566,0.0
2026-04-13,AAPL,Up 1-3%,Bullish,0.75,0.5,0.29375,-0.29375,3.3210723400115967,0.0
2026-04-13,AAPL,Up 1-3%,Bullish,0.75,0.5,0.29375,-0.29375,3.3347227573394775,0.0
2026-04-13,AAPL,Up 1-3%,Bullish,0.75,0.5,0.29375,-0.29375,3.319528818130493,0.0
2026-04-13,AMGN,Up 3-5%,Bullish,1.5,0.5,0.3875,-0.3875,21.52709174156189,1.0
2026-04-13,AMGN,Up 1-3%,Bullish,0.75,0.5,0.29375,-0.29375,25.919249534606934,1.0
2026-04-13,AMGN,Up 1-3%,Bullish,0.75,0.5,0.29375,-0.29375,20.143672704696655,1.0
2026-04-13,AMGN,Up 1-3%,Bullish,0.75,0.5,0.29375,-0.29375,25.10076642036438,1.0
2026-04-13,AMGN,Up 1-3%,Bullish,0.75,0.5,0.29375,-0.29375,32.94047474861145,0.0
2026-04-13,AXP,Up 3-5%,Bullish,1.5,0.5,0.3875,-0.3875,19.256305932998657,1.0
2026-04-13,AXP,Up 1-3%,Bullish,0.75,0.5,0.29375,-0.29375,18.25222682952881,1.0
2026-04-13,AXP,Up 1-3%,Bullish,0.75,0.5,0.29375,-0.29375,23.723790407180786,0.75
2026-04-13,AXP,Up 3-5%,Bullish,1.5,0.5,0.3875,-0.3875,19.52977466583252,0.5
2026-04-13,AXP,Up 1-3%,Bullish,0.75,0.5,0.29375,-0.29375,25.790201663970947,0.75
2026-04-13,BA,Up 1-3%,Bullish,0.75,0.5,0.29375,-0.29375,19.418301820755005,0.0
2026-04-13,BA,Up 1-3%,Bullish,0.75,0.5,0.29375,-0.29375,19.38754940032959,0.0
2026-04-13,BA,Up 1-3%,Bullish,0.75,0.5,0.29375,-0.29375,32.83280897140503,0.0
2026-04-13,BA,Up 1-3%,Bullish,0.75,0.5,0.29375,-0.29375,25.118660926818848,1.0
2026-04-13,BA,Up 1-3%,Bullish,0.75,0.5,0.29375,-0.29375,22.82299304008484,1.0
2026-04-13,CAT,Up 3-5%,Bullish,1.5,0.5,0.3875,-0.3875,12.583768606185913,1.0
2026-04-13,CAT,Up 3-5%,Bullish,1.5,0.5,0.3875,-0.3875,11.996591091156006,1.0
2026-04-13,CAT,Neutral,Neutral,0.0,0.5,0.0,-0.0,2.5142557621002197,0.0
2026-04-13,CAT,Up 1-3%,Bullish,0.75,0.5,0.29375,-0.29375,33.009867906570435,-0.5
2026-04-13,CAT,Up 3-5%,Bullish,1.5,0.5,0.3875,-0.3875,23.996960163116455,-0.5
2026-04-13,CRM,Up 3-5%,Bullish,1.5,0.5,0.3875,-0.3875,7.928344964981079,-1.0
2026-04-13,CRM,Up 3-5%,Bullish,1.5,0.5,0.3875,-0.3875,12.01736831665039,0.3333333333333333
2026-04-13,CRM,Up 3-5%,Bullish,1.5,0.5,0.3875,-0.3875,17.032925844192505,0.0
2026-04-13,CRM,Up 3-5%,Bullish,1.5,0.5,0.3875,-0.3875,32.607314348220825,0.25
2026-04-13,CRM,Up 1-3%,Bullish,0.75,0.5,0.29375,-0.29375,25.56277561187744,0.0
2026-04-13,CSCO,Up 1-3%,Bullish,0.75,0.5,0.29375,-0.29375,18.700358152389526,0.0
2026-04-13,CSCO,Up 1-3%,Bullish,0.75,0.5,0.29375,-0.29375,14.252968549728394,0.5
2026-04-13,CSCO,Up 1-3%,Bullish,0.75,0.5,0.29375,-0.29375,16.496320486068726,0.5
2026-04-13,CSCO,Up 1-3%,Bullish,0.75,0.5,0.29375,-0.29375,14.374098300933838,0.5
2026-04-13,CSCO,Up 3-5%,Bullish,1.5,0.5,0.3875,-0.3875,12.78450345993042,1.0
2026-04-13,CVX,Up 1-3%,Bullish,0.75,0.5,0.29375,-0.29375,14.662180662155151,1.0
2026-04-13,CVX,Up 1-3%,Bullish,0.75,0.5,0.29375,-0.29375,22.548871755599976,1.0
2026-04-13,CVX,Up 1-3%,Bullish,0.75,0.5,0.29375,-0.29375,32.86553144454956,0.8888888888888888
2026-04-13,CVX,Up 1-3%,Bullish,0.75,0.5,0.29375,-0.29375,30.70384645462036,0.8888888888888888
2026-04-13,CVX,Up 3-5%,Bullish,1.5,0.5,0.3875,-0.3875,32.93091821670532,0.8571428571428571
2026-04-13,DIS,Down 3-5%,Bearish,-1.5,0.5,-0.3875,0.3875,15.419101238250732,0.5
2026-04-13,DIS,Up 3-5%,Bullish,1.5,0.5,0.3875,-0.3875,21.825590133666992,0.3333333333333333
2026-04-13,DIS,Up 3-5%,Bullish,1.5,0.5,0.3875,-0.3875,33.21855688095093,0.5
2026-04-13,DIS,Down 3-5%,Bearish,-1.5,0.5,-0.3875,0.3875,24.573678255081177,0.0
2026-04-13,DIS,Down 3-5%,Bearish,-1.5,0.5,-0.3875,0.3875,22.722907066345215,0.0
2026-04-13,DOW,Up 1-3%,Bullish,0.75,0.5,0.29375,-0.29375,29.29008197784424,0.0
2026-04-13,DOW,Up 1-3%,Bullish,0.75,0.5,0.29375,-0.29375,21.12283730506897,0.0
2026-04-13,DOW,Up 1-3%,Bullish,0.75,0.5,0.29375,-0.29375,23.095212936401367,0.0
2026-04-13,DOW,Up 1-3%,Bullish,0.75,0.5,0.29375,-0.29375,3.3696634769439697,0.0
2026-04-13,DOW,Up 1-3%,Bullish,0.75,0.5,0.29375,-0.29375,3.33174467086792,0.0
2026-04-13,GS,Up 1-3%,Bullish,0.75,0.5,0.29375,-0.29375,33.269315004348755,0.3333333333333333
2026-04-13,GS,Up 1-3%,Bullish,0.75,0.5,0.29375,-0.29375,22.589202642440796,0.1111111111111111
2026-04-13,GS,Up 1-3%,Bullish,0.75,0.5,0.29375,-0.29375,26.301206827163696,0.3333333333333333
2026-04-13,GS,Up 3-5%,Bullish,1.5,0.5,0.3875,-0.3875,23.745909690856934,0.2307692307692307
2026-04-13,GS,Up 1-3%,Bullish,0.75,0.5,0.29375,-0.29375,18.395597457885742,0.6666666666666666
2026-04-13,HD,Neutral,Neutral,0.0,0.5,0.0,-0.0,2.5669803619384766,0.0
2026-04-13,HD,Up 1-3%,Bullish,0.75,0.5,0.29375,-0.29375,33.08242321014404,0.0
2026-04-13,HD,Up 1-3%,Bullish,0.75,0.5,0.29375,-0.29375,33.37068152427673,0.0
2026-04-13,HD,Up 1-3%,Bullish,0.75,0.5,0.29375,-0.29375,3.3899199962615967,0.0
2026-04-13,HD,Up 1-3%,Bullish,0.75,0.5,0.29375,-0.29375,3.4033164978027344,0.0
2026-04-13,HON,Up 1-3%,Bullish,0.75,0.5,0.29375,-0.29375,3.3612070083618164,0.0
2026-04-13,HON,Up 1-3%,Bullish,0.75,0.5,0.29375,-0.29375,32.562915563583374,0.0
2026-04-13,HON,Up 1-3%,Bullish,0.75,0.5,0.29375,-0.29375,33.07509517669678,0.0
2026-04-13,HON,Up 3-5%,Bullish,1.5,0.5,0.3875,-0.3875,21.486976146697998,1.0
2026-04-13,HON,Up 3-5%,Bullish,1.5,0.5,0.3875,-0.3875,31.1366925239563,1.0
2026-04-13,IBM,Up 3-5%,Bullish,1.5,0.5,0.3875,-0.3875,16.525543451309204,1.0
2026-04-13,IBM,Up 3-5%,Bullish,1.5,0.5,0.3875,-0.3875,16.770716667175293,1.0
2026-04-13,IBM,Down 3-5%,Bearish,-1.5,0.5,-0.3875,0.3875,29.500865936279297,1.0
2026-04-13,IBM,Up 3-5%,Bullish,1.5,0.5,0.3875,-0.3875,23.19747257232666,1.0
2026-04-13,IBM,Up 1-3%,Bullish,0.75,0.5,0.29375,-0.29375,28.615851640701294,1.0
2026-04-13,INTC,Up 1-3%,Bullish,0.75,0.5,0.29375,-0.29375,33.31805181503296,0.0
2026-04-13,INTC,Up 1-3%,Bullish,0.75,0.5,0.29375,-0.29375,33.34422278404236,0.0
2026-04-13,INTC,Up 1-3%,Bullish,0.75,0.5,0.29375,-0.29375,33.32920742034912,0.0
2026-04-13,INTC,Up 1-3%,Bullish,0.75,0.5,0.29375,-0.29375,3.332475185394287,0.0
2026-04-13,INTC,Up 1-3%,Bullish,0.75,0.5,0.29375,-0.29375,32.780826568603516,0.0
2026-04-13,JNJ,Up 3-5%,Bullish,1.5,0.5,0.3875,-0.3875,14.727872610092163,0.4
2026-04-13,JNJ,Up 1-3%,Bullish,0.75,0.5,0.29375,-0.29375,28.31796622276306,0.0
2026-04-13,JNJ,Up 1-3%,Bullish,0.75,0.5,0.29375,-0.29375,18.43411636352539,-0.125
2026-04-13,JNJ,Up 1-3%,Bullish,0.75,0.5,0.29375,-0.29375,15.8792724609375,0.1428571428571428
2026-04-13,JNJ,Up 3-5%,Bullish,1.5,0.5,0.3875,-0.3875,21.597830295562744,0.4444444444444444
2026-04-13,JPM,Up 1-3%,Bullish,0.75,0.5,0.29375,-0.29375,31.46344780921936,0.0
2026-04-13,JPM,Up 1-3%,Bullish,0.75,0.5,0.29375,-0.29375,17.078943014144897,-0.1111111111111111
2026-04-13,JPM,Up 1-3%,Bullish,0.75,0.5,0.29375,-0.29375,21.323509454727173,0.1875
2026-04-13,JPM,Up 3-5%,Bullish,1.5,0.5,0.3875,-0.3875,20.79351496696472,0.1111111111111111
2026-04-13,JPM,Up 1-3%,Bullish,0.75,0.5,0.29375,-0.29375,27.856523990631104,0.3846153846153846
2026-04-13,KO,Up 1-3%,Bullish,0.75,0.5,0.29375,-0.29375,33.697121381759644,0.6666666666666666
2026-04-13,KO,Up 1-3%,Bullish,0.75,0.5,0.29375,-0.29375,19.806251764297485,0.75
2026-04-13,KO,Up 1-3%,Bullish,0.75,0.5,0.29375,-0.29375,33.336559772491455,0.6666666666666666
2026-04-13,KO,Up 1-3%,Bullish,0.75,0.5,0.29375,-0.29375,23.319370985031128,0.8
2026-04-13,KO,Up 1-3%,Bullish,0.75,0.5,0.29375,-0.29375,33.209575176239014,0.75
2026-04-13,MCD,Up 1-3%,Bullish,0.75,0.5,0.29375,-0.29375,14.934277296066284,1.0
2026-04-13,MCD,Up 1-3%,Bullish,0.75,0.5,0.29375,-0.29375,25.894389152526855,1.0
2026-04-13,MCD,Up 1-3%,Bullish,0.75,0.5,0.29375,-0.29375,21.6677463054657,1.0
2026-04-13,MCD,Up 3-5%,Bullish,1.5,0.5,0.3875,-0.3875,22.46075177192688,1.0
2026-04-13,MCD,Down 3-5%,Bearish,-1.5,0.5,-0.3875,0.3875,19.895848989486694,0.0
2026-04-13,MMM,Up 1-3%,Bullish,0.75,0.5,0.29375,-0.29375,33.0243501663208,0.0
2026-04-13,MMM,Up 1-3%,Bullish,0.75,0.5,0.29375,-0.29375,33.07920598983765,0.0
2026-04-13,MMM,Up 1-3%,Bullish,0.75,0.5,0.29375,-0.29375,3.3684628009796143,0.0
2026-04-13,MMM,Up 1-3%,Bullish,0.75,0.5,0.29375,-0.29375,30.30007243156433,0.0
2026-04-13,MMM,Up 3-5%,Bullish,1.5,0.5,0.3875,-0.3875,30.40779161453247,-1.0
2026-04-13,MRK,Up 3-5%,Bullish,1.5,0.5,0.3875,-0.3875,27.47332262992859,0.0
2026-04-13,MRK,Up 1-3%,Bullish,0.75,0.5,0.29375,-0.29375,31.493635416030884,0.25
2026-04-13,MRK,Up 1-3%,Bullish,0.75,0.5,0.29375,-0.29375,32.88074612617493,0.2
2026-04-13,MRK,Up 1-3%,Bullish,0.75,0.5,0.29375,-0.29375,15.346442937850952,0.1666666666666666
2026-04-13,MRK,Up 1-3%,Bullish,0.75,0.5,0.29375,-0.29375,21.698291301727295,0.3333333333333333
2026-04-13,MSFT,Up 1-3%,Bullish,0.75,0.5,0.29375,-0.29375,33.259726762771606,0.0
2026-04-13,MSFT,Neutral,Neutral,0.0,0.5,0.0,-0.0,16.046709775924683,0.0
2026-04-13,MSFT,Up 1-3%,Bullish,0.75,0.5,0.29375,-0.29375,32.90186357498169,0.0
2026-04-13,MSFT,Up 1-3%,Bullish,0.75,0.5,0.29375,-0.29375,32.812716245651245,0.0
2026-04-13,MSFT,Up 1-3%,Bullish,0.75,0.5,0.29375,-0.29375,32.861384868621826,0.0
2026-04-13,NKE,Down 3-5%,Bearish,-1.5,0.5,-0.3875,0.3875,15.57037353515625,-0.5
2026-04-13,NKE,Down 3-5%,Bearish,-1.5,0.5,-0.3875,0.3875,13.161942481994629,0.0
2026-04-13,NKE,Up 1-3%,Bullish,0.75,0.5,0.29375,-0.29375,27.70853900909424,-0.5
2026-04-13,NKE,Down 3-5%,Bearish,-1.5,0.5,-0.3875,0.3875,25.203659296035767,-0.75
2026-04-13,NKE,Down 3-5%,Bearish,-1.5,0.5,-0.3875,0.3875,23.918564081192017,-0.75
2026-04-13,PG,Up 1-3%,Bullish,0.75,0.5,0.29375,-0.29375,22.082079887390137,0.0
2026-04-13,PG,Down 3-5%,Bearish,-1.5,0.5,-0.3875,0.3875,33.15925669670105,0.1666666666666666
2026-04-13,PG,Down 3-5%,Bearish,-1.5,0.5,-0.3875,0.3875,33.53867220878601,0.1666666666666666
2026-04-13,PG,Down 1-3%,Bearish,-0.75,0.5,-0.29375,0.29375,21.608531951904297,0.3333333333333333
2026-04-13,PG,Up 1-3%,Bullish,0.75,0.5,0.29375,-0.29375,32.541757345199585,0.0
2026-04-13,TRV,Up 1-3%,Bullish,0.75,0.5,0.29375,-0.29375,12.990049600601196,1.0
2026-04-13,TRV,Up 1-3%,Bullish,0.75,0.5,0.29375,-0.29375,3.393381118774414,0.0
2026-04-13,TRV,Up 1-3%,Bullish,0.75,0.5,0.29375,-0.29375,33.55201244354248,0.0
2026-04-13,TRV,Up 1-3%,Bullish,0.75,0.5,0.29375,-0.29375,3.362820625305176,0.0
2026-04-13,TRV,Up 1-3%,Bullish,0.75,0.5,0.29375,-0.29375,25.50106453895569,0.0
2026-04-13,UNH,Up 1-3%,Bullish,0.75,0.5,0.29375,-0.29375,21.225127935409546,1.0
2026-04-13,UNH,Up 1-3%,Bullish,0.75,0.5,0.29375,-0.29375,19.27143907546997,1.0
2026-04-13,UNH,Up 3-5%,Bullish,1.5,0.5,0.3875,-0.3875,20.207989931106567,1.0
2026-04-13,UNH,Up 1-3%,Bullish,0.75,0.5,0.29375,-0.29375,29.640181303024292,1.0
2026-04-13,UNH,Up 1-3%,Bullish,0.75,0.5,0.29375,-0.29375,33.07195997238159,0.0
2026-04-13,V,Down 3-5%,Bearish,-1.5,0.5,-0.3875,0.3875,29.750791788101196,0.75
2026-04-13,V,Down 3-5%,Bearish,-1.5,0.5,-0.3875,0.3875,33.76291465759277,0.5
2026-04-13,V,Up 3-5%,Bullish,1.5,0.5,0.3875,-0.3875,24.344506978988647,0.3333333333333333
2026-04-13,V,Up 1-3%,Bullish,0.75,0.5,0.29375,-0.29375,16.421269416809082,0.0
2026-04-13,V,Up 3-5%,Bullish,1.5,0.5,0.3875,-0.3875,16.44082999229431,0.0
2026-04-13,VZ,Up 1-3%,Bullish,0.75,0.5,0.29375,-0.29375,18.94882082939148,1.0
2026-04-13,VZ,Up 1-3%,Bullish,0.75,0.5,0.29375,-0.29375,25.658916234970093,1.0
2026-04-13,VZ,Up 1-3%,Bullish,0.75,0.5,0.29375,-0.29375,20.032503128051758,1.0
2026-04-13,VZ,Up 3-5%,Bullish,1.5,0.5,0.3875,-0.3875,21.957915544509888,0.5
2026-04-13,VZ,Up 3-5%,Bullish,1.5,0.5,0.3875,-0.3875,20.944647789001465,0.5
2026-04-13,WBA,Up 1-3%,Bullish,0.75,0.5,0.29375,-0.29375,33.33257555961609,0.0
2026-04-13,WBA,Up 1-3%,Bullish,0.75,0.5,0.29375,-0.29375,3.413254499435425,0.0
2026-04-13,WBA,Up 1-3%,Bullish,0.75,0.5,0.29375,-0.29375,32.808594942092896,0.0
2026-04-13,WBA,Up 1-3%,Bullish,0.75,0.5,0.29375,-0.29375,33.85868573188782,0.0
2026-04-13,WBA,Up 1-3%,Bullish,0.75,0.5,0.29375,-0.29375,33.57100200653076,0.0
2026-04-13,WMT,Up 1-3%,Bullish,0.75,0.5,0.29375,-0.29375,33.25402474403381,0.0
2026-04-13,WMT,Up 1-3%,Bullish,0.75,0.5,0.29375,-0.29375,27.05428409576416,0.6666666666666666
2026-04-13,WMT,Up 3-5%,Bullish,1.5,0.5,0.3875,-0.3875,25.42555332183838,0.3333333333333333
2026-04-13,WMT,Up 1-3%,Bullish,0.75,0.5,0.29375,-0.29375,17.720513105392456,0.1428571428571428
2026-04-13,WMT,Up 1-3%,Bullish,0.75,0.5,0.29375,-0.29375,21.684937953948975,-0.1666666666666666
2026-04-20,AAPL,Up 1-3%,Bullish,0.75,0.5,0.29375,-0.29375,3.3571999073028564,0.0
2026-04-20,AAPL,Up 1-3%,Bullish,0.75,0.5,0.29375,-0.29375,33.79943633079529,0.0
2026-04-20,AAPL,Up 1-3%,Bullish,0.75,0.5,0.29375,-0.29375,32.86645841598511,0.0
2026-04-20,AAPL,Up 1-3%,Bullish,0.75,0.5,0.29375,-0.29375,33.38923358917236,0.0
2026-04-20,AAPL,Up 1-3%,Bullish,0.75,0.5,0.29375,-0.29375,27.924575090408325,0.5
2026-04-20,AMGN,Up 1-3%,Bullish,0.75,0.5,0.29375,-0.29375,32.96741533279419,0.0
2026-04-20,AMGN,Up 1-3%,Bullish,0.75,0.5,0.29375,-0.29375,21.91473412513733,0.0
2026-04-20,AMGN,Up 1-3%,Bullish,0.75,0.5,0.29375,-0.29375,32.98453760147095,0.5
2026-04-20,AMGN,Up 1-3%,Bullish,0.75,0.5,0.29375,-0.29375,29.043957233428955,0.5
2026-04-20,AMGN,Up 1-3%,Bullish,0.75,0.5,0.29375,-0.29375,21.67576265335083,0.75
2026-04-20,AXP,Up 1-3%,Bullish,0.75,0.5,0.29375,-0.29375,33.80396604537964,0.0
2026-04-20,AXP,Up 1-3%,Bullish,0.75,0.5,0.29375,-0.29375,20.671262979507446,0.0
2026-04-20,AXP,Down 3-5%,Bearish,-1.5,0.5,-0.3875,0.3875,23.066684246063232,0.0
2026-04-20,AXP,Up 1-3%,Bullish,0.75,0.5,0.29375,-0.29375,30.00591492652893,0.5
2026-04-20,AXP,Up 1-3%,Bullish,0.75,0.5,0.29375,-0.29375,25.52678370475769,0.5
2026-04-20,BA,Up 1-3%,Bullish,0.75,0.5,0.29375,-0.29375,31.632341146469116,0.5
2026-04-20,BA,Down 3-5%,Bearish,-1.5,0.5,-0.3875,0.3875,13.76455807685852,-1.0
2026-04-20,BA,Up 1-3%,Bullish,0.75,0.5,0.29375,-0.29375,28.555947065353394,-0.3333333333333333
2026-04-20,BA,Up 1-3%,Bullish,0.75,0.5,0.29375,-0.29375,20.374508142471313,0.1666666666666666
2026-04-20,BA,Up 3-5%,Bullish,1.5,0.5,0.3875,-0.3875,24.842255115509033,0.625
2026-04-20,CAT,Up 1-3%,Bullish,0.75,0.5,0.29375,-0.29375,29.5996036529541,1.0
2026-04-20,CAT,Up 1-3%,Bullish,0.75,0.5,0.29375,-0.29375,3.442840099334717,0.0
2026-04-20,CAT,Neutral,Neutral,0.0,0.5,0.0,-0.0,2.5447757244110107,0.0
2026-04-20,CAT,Neutral,Neutral,0.0,0.5,0.0,-0.0,4.874829053878784,0.0
2026-04-20,CAT,Up 1-3%,Bullish,0.75,0.5,0.29375,-0.29375,32.72579336166382,0.0
2026-04-20,CRM,Up 3-5%,Bullish,1.5,0.5,0.3875,-0.3875,19.320738315582275,1.0
2026-04-20,CRM,Up 3-5%,Bullish,1.5,0.5,0.3875,-0.3875,32.73070979118347,1.0
2026-04-20,CRM,Up 3-5%,Bullish,1.5,0.5,0.3875,-0.3875,33.5446674823761,1.0
2026-04-20,CRM,Up 3-5%,Bullish,1.5,0.5,0.3875,-0.3875,14.599604606628418,1.0
2026-04-20,CRM,Up 3-5%,Bullish,1.5,0.5,0.3875,-0.3875,21.075737237930298,1.0
2026-04-20,CSCO,Up 3-5%,Bullish,1.5,0.5,0.3875,-0.3875,22.998193502426147,0.0
2026-04-20,CSCO,Up 1-3%,Bullish,0.75,0.5,0.29375,-0.29375,3.3617355823516846,0.0
2026-04-20,CSCO,Up 1-3%,Bullish,0.75,0.5,0.29375,-0.29375,32.9638032913208,0.0
2026-04-20,CSCO,Up 3-5%,Bullish,1.5,0.5,0.3875,-0.3875,25.24234676361084,1.0
2026-04-20,CSCO,Up 3-5%,Bullish,1.5,0.5,0.3875,-0.3875,25.092337608337402,1.0
2026-04-20,CVX,Up 3-5%,Bullish,1.5,0.5,0.3875,-0.3875,18.703543186187744,0.6666666666666666
2026-04-20,CVX,Up 3-5%,Bullish,1.5,0.5,0.3875,-0.3875,33.00764989852905,1.0
2026-04-20,CVX,Up 3-5%,Bullish,1.5,0.5,0.3875,-0.3875,25.27066206932068,0.8333333333333334
2026-04-20,CVX,Up 3-5%,Bullish,1.5,0.5,0.3875,-0.3875,27.35491108894348,0.8571428571428571
2026-04-20,CVX,Up 3-5%,Bullish,1.5,0.5,0.3875,-0.3875,14.059685468673706,0.7142857142857143
2026-04-20,DIS,Up 1-3%,Bullish,0.75,0.5,0.29375,-0.29375,13.281177520751953,0.0
2026-04-20,DIS,Up 1-3%,Bullish,0.75,0.5,0.29375,-0.29375,11.093347072601318,0.0
2026-04-20,DIS,Up 1-3%,Bullish,0.75,0.5,0.29375,-0.29375,32.86039352416992,0.0
2026-04-20,DIS,Up 1-3%,Bullish,0.75,0.5,0.29375,-0.29375,33.729560136795044,0.0
2026-04-20,DIS,Up 1-3%,Bullish,0.75,0.5,0.29375,-0.29375,3.4577577114105225,0.0
2026-04-20,DOW,Down 1-3%,Bearish,-0.75,0.5,-0.29375,0.29375,32.864636182785034,-0.2
2026-04-20,DOW,Down 3-5%,Bearish,-1.5,0.5,-0.3875,0.3875,26.190380096435547,-1.0
2026-04-20,DOW,Down 3-5%,Bearish,-1.5,0.5,-0.3875,0.3875,24.926371574401855,-1.0
2026-04-20,DOW,Up 1-3%,Bullish,0.75,0.5,0.29375,-0.29375,33.25470542907715,0.0
2026-04-20,DOW,Down 3-5%,Bearish,-1.5,0.5,-0.3875,0.3875,25.01186990737915,-1.0
2026-04-20,GS,Up 1-3%,Bullish,0.75,0.5,0.29375,-0.29375,18.076390027999878,0.0
2026-04-20,GS,Up 1-3%,Bullish,0.75,0.5,0.29375,-0.29375,19.19100594520569,0.4
2026-04-20,GS,Up 1-3%,Bullish,0.75,0.5,0.29375,-0.29375,26.363204956054688,0.4
2026-04-20,GS,Up 1-3%,Bullish,0.75,0.5,0.29375,-0.29375,33.1987087726593,0.4285714285714285
2026-04-20,GS,Up 1-3%,Bullish,0.75,0.5,0.29375,-0.29375,31.0556583404541,0.25
2026-04-20,HD,Up 3-5%,Bullish,1.5,0.5,0.3875,-0.3875,17.519283771514893,0.0
2026-04-20,HD,Up 3-5%,Bullish,1.5,0.5,0.3875,-0.3875,13.388556003570557,0.0
2026-04-20,HD,Up 1-3%,Bullish,0.75,0.5,0.29375,-0.29375,33.279659271240234,0.0
2026-04-20,HD,Up 1-3%,Bullish,0.75,0.5,0.29375,-0.29375,33.220149993896484,0.0
2026-04-20,HD,Up 1-3%,Bullish,0.75,0.5,0.29375,-0.29375,3.3700995445251465,0.0
2026-04-20,HON,Up 3-5%,Bullish,1.5,0.5,0.3875,-0.3875,33.43334674835205,1.0
2026-04-20,HON,Up 3-5%,Bullish,1.5,0.5,0.3875,-0.3875,31.027722597122192,1.0
2026-04-20,HON,Up 3-5%,Bullish,1.5,0.5,0.3875,-0.3875,32.42681312561035,1.0
2026-04-20,HON,Up 3-5%,Bullish,1.5,0.5,0.3875,-0.3875,32.75185298919678,1.0
2026-04-20,HON,Down 1-3%,Bearish,-0.75,0.5,-0.29375,0.29375,31.366076707839966,-0.6666666666666666
2026-04-20,IBM,Up 3-5%,Bullish,1.5,0.5,0.3875,-0.3875,23.894774675369263,1.0
2026-04-20,IBM,Up 1-3%,Bullish,0.75,0.5,0.29375,-0.29375,13.68932294845581,0.0
2026-04-20,IBM,Up 1-3%,Bullish,0.75,0.5,0.29375,-0.29375,18.80351996421814,0.0
2026-04-20,IBM,Up 1-3%,Bullish,0.75,0.5,0.29375,-0.29375,22.42261815071106,0.1666666666666666
2026-04-20,IBM,Down 3-5%,Bearish,-1.5,0.5,-0.3875,0.3875,16.40988302230835,-0.5454545454545454
2026-04-20,INTC,Up 1-3%,Bullish,0.75,0.5,0.29375,-0.29375,32.48335027694702,0.0
2026-04-20,INTC,Up 1-3%,Bullish,0.75,0.5,0.29375,-0.29375,32.70352077484131,0.0
2026-04-20,INTC,Up 1-3%,Bullish,0.75,0.5,0.29375,-0.29375,33.221853733062744,0.0
2026-04-20,INTC,Up 1-3%,Bullish,0.75,0.5,0.29375,-0.29375,3.4309945106506348,0.0
2026-04-20,INTC,Up 1-3%,Bullish,0.75,0.5,0.29375,-0.29375,21.194581508636475,0.8333333333333334
2026-04-20,JNJ,Up 3-5%,Bullish,1.5,0.5,0.3875,-0.3875,21.59760618209839,0.0
2026-04-20,JNJ,Up 1-3%,Bullish,0.75,0.5,0.29375,-0.29375,18.500356912612915,0.0
2026-04-20,JNJ,Up 1-3%,Bullish,0.75,0.5,0.29375,-0.29375,33.07046413421631,0.5
2026-04-20,JNJ,Up 1-3%,Bullish,0.75,0.5,0.29375,-0.29375,32.02827572822571,0.5714285714285714
2026-04-20,JNJ,Up 1-3%,Bullish,0.75,0.5,0.29375,-0.29375,30.184009552001953,0.8
2026-04-20,JPM,Up 3-5%,Bullish,1.5,0.5,0.3875,-0.3875,32.352388858795166,0.0
2026-04-20,JPM,Up 1-3%,Bullish,0.75,0.5,0.29375,-0.29375,12.888500452041626,0.25
2026-04-20,JPM,Up 1-3%,Bullish,0.75,0.5,0.29375,-0.29375,25.04355812072754,0.4
2026-04-20,JPM,Up 1-3%,Bullish,0.75,0.5,0.29375,-0.29375,27.45405149459839,0.5714285714285714
2026-04-20,JPM,Up 1-3%,Bullish,0.75,0.5,0.29375,-0.29375,26.53500199317932,0.6
2026-04-20,KO,Up 3-5%,Bullish,1.5,0.5,0.3875,-0.3875,22.746161699295044,0.4
2026-04-20,KO,Up 1-3%,Bullish,0.75,0.5,0.29375,-0.29375,11.872917890548706,0.25
2026-04-20,KO,Up 1-3%,Bullish,0.75,0.5,0.29375,-0.29375,25.23496985435486,0.3333333333333333
2026-04-20,KO,Up 1-3%,Bullish,0.75,0.5,0.29375,-0.29375,20.949376821517944,0.75
2026-04-20,KO,Up 1-3%,Bullish,0.75,0.5,0.29375,-0.29375,28.76455020904541,0.8
2026-04-20,MCD,Up 1-3%,Bullish,0.75,0.5,0.29375,-0.29375,3.3446199893951416,0.0
2026-04-20,MCD,Up 1-3%,Bullish,0.75,0.5,0.29375,-0.29375,3.3802332878112793,0.0
2026-04-20,MCD,Up 1-3%,Bullish,0.75,0.5,0.29375,-0.29375,32.79914593696594,0.0
2026-04-20,MCD,Up 1-3%,Bullish,0.75,0.5,0.29375,-0.29375,21.592499494552612,0.0
2026-04-20,MCD,Up 1-3%,Bullish,0.75,0.5,0.29375,-0.29375,28.610901355743408,0.0
2026-04-20,MMM,Up 1-3%,Bullish,0.75,0.5,0.29375,-0.29375,33.52769207954407,0.0
2026-04-20,MMM,Down 3-5%,Bearish,-1.5,0.5,-0.3875,0.3875,10.240631341934204,-1.0
2026-04-20,MMM,Up 1-3%,Bullish,0.75,0.5,0.29375,-0.29375,16.187243938446045,-0.3333333333333333
2026-04-20,MMM,Up 1-3%,Bullish,0.75,0.5,0.29375,-0.29375,33.262473583221436,0.0
2026-04-20,MMM,Up 1-3%,Bullish,0.75,0.5,0.29375,-0.29375,23.44676947593689,0.3333333333333333
2026-04-20,MRK,Up 1-3%,Bullish,0.75,0.5,0.29375,-0.29375,13.109457015991211,1.0
2026-04-20,MRK,Up 1-3%,Bullish,0.75,0.5,0.29375,-0.29375,31.07858657836914,1.0
2026-04-20,MRK,Down 3-5%,Bearish,-1.5,0.5,-0.3875,0.3875,32.3986611366272,0.5
2026-04-20,MRK,Down 1-3%,Bearish,-0.75,0.5,-0.29375,0.29375,29.234379768371582,0.5714285714285714
2026-04-20,MRK,Down 3-5%,Bearish,-1.5,0.5,-0.3875,0.3875,29.819138765335083,0.5
2026-04-20,MSFT,Neutral,Neutral,0.0,0.5,0.0,-0.0,2.5017757415771484,0.0
2026-04-20,MSFT,Neutral,Neutral,0.0,0.5,0.0,-0.0,2.542644500732422,0.0
2026-04-20,MSFT,Up 1-3%,Bullish,0.75,0.5,0.29375,-0.29375,3.3665823936462402,0.0
2026-04-20,MSFT,Up 1-3%,Bullish,0.75,0.5,0.29375,-0.29375,3.353010892868042,0.0
2026-04-20,MSFT,Up 1-3%,Bullish,0.75,0.5,0.29375,-0.29375,32.97935223579407,0.0
2026-04-20,NKE,Down 3-5%,Bearish,-1.5,0.5,-0.3875,0.3875,21.525104999542236,0.5
2026-04-20,NKE,Down 3-5%,Bearish,-1.5,0.5,-0.3875,0.3875,16.06364107131958,1.0
2026-04-20,NKE,Down 3-5%,Bearish,-1.5,0.5,-0.3875,0.3875,15.25878119468689,1.0
2026-04-20,NKE,Up 1-3%,Bullish,0.75,0.5,0.29375,-0.29375,33.10562610626221,0.0
2026-04-20,NKE,Down 3-5%,Bearish,-1.5,0.5,-0.3875,0.3875,26.551022052764893,-0.5
2026-04-20,PG,Up 3-5%,Bullish,1.5,0.5,0.3875,-0.3875,26.390833139419556,1.0
2026-04-20,PG,Up 3-5%,Bullish,1.5,0.5,0.3875,-0.3875,21.66429591178894,1.0
2026-04-20,PG,Up 1-3%,Bullish,0.75,0.5,0.29375,-0.29375,26.13913917541504,1.0
2026-04-20,PG,Up 1-3%,Bullish,0.75,0.5,0.29375,-0.29375,19.000566720962524,1.0
2026-04-20,PG,Up 3-5%,Bullish,1.5,0.5,0.3875,-0.3875,27.170741319656372,1.0
2026-04-20,TRV,Up 1-3%,Bullish,0.75,0.5,0.29375,-0.29375,32.25726675987244,1.0
2026-04-20,TRV,Up 1-3%,Bullish,0.75,0.5,0.29375,-0.29375,33.19647526741028,0.0
2026-04-20,TRV,Up 1-3%,Bullish,0.75,0.5,0.29375,-0.29375,3.4168407917022705,0.0
2026-04-20,TRV,Up 1-3%,Bullish,0.75,0.5,0.29375,-0.29375,3.4973433017730713,0.0
2026-04-20,TRV,Up 1-3%,Bullish,0.75,0.5,0.29375,-0.29375,33.92784357070923,0.0
2026-04-20,UNH,Up 1-3%,Bullish,0.75,0.5,0.29375,-0.29375,33.781718730926514,0.0
2026-04-20,UNH,Up 3-5%,Bullish,1.5,0.5,0.3875,-0.3875,17.690053462982178,0.0
2026-04-20,UNH,Up 1-3%,Bullish,0.75,0.5,0.29375,-0.29375,31.01043462753296,0.75
2026-04-20,UNH,Up 1-3%,Bullish,0.75,0.5,0.29375,-0.29375,33.22788119316101,0.7777777777777778
2026-04-20,UNH,Up 1-3%,Bullish,0.75,0.5,0.29375,-0.29375,22.20231604576111,1.0
2026-04-20,V,Up 3-5%,Bullish,1.5,0.5,0.3875,-0.3875,20.5975124835968,0.5
2026-04-20,V,Up 1-3%,Bullish,0.75,0.5,0.29375,-0.29375,24.294439792633057,0.0
2026-04-20,V,Up 3-5%,Bullish,1.5,0.5,0.3875,-0.3875,32.91153573989868,0.5
2026-04-20,V,Up 1-3%,Bullish,0.75,0.5,0.29375,-0.29375,29.79902195930481,1.0
2026-04-20,V,Up 1-3%,Bullish,0.75,0.5,0.29375,-0.29375,27.182554960250854,0.5
2026-04-20,VZ,Up 1-3%,Bullish,0.75,0.5,0.29375,-0.29375,33.12535285949707,1.0
2026-04-20,VZ,Up 3-5%,Bullish,1.5,0.5,0.3875,-0.3875,28.271891355514526,1.0
2026-04-20,VZ,Up 3-5%,Bullish,1.5,0.5,0.3875,-0.3875,25.75249743461609,1.0
2026-04-20,VZ,Up 1-3%,Bullish,0.75,0.5,0.29375,-0.29375,23.00826907157898,0.3333333333333333
2026-04-20,VZ,Up 1-3%,Bullish,0.75,0.5,0.29375,-0.29375,17.644185066223145,0.25
2026-04-20,WBA,Up 1-3%,Bullish,0.75,0.5,0.29375,-0.29375,33.68409442901611,0.0
2026-04-20,WBA,Up 1-3%,Bullish,0.75,0.5,0.29375,-0.29375,33.08561396598816,0.0
2026-04-20,WBA,Up 1-3%,Bullish,0.75,0.5,0.29375,-0.29375,32.87108016014099,0.0
2026-04-20,WBA,Up 1-3%,Bullish,0.75,0.5,0.29375,-0.29375,33.58985877037048,0.0
2026-04-20,WBA,Up 1-3%,Bullish,0.75,0.5,0.29375,-0.29375,33.66844177246094,0.0
2026-04-20,WMT,Up 1-3%,Bullish,0.75,0.5,0.29375,-0.29375,22.51555848121643,0.0
2026-04-20,WMT,Up 1-3%,Bullish,0.75,0.5,0.29375,-0.29375,29.41954231262207,0.3333333333333333
2026-04-20,WMT,Up 3-5%,Bullish,1.5,0.5,0.3875,-0.3875,25.48916792869568,1.0
2026-04-20,WMT,Up 1-3%,Bullish,0.75,0.5,0.29375,-0.29375,20.34447717666626,0.75
2026-04-20,WMT,Up 1-3%,Bullish,0.75,0.5,0.29375,-0.29375,17.870712757110596,0.75
2026-04-27,AAPL,Up 1-3%,Bullish,0.75,0.5,0.29375,-0.29375,33.362526416778564,0.4285714285714285
2026-04-27,AAPL,Up 1-3%,Bullish,0.75,0.5,0.29375,-0.29375,18.74881076812744,0.1666666666666666
2026-04-27,AAPL,Up 3-5%,Bullish,1.5,0.5,0.3875,-0.3875,33.24653434753418,0.1904761904761904
2026-04-27,AAPL,Up 1-3%,Bullish,0.75,0.5,0.29375,-0.29375,26.462185621261597,0.125
2026-04-27,AMGN,Up 1-3%,Bullish,0.75,0.5,0.29375,-0.29375,33.73318600654602,0.0
2026-04-27,AMGN,Up 1-3%,Bullish,0.75,0.5,0.29375,-0.29375,27.297073364257812,1.0
2026-04-27,AMGN,Up 1-3%,Bullish,0.75,0.5,0.29375,-0.29375,17.985403060913086,1.0
2026-04-27,AMGN,Up 1-3%,Bullish,0.75,0.5,0.29375,-0.29375,19.188903093338013,1.0
2026-04-27,AXP,Up 1-3%,Bullish,0.75,0.5,0.29375,-0.29375,25.038968086242676,0.0
2026-04-27,AXP,Up 1-3%,Bullish,0.75,0.5,0.29375,-0.29375,33.57295632362366,0.0
2026-04-27,AXP,Up 1-3%,Bullish,0.75,0.5,0.29375,-0.29375,23.48847532272339,0.6666666666666666
2026-04-27,AXP,Up 3-5%,Bullish,1.5,0.5,0.3875,-0.3875,26.22171378135681,0.6666666666666666
2026-04-27,BA,Up 3-5%,Bullish,1.5,0.5,0.3875,-0.3875,32.57030177116394,0.0
2026-04-27,BA,Up 1-3%,Bullish,0.75,0.5,0.29375,-0.29375,18.191736698150635,0.0
2026-04-27,BA,Down 3-5%,Bearish,-1.5,0.5,-0.3875,0.3875,17.520827054977417,-0.5
2026-04-27,BA,Up 3-5%,Bullish,1.5,0.5,0.3875,-0.3875,26.823720932006836,-0.3333333333333333
2026-04-27,CAT,Up 3-5%,Bullish,1.5,0.5,0.3875,-0.3875,21.77707028388977,0.5
2026-04-27,CAT,Neutral,Neutral,0.0,0.5,0.0,-0.0,8.226864099502563,0.0
2026-04-27,CAT,Up 1-3%,Bullish,0.75,0.5,0.29375,-0.29375,33.45526456832886,0.0
2026-04-27,CAT,Up 1-3%,Bullish,0.75,0.5,0.29375,-0.29375,32.96147656440735,0.0
2026-04-27,CRM,Up 3-5%,Bullish,1.5,0.5,0.3875,-0.3875,21.32422709465027,0.5
2026-04-27,CRM,Up 3-5%,Bullish,1.5,0.5,0.3875,-0.3875,19.04983377456665,1.0
2026-04-27,CRM,Up 3-5%,Bullish,1.5,0.5,0.3875,-0.3875,18.866943359375,1.0
2026-04-27,CRM,Up 3-5%,Bullish,1.5,0.5,0.3875,-0.3875,15.09526801109314,1.0
2026-04-27,CSCO,Up 1-3%,Bullish,0.75,0.5,0.29375,-0.29375,3.4524312019348145,0.0
2026-04-27,CSCO,Up 1-3%,Bullish,0.75,0.5,0.29375,-0.29375,3.390002965927124,0.0
2026-04-27,CSCO,Up 1-3%,Bullish,0.75,0.5,0.29375,-0.29375,3.352635622024536,0.0
2026-04-27,CSCO,Up 1-3%,Bullish,0.75,0.5,0.29375,-0.29375,32.92185974121094,0.0
2026-04-27,CVX,Up 3-5%,Bullish,1.5,0.5,0.3875,-0.3875,24.08329701423645,0.6
2026-04-27,CVX,Up 1-3%,Bullish,0.75,0.5,0.29375,-0.29375,23.606281518936157,0.8333333333333334
2026-04-27,CVX,Up 1-3%,Bullish,0.75,0.5,0.29375,-0.29375,21.374346256256104,1.0
2026-04-27,CVX,Up 3-5%,Bullish,1.5,0.5,0.3875,-0.3875,17.017618656158447,0.75
2026-04-27,DIS,Down 3-5%,Bearish,-1.5,0.5,-0.3875,0.3875,14.337886810302734,0.0
2026-04-27,DIS,Up 1-3%,Bullish,0.75,0.5,0.29375,-0.29375,33.03871035575867,0.0
2026-04-27,DIS,Up 1-3%,Bullish,0.75,0.5,0.29375,-0.29375,24.357603073120117,0.0
2026-04-27,DIS,Up 3-5%,Bullish,1.5,0.5,0.3875,-0.3875,26.114967823028564,0.5
2026-04-27,DOW,Up 1-3%,Bullish,0.75,0.5,0.29375,-0.29375,33.30417251586914,0.0
2026-04-27,DOW,Up 1-3%,Bullish,0.75,0.5,0.29375,-0.29375,3.3255062103271484,0.0
2026-04-27,DOW,Neutral,Neutral,0.0,0.5,0.0,-0.0,6.605022192001343,0.0
2026-04-27,DOW,Neutral,Neutral,0.0,0.5,0.0,-0.0,2.5605673789978027,0.0
2026-04-27,GS,Up 1-3%,Bullish,0.75,0.5,0.29375,-0.29375,23.94578266143799,0.0
2026-04-27,GS,Up 3-5%,Bullish,1.5,0.5,0.3875,-0.3875,30.843837022781372,0.25
2026-04-27,GS,Up 3-5%,Bullish,1.5,0.5,0.3875,-0.3875,30.31727433204651,0.2
2026-04-27,GS,Up 3-5%,Bullish,1.5,0.5,0.3875,-0.3875,28.24835753440857,0.2
2026-04-27,HD,Up 3-5%,Bullish,1.5,0.5,0.3875,-0.3875,25.59091877937317,0.3333333333333333
2026-04-27,HD,Up 1-3%,Bullish,0.75,0.5,0.29375,-0.29375,21.76781415939331,0.5
2026-04-27,HD,Up 1-3%,Bullish,0.75,0.5,0.29375,-0.29375,29.470693111419678,0.3333333333333333
2026-04-27,HD,Up 1-3%,Bullish,0.75,0.5,0.29375,-0.29375,24.056453704833984,0.5
2026-04-27,HON,Up 3-5%,Bullish,1.5,0.5,0.3875,-0.3875,15.768161296844482,0.0
2026-04-27,HON,Up 1-3%,Bullish,0.75,0.5,0.29375,-0.29375,25.378201484680176,1.0
2026-04-27,HON,Up 1-3%,Bullish,0.75,0.5,0.29375,-0.29375,16.491057634353638,1.0
2026-04-27,HON,Up 1-3%,Bullish,0.75,0.5,0.29375,-0.29375,25.735322952270508,1.0
2026-04-27,IBM,Up 1-3%,Bullish,0.75,0.5,0.29375,-0.29375,26.57008123397827,1.0
2026-04-27,IBM,Up 1-3%,Bullish,0.75,0.5,0.29375,-0.29375,29.868815183639526,1.0
2026-04-27,IBM,Up 1-3%,Bullish,0.75,0.5,0.29375,-0.29375,23.029183864593506,1.0
2026-04-27,IBM,Up 1-3%,Bullish,0.75,0.5,0.29375,-0.29375,28.14859962463379,1.0
2026-04-27,INTC,Up 3-5%,Bullish,1.5,0.5,0.3875,-0.3875,20.867876052856445,0.6956521739130435
2026-04-27,INTC,Up 3-5%,Bullish,1.5,0.5,0.3875,-0.3875,20.183583974838257,0.4117647058823529
2026-04-27,INTC,Up 3-5%,Bullish,1.5,0.5,0.3875,-0.3875,12.729095697402954,0.2941176470588235
2026-04-27,INTC,Up 1-3%,Bullish,0.75,0.5,0.29375,-0.29375,17.505451202392578,0.6470588235294118
2026-04-27,JNJ,Up 1-3%,Bullish,0.75,0.5,0.29375,-0.29375,28.976216077804565,0.3333333333333333
2026-04-27,JNJ,Up 1-3%,Bullish,0.75,0.5,0.29375,-0.29375,32.957051515579224,0.0
2026-04-27,JNJ,Up 1-3%,Bullish,0.75,0.5,0.29375,-0.29375,3.335296154022217,0.0
2026-04-27,JNJ,Up 1-3%,Bullish,0.75,0.5,0.29375,-0.29375,3.385345935821533,0.0
2026-04-27,JPM,Up 1-3%,Bullish,0.75,0.5,0.29375,-0.29375,32.63473463058472,0.0
2026-04-27,JPM,Up 1-3%,Bullish,0.75,0.5,0.29375,-0.29375,24.959636688232422,0.75
2026-04-27,JPM,Up 3-5%,Bullish,1.5,0.5,0.3875,-0.3875,32.41670489311218,0.5
2026-04-27,JPM,Up 1-3%,Bullish,0.75,0.5,0.29375,-0.29375,30.587690591812134,0.375
2026-04-27,KO,Up 3-5%,Bullish,1.5,0.5,0.3875,-0.3875,21.541369676589966,1.0
2026-04-27,KO,Up 1-3%,Bullish,0.75,0.5,0.29375,-0.29375,22.37318992614746,1.0
2026-04-27,KO,Up 3-5%,Bullish,1.5,0.5,0.3875,-0.3875,32.97189474105835,1.0
2026-04-27,KO,Up 3-5%,Bullish,1.5,0.5,0.3875,-0.3875,15.736806631088257,1.0
2026-04-27,MCD,Up 1-3%,Bullish,0.75,0.5,0.29375,-0.29375,32.39938974380493,0.0
2026-04-27,MCD,Up 1-3%,Bullish,0.75,0.5,0.29375,-0.29375,32.45299816131592,0.0
2026-04-27,MCD,Up 3-5%,Bullish,1.5,0.5,0.3875,-0.3875,10.304388523101807,1.0
2026-04-27,MCD,Up 3-5%,Bullish,1.5,0.5,0.3875,-0.3875,20.891759157180786,0.5
2026-04-27,MMM,Up 1-3%,Bullish,0.75,0.5,0.29375,-0.29375,33.04023885726929,0.0
2026-04-27,MMM,Up 1-3%,Bullish,0.75,0.5,0.29375,-0.29375,32.6222038269043,0.0
2026-04-27,MMM,Up 1-3%,Bullish,0.75,0.5,0.29375,-0.29375,26.856306076049805,1.0
2026-04-27,MMM,Up 3-5%,Bullish,1.5,0.5,0.3875,-0.3875,21.864210605621338,1.0
2026-04-27,MRK,Up 1-3%,Bullish,0.75,0.5,0.29375,-0.29375,25.52655863761902,1.0
2026-04-27,MRK,Up 1-3%,Bullish,0.75,0.5,0.29375,-0.29375,33.62595176696777,0.5
2026-04-27,MRK,Up 1-3%,Bullish,0.75,0.5,0.29375,-0.29375,32.24865746498108,0.6666666666666666
2026-04-27,MRK,Up 1-3%,Bullish,0.75,0.5,0.29375,-0.29375,32.714048624038696,0.6666666666666666
2026-04-27,MSFT,Up 1-3%,Bullish,0.75,0.5,0.29375,-0.29375,33.458582639694214,0.0
2026-04-27,MSFT,Up 1-3%,Bullish,0.75,0.5,0.29375,-0.29375,17.264076948165894,0.2
2026-04-27,MSFT,Up 1-3%,Bullish,0.75,0.5,0.29375,-0.29375,23.845691442489624,0.25
2026-04-27,MSFT,Up 1-3%,Bullish,0.75,0.5,0.29375,-0.29375,16.933550357818604,0.2592592592592592
2026-04-27,NKE,Down 3-5%,Bearish,-1.5,0.5,-0.3875,0.3875,11.524752378463745,-1.0
2026-04-27,NKE,Down 3-5%,Bearish,-1.5,0.5,-0.3875,0.3875,13.096292495727539,-1.0
2026-04-27,NKE,Up 1-3%,Bullish,0.75,0.5,0.29375,-0.29375,32.750304222106934,0.0
2026-04-27,NKE,Up 1-3%,Bullish,0.75,0.5,0.29375,-0.29375,3.369835138320923,0.0
2026-04-27,PG,Up 3-5%,Bullish,1.5,0.5,0.3875,-0.3875,21.388811826705933,0.0
2026-04-27,PG,Up 1-3%,Bullish,0.75,0.5,0.29375,-0.29375,32.71910285949707,0.0
2026-04-27,PG,Up 1-3%,Bullish,0.75,0.5,0.29375,-0.29375,28.194836378097534,1.0
2026-04-27,PG,Up 1-3%,Bullish,0.75,0.5,0.29375,-0.29375,31.102708339691162,0.5
2026-04-27,TRV,Up 1-3%,Bullish,0.75,0.5,0.29375,-0.29375,32.6460657119751,0.0
2026-04-27,TRV,Up 1-3%,Bullish,0.75,0.5,0.29375,-0.29375,32.71385407447815,0.0
2026-04-27,TRV,Up 1-3%,Bullish,0.75,0.5,0.29375,-0.29375,33.02273654937744,0.0
2026-04-27,TRV,Up 1-3%,Bullish,0.75,0.5,0.29375,-0.29375,3.4106221199035645,0.0
2026-04-27,UNH,Up 1-3%,Bullish,0.75,0.5,0.29375,-0.29375,32.66483449935913,0.0
2026-04-27,UNH,Up 1-3%,Bullish,0.75,0.5,0.29375,-0.29375,33.2354941368103,0.0
2026-04-27,UNH,Up 1-3%,Bullish,0.75,0.5,0.29375,-0.29375,34.06173491477966,0.0
2026-04-27,UNH,Up 1-3%,Bullish,0.75,0.5,0.29375,-0.29375,3.399022340774536,0.0
2026-04-27,V,Down 3-5%,Bearish,-1.5,0.5,-0.3875,0.3875,16.303487300872803,0.6666666666666666
2026-04-27,V,Up 3-5%,Bullish,1.5,0.5,0.3875,-0.3875,33.2323112487793,0.5
2026-04-27,V,Up 3-5%,Bullish,1.5,0.5,0.3875,-0.3875,27.905418395996094,0.75
2026-04-27,V,Up 1-3%,Bullish,0.75,0.5,0.29375,-0.29375,18.23650097846985,0.6666666666666666
2026-04-27,VZ,Up 1-3%,Bullish,0.75,0.5,0.29375,-0.29375,27.10571265220642,0.0
2026-04-27,VZ,Up 1-3%,Bullish,0.75,0.5,0.29375,-0.29375,16.726442575454712,0.5
2026-04-27,VZ,Up 3-5%,Bullish,1.5,0.5,0.3875,-0.3875,22.3348126411438,0.8
2026-04-27,VZ,Up 1-3%,Bullish,0.75,0.5,0.29375,-0.29375,20.38908553123474,0.8333333333333334
2026-04-27,WBA,Up 1-3%,Bullish,0.75,0.5,0.29375,-0.29375,33.9971706867218,0.0
2026-04-27,WBA,Up 1-3%,Bullish,0.75,0.5,0.29375,-0.29375,32.75424861907959,0.0
2026-04-27,WBA,Up 1-3%,Bullish,0.75,0.5,0.29375,-0.29375,33.21916842460632,0.0
2026-04-27,WBA,Up 1-3%,Bullish,0.75,0.5,0.29375,-0.29375,3.371938467025757,0.0
2026-04-27,WMT,Up 1-3%,Bullish,0.75,0.5,0.29375,-0.29375,17.926850080490112,0.3333333333333333
2026-04-27,WMT,Up 3-5%,Bullish,1.5,0.5,0.3875,-0.3875,32.813615798950195,0.0
2026-04-27,WMT,Up 3-5%,Bullish,1.5,0.5,0.3875,-0.3875,19.02154517173767,0.0
2026-04-27,WMT,Up 3-5%,Bullish,1.5,0.5,0.3875,-0.3875,22.992772817611694,0.0
