date,original,modified,qqq,spy,equal_weight_optional
2015-01-05,1.0,1.0,1.0,1.0,0.9782802883787576
2015-01-06,1.0,1.0,1.0,1.0,0.9642885056511008
2015-01-07,1.0,1.0,1.0,1.0,0.9684154396726116
2015-01-08,1.0,1.0,1.0,1.0,0.9879294812749191
2015-01-09,0.9998,0.9998,1.0,1.0,0.9806460249530606
2015-01-12,0.9998,0.9998,1.0,1.0,0.9652030572769197
2015-01-13,0.9998,0.9998,1.0,1.0,0.969253622573919
2015-01-14,0.9998,0.9998,1.0,1.0,0.9604343730014678
2015-01-15,0.9998,0.9998,1.0,1.0,0.9462468789188093
2015-01-16,0.9998,0.9998,1.0,1.0,0.9563605579495768
2015-01-20,0.9998,0.9998,1.0,1.0,0.961104345561048
2015-01-21,0.9998,0.9998,1.0,1.0,0.9734199743571709
2015-01-22,0.9998,0.9998,1.0,1.0,0.9989542362269217
2015-01-23,0.9998,0.9998,1.0,1.0,1.002540892226258
2015-01-26,0.9998,0.9998,1.0,1.0,1.00201234458982
2015-01-27,0.9998,0.9998,1.0,1.0,0.9678651943364005
2015-01-28,0.9998,0.9998,1.0,1.0,0.9614615867139793
2015-01-29,0.9998,0.9998,1.0,1.0,0.9827737634332472
2015-01-30,0.9998,0.9998,1.0,1.0,0.9923041154343621
2015-02-02,0.9998,0.9998,1.0,1.0,1.0061898664838722
2015-02-03,0.9998,0.9998,1.0,1.0,1.0166946323103143
2015-02-04,0.9998,0.9998,1.0,1.0,1.0180955842452697
2015-02-05,0.9998,0.9998,1.0,1.0,1.0292936215555173
2015-02-06,0.9998,0.9998,1.0,1.0,1.0239407787930788
2015-02-09,0.9998,0.9998,1.0,1.0,1.0219055457583877
2015-02-10,0.9998,0.9998,1.0,1.0,1.0342525934245788
2015-02-11,0.9998,0.9998,1.0,1.0,1.0364339205283573
2015-02-12,0.9998,0.9998,1.0,1.0,1.0469506331393548
2015-02-13,0.9998,0.9998,1.0,1.0,1.0534116588634699
2015-02-17,0.9998,0.9998,1.0,1.0,1.0496920763138582
2015-02-18,0.9998,0.9998,1.0,1.0,1.0496595191620102
2015-02-19,0.9998,0.9998,1.0,1.0,1.0635404062397624
2015-02-20,0.9998,0.9998,1.0,1.0,1.0724776072193138
2015-02-23,0.9998,0.9998,1.0,1.0,1.0642049011427968
2015-02-24,0.9998,0.9998,1.0,1.0,1.06137914341422
2015-02-25,0.9998,0.9998,1.0,1.0,1.063046445476439
2015-02-26,0.9998,0.9998,1.0,1.0,1.072871242370879
2015-02-27,0.9998,0.9998,1.0,1.0,1.0623683324555173
2015-03-02,0.9998,0.9998,1.0,1.0,1.06944258694054
2015-03-03,0.9998,0.9998,1.0,1.0,1.0668991378468908
2015-03-04,0.9998,0.9998,1.0,1.0,1.0706625311699365
2015-03-05,0.9998,0.9998,1.0,1.0,1.0733507615067388
2015-03-06,0.9998,0.9998,1.0,1.0,1.0560891948307138
2015-03-09,0.9998,0.9998,1.0,1.0,1.055188104806378
2015-03-10,0.9998,0.9998,1.0,1.0,1.0403781357672441
2015-03-11,0.9998,0.9998,1.0,1.0,1.0370901173206808
2015-03-12,0.9998,0.9998,1.0,1.0,1.040220152950451
2015-03-13,0.9998,0.9998,1.0,1.0,1.0335616774519694
2015-03-16,0.9998,0.9998,1.0,1.0,1.0465268321512644
2015-03-17,0.9998,0.9998,1.0,1.0,1.0514291121332242
2015-03-18,0.9998,0.9998,1.0,1.0,1.0647030920483096
2015-03-19,0.9998,0.9998,1.0,1.0,1.0632609320183073
2015-03-20,0.9998,0.9998,1.0,1.0,1.0714618597900305
2015-03-23,0.9998,0.9998,1.0,1.0,1.0691041116222932
2015-03-24,0.9998,0.9998,1.0,1.0,1.072618512999206
2015-03-25,0.9998,0.9998,1.0,1.0,1.0401605546432116
2015-03-26,0.9998,0.9998,1.0,1.0,1.034626516886144
2015-03-27,0.9998,0.9998,1.0,1.0,1.0315289642009027
2015-03-30,0.9998,0.9998,1.0,1.0,1.0426448403449342
2015-03-31,0.9998,0.9998,1.0,1.0,1.0296084598294606
2015-04-01,0.9998,0.9998,1.0,1.0,1.026214101153781
2015-04-02,0.9998,0.9998,1.0,1.0,1.0273523470483708
2015-04-06,0.9998,0.9998,1.0,1.0,1.052012069995324
2015-04-07,0.9998,0.9998,1.0,1.0,1.0508244932661392
2015-04-08,0.9998,0.9998,1.0,1.0,1.0580386594046032
2015-04-09,0.9998,0.9998,1.0,1.0,1.0651497266116683
2015-04-10,0.9998,0.9998,1.0,1.0,1.068404110714451
2015-04-13,0.9998,0.9998,1.0,1.0,1.0677481808710185
2015-04-14,0.9998,0.9998,1.0,1.0,1.0632746060272509
2015-04-15,0.9998,0.9998,1.0,1.0,1.0663899804172086
2015-04-16,0.9998,0.9998,1.0,1.0,1.0645434296055347
2015-04-17,0.9998,0.9998,1.0,1.0,1.048990307138334
2015-04-20,0.9998,0.9998,1.0,1.0,1.068392728783093
2015-04-21,0.9998,0.9998,1.0,1.0,1.070621426911343
2015-04-22,0.9998,0.9998,1.0,1.0,1.0861016031682804
2015-04-23,0.9998,0.9998,1.0,1.0,1.0857746721815185
2015-04-24,0.9998,0.9998,1.0,1.0,1.1260365321158157
2015-04-27,0.9998,0.9998,1.0,1.0,1.1366798065905177
2015-04-28,0.9998,0.9998,1.0,1.0,1.131577146414514
2015-04-29,0.9998,0.9998,1.0,1.0,1.1278115934132558
2015-04-30,0.9998,0.9998,1.0,1.0,1.1081616403209629
2015-05-01,0.9998,0.9998,1.0,1.0,1.118502613606174
2015-05-04,0.9998,0.9998,1.0,1.0,1.1192008333943366
2015-05-05,0.9998,0.9998,1.0,1.0,1.10499996442992
2015-05-06,0.9998,0.9998,1.0,1.0,1.0964254392814676
2015-05-07,0.9998,0.9998,1.0,1.0,1.1108510123484157
2015-05-08,0.9998,0.9998,1.0,1.0,1.110259788641369
2015-05-11,0.9998,0.9998,1.0,1.0,1.1055940698829958
2015-05-12,0.9998,0.9998,1.0,1.0,1.1061305306690923
2015-05-13,0.9998,0.9998,1.0,1.0,1.107834089484489
2015-05-14,0.9998,0.9998,1.0,1.0,1.129098402891413
2015-05-15,0.9998,0.9998,1.0,1.0,1.1256516901500453
2015-05-18,0.9998,0.9998,1.0,1.0,1.1268772610601787
2015-05-19,0.9998,0.9998,1.0,1.0,1.1214389926695651
2015-05-20,0.9998,0.9998,1.0,1.0,1.1212179890077971
2015-05-21,0.9998,0.9998,1.0,1.0,1.1260515022272888
2015-05-22,0.9998,0.9998,1.0,1.0,1.124813933055559
2015-05-26,0.9998,0.9998,1.0,1.0,1.1136920556128524
2015-05-27,0.9998,0.9998,1.0,1.0,1.1353689294656408
2015-05-28,0.9998,0.9998,1.0,1.0,1.1367021085368987
2015-05-29,0.9998,0.9998,1.0,1.0,1.1288229561184695
2015-06-01,0.9998,0.9998,1.0,1.0,1.1353908740762204
2015-06-02,0.9998,0.9998,1.0,1.0,1.1314107489876655
2015-06-03,0.9998,0.9998,1.0,1.0,1.1365529571574704
2015-06-04,0.9998,0.9998,1.0,1.0,1.1308411894648718
2015-06-05,0.9998,0.9998,1.0,1.0,1.1306548026671843
2015-06-08,0.9998,0.9998,1.0,1.0,1.1231130679144339
2015-06-09,0.9998,0.9998,1.0,1.0,1.1233456611729868
2015-06-10,0.9998,0.9998,1.0,1.0,1.1304232922656077
2015-06-11,0.9998,0.9998,1.0,1.0,1.131086234865615
2015-06-12,0.9998,0.9998,1.0,1.0,1.1203249001635422
2015-06-15,0.9998,0.9998,1.0,1.0,1.112542602459479
2015-06-16,0.9998,0.9998,1.0,1.0,1.1209186653021237
2015-06-17,0.9998,0.9998,1.0,1.0,1.1296766970208252
2015-06-18,0.9998,0.9998,1.0,1.0,1.1460511517766292
2015-06-19,0.9998,0.9998,1.0,1.0,1.140053794494954
2015-06-22,0.9998,0.9998,1.0,1.0,1.1449631612045545
2015-06-23,0.9998,0.9998,1.0,1.0,1.1546615654505121
2015-06-24,0.9998,0.9998,1.0,1.0,1.1504263722441272
2015-06-25,0.9998,0.9998,1.0,1.0,1.1511071606502927
2015-06-26,0.9998,0.9998,1.0,1.0,1.1422223103969453
2015-06-29,0.9998,0.9998,1.0,1.0,1.1175293500693406
2015-06-30,0.9998,0.9998,1.0,1.0,1.1227567689030553
2015-07-01,0.9998,0.9998,1.0,1.0,1.1325050905108565
2015-07-02,0.9998,0.9998,1.0,1.0,1.1408488934925645
2015-07-06,0.9998,0.9998,1.0,1.0,1.1374359399193985
2015-07-07,0.9998,0.9998,1.0,1.0,1.1277217590927222
2015-07-08,0.9998,0.9998,1.0,1.0,1.1066653138440126
2015-07-09,0.9998,0.9998,1.0,1.0,1.1073568669825256
2015-07-10,0.9998,0.9998,1.0,1.0,1.1258941833823384
2015-07-13,0.9998,0.9998,1.0,1.0,1.1481026086315278
2015-07-14,0.9998,0.9998,1.0,1.0,1.1569986565656685
2015-07-15,0.9998,0.9998,1.0,1.0,1.1549032041979046
2015-07-16,0.9998,0.9998,1.0,1.0,1.1783922103915163
2015-07-17,0.9998,0.9998,1.0,1.0,1.2214086774580375
2015-07-20,0.9998,0.9998,1.0,1.0,1.232990382086914
2015-07-21,0.9998,0.9998,1.0,1.0,1.2251852600482407
2015-07-22,0.9998,0.9998,1.0,1.0,1.2062903633097004
2015-07-23,0.9998,0.9998,1.0,1.0,1.200068648750638
2015-07-24,0.9998,0.9998,1.0,1.0,1.209814396748786
2015-07-27,0.9998,0.9998,1.0,1.0,1.1927571874641512
2015-07-28,0.9998,0.9998,1.0,1.0,1.2058873122727578
2015-07-29,0.9998,0.9998,1.0,1.0,1.2149055311192625
2015-07-30,0.9998,0.9998,1.0,1.0,1.2188131975924406
2015-07-31,0.9998,0.9998,1.0,1.0,1.2113535916587101
2015-08-03,0.9998,0.9998,1.0,1.0,1.2084031098839316
2015-08-04,0.9998,0.9998,1.0,1.0,1.2083637886699374
2015-08-05,0.9998,0.9998,1.0,1.0,1.2230903602756342
2015-08-06,0.9998,0.9998,1.0,1.0,1.1968656573616503
2015-08-07,0.9998,0.9998,1.0,1.0,1.2113709135571797
2015-08-10,0.9998,0.9998,1.0,1.0,1.2247500622149412
2015-08-11,0.9998,0.9998,1.0,1.0,1.215962304317215
2015-08-12,0.9998,0.9998,1.0,1.0,1.2217435684626616
2015-08-13,0.9998,0.9998,1.0,1.0,1.2218629892264392
2015-08-14,0.9998,0.9998,1.0,1.0,1.2278981958382875
2015-08-17,0.9998,0.9998,1.0,1.0,1.2398485270597401
2015-08-18,0.9998,0.9998,1.0,1.0,1.241195479700815
2015-08-19,0.9998,0.9998,1.0,1.0,1.2329723684944152
2015-08-20,0.9998,0.9998,1.0,1.0,1.1922512334520174
2015-08-21,0.9998,0.9998,1.0,1.0,1.1344582972844461
2015-08-24,0.9998,0.9998,1.0,1.0,1.086896497525763
2015-08-25,0.9998,0.9998,1.0,1.0,1.0822312036495934
2015-08-26,0.9998,0.9998,1.0,1.0,1.1458403328402662
2015-08-27,0.9998,0.9998,1.0,1.0,1.1871507517013675
2015-08-28,0.9998,0.9998,1.0,1.0,1.192605203067854
2015-08-31,0.9998,0.9998,1.0,1.0,1.181034583851845
2015-09-01,0.9998,0.9998,1.0,1.0,1.1386477257866003
2015-09-02,0.9998,0.9998,1.0,1.0,1.1762100975058143
2015-09-03,0.9998,0.9998,1.0,1.0,1.1656025868772557
2015-09-04,0.9998,0.9998,1.0,1.0,1.150385977217182
2015-09-08,0.9998,0.9998,1.0,1.0,1.1835298146884772
2015-09-09,0.9998,0.9998,1.0,1.0,1.1756514462316103
2015-09-10,0.9998,0.9998,1.0,1.0,1.1891536434805496
2015-09-11,0.9998,0.9998,1.0,1.0,1.1976765130067804
2015-09-14,0.9998,0.9998,1.0,1.0,1.1970517980120023
2015-09-15,0.9998,0.9998,1.0,1.0,1.2090860539701473
2015-09-16,0.9998,0.9998,1.0,1.0,1.2204526603075585
2015-09-17,0.9998,0.9998,1.0,1.0,1.2250586894875546
2015-09-18,0.9998,0.9998,1.0,1.0,1.2179346021935744
2015-09-21,0.9998,0.9998,1.0,1.0,1.233670967884865
2015-09-22,0.9998,0.9998,1.0,1.0,1.2114660883227435
2015-09-23,0.9998,0.9998,1.0,1.0,1.2148183889516697
2015-09-24,0.9998,0.9998,1.0,1.0,1.2211902242356927
2015-09-25,0.9998,0.9998,1.0,1.0,1.207950001968227
2015-09-28,0.9998,0.9998,1.0,1.0,1.1764666499531806
2015-09-29,0.9998,0.9998,1.0,1.0,1.1658592085894046
2015-09-30,0.9998,0.9998,1.0,1.0,1.19441585510943
2015-10-01,0.9998,0.9998,1.0,1.0,1.1913826929157785
2015-10-02,0.9998,0.9998,1.0,1.0,1.216113451317817
2015-10-05,0.9998,0.9998,1.0,1.0,1.235310340755736
2015-10-06,0.9998,0.9998,1.0,1.0,1.2312429753446834
2015-10-07,0.9998,0.9998,1.0,1.0,1.2257895085772057
2015-10-08,0.9998,0.9998,1.0,1.0,1.2197635377896996
2015-10-09,0.9998,0.9998,1.0,1.0,1.2221127230895525
2015-10-12,0.9998,0.9998,1.0,1.0,1.2253482060805547
2015-10-13,0.9998,0.9998,1.0,1.0,1.2296225072264653
2015-10-14,0.9998,0.9998,1.0,1.0,1.2287364397606972
2015-10-15,0.9998,0.9998,1.0,1.0,1.2490933941399858
2015-10-16,0.9998,0.9998,1.0,1.0,1.2632463588258722
2015-10-19,0.9998,0.9998,1.0,1.0,1.2690062019939454
2015-10-20,0.9998,0.9998,1.0,1.0,1.2488949814901462
2015-10-21,0.9998,0.9998,1.0,1.0,1.2384006845455213
2015-10-22,0.9998,0.9998,1.0,1.0,1.2616946547769559
2015-10-23,0.9998,0.9998,1.0,1.0,1.310299592546994
2015-10-26,0.9998,0.9998,1.0,1.0,1.3228403552330734
2015-10-27,0.9998,0.9998,1.0,1.0,1.3163067877615036
2015-10-28,0.9998,0.9998,1.0,1.0,1.3327577483593875
2015-10-29,0.9998,0.9998,1.0,1.0,1.331025703647968
2015-10-30,0.9998,0.9998,1.0,1.0,1.3199746666004872
2015-11-02,0.9998,0.9998,1.0,1.0,1.339082533435797
2015-11-03,0.9998,0.9998,1.0,1.0,1.336344865718938
2015-11-04,0.9998,0.9998,1.0,1.0,1.3634815900461787
2015-11-05,0.9998,0.9998,1.0,1.0,1.3744619028967868
2015-11-06,0.9998,0.9998,1.0,1.0,1.4026971002195487
2015-11-09,0.9998,0.9998,1.0,1.0,1.3880530176437549
2015-11-10,0.9998,0.9998,1.0,1.0,1.3726938283046468
2015-11-11,0.9998,0.9998,1.0,1.0,1.380366537905482
2015-11-12,0.9998,0.9998,1.0,1.0,1.3659750283618728
2015-11-13,0.9998,0.9998,1.0,1.0,1.3309832813603966
2015-11-16,0.9998,0.9998,1.0,1.0,1.3522200406772262
2015-11-17,0.9998,0.9998,1.0,1.0,1.347799671260273
2015-11-18,0.9998,0.9998,1.0,1.0,1.381960868865821
2015-11-19,0.9998,0.9998,1.0,1.0,1.3825635885484169
2015-11-20,0.9998,0.9998,1.0,1.0,1.3930120060931348
2015-11-23,0.9998,0.9998,1.0,1.0,1.3877775544863564
2015-11-24,0.9998,0.9998,1.0,1.0,1.385621054785818
2015-11-25,0.9998,0.9998,1.0,1.0,1.3927616208094116
2015-11-27,0.9998,0.9998,1.0,1.0,1.396812427537456
2015-11-30,0.9998,0.9998,1.0,1.0,1.392976573653675
2015-12-01,0.9998,0.9998,1.0,1.0,1.4222268414200991
2015-12-02,0.9998,0.9998,1.0,1.0,1.4099055282138766
2015-12-03,0.9998,0.9998,1.0,1.0,1.3959256101918498
2015-12-04,0.9998,0.9998,1.0,1.0,1.423177032790396
2015-12-07,0.9998,0.9998,1.0,1.0,1.4147751549538277
2015-12-08,0.9998,0.9998,1.0,1.0,1.418017137827843
2015-12-09,0.9998,0.9998,1.0,1.0,1.3928716506388397
2015-12-10,0.9998,0.9998,1.0,1.0,1.398935789725385
2015-12-11,0.9998,0.9998,1.0,1.0,1.362127496654214
2015-12-14,0.9998,0.9998,1.0,1.0,1.3800707417803857
2015-12-15,0.9998,0.9998,1.0,1.0,1.3808605683021218
2015-12-16,0.9998,0.9998,1.0,1.0,1.4125113646205167
2015-12-17,0.9998,0.9998,1.0,1.0,1.398320520094124
2015-12-18,0.9998,0.9998,1.0,1.0,1.3721271525589656
2015-12-21,0.9998,0.9998,1.0,1.0,1.3859637498843385
2015-12-22,0.9998,0.9998,1.0,1.0,1.3882862080638205
2015-12-23,0.9998,0.9998,1.0,1.0,1.3919269955940798
2015-12-24,0.9998,0.9998,1.0,1.0,1.391553411481863
2015-12-28,0.9998,0.9998,1.0,1.0,1.3984519061488874
2015-12-29,0.9998,0.9998,1.0,1.0,1.4256857916089012
2015-12-30,0.9998,0.9998,1.0,1.0,1.4168291417721903
2015-12-31,0.9998,0.9998,1.0,1.0,1.3989946066643537
2016-01-04,0.9998,0.9998,1.0,1.0,1.3583834255976226
2016-01-05,0.9998,0.9998,1.0,1.0,1.3580679189708134
2016-01-06,0.9998,0.9998,1.0,1.0,1.3384565382603792
2016-01-07,0.9998,0.9998,1.0,1.0,1.29173491571013
2016-01-08,0.9998,0.9998,1.0,1.0,1.281441552122591
2016-01-11,0.9998,0.9998,1.0,1.0,1.2859800298131259
2016-01-12,0.9998,0.9998,1.0,1.0,1.3019248606949299
2016-01-13,0.9998,0.9998,1.0,1.0,1.2542528423223027
2016-01-14,0.9998,0.9998,1.0,1.0,1.2768002126302
2016-01-15,0.9998,0.9998,1.0,1.0,1.2356256379645976
2016-01-19,0.9998,0.9998,1.0,1.0,1.2384872355633856
2016-01-20,0.9998,0.9998,1.0,1.0,1.2326456749452497
2016-01-21,0.9998,0.9998,1.0,1.0,1.236489256905636
2016-01-22,0.9998,0.9998,1.0,1.0,1.2768438235788147
2016-01-25,0.9998,0.9998,1.0,1.0,1.2612065301446826
2016-01-26,0.9998,0.9998,1.0,1.0,1.2647931249853737
2016-01-27,0.9998,0.9998,1.0,1.0,1.227630231896282
2016-01-28,0.9998,0.9998,1.0,1.0,1.281711815999486
2016-01-29,0.9998,0.9998,1.0,1.0,1.3027155106047879
2016-02-01,0.9998,0.9998,1.0,1.0,1.3085569179044159
2016-02-02,0.9998,0.9998,1.0,1.0,1.2718757858278493
2016-02-03,0.9998,0.9998,1.0,1.0,1.2469529434226834
2016-02-04,0.9998,0.9998,1.0,1.0,1.2424950294370884
2016-02-05,0.9998,0.9998,1.0,1.0,1.1793885374979869
2016-02-08,0.9998,0.9998,1.0,1.0,1.1441855917832293
2016-02-09,0.9998,0.9998,1.0,1.0,1.1426658863156915
2016-02-10,0.9998,0.9998,1.0,1.0,1.1440252999286957
2016-02-11,0.9998,0.9998,1.0,1.0,1.1556754573528958
2016-02-12,0.9998,0.9998,1.0,1.0,1.1636632181674056
2016-02-16,0.9998,0.9998,1.0,1.0,1.1894510344056786
2016-02-17,0.9998,0.9998,1.0,1.0,1.2291249176406418
2016-02-18,0.9998,0.9998,1.0,1.0,1.2287982888441644
2016-02-19,0.9998,0.9998,1.0,1.0,1.2355918989237433
2016-02-22,0.9998,0.9998,1.0,1.0,1.272237177655026
2016-02-23,0.9998,0.9998,1.0,1.0,1.2550276637132072
2016-02-24,0.9998,0.9998,1.0,1.0,1.2650603098246196
2016-02-25,0.9998,0.9998,1.0,1.0,1.2822489830219563
2016-02-26,0.9998,0.9998,1.0,1.0,1.2800598647593162
2016-02-29,0.9998,0.9998,1.0,1.0,1.2733136257813347
2016-03-01,0.9998,0.9998,1.0,1.0,1.3093822026234883
2016-03-02,0.9998,0.9998,1.0,1.0,1.3141119696682724
2016-03-03,0.9998,0.9998,1.0,1.0,1.3155906646155575
2016-03-04,0.9998,0.9998,1.0,1.0,1.3185933081567902
2016-03-07,0.9998,0.9998,1.0,1.0,1.3024969404908444
2016-03-08,0.9998,0.9998,1.0,1.0,1.2970933326419278
2016-03-09,0.9998,0.9998,1.0,1.0,1.3125960002626675
2016-03-10,0.9998,0.9998,1.0,1.0,1.3076444646321639
2016-03-11,0.9998,0.9998,1.0,1.0,1.329062035532732
2016-03-14,0.9998,0.9998,1.0,1.0,1.3408289297526557
2016-03-15,0.9998,0.9998,1.0,1.0,1.350745293372121
2016-03-16,0.9998,0.9998,1.0,1.0,1.3684418585574079
2016-03-17,0.9998,0.9998,1.0,1.0,1.364728670666461
2016-03-18,0.9998,0.9998,1.0,1.0,1.3695359563756282
2016-03-21,0.9998,0.9998,1.0,1.0,1.379263937477644
2016-03-22,0.9998,0.9998,1.0,1.0,1.3802883006741387
2016-03-23,0.9998,0.9998,1.0,1.0,1.3754792149758541
2016-03-24,0.9998,0.9998,1.0,1.0,1.3851306147863904
2016-03-28,0.9998,0.9998,1.0,1.0,1.385641323968284
2016-03-29,0.9998,0.9998,1.0,1.0,1.4100788576552215
2016-03-30,0.9998,0.9998,1.0,1.0,1.4139027800007025
2016-03-31,0.9998,0.9998,1.0,1.0,1.4111514939170304
2016-04-01,0.9998,0.9998,1.0,1.0,1.430947617443043
2016-04-04,0.9998,0.9998,1.0,1.0,1.4294368653145448
2016-04-05,0.9998,0.9998,1.0,1.0,1.4257763888630735
2016-04-06,0.9998,0.9998,1.0,1.0,1.4490122483548398
2016-04-07,0.9998,0.9998,1.0,1.0,1.4275371799211234
2016-04-08,0.9998,0.9998,1.0,1.0,1.4188004005952621
2016-04-11,0.9998,0.9998,1.0,1.0,1.4171247323912874
2016-04-12,0.9998,0.9998,1.0,1.0,1.4263827725301805
2016-04-13,0.9998,0.9998,1.0,1.0,1.4483541487771976
2016-04-14,0.9998,0.9998,1.0,1.0,1.4504413616048748
2016-04-15,0.9998,0.9998,1.0,1.0,1.4518835056352928
2016-04-18,0.9998,0.9998,1.0,1.0,1.4557298142632407
2016-04-19,0.9998,0.9998,1.0,1.0,1.4433321653557376
2016-04-20,0.9998,0.9998,1.0,1.0,1.445350333187491
2016-04-21,0.9998,0.9998,1.0,1.0,1.44478386719755
2016-04-22,0.9998,0.9998,1.0,1.0,1.413314256514697
2016-04-25,0.9998,0.9998,1.0,1.0,1.4151507790459352
2016-04-26,0.9998,0.9998,1.0,1.0,1.4027985060769008
2016-04-27,0.9998,0.9998,1.0,1.0,1.3868867440337755
2016-04-28,0.9998,0.9998,1.0,1.0,1.3761974281262515
2016-04-29,0.9998,0.9998,1.0,1.0,1.3856902665603095
2016-05-02,0.9998,0.9998,1.0,1.0,1.4026639158226775
2016-05-03,0.9998,0.9998,1.0,1.0,1.3851510138717578
2016-05-04,0.9998,0.9998,1.0,1.0,1.372387580411032
2016-05-05,0.9998,0.9998,1.0,1.0,1.3592075209288714
2016-05-06,0.9998,0.9998,1.0,1.0,1.3749854934104981
2016-05-09,0.9998,0.9998,1.0,1.0,1.3704651996066115
2016-05-10,0.9998,0.9998,1.0,1.0,1.3906047618006985
2016-05-11,0.9998,0.9998,1.0,1.0,1.3884786050662716
2016-05-12,0.9998,0.9998,1.0,1.0,1.383218130859851
2016-05-13,0.9998,0.9998,1.0,1.0,1.4084749713149405
2016-05-16,0.9998,0.9998,1.0,1.0,1.4253117990694444
2016-05-17,0.9998,0.9998,1.0,1.0,1.4066729218103617
2016-05-18,0.9998,0.9998,1.0,1.0,1.4232791009244918
2016-05-19,0.9998,0.9998,1.0,1.0,1.4223626993228855
2016-05-20,0.9998,0.9998,1.0,1.0,1.4382029440061348
2016-05-23,0.9998,0.9998,1.0,1.0,1.4295022346052986
2016-05-24,0.9998,0.9998,1.0,1.0,1.4547174478893472
2016-05-25,0.9998,0.9998,1.0,1.0,1.464223245342998
2016-05-26,0.9998,0.9998,1.0,1.0,1.476868252070521
2016-05-27,0.9998,0.9998,1.0,1.0,1.4798044917115596
2016-05-31,0.9998,0.9998,1.0,1.0,1.4879519975359492
2016-06-01,0.9998,0.9998,1.0,1.0,1.4801355711510702
2016-06-02,0.9998,0.9998,1.0,1.0,1.4796485562395956
2016-06-03,0.9998,0.9998,1.0,1.0,1.4703817092161695
2016-06-06,0.9998,0.9998,1.0,1.0,1.4730764686329154
2016-06-07,0.9998,0.9998,1.0,1.0,1.4829437428447398
2016-06-08,0.9998,0.9998,1.0,1.0,1.4901340228407816
2016-06-09,0.9998,0.9998,1.0,1.0,1.490391551544261
2016-06-10,0.9998,0.9998,1.0,1.0,1.4639382499620133
2016-06-13,0.9998,0.9998,1.0,1.0,1.4511934092037753
2016-06-14,0.9998,0.9998,1.0,1.0,1.4511630029437006
2016-06-15,0.9998,0.9998,1.0,1.0,1.4522994747144449
2016-06-16,0.9998,0.9998,1.0,1.0,1.4554633923720295
2016-06-17,0.9998,0.9998,1.0,1.0,1.4322279506682059
2016-06-20,0.9998,0.9998,1.0,1.0,1.4425716934985386
2016-06-21,0.9998,0.9998,1.0,1.0,1.4507566704166923
2016-06-22,0.9998,0.9998,1.0,1.0,1.4254371025718697
2016-06-23,0.9998,0.9998,1.0,1.0,1.4420891594423793
2016-06-24,0.9998,0.9998,1.0,1.0,1.3923940701593196
2016-06-27,0.9998,0.9998,1.0,1.0,1.3784779496904769
2016-06-28,0.9998,0.9998,1.0,1.0,1.406379474552668
2016-06-29,0.9998,0.9998,1.0,1.0,1.4301507294554026
2016-06-30,0.9998,0.9998,1.0,1.0,1.4415742606492528
2016-07-01,0.9998,0.9998,1.0,1.0,1.4494193609446433
2016-07-05,0.9998,0.9998,1.0,1.0,1.4469516387321173
2016-07-06,0.9998,0.9998,1.0,1.0,1.459521110691444
2016-07-07,0.9998,0.9998,1.0,1.0,1.4649847970992877
2016-07-08,0.9998,0.9998,1.0,1.0,1.4878000792205015
2016-07-11,0.9998,0.9998,1.0,1.0,1.5085749405933246
2016-07-12,0.9998,0.9998,1.0,1.0,1.515291075890417
2016-07-13,0.9998,0.9998,1.0,1.0,1.5085438919425027
2016-07-14,0.9998,0.9998,1.0,1.0,1.5173713121432804
2016-07-15,0.9998,0.9998,1.0,1.0,1.5110324511742175
2016-07-18,0.9998,0.9998,1.0,1.0,1.5311846585791922
2016-07-19,0.9998,0.9998,1.0,1.0,1.5325459014443288
2016-07-20,0.9998,0.9998,1.0,1.0,1.5554005573668452
2016-07-21,0.9998,0.9998,1.0,1.0,1.5384836619224265
2016-07-22,0.9998,0.9998,1.0,1.0,1.5498232338856535
2016-07-25,0.9998,0.9998,1.0,1.0,1.5583663887094805
2016-07-26,0.9998,0.9998,1.0,1.0,1.5583439327310495
2016-07-27,0.9998,0.9998,1.0,1.0,1.5728299239888484
2016-07-28,0.9998,0.9998,1.0,1.0,1.5875363527890658
2016-07-29,0.9998,0.9998,1.0,1.0,1.604471310651333
2016-08-01,0.9998,0.9998,1.0,1.0,1.6081246803082776
2016-08-02,0.9998,0.9998,1.0,1.0,1.5944905123033213
2016-08-03,0.9998,0.9998,1.0,1.0,1.5949188037858186
2016-08-04,0.9998,0.9998,1.0,1.0,1.6106670279729878
2016-08-05,0.9998,0.9998,1.0,1.0,1.6256039040019545
2016-08-08,0.9998,0.9998,1.0,1.0,1.62606599144582
2016-08-09,0.9998,0.9998,1.0,1.0,1.6319701865305556
2016-08-10,0.9998,0.9998,1.0,1.0,1.6245503849866316
2016-08-11,0.9998,0.9998,1.0,1.0,1.6302421744980746
2016-08-12,0.9998,0.9998,1.0,1.0,1.6431277483776623
2016-08-15,0.9998,0.9998,1.0,1.0,1.6430378258240441
2016-08-16,0.9998,0.9998,1.0,1.0,1.6327158900559167
2016-08-17,0.9998,0.9998,1.0,1.0,1.6305090689961192
2016-08-18,0.9998,0.9998,1.0,1.0,1.6325872990739843
2016-08-19,0.9998,0.9998,1.0,1.0,1.6316818288552037
2016-08-22,0.9998,0.9998,1.0,1.0,1.6298951912811388
2016-08-23,0.9998,0.9998,1.0,1.0,1.6361783846149023
2016-08-24,0.9998,0.9998,1.0,1.0,1.6246038063354449
2016-08-25,0.9998,0.9998,1.0,1.0,1.6219315760832007
2016-08-26,0.9998,0.9998,1.0,1.0,1.6264307018161
2016-08-29,0.9998,0.9998,1.0,1.0,1.6256326588445993
2016-08-30,0.9998,0.9998,1.0,1.0,1.6139565079677305
2016-08-31,0.9998,0.9998,1.0,1.0,1.6124923789251624
2016-09-01,0.9998,0.9998,1.0,1.0,1.6099466112970895
2016-09-02,0.9998,0.9998,1.0,1.0,1.6094903807785585
2016-09-06,0.9998,0.9998,1.0,1.0,1.6311874732146114
2016-09-07,0.9998,0.9998,1.0,1.0,1.629163230545255
2016-09-08,0.9998,0.9998,1.0,1.0,1.6158067191674408
2016-09-09,0.9998,0.9998,1.0,1.0,1.5740096875596186
2016-09-12,0.9998,0.9998,1.0,1.0,1.6006009814092494
2016-09-13,0.9998,0.9998,1.0,1.0,1.5894264763360118
2016-09-14,0.9998,0.9998,1.0,1.0,1.6003282860861643
2016-09-15,0.9998,0.9998,1.0,1.0,1.631951489799491
2016-09-16,0.9998,0.9998,1.0,1.0,1.6402694185737126
2016-09-19,0.9998,0.9998,1.0,1.0,1.6378452352637385
2016-09-20,0.9998,0.9998,1.0,1.0,1.636091098045642
2016-09-21,0.9998,0.9998,1.0,1.0,1.6539262260337775
2016-09-22,0.9998,0.9998,1.0,1.0,1.6663094035699655
2016-09-23,0.9998,0.9998,1.0,1.0,1.6577992240244221
2016-09-26,0.9998,0.9998,1.0,1.0,1.6487873898838181
2016-09-27,0.9998,0.9998,1.0,1.0,1.6679621337661612
2016-09-28,0.9998,0.9998,1.0,1.0,1.6759798014669904
2016-09-29,0.9998,0.9998,1.0,1.0,1.661209176155057
2016-09-30,0.9998,0.9998,1.0,1.0,1.6748753477217773
2016-10-03,0.9998,0.9998,1.0,1.0,1.6837762822043196
2016-10-04,0.9998,0.9998,1.0,1.0,1.6798054397237634
2016-10-05,0.9998,0.9998,1.0,1.0,1.6810241289303052
2016-10-06,0.9998,0.9998,1.0,1.0,1.6717899774214404
2016-10-07,0.9998,0.9998,1.0,1.0,1.6645668274083614
2016-10-10,0.9998,0.9998,1.0,1.0,1.682789069505014
2016-10-11,0.9998,0.9998,1.0,1.0,1.6683668325902532
2016-10-12,0.9998,0.9998,1.0,1.0,1.6747737187817602
2016-10-13,0.9998,0.9998,1.0,1.0,1.6619195596599705
2016-10-14,0.9998,0.9998,1.0,1.0,1.661682517762124
2016-10-17,0.9998,0.9998,1.0,1.0,1.653389237568074
2016-10-18,0.9998,0.9998,1.0,1.0,1.672465927447982
2016-10-19,0.9998,0.9998,1.0,1.0,1.6805675077344595
2016-10-20,0.9998,0.9998,1.0,1.0,1.674615058792927
2016-10-21,0.9998,0.9998,1.0,1.0,1.6913405565808843
2016-10-24,0.9998,0.9998,1.0,1.0,1.7247812206704527
2016-10-25,0.9998,0.9998,1.0,1.0,1.7247236258331788
2016-10-26,0.9998,0.9998,1.0,1.0,1.7106388692671688
2016-10-27,0.9998,0.9998,1.0,1.0,1.6980962617418707
2016-10-28,0.9998,0.9998,1.0,1.0,1.6815285487746154
2016-10-31,0.9998,0.9998,1.0,1.0,1.6814977851474848
2016-11-01,0.9998,0.9998,1.0,1.0,1.6557411387430443
2016-11-02,0.9998,0.9998,1.0,1.0,1.634818624852218
2016-11-03,0.9998,0.9998,1.0,1.0,1.6122435040149932
2016-11-04,0.9998,0.9998,1.0,1.0,1.6082807215693675
2016-11-07,0.9998,0.9998,1.0,1.0,1.6519751247549
2016-11-08,0.9998,0.9998,1.0,1.0,1.6630835539775162
2016-11-09,0.9998,0.9998,1.0,1.0,1.6429206821470819
2016-11-10,0.9998,0.9998,1.0,1.0,1.5966069258372695
2016-11-11,0.9998,0.9998,1.0,1.0,1.6642472454199395
2016-11-14,0.9998,0.9998,1.0,1.0,1.6139968161104232
2016-11-15,0.9998,0.9998,1.0,1.0,1.648717326968552
2016-11-16,0.9998,0.9998,1.0,1.0,1.6740081176263872
2016-11-17,0.9998,0.9998,1.0,1.0,1.6940737089433877
2016-11-18,0.9998,0.9998,1.0,1.0,1.6875140754705489
2016-11-21,0.9998,0.9998,1.0,1.0,1.7103972475207891
2016-11-22,0.9998,0.9998,1.0,1.0,1.7232908154824542
2016-11-23,0.9998,0.9998,1.0,1.0,1.7177220051247566
2016-11-25,0.9998,0.9998,1.0,1.0,1.723973267348268
2016-11-28,0.9998,0.9998,1.0,1.0,1.720543844291184
2016-11-29,0.9998,0.9998,1.0,1.0,1.712511350522346
2016-11-30,0.9998,0.9998,1.0,1.0,1.6911551071723405
2016-12-01,0.9998,0.9998,1.0,1.0,1.6505157225140474
2016-12-02,0.9998,0.9998,1.0,1.0,1.6528506940219803
2016-12-05,0.9998,0.9998,1.0,1.0,1.685580606966807
2016-12-06,0.9998,0.9998,1.0,1.0,1.6899099587898976
2016-12-07,0.9998,0.9998,1.0,1.0,1.7196971557846246
2016-12-08,0.9998,0.9998,1.0,1.0,1.7176279128783265
2016-12-09,0.9998,0.9998,1.0,1.0,1.727416982119684
2016-12-12,0.9998,0.9998,1.0,1.0,1.7139808808615375
2016-12-13,0.9998,0.9998,1.0,1.0,1.744968493504811
2016-12-14,0.9998,0.9998,1.0,1.0,1.7576926219507207
2016-12-15,0.9998,0.9998,1.0,1.0,1.7606565010874475
2016-12-16,0.9998,0.9998,1.0,1.0,1.766119660998227
2016-12-19,0.9998,0.9998,1.0,1.0,1.7785305134094738
2016-12-20,0.9998,0.9998,1.0,1.0,1.7975872708170182
2016-12-21,0.9998,0.9998,1.0,1.0,1.7968404298318486
2016-12-22,0.9998,0.9998,1.0,1.0,1.7934720416192171
2016-12-23,0.9998,0.9998,1.0,1.0,1.8023250924454508
2016-12-27,0.9998,0.9998,1.0,1.0,1.8352408415116341
2016-12-28,0.9998,0.9998,1.0,1.0,1.8112294675007006
2016-12-29,0.9998,0.9998,1.0,1.0,1.8058541850927372
2016-12-30,0.9998,0.9998,1.0,1.0,1.7772925332029512
2017-01-03,0.9998,0.9998,1.0,1.0,1.7827500462054435
2017-01-04,0.9998,0.9998,1.0,1.0,1.8041029481881947
2017-01-05,0.9998,0.9998,1.0,1.0,1.8124936722413447
2017-01-06,0.9998,0.9998,1.0,1.0,1.8385837329235284
2017-01-09,0.9998,0.9998,1.0,1.0,1.8575110170201026
2017-01-10,0.9998,0.9998,1.0,1.0,1.852189106398129
2017-01-11,0.9998,0.9998,1.0,1.0,1.858575598823835
2017-01-12,0.9998,0.9998,1.0,1.0,1.8563940640926178
2017-01-13,0.9998,0.9998,1.0,1.0,1.8709022540230202
2017-01-17,0.9998,0.9998,1.0,1.0,1.859373407333813
2017-01-18,0.9998,0.9998,1.0,1.0,1.8670620445595196
2017-01-19,0.9998,0.9998,1.0,1.0,1.8757577165838997
2017-01-20,0.9998,0.9998,1.0,1.0,1.8762069533794974
2017-01-23,0.9998,0.9998,1.0,1.0,1.89711408043938
2017-01-24,0.9998,0.9998,1.0,1.0,1.91532094577919
2017-01-25,0.9998,0.9998,1.0,1.0,1.9334084290146067
2017-01-26,0.9998,0.9998,1.0,1.0,1.9418684384740683
2017-01-27,0.9998,0.9998,1.0,1.0,1.948016514864344
2017-01-30,0.9998,0.9998,1.0,1.0,1.9263239834601158
2017-01-31,0.9998,0.9998,1.0,1.0,1.9180994719370918
2017-02-01,0.9998,0.9998,1.0,1.0,1.9467360262814426
2017-02-02,0.9998,0.9998,1.0,1.0,1.9491400485039923
2017-02-03,0.9998,0.9998,1.0,1.0,1.9409708344924663
2017-02-06,0.9998,0.9998,1.0,1.0,1.959517793661632
2017-02-07,0.9998,0.9998,1.0,1.0,1.969097217411647
2017-02-08,0.9998,0.9998,1.0,1.0,1.9813385976454092
2017-02-09,0.9998,0.9998,1.0,1.0,1.9882432842814879
2017-02-10,0.9998,0.9998,1.0,1.0,1.9844838015626365
2017-02-13,0.9998,0.9998,1.0,1.0,1.993289095714573
2017-02-14,0.9998,0.9998,1.0,1.0,1.9976522776377015
2017-02-15,0.9998,0.9998,1.0,1.0,1.9982074011140754
2017-02-16,0.9998,0.9998,1.0,1.0,1.9851992955362936
2017-02-17,0.9998,0.9998,1.0,1.0,1.9909609292526211
2017-02-21,0.9998,0.9998,1.0,1.0,2.0131643732552673
2017-02-22,0.9998,0.9998,1.0,1.0,2.0142125568395297
2017-02-23,0.9998,0.9998,1.0,1.0,1.966167004528546
2017-02-24,0.9998,0.9998,1.0,1.0,1.967076319462607
2017-02-27,0.9998,0.9998,1.0,1.0,1.9660892862846795
2017-02-28,0.9998,0.9998,1.0,1.0,1.9569765180956598
2017-03-01,0.9998,0.9998,1.0,1.0,1.980976654655204
2017-03-02,0.9998,0.9998,1.0,1.0,1.9603081395456639
2017-03-03,0.9998,0.9998,1.0,1.0,1.9635227687859107
2017-03-06,0.9998,0.9998,1.0,1.0,1.9589938975772412
2017-03-07,0.9998,0.9998,1.0,1.0,1.960910783957396
2017-03-08,0.9998,0.9998,1.0,1.0,1.963144055597196
2017-03-09,0.9998,0.9998,1.0,1.0,1.9623446989196764
2017-03-10,0.9998,0.9998,1.0,1.0,1.9665085710816768
2017-03-13,0.9998,0.9998,1.0,1.0,1.9796512642498636
2017-03-14,0.9998,0.9998,1.0,1.0,1.9904958851274506
2017-03-15,0.9998,0.9998,1.0,1.0,1.9964312905739148
2017-03-16,0.9998,0.9998,1.0,1.0,2.0081968020690137
2017-03-17,0.9998,0.9998,1.0,1.0,2.013534698249355
2017-03-20,0.9998,0.9998,1.0,1.0,2.026757187112516
2017-03-21,0.9998,0.9998,1.0,1.0,1.9849018580614335
2017-03-22,0.9998,0.9998,1.0,1.0,2.006139743533443
2017-03-23,0.9998,0.9998,1.0,1.0,1.9977879717740363
2017-03-24,0.9998,0.9998,1.0,1.0,2.007632334945097
2017-03-27,0.9998,0.9998,1.0,1.0,2.0199541760220123
2017-03-28,0.9998,0.9998,1.0,1.0,2.0398245579806784
2017-03-29,0.9998,0.9998,1.0,1.0,2.0515249095400616
2017-03-30,0.9998,0.9998,1.0,1.0,2.0584574903158046
2017-03-31,0.9998,0.9998,1.0,1.0,2.0598136344512294
2017-04-03,0.9998,0.9998,1.0,1.0,2.083636768643568
2017-04-04,0.9998,0.9998,1.0,1.0,2.0734747243537326
2017-04-05,0.9998,0.9998,1.0,1.0,2.0602636938539276
2017-04-06,0.9998,0.9998,1.0,1.0,2.0598364237363134
2017-04-07,0.9998,0.9998,1.0,1.0,2.058514701481251
2017-04-10,0.9998,0.9998,1.0,1.0,2.063964575992285
2017-04-11,0.9998,0.9998,1.0,1.0,2.0536498512555803
2017-04-12,0.9998,0.9998,1.0,1.0,2.037025494480219
2017-04-13,0.9998,0.9998,1.0,1.0,2.0312214602319467
2017-04-17,0.9998,0.9998,1.0,1.0,2.0591857538857328
2017-04-18,0.9998,0.9998,1.0,1.0,2.055726081519866
2017-04-19,0.9998,0.9998,1.0,1.0,2.061488391529126
2017-04-20,0.9998,0.9998,1.0,1.0,2.074353487440872
2017-04-21,0.9998,0.9998,1.0,1.0,2.0805314043650625
2017-04-24,0.9998,0.9998,1.0,1.0,2.1080810263801304
2017-04-25,0.9998,0.9998,1.0,1.0,2.128130705288567
2017-04-26,0.9998,0.9998,1.0,1.0,2.1211500052484937
2017-04-27,0.9998,0.9998,1.0,1.0,2.1327324747245724
2017-04-28,0.9998,0.9998,1.0,1.0,2.153548492289872
2017-05-01,0.9998,0.9998,1.0,1.0,2.1945925774877058
2017-05-02,0.9998,0.9998,1.0,1.0,2.1846350518251225
2017-05-03,0.9998,0.9998,1.0,1.0,2.1771459600102467
2017-05-04,0.9998,0.9998,1.0,1.0,2.1570088752171688
2017-05-05,0.9998,0.9998,1.0,1.0,2.17265288798449
2017-05-08,0.9998,0.9998,1.0,1.0,2.185784919551525
2017-05-09,0.9998,0.9998,1.0,1.0,2.20245618787484
2017-05-10,0.9998,0.9998,1.0,1.0,2.259870125475433
2017-05-11,0.9998,0.9998,1.0,1.0,2.268492921024741
2017-05-12,0.9998,0.9998,1.0,1.0,2.2829836545568836
2017-05-15,0.9998,0.9998,1.0,1.0,2.2897346308432343
2017-05-16,0.9998,0.9998,1.0,1.0,2.304905634072136
2017-05-17,0.9998,0.9998,1.0,1.0,2.2257339830822502
2017-05-18,0.9998,0.9998,1.0,1.0,2.265802252468973
2017-05-19,0.9998,0.9998,1.0,1.0,2.2743774498574907
2017-05-22,0.9998,0.9998,1.0,1.0,2.2936931935092386
2017-05-23,0.9998,0.9998,1.0,1.0,2.285246660665867
2017-05-24,0.9998,0.9998,1.0,1.0,2.304878710724808
2017-05-25,0.9998,0.9998,1.0,1.0,2.3297552201700613
2017-05-26,0.9998,0.9998,1.0,1.0,2.3498150843861256
2017-05-30,0.9998,0.9998,1.0,1.0,2.3714014197261224
2017-05-31,0.9998,0.9998,1.0,1.0,2.3655713447209346
2017-06-01,0.9998,0.9998,1.0,1.0,2.3681666336606986
2017-06-02,0.9998,0.9998,1.0,1.0,2.3899732567447187
2017-06-05,0.9998,0.9998,1.0,1.0,2.4112684261633897
2017-06-06,0.9998,0.9998,1.0,1.0,2.4103513238789622
2017-06-07,0.9998,0.9998,1.0,1.0,2.4274029858139508
2017-06-08,0.9998,0.9998,1.0,1.0,2.46418881384618
2017-06-09,0.9998,0.9998,1.0,1.0,2.3730033038361102
2017-06-12,0.9998,0.9998,1.0,1.0,2.3545653594055644
2017-06-13,0.9998,0.9998,1.0,1.0,2.394194977092649
2017-06-14,0.9998,0.9998,1.0,1.0,2.390638461982935
2017-06-15,0.9998,0.9998,1.0,1.0,2.3754242718442056
2017-06-16,0.9998,0.9998,1.0,1.0,2.3755631377384283
2017-06-19,0.9998,0.9998,1.0,1.0,2.4142491828643693
2017-06-20,0.9998,0.9998,1.0,1.0,2.4037179733437886
2017-06-21,0.9998,0.9998,1.0,1.0,2.427043840794562
2017-06-22,0.9998,0.9998,1.0,1.0,2.427584132629141
2017-06-23,0.9998,0.9998,1.0,1.0,2.4326241741803036
2017-06-26,0.9998,0.9998,1.0,1.0,2.407386284105038
2017-06-27,0.9998,0.9998,1.0,1.0,2.3484735167598316
2017-06-28,0.9998,0.9998,1.0,1.0,2.391433347981718
2017-06-29,0.9998,0.9998,1.0,1.0,2.3408012362149138
2017-06-30,0.9998,0.9998,1.0,1.0,2.3339523271940315
2017-07-03,0.9998,0.9998,1.0,1.0,2.2944842567559713
2017-07-05,0.9998,0.9998,1.0,1.0,2.3001057589133698
2017-07-06,0.9998,0.9998,1.0,1.0,2.2701722642906463
2017-07-07,0.9998,0.9998,1.0,1.0,2.3045729973853843
2017-07-10,0.9998,0.9998,1.0,1.0,2.341591432425843
2017-07-11,0.9998,0.9998,1.0,1.0,2.3632517996740634
2017-07-12,0.9998,0.9998,1.0,1.0,2.4031667097404075
2017-07-13,0.9998,0.9998,1.0,1.0,2.3997973450995835
2017-07-14,0.9998,0.9998,1.0,1.0,2.4262054182947015
2017-07-17,0.9998,0.9998,1.0,1.0,2.4219672587188437
2017-07-18,0.9998,0.9998,1.0,1.0,2.4515358127713456
2017-07-19,0.9998,0.9998,1.0,1.0,2.457055683007247
2017-07-20,0.9998,0.9998,1.0,1.0,2.4685718772805973
2017-07-21,0.9998,0.9998,1.0,1.0,2.46533644179793
2017-07-24,0.9998,0.9998,1.0,1.0,2.48925944747005
2017-07-25,0.9998,0.9998,1.0,1.0,2.477228752276724
2017-07-26,0.9998,0.9998,1.0,1.0,2.4904942387060163
2017-07-27,0.9998,0.9998,1.0,1.0,2.4613976809439473
2017-07-28,0.9998,0.9998,1.0,1.0,2.4623162589384364
2017-07-31,0.9998,0.9998,1.0,1.0,2.4203050904763983
2017-08-01,0.9998,0.9998,1.0,1.0,2.427424558767828
2017-08-02,0.9998,0.9998,1.0,1.0,2.4480762605267565
2017-08-03,0.9998,0.9998,1.0,1.0,2.463921121915002
2017-08-04,0.9998,0.9998,1.0,1.0,2.4843050840159573
2017-08-07,0.9998,0.9998,1.0,1.0,2.5042172804460527
2017-08-08,0.9998,0.9998,1.0,1.0,2.5118466426790422
2017-08-09,0.9998,0.9998,1.0,1.0,2.510113961591971
2017-08-10,0.9998,0.9998,1.0,1.0,2.445344471013869
2017-08-11,0.9998,0.9998,1.0,1.0,2.447263298252073
2017-08-14,0.9998,0.9998,1.0,1.0,2.5058662854566065
2017-08-15,0.9998,0.9998,1.0,1.0,2.5035165893973774
2017-08-16,0.9998,0.9998,1.0,1.0,2.499440268093885
2017-08-17,0.9998,0.9998,1.0,1.0,2.448556649539348
2017-08-18,0.9998,0.9998,1.0,1.0,2.4435507723055805
2017-08-21,0.9998,0.9998,1.0,1.0,2.4234301333620163
2017-08-22,0.9998,0.9998,1.0,1.0,2.461031526372049
2017-08-23,0.9998,0.9998,1.0,1.0,2.4738000757034198
2017-08-24,0.9998,0.9998,1.0,1.0,2.4647333766728434
2017-08-25,0.9998,0.9998,1.0,1.0,2.450817077937491
2017-08-28,0.9998,0.9998,1.0,1.0,2.4557928254977672
2017-08-29,0.9998,0.9998,1.0,1.0,2.468693604736968
2017-08-30,0.9998,0.9998,1.0,1.0,2.4941838949246184
2017-08-31,0.9998,0.9998,1.0,1.0,2.523564563135903
2017-09-01,0.9998,0.9998,1.0,1.0,2.5193505997840773
2017-09-05,0.9998,0.9998,1.0,1.0,2.4864630859258416
2017-09-06,0.9998,0.9998,1.0,1.0,2.48370696828592
2017-09-07,0.9998,0.9998,1.0,1.0,2.504287655719059
2017-09-08,0.9998,0.9998,1.0,1.0,2.4703386776924003
2017-09-11,0.9998,0.9998,1.0,1.0,2.5231399421957414
2017-09-12,0.9998,0.9998,1.0,1.0,2.5235393855229473
2017-09-13,0.9998,0.9998,1.0,1.0,2.5363354670420892
2017-09-14,0.9998,0.9998,1.0,1.0,2.529346862072177
2017-09-15,0.9998,0.9998,1.0,1.0,2.5581333337981045
2017-09-18,0.9998,0.9998,1.0,1.0,2.5644279064886724
2017-09-19,0.9998,0.9998,1.0,1.0,2.5627021188195376
2017-09-20,0.9998,0.9998,1.0,1.0,2.5547237204833273
2017-09-21,0.9998,0.9998,1.0,1.0,2.5222199233866127
2017-09-22,0.9998,0.9998,1.0,1.0,2.4946292395193006
2017-09-25,0.9998,0.9998,1.0,1.0,2.438724961220228
2017-09-26,0.9998,0.9998,1.0,1.0,2.450536760968292
2017-09-27,0.9998,0.9998,1.0,1.0,2.4795483144086896
2017-09-28,0.9998,0.9998,1.0,1.0,2.482028387539104
2017-09-29,0.9998,0.9998,1.0,1.0,2.504356952936941
2017-10-02,0.9998,0.9998,1.0,1.0,2.4990934546233623
2017-10-03,0.9998,0.9998,1.0,1.0,2.5085769918756764
2017-10-04,0.9998,0.9998,1.0,1.0,2.5163264408380925
2017-10-05,0.9998,0.9998,1.0,1.0,2.5456841267163397
2017-10-06,0.9998,0.9998,1.0,1.0,2.556728242092418
2017-10-09,0.9998,0.9998,1.0,1.0,2.5539689774608676
2017-10-10,0.9998,0.9998,1.0,1.0,2.5695562291990166
2017-10-11,0.9998,0.9998,1.0,1.0,2.5865893532682036
2017-10-12,0.9998,0.9998,1.0,1.0,2.5917712409511218
2017-10-13,0.9998,0.9998,1.0,1.0,2.606797083936988
2017-10-16,0.9998,0.9998,1.0,1.0,2.6190893533115096
2017-10-17,0.9998,0.9998,1.0,1.0,2.6303945041767847
2017-10-18,0.9998,0.9998,1.0,1.0,2.628584378370025
2017-10-19,0.9998,0.9998,1.0,1.0,2.6022927135269183
2017-10-20,0.9998,0.9998,1.0,1.0,2.5991475966714765
2017-10-23,0.9998,0.9998,1.0,1.0,2.5684678242765995
2017-10-24,0.9998,0.9998,1.0,1.0,2.58086427389499
2017-10-25,0.9998,0.9998,1.0,1.0,2.553687852062602
2017-10-26,0.9998,0.9998,1.0,1.0,2.5606864020813993
2017-10-27,0.9998,0.9998,1.0,1.0,2.682318310808732
2017-10-30,0.9998,0.9998,1.0,1.0,2.7016566133971214
2017-10-31,0.9998,0.9998,1.0,1.0,2.7216294463715176
2017-11-01,0.9998,0.9998,1.0,1.0,2.7138097437774085
2017-11-02,0.9998,0.9998,1.0,1.0,2.6808731582288603
2017-11-03,0.9998,0.9998,1.0,1.0,2.7138001215634913
2017-11-06,0.9998,0.9998,1.0,1.0,2.719976824979217
2017-11-07,0.9998,0.9998,1.0,1.0,2.733612088225184
2017-11-08,0.9998,0.9998,1.0,1.0,2.734816948375393
2017-11-09,0.9998,0.9998,1.0,1.0,2.7171167019682594
2017-11-10,0.9998,0.9998,1.0,1.0,2.729445540279121
2017-11-13,0.9998,0.9998,1.0,1.0,2.738699580208585
2017-11-14,0.9998,0.9998,1.0,1.0,2.7291761629014375
2017-11-15,0.9998,0.9998,1.0,1.0,2.7090071606246107
2017-11-16,0.9998,0.9998,1.0,1.0,2.73086349918378
2017-11-17,0.9998,0.9998,1.0,1.0,2.7191643640413607
2017-11-20,0.9998,0.9998,1.0,1.0,2.714355132204381
2017-11-21,0.9998,0.9998,1.0,1.0,2.7592825903472824
2017-11-22,0.9998,0.9998,1.0,1.0,2.7562773866872203
2017-11-24,0.9998,0.9998,1.0,1.0,2.780487941356995
2017-11-27,0.9998,0.9998,1.0,1.0,2.7874827449114554
2017-11-28,0.9998,0.9998,1.0,1.0,2.7791879056569337
2017-11-29,0.9998,0.9998,1.0,1.0,2.688013132728819
2017-11-30,0.9998,0.9998,1.0,1.0,2.716395916843204
2017-12-01,0.9998,0.9998,1.0,1.0,2.692769792347659
2017-12-04,0.9998,0.9998,1.0,1.0,2.6299993573259486
2017-12-05,0.9998,0.9998,1.0,1.0,2.6407107888891237
2017-12-06,0.9998,0.9998,1.0,1.0,2.6752082506018273
2017-12-07,0.9998,0.9998,1.0,1.0,2.693327846958753
2017-12-08,0.9998,0.9998,1.0,1.0,2.705107747292014
2017-12-11,0.9998,0.9998,1.0,1.0,2.744187689279445
2017-12-12,0.9998,0.9998,1.0,1.0,2.743313233589297
2017-12-13,0.9998,0.9998,1.0,1.0,2.7353201417134927
2017-12-14,0.9998,0.9998,1.0,1.0,2.737336993581344
2017-12-15,0.9998,0.9998,1.0,1.0,2.7793153175171628
2017-12-18,0.9998,0.9998,1.0,1.0,2.8007150428118783
2017-12-19,0.9998,0.9998,1.0,1.0,2.775178977426882
2017-12-20,0.9998,0.9998,1.0,1.0,2.763051599958783
2017-12-21,0.9998,0.9998,1.0,1.0,2.76291252221604
2017-12-22,0.9998,0.9998,1.0,1.0,2.7505816567872006
2017-12-26,0.9998,0.9998,1.0,1.0,2.7339516341176604
2017-12-27,0.9998,0.9998,1.0,1.0,2.731321614240948
2017-12-28,0.9998,0.9998,1.0,1.0,2.73793998332707
2017-12-29,0.9998,0.9998,1.0,1.0,2.71054981068065
2018-01-02,0.9998,0.9998,1.0,1.0,2.7670985847175196
2018-01-03,0.9998,0.9998,1.0,1.0,2.809716286692257
2018-01-04,0.9998,0.9998,1.0,1.0,2.8165186305056613
2018-01-05,0.9998,0.9998,1.0,1.0,2.849343618449177
2018-01-08,0.9998,0.9998,1.0,1.0,2.896640129201667
2018-01-09,0.9998,0.9998,1.0,1.0,2.8933601580086936
2018-01-10,0.9998,0.9998,1.0,1.0,2.8954941893366217
2018-01-11,0.9998,0.9998,1.0,1.0,2.911627793676706
2018-01-12,0.9998,0.9998,1.0,1.0,2.9165712346564026
2018-01-16,0.9998,0.9998,1.0,1.0,2.9056703781270543
2018-01-17,0.9998,0.9998,1.0,1.0,2.9364055181997526
2018-01-18,0.9998,0.9998,1.0,1.0,2.9364413324116034
2018-01-19,0.9998,0.9998,1.0,1.0,2.9580019183284114
2018-01-22,0.9998,0.9998,1.0,1.0,2.9983661175343537
2018-01-23,0.9998,0.9998,1.0,1.0,3.0358701036982367
2018-01-24,0.9998,0.9998,1.0,1.0,3.004642678708871
2018-01-25,0.9998,0.9998,1.0,1.0,3.0027067672564463
2018-01-26,0.9998,0.9998,1.0,1.0,3.0462691849574406
2018-01-29,0.9998,0.9998,1.0,1.0,3.04663622430795
2018-01-30,0.9998,0.9998,1.0,1.0,3.0322102363381926
2018-01-31,0.9998,0.9998,1.0,1.0,3.065327267549154
2018-02-01,0.9998,0.9998,1.0,1.0,3.0430061455010047
2018-02-02,0.9998,0.9998,1.0,1.0,2.9764578679725355
2018-02-05,0.9998,0.9998,1.0,1.0,2.8454764130233676
2018-02-06,0.9998,0.9998,1.0,1.0,2.934438146476877
2018-02-07,0.9998,0.9998,1.0,1.0,2.9070035736852473
2018-02-08,0.9599561795300239,0.9599561795300239,0.9578053212512606,0.9624910970924561,2.766869142023293
2018-02-09,0.9754551770687355,0.9754551770687355,0.97434616791639,0.9769491795187579,2.8240434801170426
2018-02-12,0.9912719206522889,0.9912719206522889,0.9916359057454321,0.9912951882057839,2.8640734732882396
2018-02-13,0.9950629843764277,0.9950629843764277,0.9967542335018454,0.9937609244817958,2.8870918075490133
2018-02-14,1.0110934205525621,1.0110934205525621,1.0154171765707831,1.0071729473375417,2.943360923038406
2018-02-15,1.0269292696810524,1.0269292696810524,1.0342674614837264,1.0200246014969083,2.99896270409706
2018-02-16,1.0247866410833069,1.0247866410833069,1.029648584988099,1.0203234267976633,2.985416117065182
2018-02-20,1.022603446386405,1.022603446386405,1.0317082976055199,1.0139349956350527,2.996325826202893
2018-02-21,1.0186062772634594,1.0186062772634594,1.0287747357665677,1.0088914493437529,2.986177844433544
2018-02-22,1.0192045600059234,1.0192045600059234,1.0286498729513713,1.0101990523099331,3.0053114680136983
2018-02-23,1.037748140812325,1.037748140812325,1.049684733296932,1.026300958920243,3.059426660935126
2018-02-26,1.0506538988597465,1.0506538988597465,1.0636039370550456,1.0382186272483296,3.098321679497404
2018-02-27,1.0375894674451325,1.0375894674451325,1.050433719703267,1.025254899349687,3.0607258168074547
2018-02-28,1.0290047127719253,1.0290047127719253,1.0436926515614096,1.0148689814663323,3.029821575864833
2018-03-01,1.0131232896478677,1.0131232896478677,1.0266524488779163,1.0001120737392757,2.966071893177466
2018-03-02,1.020385071367428,1.020385071367428,1.036077638955599,1.0052675797579091,2.9907929964566553
2018-03-05,1.0319373319943999,1.0319373319943999,1.0475625416507024,1.0168864227852408,3.0141110571123817
2018-03-06,1.0354280783957468,1.0354280783957468,1.051994171544746,1.0194642328005286,3.022837367367638
2018-03-07,1.0364363282504607,1.0364363282504607,1.0544284726077564,1.019090615665628,3.039332919285751
2018-03-08,1.0417969725074514,1.0417969725074514,1.0602334029841172,1.0240220882176518,3.047712693191947
2018-03-09,1.0609817415517646,1.0609817415517646,1.080831386340123,1.0418424968341728,3.098108859899405
2018-03-12,1.0631344245058558,1.0631344245058558,1.0865738376876748,1.0405348938679926,3.1340537021112214
2018-03-13,1.0524621017643139,1.0524621017643139,1.0717807847080298,1.0338102414875543,3.093235338081677
2018-03-14,1.0496697175584018,1.0496697175584018,1.0715934428640241,1.0285051518006298,3.080270669576094
2018-03-15,1.048639278291647,1.048639278291647,1.0706572098561056,1.027384414407871,3.078983212026735
2018-03-16,1.0455550962896727,1.0455550962896727,1.0674739223867604,1.0243957053525523,3.0695631855349044
2018-03-19,1.0264990005024859,1.0264990005024859,1.043006048941462,1.0105352735277604,2.985357451058539
2018-03-20,1.0290611767906173,1.0290611767906173,1.0464389667987781,1.0122538895459139,2.9955447050338972
2018-03-21,1.0258332539529578,1.0258332539529578,1.041882474089538,1.0103111260492086,2.9895743840057216
2018-03-22,1.0003517589248836,1.0003517589248836,1.0161662582195408,0.9850562266995213,2.9129669724401346
2018-03-23,0.9765103647394785,0.9765103647394785,0.9893888512840066,0.964060129442318,2.8315241130211706
2018-03-26,1.0080114012347232,1.0080114012347232,1.0261530928595526,0.9904358801967066,2.9313214847506948
2018-03-27,0.9831277429955373,0.9831277429955373,0.9929467271989412,0.9735868533285382,2.797059419391344
2018-03-28,0.9760204903066745,0.9760204903066745,0.981524208290225,0.9707101040005531,2.7467709314108495
2018-03-29,0.9911939149949682,0.9911939149949682,0.999500643981637,0.9831134632028161,2.8156470117812398
2018-04-02,0.9661978667963551,0.9661978667963551,0.97066342918626,0.9618933324790033,2.7258108293206296
2018-04-03,0.9778261913424862,0.9778261913424862,0.9815865920766124,0.9742218998471208,2.7718658811184045
2018-04-04,0.9907673540220304,0.9907673540220304,0.9970663429186268,0.9846452136475481,2.823903297532591
2018-04-05,0.9974989694712346,0.9974989694712346,1.0027463152373692,0.9924160396104845,2.862938646097655
2018-04-06,0.9739035678113815,0.9739035678113815,0.9776543182009324,0.9702992049605224,2.7939687906359625
2018-04-09,0.9797232460716649,0.9797232460716649,0.9845202491579864,0.9750812078561977,2.799044031490589
2018-04-10,0.9983200828590604,0.9983200828590604,1.0062418073659165,0.9905853498530554,2.8837994176755464
2018-04-11,0.9928237428829058,0.9928237428829058,1.0004368769895555,0.9853924479173491,2.865844575366325
2018-04-12,1.002885310693195,1.002885310693195,1.0124836147318321,0.9934993810861708,2.889813147067416
2018-04-13,0.9988177874823869,0.9988177874823869,1.0072404241602224,0.9905853498530552,2.8861338410475983
2018-04-16,1.0067304403540318,1.0067304403540318,1.0149179157948425,0.9987296789389496,2.893326794039242
2018-04-17,1.0229507111237177,1.0229507111237177,1.0367642415755471,1.0094145361350015,2.950705188075184
2018-04-18,1.0243762965431233,1.0243762965431233,1.038886433221777,1.0101617704048025,2.956538980207504
2018-04-19,1.01682662455729,1.01682662455729,1.02933647557132,1.0045578554171233,2.952593535971122
2018-04-20,1.004469013515044,1.004469013515044,1.0130453545365834,0.9960397951843862,2.902754701259593
2018-04-23,1.003124954588492,1.003124954588492,1.0104861906583766,0.9958904395399799,2.8837624298665676
2018-04-24,0.9857435333681953,0.9857435333681953,0.9890768371096488,0.9824784166842339,2.817624569194594
2018-04-25,0.9875526721057724,0.9875526721057724,0.9902627005055383,0.9849067570431731,2.8080540735351533
2018-04-26,1.002967599093539,1.002967599093539,1.0111104094919372,0.994919057791627,2.889941279896958
2018-04-27,1.0037479184732931,1.0037479184732931,1.0117345330830756,0.9958530436229068,2.9101516607848734
2018-04-30,0.996327552954809,0.996327552954809,1.0045564927092414,0.9881944054111889,2.892899782150191
2018-05-01,1.002908139108232,1.002908139108232,1.0160413954043448,0.9899503033344728,2.9332696361169477
2018-05-02,0.9965823154838913,0.9965823154838913,1.0100493136688222,0.9833003287762377,2.9355377467289485
2018-05-03,0.9954226261489083,0.9954226261489083,1.0099244508536258,0.9811334178009806,2.9256426786600356
2018-05-04,1.011309786372719,1.011309786372719,1.029086749940927,0.9938356023039986,2.9865218382169387
2018-05-07,1.0172223769844935,1.0172223769844935,1.0376380907970784,0.9971980425061601,3.0289009366060813
2018-05-08,1.016702267697368,1.016702267697368,1.0365769949739634,0.9971980425061601,3.030068984136449
2018-05-09,1.0271563918367692,1.0271563918367692,1.047874651067483,1.006836726119714,3.07600212420733
2018-05-10,1.037281635384608,1.037281635384608,1.058735334929026,1.016251262254716,3.105607874711969
2018-05-11,1.0383749782193186,1.0383749782193186,1.0577367181347201,1.0193521590612526,3.09179382016138
2018-05-14,1.039510830008098,1.039510830008098,1.05954680036417,1.0198378499354288,3.083717978963495
2018-05-15,1.030174926977053,1.030174926977053,1.0478121720386735,1.0128142582422934,3.0332510175603327
2018-05-16,1.035746780049495,1.035746780049495,1.0547405820245366,1.0170731743467196,3.0428949222413983
2018-05-17,1.0333172577678607,1.0333172577678607,1.0506834453336602,1.0162139803495853,3.0348168601653676
2018-05-18,1.0293553213242472,1.0293553213242472,1.0452531034028887,1.013673452239428,3.012896588096031
2018-05-21,1.0361139426626924,1.0361139426626924,1.0511203223232148,1.0212948085460156,3.0411063262282543
2018-05-22,1.0339968659464671,1.0339968659464671,1.0497471170833197,1.0184554551351033,3.020301536560562
2018-05-23,1.0397844555124407,1.0397844555124407,1.0586105673562511,1.0212574126289429,3.0551750314526998
2018-05-24,1.0385661394893806,1.0385661394893806,1.058298457939471,1.0191652934878312,3.049853688941821
2018-05-25,1.0378495120213804,1.0378495120213804,1.059359553762586,1.0167369531288921,3.052955924443653
2018-05-29,1.0295881926625645,1.0295881926625645,1.0546781982381492,1.0050434322793573,3.047226912391702
2018-05-30,1.04014440778948,1.04014440778948,1.0622307318151507,1.0184554551351035,3.081208170068923
2018-05-31,1.0366223781815993,1.0366223781815993,1.061544224437625,1.0122164936288416,3.083725799898583
2018-06-01,1.0498481723130566,1.0498481723130566,1.078209838675529,1.0221541165550925,3.138673830482938
2018-06-04,1.0570828421318763,1.0570828421318763,1.08794704292757,1.027010797272971,3.174414862389814
2018-06-05,1.0591048565385537,1.0591048565385537,1.0913175769984986,1.0277580315427717,3.1792587598721997
2018-06-06,1.0666215786487472,1.0666215786487472,1.0976842471796107,1.0363506555857698,3.2167610769455464
2018-06-07,1.0622272812112534,1.0622272812112534,1.0887584131202919,1.0362385818464939,3.1892287329349
2018-06-08,1.0638279259765808,1.0638279259765808,1.0888208921491012,1.039302082735958,3.19071622910938
2018-06-11,1.0659685348903765,1.0659685348903765,1.0917545492304752,1.0406843635243412,3.2113402852606425
2018-06-12,1.069460783740402,1.069460783740402,1.097497000578027,1.0420293624075945,3.236619322083364
2018-06-13,1.0677241006274207,1.0677241006274207,1.0974346167916398,1.0387043181225057,3.2327975364021326
2018-06-14,1.074473046350441,1.074473046350441,1.1085450262835757,1.0413195240548665,3.2764142739159157
2018-06-15,1.069513604795188,1.069513604795188,1.104675040951861,1.0353419919322868,3.2591854262043367
2018-06-18,1.0669633658434,1.0669633658434,1.1016790000840997,1.0332124768741024,3.2862675850423724
2018-06-19,1.063407360780558,1.063407360780558,1.0985580964011419,1.0292523860704315,3.252466132699067
2018-06-20,1.0680907483735604,1.0680907483735604,1.1063603556085364,1.0310082839937154,3.2868190164876583
2018-06-21,1.060102982254884,1.060102982254884,1.096748014171692,1.0245450609969593,3.2450716543064617
2018-06-22,1.0598929004962727,1.0598929004962727,1.0943137131086818,1.026413032659519,3.215587586743046
2018-06-25,1.0407389747144622,1.0407389747144622,1.0696584978193777,1.0124406411073936,3.143013271564487
2018-06-26,1.04401670143718,1.04401670143718,1.0740278391694562,1.0146822299048537,3.1741522329110294
2018-06-27,1.0325933709490758,1.0325933709490758,1.059421937548973,1.0062763574233347,3.1370157004135217
2018-06-28,1.0399864485397898,1.0399864485397898,1.0685350182098754,1.0120297420673625,3.173891113531808
2018-06-29,1.0417162907598712,1.0417162907598712,1.0714061962624402,1.013486700677949,3.1586808142948626
2018-07-02,1.037896935744408,1.034032271922395,1.0785843318786963,1.0156534976412637,3.182929743866172
2018-07-03,0.988226703460638,0.9906966839323244,1.066100717146865,1.0120670239724927,3.114211357077374
2018-07-05,1.0001892497485945,0.9896750378885595,1.079333318285031,1.020323426797663,3.1525076486803565
2018-07-06,1.0116142531288936,0.9922342359571927,1.0961237953381315,1.0289535607696763,3.1919499183445
2018-07-09,1.0237668915861386,1.0073565898167856,1.1059858624053687,1.0382186272483296,3.231731977306916
2018-07-10,1.0219588198315466,1.0079217448752644,1.1067973278405125,1.0419545705734492,3.2427217113336866
2018-07-11,1.022945626776122,1.0048315321010344,1.1011796440657353,1.0343332142668615,3.2230579612728123
2018-07-12,1.046136038220431,1.025169885307558,1.1201547917938748,1.043710468496733,3.2744144848383847
2018-07-13,1.0519247965208185,1.0304516896820817,1.1210910248017933,1.044532380588737,3.2846052241765062
2018-07-16,1.0544408286834277,1.0329163616831887,1.1184069981083902,1.0435983947574572,3.268475979395046
2018-07-17,1.0676649190113996,1.0458705065688658,1.1252106405214786,1.047820028956753,3.313697433465417
2018-07-18,1.065770942302224,1.0440151919050766,1.1230883536328269,1.0500242218371403,3.3059513589911065
2018-07-19,1.053878276180758,1.0323652926535127,1.1174707651004716,1.046064131033469,3.2870634282238176
2018-07-20,1.0587751417078624,1.0371621976920098,1.1172211347125007,1.0448686018065647,3.2860548544222508
2018-07-23,1.0578060798936333,1.0362129174894883,1.1207789153850132,1.0468113653032698,3.283152308831563
2018-07-24,1.0752302862594827,1.0532814407816888,1.1253978871230628,1.0520789450611792,3.3063453120327186
2018-07-25,1.0924190515077656,1.0701193290530024,1.141127268353048,1.0610453002510198,3.364469838507614
2018-07-26,0.9725538464344882,0.9527009513226097,1.1238374352815836,1.0585421680579352,3.275313764973222
2018-07-27,0.9708784297434003,0.9510597351767758,1.1086697938563495,1.0513692207203933,3.22998256176005
2018-07-30,0.9593053088419483,0.9397228582182333,1.0930028916551733,1.0458773794719898,3.1717062624698427
2018-07-31,0.9591654130834772,0.9395858181739519,1.1013668906673189,1.0510328854906232,3.1919242590326515
2018-08-01,0.9896725169907565,0.9694701757559159,1.1055488901733916,1.0492769875673393,3.2234769124683234
2018-08-02,1.0074037901904034,0.986839497678188,1.1205916687834296,1.0549930903062368,3.3287475083967597
2018-08-03,1.007252739746924,0.9866915306512434,1.1240246818831676,1.0595135498062875,3.3347317425247587
2018-08-06,1.0120640970102817,0.9914046729196727,1.1306409824522505,1.0633989627877558,3.3580739404812006
2018-08-07,1.0155789597430571,0.9948477862049269,1.1347605981719362,1.0669106446223813,3.40971977507388
2018-08-08,1.0159800866673985,0.9952407248620739,1.1361338034118313,1.0664623496652776,3.41472252637322
2018-08-09,1.014979095886004,0.9942601674634314,1.1354472007918837,1.065005391054691,3.395449448076403
2018-08-10,1.007701056771135,0.9871306961093064,1.1267710923629581,1.0578697256222798,3.3742678485037616
2018-08-13,1.0052567007695161,0.9847362371324067,1.1255227499382596,1.0539096348186086,3.375452363626141
2018-08-14,1.0116135681495964,0.990963340775703,1.1325759274968972,1.0606342871990468,3.394701626107829
2018-08-15,1.0016480701147052,0.9812012700245039,1.1187191075251708,1.0527141055917042,3.3501714368174684
2018-08-16,1.007349119856714,0.9867859433386463,1.1224018462553016,1.061232051812499,3.3421671093668364
2018-08-17,1.008831328500862,0.9882378954238862,1.1226514766432727,1.0649679951376185,3.2941561308784784
2018-08-20,1.0024399094718655,0.9819769454399341,1.1216527646065448,1.0672469798521516,3.294696388623232
2018-08-21,1.0032549373046635,0.9827753359809902,1.1257723803262305,1.069749998033294,3.317410245577905
2018-08-22,1.008999217861103,0.9884023576321275,1.1301416264338864,1.0691149515147114,3.3436168676583327
2018-08-23,1.009501755937771,0.9888946373197486,1.1285187908060206,1.0676952748092552,3.3468362530697733
2018-08-24,1.011327804338531,0.9906834103063993,1.1390049814643959,1.0741211018889383,3.376234880903211
2018-08-27,1.020474374616754,0.9996432702024334,1.1506147469746961,1.0826016521926605,3.4075643661287023
2018-08-28,1.0214682573218103,1.0006168646230218,1.1523000616313714,1.0831247389839094,3.398078030801694
2018-08-29,1.0301091887581673,1.0090814073626462,1.1655951417983466,1.0889528014501404,3.431167234675857
2018-08-30,1.0271138592657598,1.0061472220037553,1.1635353339385033,1.0845443016774232,3.430471067199542
2018-08-31,1.0277927368106745,1.0068122415142358,1.1650333067511733,1.0845816975944955,3.4297258651013633
2018-09-04,1.024705078572189,1.0037876121305274,1.1600399370523782,1.0827137259319357,3.403423913669082
2018-09-05,1.0167097643239056,0.9959555074934544,1.1450595422287277,1.0797996946988204,3.3454809347863437
2018-09-06,1.0106350181869144,0.9900047661078002,1.1348229819583229,1.0765494422478772,3.306559833861827
2018-09-07,1.0077074547176312,0.9871369634535118,1.1304537358506668,1.0744573231067656,3.27335492290981
2018-09-10,1.0102804582836629,0.9896574438917946,1.1342612421535718,1.0763252947693254,3.3081871080043403
2018-09-11,1.0158377732337545,0.995101316495005,1.1429997343688847,1.0798743725210236,3.3351271732729404
2018-09-12,1.0144630138643325,0.9937546203054936,1.139629200297956,1.080135915916648,3.3255651154719006
2018-09-13,1.0228803698948785,1.0020001515193402,1.151800705613007,1.0865243470792585,3.349384591202303
2018-09-14,1.0214716936404966,1.0006202307955927,1.1484301715420784,1.08671121265268,3.357236179910634
2018-09-17,1.011411568923206,0.9907654649913916,1.1318893248769488,1.080957828008652,3.3105654286619277
2018-09-18,1.0183386875761444,0.9975511792783419,1.1412520359258223,1.0868232863919558,3.311521045743955
2018-09-19,1.0184913975454135,0.9977007719549145,1.1403781867042908,1.0879814197017876,3.3322200218711715
2018-09-20,1.0282486412953997,1.0072588395487838,1.1529866642513185,1.0967981912233373,3.355325311583902
2018-09-21,1.0226531213271732,1.0017775418125014,1.1466824730990157,1.0908580550178304,3.3278765341269985
2018-09-24,1.021455456134278,1.0006043247481502,1.1478059527085178,1.0872341854319867,3.349241151335597
2018-09-25,1.021675975514878,1.0008203426318418,1.1493664045499967,1.0862255217785037,3.3675978207461075
2018-09-26,1.0205080805926843,0.9996762881329593,1.1501778699851406,1.0829752693275605,3.375565433212269
2018-09-27,1.02625357984091,1.0053045035985353,1.1599150742371815,1.086001374299952,3.402755791196751
2018-09-28,1.0261960593777422,1.0052481573096572,1.1596653486067885,1.0861134480392278,3.3588369135189966
2018-10-01,1.0290281106759118,1.0080223974978506,1.1620372658834113,1.08988678728142,3.439389828150509
2018-10-02,1.0275675239309856,1.0065916259405925,1.1594157182188174,1.0892516267508947,3.4105720835392868
2018-10-03,1.0284026713563674,1.0074097253698147,1.1606640606435161,1.0898493913643472,3.41339335692885
2018-10-04,1.0145118429002014,0.9938024525865486,1.138380857873257,1.0813314451435525,3.3345508229179837
2018-10-05,1.005470373446818,0.9849455480756344,1.1244615588727218,1.0752792351987697,3.270831072423142
2018-10-08,1.0024006864001704,0.9819385230349897,1.1175956279156676,1.0752792351987697,3.2335669031041947
2018-10-09,1.0032928414650548,0.9828124663977751,1.1212158876169893,1.0737100888369648,3.260274987415338
2018-10-10,0.9653470271824358,0.9456412460090052,1.071905552280803,1.0397129817759887,3.107153270741607
2018-10-11,0.9487287567909041,0.9293622069929222,1.0586105673562498,1.0168117449630376,3.0673026241074246
2018-10-12,0.9685185595062321,0.9487480373430875,1.0880719057427652,1.0309336061715118,3.1547653681211822
2018-10-15,0.9599369015750144,0.9403415581491903,1.0749016883909865,1.0251428256104111,3.1084004014644124
2018-10-16,0.9843952509394792,0.964300635369164,1.1061731090069518,1.0475584855611284,3.2154827105971613
2018-10-17,0.9846774408811807,0.9645770649230629,1.1066099859965064,1.0477453511345496,3.204990843324592
2018-10-18,0.9661539338443903,0.9464316811579595,1.0809561539128967,1.0326147122606502,3.1293901653283407
2018-10-19,0.9654455029356823,0.9457377115611636,1.0799575371185908,1.0320543435642708,3.1135342236775423
2018-10-22,0.9657618108376902,0.9460475626200623,1.085512741864559,1.0274218103249442,3.13185432859069
2018-10-23,0.9615265235576128,0.9418987309274552,1.08151798896007,1.022191398460223,3.1524204288201
2018-10-24,0.9249571272858497,0.9060758315115214,1.0320204070223,0.9912205103835806,2.996218623464056
2018-10-25,0.9492538588755104,0.9298765900858273,1.0677235527747309,1.009003523083029,3.134373789461746
2018-10-26,0.928698091217133,0.9097404305558451,1.0402596384616711,0.9912577922887112,3.0648074672483467
2018-10-29,0.9165687620587073,0.8978586993072343,1.0188501896705213,0.9857659510403078,2.9772951801918026
2018-10-30,0.9309122878533247,0.9119094284467575,1.0356406667236218,1.0003735031229584,3.0275251451375444
2018-10-31,0.9468244772749757,0.9274967998351998,1.0599837725961456,1.0110583603190102,3.1191577491432065
2018-11-01,0.958106947779326,0.9385489594890539,1.0739653601406465,1.0218178953372652,3.1620588065575035
2018-11-02,0.9478078238757253,0.9284600732266408,1.0572373621163553,1.0157656853924824,3.1211027616102505
2018-11-05,0.9492472198021319,0.9298700865369012,1.0546158144517614,1.0213696003801616,3.0898144307193087
2018-11-06,0.955846213079558,0.9363343735233994,1.0626053202607397,1.0278327093649753,3.108053742578763
2018-11-07,0.9810692512185195,0.9610425298052674,1.0959365487365476,1.0498374702756617,3.201836461792422
2018-11-08,0.9770499343634955,0.9571052598993525,1.0889457549642971,1.047932102696029,3.173031834901664
2018-11-09,0.9640452776382239,0.9443660692836225,1.0705948260697178,1.037695654469023,3.127386282241104
2018-11-12,0.9404531233285024,0.9212555053420758,1.0381998306018285,1.0183060994906972,3.005560223368919
2018-11-13,0.9399690635426896,0.9207813267450433,1.0390736798233597,1.0164007319110646,3.0266604083521402
2018-11-14,0.9331704077172825,0.9141214529536578,1.0311465578007688,1.0094519320520747,3.0081200946536364
2018-11-15,0.9462023986927292,0.9268874198412012,1.0491853772785678,1.0199872055798356,3.054820110897505
2018-11-16,0.9457721699183596,0.9264659733946822,1.045502733790859,1.0226398074292689,2.986992397468158
2018-11-19,0.9224153229803528,0.9035859134583457,1.0115472864814907,1.0053423715920546,2.8570194450263804
2018-11-20,0.9056270221169674,0.8871403148292576,0.9934460832173043,0.9867373327886602,2.8252327987017782
2018-11-21,0.9106124435328592,0.8920239680512123,1.000998616794306,0.9900996589788792,2.8291362370431687
2018-11-23,0.9042782684448187,0.8858190934786181,0.9937581926340846,0.9834870803377169,2.7915373692195997
2018-11-26,0.9220285403161884,0.9032070262497297,1.0167279980242916,0.9993648394694749,2.8896595126509457
2018-11-27,0.9251362345924414,0.9062512826724053,1.0201610111240296,1.002727165659694,2.8882985299985213
2018-11-28,0.9506738518314788,0.9312675965015466,1.0529928835814737,1.0258152680460666,2.982981050129947
2018-11-29,0.9480854948661571,0.9287320760753358,1.0495598704817357,1.0235737932605486,2.968535563558674
2018-11-30,0.9544143007071162,0.9349316910041364,1.0571748830875463,1.0298127547668106,3.0073795373473957
2018-12-03,0.9690731396040639,0.9492912967098835,1.075650674797322,1.0434489251011083,3.0734986315071016
2018-12-04,0.9347877986157966,0.9157058277965769,1.0343923242989232,1.0096386836135536,2.9544555009093214
2018-12-06,0.9373785456782144,0.9182436895304547,1.0416952274879538,1.0081069331688215,2.975101015075806
2018-12-07,0.9110139879068488,0.8924173156365421,1.0073029031890308,0.9846826095646213,2.876025898699702
2018-12-10,0.9166482548008648,0.8979365693515045,1.0178515728762156,0.9865505812271811,2.9207944344577963
2018-12-11,0.9182700912118932,0.8995252989599893,1.0212221069471443,0.9867747287057329,2.9202642891578097
2018-12-12,0.9246230423792189,0.9057485663328,1.0302103247928502,0.9917434831628873,2.9417626399755514
2018-12-13,0.9246063698736772,0.9057322341657443,1.0305224342096304,0.9914072619450596,2.9555809678267835
2018-12-14,0.904813475352408,0.8863433751231603,1.0054303419307717,0.9731011624543623,2.883720988479754
2018-12-17,0.8856866282568717,0.8676069673751221,0.9826476878997268,0.9540104897827628,2.805438681000944
2018-12-18,0.8879858963928071,0.8698593001878318,0.9888271114792551,0.9529644302122069,2.830862251860747
2018-12-19,0.8704345446358311,0.8526662269434342,0.9645464846355404,0.9386930993473844,2.749290574437087
2018-12-20,0.8570413651319531,0.8395464445258767,0.9505648018486176,0.9234131048290785,2.691964834341839
2018-12-21,0.8325429536417027,0.8155481229746119,0.9211035587045242,0.8992415469550773,2.600020460494317
2018-12-24,0.8100629969126576,0.7935270531490503,0.8956993570088853,0.8754809451270783,2.526309979614518
2018-12-26,0.8558169486641656,0.8383470222646283,0.9516259929141545,0.9197145004150603,2.706853200327704
2018-12-27,0.8607580986763425,0.8431873078020171,0.9553086364018635,0.9267754880252687,2.696999245134374
2018-12-28,0.859977948457049,0.8424230829122382,0.9548092803834997,0.9255799587983643,2.715399103483123
2018-12-31,0.8673702347104073,0.8496644692599893,0.9628611699788652,0.9336869489731571,2.7253567750235193
2019-01-02,0.8695644934987617,0.851813936297498,0.9667311553105796,0.9346582737155387,2.7323374677090406
2019-01-03,0.8449848613044804,0.8277360520132482,0.9351476252778343,0.9123547445100685,2.620981574914603
2019-01-04,0.8772127218075212,0.8593060401150922,0.9751575381091125,0.94291473354668,2.7478777680351465
2019-01-07,0.8858928175367454,0.8678089476806943,0.9867673036194123,0.9503492812858175,2.796492502975719
2019-01-08,0.8940611306815031,0.875810519760473,0.9956931376787311,0.9592781265466432,2.820999420781146
2019-01-09,0.899793384916026,0.8814257605849006,1.0038075063029057,0.9637613041415636,2.8471619905029266
2019-01-10,0.9026672546377065,0.8842409655505279,1.0066786843554705,0.9671610262488555,2.858558333530186
2019-01-11,0.9011905322964083,0.8827943877753724,1.0029960408677614,0.9675346433837558,2.8538178136876655
2019-01-14,0.8944596292852436,0.8762008837493422,0.9941326858372519,0.9616317890833793,2.828819423640788
2019-01-15,0.9083181195760844,0.8897764784913539,1.0135447105549462,0.972652867497259,2.891650090381337
2019-01-16,0.9093332077103716,0.8907708454714004,1.0133574639533625,0.975006530033995,2.8963431726847246
2019-01-17,0.9163673120397504,0.8976613615192983,1.0213469697623407,0.9824036248500886,2.9191919994526407
2019-01-18,0.9270019216756649,0.90807888519084,1.031458667217549,0.995479426488007,2.909434240712565
2019-01-22,0.911455758142822,0.8928500679469878,1.010798300075156,0.9820300077151882,2.838966216340767
2019-01-23,0.9130002938145009,0.8943630747683117,1.012109026286242,0.9840848449511693,2.8297494672009598
2019-01-24,0.9161989608106622,0.897496446870411,1.0186629430689378,0.984607817730476,2.856323709730539
2019-01-25,0.9255487462570353,0.9066553736713056,1.0308344483839886,0.9929390123897918,2.901928309931625
2019-01-28,0.9163151960093975,0.8976103093416955,1.0181012032641865,0.9853924479173495,2.8249536606642116
2019-01-29,0.9113815593562329,0.892777383791936,1.0084888618273422,0.9840848449511692,2.780229156266953
2019-01-30,0.9301872652127723,0.911199205807757,1.03414259866853,0.9996636647702299,2.885993791506197
2019-01-31,0.9412337620453549,0.9220202087576359,1.0496223495105443,1.0084431543866492,2.955172453543919
2019-02-01,0.9394733797164502,0.9202957613909553,1.0451906243740785,1.0089288452608254,2.934980988228202
2019-02-04,0.9486130843594734,0.9292488958010843,1.0581735951242737,1.0160271147761644,2.98575123163338
2019-02-05,0.9547979650569137,0.9353075235530287,1.067536306173147,1.0202861448925329,3.0230394629674606
2019-02-06,0.9527450742715684,0.9332965387511793,1.0643530187038022,1.0189411460092799,3.006976190295826
2019-02-07,0.9418064371504894,0.9225811937554955,1.0500592265000992,1.009227784573523,2.9497893303851277
2019-02-08,0.9433053928047506,0.9240495509914887,1.052119034359942,1.0104605957055577,2.9464228736461475
2019-02-11,0.9431192451414199,0.923867203189779,1.0511203223232144,1.011020964401937,2.94432905158496
2019-02-12,0.9561558208402526,0.9366376612120267,1.066662456951616,1.0240220882176523,2.9865004596978433
2019-02-13,0.9580438029579493,0.9384871036528787,1.067411443357951,1.0273470184907987,2.9848255882175008
2019-02-14,0.9575694890610218,0.9380224720003639,1.068722264811459,1.025068147788208,2.9812454444909555
2019-02-15,0.9648002797719306,0.9451056594396535,1.073216373734312,1.0362385818464939,2.9913688434411325
2019-02-19,0.9665890159857535,0.946857881898926,1.075338565380542,1.0380318756868503,2.9952159837480528
2019-02-20,0.9674789250604635,0.9477296251192885,1.0751513187789583,1.040123994827962,2.9932208464657766
2019-02-21,0.9639895311175501,0.9443114607254707,1.0712189496608564,1.036425447419915,2.967113263987082
2019-02-22,0.9705447007583895,0.9507328186541902,1.0791460716834473,1.0428512744995984,3.0011219743381417
2019-02-25,0.9729735839203927,0.9531121206409905,1.083078440801549,1.0442708371931122,3.016777045926238
2019-02-26,0.9731301622899496,0.9532655027515856,1.0842019204110511,1.0435237169352536,3.0161149556088027
2019-02-27,0.972613003663389,0.9527589009656636,1.0835153177911034,1.04307542197815,3.030144947980944
2019-02-28,0.9705866718735564,0.9507739330063613,1.081018632941706,1.0411326584814447,3.0260437359425922
2019-03-01,0.976979239018451,0.9570360076695402,1.08850878273232,1.0476332773952732,3.0287349327222666
2019-03-04,0.9752864030066466,0.9553777277863319,1.0886960293339039,1.0438225422360083,3.035309487642237
2019-03-05,0.9749866392712636,0.9550840831753745,1.0895074947690477,1.0424028655305522,3.033528692292564
2019-03-06,0.9692689855667116,0.9494831448379959,1.0833280711895195,1.0360891121901448,3.014354015452214
2019-03-07,0.9592671748757042,0.9396855026866591,1.0700329910225443,1.0274218103249437,2.9745251896456346
2019-03-08,0.9575804878070135,0.9380332462272184,1.068410155394678,1.0253669730889625,2.986203994980948
2019-03-11,0.9744814319081593,0.9545891886898823,1.09063097437855,1.0402360685672374,3.0709030379115223
2019-03-12,0.9789958124626611,0.9590114164818689,1.0966231513564946,1.0441587634538358,3.079756701440818
2019-03-13,0.9859135973692803,0.9657879875537363,1.1048622875534435,1.0510702814076955,3.1153885952998284
2019-03-14,0.9847627799462144,0.9646606619482976,1.1029898215376064,1.05039783897204,3.1044027838960973
2019-03-15,0.9895951197198377,0.9693943584076998,1.113226381808011,1.0509582076684192,3.104027351159598
2019-03-18,0.9916665887293659,0.9714235421935106,1.1138505053991494,1.0547688288157422,3.0987904136112734
2019-03-19,0.9934566874315301,0.9731770993284349,1.1175956279156676,1.0550303722113668,3.119018045092269
2019-03-20,0.9939312558880433,0.9736419803441703,1.1220272578097115,1.0518547975826267,3.1495298106833367
2019-03-21,1.0073129138970525,0.9867504764569514,1.1395668165115687,1.0637351840055829,3.2079646645101603
2019-03-22,0.9865569431693134,0.9664182006344494,1.1145371080190971,1.0432621735396286,3.1290489197058675
2019-03-25,0.985246753568197,0.9651347561403757,1.1124149163728672,1.0424776573646972,3.1160837217978656
2019-03-26,0.9912130412159416,0.9709792530170362,1.1175956279156678,1.0502483693156912,3.1359315284394556
2019-03-27,0.985438270686682,0.9653223637897044,1.1104174922994117,1.044756528067288,3.129341248280864
2019-03-28,0.9884414578259317,0.968264246396053,1.1129766561776184,1.0487166188709591,3.137825868979474
2019-03-29,0.9949041984222249,0.9745950620488956,1.1214031342185733,1.0553293115240638,3.1592590598550165
2019-04-01,1.0102440871971674,0.9896218152540254,1.1362585709846054,1.0678446304536604,3.2080913888481972
2019-04-02,1.0266537336487678,1.0056964890035784,1.1405654333058743,1.0683677172449095,3.2261784250791763
2019-04-03,1.0266105180335947,1.0056541555555762,1.1471193500885704,1.0700489373459903,3.253586466856182
2019-04-04,1.0334272391468349,1.0123317258652242,1.1466824730990157,1.0728881767449603,3.230119959068505
2019-04-05,1.0375727657406262,1.0163926291705963,1.1526121710481507,1.0780811926926086,3.253129305547432
2019-04-08,1.0434040553426698,1.022104883737962,1.1555458281295252,1.0789031047846125,3.2593138678540163
2019-04-09,1.0497429519860078,1.0283143834840007,1.151488596196227,1.0733738676191362,3.248246708904592
2019-04-10,1.053398964530665,1.0318957652677567,1.1576680197757554,1.0770351331220527,3.2704553406447996
2019-04-11,1.0480964011899117,1.0267014439890898,1.154921609295965,1.0767361938093554,3.2554457842957643
2019-04-12,1.0525797020717722,1.0308878862538986,1.159915074237182,1.0840213288981155,3.264287011704189
2019-04-15,1.0551485954064082,1.032896931098168,1.1601023208387657,1.0833114905453873,3.2557373396536597
2019-04-16,1.0529109474848197,1.0294600339885704,1.1640970737432548,1.0840213288981153,3.2763521126519066
2019-04-17,1.062897736813807,1.033463111627968,1.1681542104341314,1.0813688410606244,3.284813992289799
2019-04-18,1.0633213144637772,1.038807558587876,1.1696522784892227,1.0834982421068662,3.2916685452561647
2019-04-22,1.074492300393489,1.0496559035316781,1.172960428773764,1.084432227938146,3.3007062356828967
2019-04-23,1.0891699390239535,1.0635488793251633,1.187878344568605,1.094183099302918,3.34156036342304
2019-04-24,1.0847741234704729,1.058253746046838,1.1841333172945092,1.0917547589439787,3.3215677610206176
2019-04-25,1.1115787810440882,1.1067282530997251,1.1889394403917202,1.0910822024963809,3.331569960982698
2019-04-26,1.1038351821966568,1.104830836791151,1.1900005362148356,1.0961631447047535,3.3068076927449552
2019-04-29,1.1141551747765501,1.1138115620746945,1.1923100697050708,1.0978816467109644,3.3301806212240543
2019-04-30,1.0994811594224059,1.1134278623157197,1.183072126228972,1.0984420154073438,3.2892762086457332
2019-05-01,1.1254137584152553,1.1007681396832771,1.1792646199260668,1.0901856125821734,3.2760841024659824
2019-05-02,1.1202942702627987,1.0921549653490075,1.1741463874120757,1.0878319500454376,3.2826841960934017
2019-05-03,1.1358112516090586,1.1119142499223076,1.1928718095098223,1.0984794113244167,3.344954773179122
2019-05-06,1.1224217522391085,1.0988064601133212,1.1855689063207915,1.093958951824366,3.323225207786663
2019-05-07,1.0953962486126194,1.0723495619702104,1.1624742381153883,1.0756901342387992,3.248584088135028
2019-05-08,1.0948404373569263,1.0718054447547867,1.1595405810340138,1.0741957797111399,3.24214128680448
2019-05-09,1.0863883853761716,1.0635312204722118,1.1532987736680982,1.0709455272601967,3.2173605836226526
2019-05-10,1.0756984522524593,1.0530661991457078,1.1547343626943807,1.0763252947693243,3.2088783042804816
2019-05-13,1.02844687640059,1.0068087770198506,1.1146619708342933,1.0492769875673382,3.0806488725847516
2019-05-14,1.0423401444206706,1.020409736393719,1.1268958599357315,1.0587663155364857,3.1107116252816116
2019-05-15,1.053973474152881,1.0317983056520044,1.1428124877673007,1.064967995137617,3.150089560473036
2019-05-16,1.0638238175877337,1.0414414019114622,1.1542973904624039,1.074830940241665,3.1715273942392366
2019-05-17,1.0570408214038967,1.034801117178156,1.1425003783505203,1.0678820263707325,3.1115568116442947
2019-05-20,1.0465699169768412,1.0245505162745958,1.1232132164480224,1.0608211527724667,3.053978866725248
2019-05-21,1.0489809089713853,1.0269107819889778,1.1349478447735188,1.070385158563817,3.0823900665542547
2019-05-22,1.0527732952502664,1.0306233780199856,1.1298919960459146,1.0670975101958011,3.049680662803397
2019-05-23,1.0341190770797344,1.012361636929122,1.1126021629744505,1.0540591044749554,3.005332670252906
2019-05-24,1.0361727835867147,1.0143721342956824,1.1120404231696994,1.056450048916822,2.9914008789477315
2019-05-28,1.0294059599133878,1.0077476818099151,1.1078584236636266,1.046624499729847,2.9865826388949843
2019-05-29,1.021718067256705,1.0002215392534572,1.0987453430027243,1.0396009080367115,2.9593062202599527
2019-05-30,1.0252609031166562,1.003689835303734,1.103364314740774,1.0424402614476238,2.961041709927027
2019-05-31,1.01017507944203,0.9889214111559113,1.0857623722525294,1.0283930780613528,2.9042481187770193
2019-06-03,0.9977697640195761,0.9767770984688634,1.061856238611982,1.0257779861409344,2.80929402443815
2019-06-04,1.0226458022205145,1.0011297550551141,1.091754549230474,1.0480441764353028,2.9098568159138325
2019-06-05,1.0308753194300442,1.0091861266065438,1.0998689178546488,1.057122491352477,2.9283380452433874
2019-06-06,1.0383222100405196,1.0164763377007462,1.1086074100699619,1.0639966133892638,2.96846032521232
2019-06-07,1.0535434834229407,1.0313773617502089,1.13001676361869,1.0746440746682429,3.0234334118807507
2019-06-10,1.0621002700384619,1.0397541170939015,1.143186980970469,1.0795755472202666,3.0746955072846824
2019-06-11,1.062696499348213,1.0403378019841458,1.1447474328119478,1.079314003824642,3.096289722375539
2019-06-12,1.058687504289937,1.036413154533392,1.1381311322428649,1.0774087502569518,3.0601276658627192
2019-06-13,1.0640070227122067,1.04162075247545,1.1448722956271442,1.081854417922857,3.089185480881062
2019-06-14,1.0611568153887903,1.038830512342109,1.1400036935011237,1.080659002707895,3.084299007258939
2019-06-17,1.0645541304474453,1.0421563492889105,1.1468697197006,1.081069901747926,3.1265256964670938
2019-06-18,1.0778623408692545,1.0551845604357988,1.1635353339385033,1.0923898054625605,3.173214889279052
2019-06-19,1.0811025790670308,1.0583566253542842,1.1679045800461603,1.0948555417385721,3.1781826497779795
2019-06-20,1.0912939643498607,1.0683335880814748,1.178765359150125,1.10531613744413,3.1909754195901594
2019-06-21,1.0870546366584064,1.0641834541014317,1.1770176607070626,1.09836733758514,3.1909106006910095
2019-06-24,1.0852073404676779,1.0623750242629453,1.1744584968288556,1.0970224527138293,3.196851693390991
2019-06-25,1.070571016798896,1.0480466428256787,1.1542973904624048,1.0862629176955743,3.1389537119680315
2019-06-26,1.0725264127441638,1.0499608980443196,1.159665348606789,1.0851794622079458,3.1653381403674197
2019-06-27,1.0764773470322822,1.0538287062996454,1.1640970737432548,1.0890274792723413,3.18633730848034
2019-06-28,1.0799396697390722,1.0572181831603962,1.1655951417983466,1.0946313942600205,3.1946292016491915
2019-07-01,1.0921284898571801,1.0691505555152783,1.18132442778591,1.1045690171862717,3.234787699835683
2019-07-02,1.0957145528619396,1.0726611692290116,1.1860057833103468,1.1074456525023144,3.239076908493118
2019-07-03,1.104217893632015,1.0809856032058696,1.1949316173696651,1.116299819940937,3.2760001419877955
2019-07-05,1.1024649139045049,1.0792695054509986,1.192497316306655,1.1150296128918296,3.267432605549277
2019-07-08,1.0955697278461587,1.0725193912720103,1.1841333172945094,1.1089027251248436,3.23948820243931
2019-07-09,1.0989956605126783,1.0758732437239744,1.1900630152436444,1.110285005913227,3.2578064271890805
2019-07-10,1.1070971167942887,1.0838042486967494,1.2019224111419151,1.1155899815882089,3.3077248582952063
2019-07-11,1.1079923115421186,1.0846806089151904,1.2010485619203841,1.1182051875205694,3.316224131062752
2019-07-12,1.1136683267059928,1.0902372030540015,1.2079769719062474,1.1232113378947965,3.346015054702364
2019-07-15,1.1156374289821203,1.0921648762279368,1.2118468619955403,1.123584955029697,3.364624311929861
2019-07-16,1.110965177870251,1.0875909273582254,1.2056050546296246,1.1199610854438533,3.3520034546028645
2019-07-17,1.1044529997520562,1.0812157627898211,1.199675356680489,1.1123397291372656,3.3436557501234927
2019-07-18,1.10710675036944,1.0838136795854412,1.2010485619203843,1.1164118936802128,3.344823944114019
2019-07-19,1.0999755171328454,1.0768324845637718,1.1922475906762624,1.1102103280910236,3.3259584713980486
2019-07-22,1.1057031785770108,1.0824396383663741,1.2017351645403318,1.112937493750718,3.3597392497437277
2019-07-23,1.113274189757953,1.0898513585852792,1.2095998075341134,1.1208950712751333,3.3907377091351316
2019-07-24,1.119796558001186,1.096236498882681,1.2180886693614557,1.1261627650449848,3.4147137353267683
2019-07-25,1.1118141337164362,1.088422021522499,1.206541382879965,1.1207829975358572,3.328307768081538
2019-07-26,1.1212616966554192,1.0976708116220961,1.218962518582987,1.128292280103169,3.3692994668592364
2019-07-29,1.1183172756112223,1.0947883399859193,1.2147805190769143,1.1262374428671877,3.3681113126172617
2019-07-30,1.1145313396815273,1.0910820585914032,1.2095374237477265,1.1234728812904209,3.369023107500812
2019-07-31,1.100727580949074,1.0775687252665564,1.1928094257234352,1.1111815958274338,3.3265573181728465
2019-08-01,1.093199043399972,1.0701985850517428,1.1868796325318782,1.1015055162968073,3.2910907359761894
2019-08-02,1.0810346541701072,1.0582901295692613,1.1694026481012518,1.0932117175545641,3.246611536990411
2019-08-05,1.0456804535870245,1.0236797668287523,1.1280818185740438,1.0603354618982892,3.1212882983238197
2019-08-06,1.0603313148101556,1.0380223799562025,1.143873583590417,1.0752044433646217,3.166026007677802
2019-08-07,1.0635085581826145,1.0411327754345916,1.1500530071699449,1.0758396038951468,3.184711367495844
2019-08-08,1.0855146538490996,1.0626758718971898,1.1750826204199947,1.0969476608796835,3.260527909729388
2019-08-09,1.0767147349285395,1.0540610996521798,1.1640346899568679,1.0894757742294445,3.2182928691213055
2019-08-12,1.0639834030170847,1.0415976297290013,1.150677226003505,1.0762132210300472,3.174947534107879
2019-08-13,1.0839152733891444,1.0611101417444446,1.1758940858551385,1.0929501741589396,3.2506754500026522
2019-08-14,1.051694583012331,1.0295673614439687,1.1407526799074592,1.0606342871990442,3.130226126535128
2019-08-15,1.052479554239327,1.03033581719913,1.139441953696373,1.0634362446928838,3.128602779803546
2019-08-16,1.0682695693540016,1.045793616888667,1.157730403562143,1.0791272522631625,3.1943017017398283
2019-08-19,1.0871740756766763,1.064300380171871,1.1761437162431096,1.0921282620669355,3.2686853514938856
2019-08-20,1.082683444229832,1.0599042297641146,1.167030730824629,1.0837597855024892,3.239678701220737
2019-08-21,1.094584999683444,1.0715553813849181,1.1773921539102303,1.0925766710359812,3.2592726807853656
2019-08-22,1.090138969190064,1.0672028935449052,1.1735846476073246,1.0922403358062112,3.2511813932734874
2019-08-23,1.0473603602226809,1.0253243289195746,1.1364459128286115,1.0641834789626843,3.134523381836482
2019-08-26,1.0670136213414763,1.043794797556982,1.1536108830848795,1.0759516776344222,3.1822751256131845
2019-08-27,1.049223898069346,1.03567255573927,1.1511764867794474,1.0717300434351265,3.167922238283465
2019-08-28,1.0508637042689986,1.0427999823738647,1.1552961024991333,1.079276721919511,3.1770341138241514
2019-08-29,1.0785978186134382,1.0664293352932768,1.172960428773765,1.093062247898215,3.2402541257659867
2019-08-30,1.0795481107476081,1.074906777719004,1.1701516345075873,1.092576671035981,3.242559830542982
2019-09-03,1.0609244592316325,1.056363195417206,1.1587914993852586,1.086188125861428,3.2088446595639883
2019-09-04,1.0847556229889117,1.0800919011493584,1.1755195926519717,1.098516807241488,3.2466725192456587
2019-09-05,1.1306486041620802,1.1257875732751768,1.1970538090158962,1.112638668449962,3.333745111048255
2019-09-06,1.1269411573209709,1.1223212234842597,1.1958678503775848,1.1134978624470964,3.3155725381425305
2019-09-09,1.1322856914210877,1.130526814404435,1.1933711655281871,1.1140583451554182,3.324961400100899
2019-09-10,1.1408935604771775,1.1455971275170007,1.1899381524284491,1.1137968017597937,3.3286538705437607
2019-09-11,1.1512404998997894,1.167405336719072,1.2011109457067723,1.1217169833671363,3.3765896011896173
2019-09-12,1.1581162772404214,1.1658969897776548,1.206104410647989,1.1256023963486044,3.3872752387650538
2019-09-13,1.1529353146290175,1.1471980166667712,1.2017975483267198,1.1248551620788036,3.372156482286786
2019-09-16,1.1504844702462256,1.1447593683059978,1.1964295901823356,1.1213807621493086,3.350482857459668
2019-09-17,1.1553223882995962,1.1495732116545372,1.202172136772309,1.124220115560221,3.3684920160425533
2019-09-18,1.1572630274997273,1.1515041937427843,1.2016727807539451,1.1248925579958764,3.3708255583127924
2019-09-19,1.1427881333934744,1.1371013303735604,1.203670109584979,1.124817766161731,3.3803999548012027
2019-09-20,1.1204823534959085,1.1146791294168388,1.1909368644651768,1.1143571704561732,3.3362192146351863
2019-09-23,1.1288776642409442,1.1182899764197096,1.1890643032069177,1.1140956270605487,3.3355536328719544
2019-09-24,1.0792563942528257,1.0691127369791555,1.1732725381905451,1.1053535333612021,3.2637203129865644
2019-09-25,1.1103570045820885,1.094374716816438,1.1864427555423238,1.1118914341801613,3.3184654563880085
2019-09-26,1.1412304049897448,1.125933143353287,1.1820735094346673,1.109575167560498,3.322971819157761
2019-09-27,1.1218079532153422,1.1173051819932924,1.1674052240277968,1.1035976354379182,3.283462723697929
2019-09-30,1.1328083110995666,1.1282613860677926,1.1785156335197324,1.1087158595514213,3.3064639298910663
2019-10-01,1.1273538260955898,1.1228287945599678,1.1689032920828883,1.095527984174227,3.2913208545880135
2019-10-02,1.1000992110792416,1.0956835755376593,1.1488046647452466,1.0761758251129738,3.2428439951919925
2019-10-03,1.110146507265595,1.105690543362997,1.1614131422922742,1.084992710646466,3.2751639642439527
2019-10-04,1.1355316659480326,1.1311949478813212,1.1785156335197324,1.0996749405513195,3.3113593812132414
2019-10-07,1.1430201710221646,1.1300537761966913,1.1749578528472207,1.0949302195607746,3.316978247280669
2019-10-08,1.1143115959058265,1.1149608561925426,1.157355910358976,1.0779317230362577,3.271675887138872
2019-10-09,1.1317815750334816,1.1272421169603315,1.1686535664524955,1.0881681712632636,3.3153005507276907
2019-10-10,1.146673921462121,1.1381528634992444,1.177704168084589,1.0955279841742267,3.335111514574483
2019-10-11,1.1711958298448804,1.15622534940878,1.1928718095098236,1.1068852838059338,3.3788761481155203
2019-10-14,1.1720531362652649,1.1563728178080361,1.1927469466946272,1.105652472673899,3.392114447612133
2019-10-15,1.2016012495094885,1.1666427460665525,1.207914588119861,1.116598759253633,3.4523037793743687
2019-10-16,1.1925671910833247,1.1646447199360632,1.2049184520096778,1.1148054654132764,3.448334646297827
2019-10-17,1.1951280351755307,1.1714968493477733,1.208101834721445,1.1180931137812924,3.460317422737312
2019-10-18,1.1863106172109776,1.1703873184988471,1.1964920692111451,1.1131990371463412,3.4174339181689763
2019-10-21,1.2137859573095755,1.1804750534726836,1.2071031226847173,1.1207456016187836,3.4527153452435915
2019-10-22,1.2111596161647,1.1776642631025522,1.1974907812478728,1.1170844501278094,3.423953494573059
2019-10-23,1.217675989391954,1.193360227143041,1.1998002194956867,1.1203347025787527,3.443193472930782
2019-10-24,1.224201276215588,1.1950438727498098,1.2114723687923739,1.1221652783242397,3.531729102142881
2019-10-25,1.2553748139203447,1.2046270737394265,1.2211471892580272,1.126760529658436,3.596591719029011
2019-10-28,1.2608589517586275,1.2098895187421932,1.2331939270003038,1.1331115649039738,3.635085034070553
2019-10-29,1.2241746556743038,1.1746881623391217,1.2236438741074247,1.132775343686146,3.5846343995824403
2019-10-30,1.22175705789326,1.172368294433406,1.2295736672989823,1.1362498576275832,3.5930207144512094
2019-10-31,1.235394217532746,1.1854541804400962,1.2301354071037334,1.1332236386432495,3.599596771601699
2019-11-01,1.2495199368381453,1.1990088763943576,1.2413082003820566,1.1437217442778222,3.6320528080907635
2019-11-04,1.2822086028156132,1.2303761235338093,1.2489856920166764,1.1483168816000762,3.6730436669935838
2019-11-05,1.2789931413162,1.2272906450505634,1.2496722946366243,1.1470466745509686,3.669002791162769
2019-11-06,1.2918215845458572,1.2396005065015157,1.2468634051280252,1.1473082179465932,3.6681119309480406
2019-11-07,1.3117514169885456,1.258724687956598,1.2510454046340975,1.1513429865724676,3.6884301607917083
2019-11-08,1.3131159788531546,1.2600340882629233,1.2560388695753142,1.15418233998338,3.6988985734379782
2019-11-11,1.3298620296777508,1.2761031904767304,1.254353650161061,1.1519781471029926,3.702432323411145
2019-11-12,1.3437553525390329,1.2894348844674983,1.2579738146199608,1.1544064874619318,3.727088514391392
2019-11-13,1.3330872355586736,1.2791980194309693,1.2582859240367412,1.1547801045968322,3.71654180528127
2019-11-14,1.343225724507052,1.2889266663168224,1.2572872120000131,1.1564612106859706,3.7267390098129347
2019-11-15,1.3304508244268933,1.2766681835671028,1.2665251554761117,1.164829801262359,3.743657066120677
2019-11-18,1.329687113091203,1.2759353447835833,1.26752386751284,1.1656889952594935,3.765069578242604
2019-11-19,1.345774184594603,1.2913721065023087,1.269396333528677,1.1653527740416658,3.7692072815081494
2019-11-20,1.3242779354115766,1.2707448297220325,1.2617813209228665,1.1610190661030941,3.7470760544451425
2019-11-21,1.3262158098277994,1.272604366779335,1.258972526656689,1.1591510944405343,3.7420913290070543
2019-11-22,1.2849124641071055,1.2329706829269484,1.259783992091833,1.161728904455822,3.7215355558791057
2019-11-25,1.3025430864003587,1.2498885983621026,1.2747019078866744,1.1707325415507932,3.778256983980636
2019-11-26,1.2830898028333504,1.2312217015930274,1.2771362089496847,1.1733850293882842,3.767811910482453
2019-11-27,1.2963297589378764,1.2439264407687534,1.2860619477665813,1.1786154412530052,3.7955578221552724
2019-11-29,1.2922607177077403,1.2400218879805096,1.280194728846255,1.1742443373973606,3.7764782401084256
2019-12-02,1.2944445756564058,1.2421174648400997,1.2670868952808636,1.1642694325659793,3.7370510635484586
2019-12-03,1.2854751022376434,1.2335105767636332,1.257162444427239,1.1564612106859702,3.7187898716429313
2019-12-04,1.2850878220752482,1.2331389521591163,1.2635290193659294,1.1635968761183815,3.7335098017909423
2019-12-05,1.2893824436966541,1.2372599663926713,1.2660257994577488,1.1656889952594929,3.7358402920462694
2019-12-06,1.3126072853905535,1.2595459584147788,1.279570510012695,1.176336456538472,3.7809450740797756
2019-12-09,1.3105311734857692,1.2575537720327643,1.273765674878756,1.172637909130425,3.7765436308752753
2019-12-10,1.3323283900494491,1.2784698497759301,1.2727044838132193,1.1713303061642448,3.7891453915135385
2019-12-11,1.3453817070564342,1.2909954946226774,1.2794456471974984,1.1746553504493336,3.8146609858532163
2019-12-12,1.3604085970086703,1.3054149319650894,1.288995604847956,1.1847797249370637,3.840977784599369
2019-12-13,1.3672151576009093,1.3119463416106705,1.2932400833828377,1.185489563289792,3.8442583659379626
2019-12-16,1.4229980566960623,1.365474251965864,1.3062230541330324,1.1936338923756864,3.9060879520209495
2019-12-17,1.4197151831609862,1.3623240865362538,1.3069720405393672,1.1938954357713107,3.9125775924119024
2019-12-18,1.4445411072109615,1.3861464381634998,1.307970752576095,1.193970113593514,3.936005240619416
2019-12-19,1.4652704749325645,1.4060378341848698,1.3161475049866571,1.198864190228465,3.979393758270517
2019-12-20,1.466270502406929,1.4069974361752433,1.321453079344654,1.1982291437098824,3.991279494937327
2019-12-23,1.4892232566439247,1.429022339705391,1.322077202935792,1.2000597194553695,4.014449374708871
2019-12-24,1.4993100672784796,1.4387013973408729,1.32276380555574,1.2000971153724422,4.015792724122018
2019-12-26,1.5111314522588126,1.4500449102411639,1.3344359548524272,1.2064855465350526,4.07328775935265
2019-12-27,1.5022166176381628,1.4414904522236354,1.333312475242925,1.2061866072223553,4.066795765617504
2019-12-30,1.493152848182286,1.4327930799682649,1.3245739830276118,1.1995366326641204,4.016458666515438
2019-12-31,1.4963737236347512,1.435883753548903,1.3270706678770094,1.2024506638972359,4.033543832963699
2020-01-02,1.515863375085579,1.4545855480528844,1.3492291030744936,1.213695889789667,4.117164224363809
2020-01-03,1.5031815364826513,1.442416364828495,1.3368702559154373,1.2045055011332169,4.0952333400813545
2020-01-06,1.5108915453593612,1.4498147014277867,1.3454839805579757,1.209100752467413,4.142843974604281
2020-01-07,1.5086622671325791,1.4476755403763606,1.3452967339563924,1.2057010303601212,4.159626632799302
2020-01-08,1.5183523056397965,1.4569738651491184,1.3554084314116006,1.2121268574398045,4.208334942856801
2020-01-09,1.5299328608491418,1.4680862836709996,1.366893429349126,1.2203458643479022,4.239959931280888
2020-01-10,1.5257753002544228,1.464096789858016,1.3633979372205787,1.2168340685013344,4.233774053881063
2020-01-13,1.539823299676775,1.4775769077067997,1.379127318450564,1.2252026590777227,4.332829941290589
2020-01-14,1.535617932159719,1.473541539536357,1.3736969765197924,1.223334687415163,4.308404989700562
2020-01-15,1.5376670474128051,1.4755078205894008,1.3742587163245437,1.2260992489919298,4.295686785500914
2020-01-16,1.5514306221938514,1.4887150114847707,1.3874289336763224,1.2362984153138052,4.329928374446607
2020-01-17,1.5576838741225758,1.494715479622833,1.3942949598757983,1.2401464323782008,4.346856858691812
2020-01-21,1.5558100624617561,1.4929174156241911,1.393670741042238,1.2377179780073193,4.379248156543306
2020-01-22,1.5579595447301817,1.4949800064188734,1.397353384529947,1.237867447663668,4.403214523275789
2020-01-23,1.5613582574037106,1.4982413282623543,1.4018474934528002,1.2392871243691241,4.41445905812846
2020-01-24,1.5478459420908246,1.4852752398285944,1.3900504813409165,1.2282660459552448,4.372519120836768
2020-01-27,1.519454608972522,1.4580316085603697,1.3613382246031578,1.2085776656761642,4.279550822187019
2020-01-28,1.539085251400324,1.476868694569432,1.382248222133522,1.2212425682740515,4.356729977164065
2020-01-29,1.5397005979046103,1.4774591660768852,1.384495276594948,1.2202337906086262,4.397487387694058
2020-01-30,1.5449409685042017,1.4824876979788295,1.3894263577497779,1.2241938814122975,4.437259365091399
2020-01-31,1.5180466833054604,1.4566805974061323,1.3673927853674899,1.2019650870350016,4.391219553788616
2020-02-03,1.6669688374733886,1.5995826668128441,1.388053152509883,1.2108939322958272,4.539266044954215
2020-02-04,1.8088862980124178,1.7357632029411634,1.4198239291442118,1.2293495014428728,4.687970139202584
2020-02-05,1.6609157011444828,1.5937742247268791,1.4245052846686486,1.24354604047355,4.615933859302259
2020-02-06,1.686748156135909,1.6185624189130035,1.436801652798896,1.2477303927677155,4.670825632777
2020-02-07,1.671975207630883,1.6043866575939285,1.4306222292193678,1.2410804182094806,4.664360178625352
2020-02-10,1.7197798628608991,1.650258839592723,1.447912062290832,1.250345484688134,4.755784735444019
2020-02-11,1.7038235526016914,1.6349475531768338,1.448161692678803,1.2525123956633908,4.743798791505103
2020-02-12,1.6972707997361969,1.6286596912396902,1.4622682382809218,1.2605820469270819,4.784269101611774
2020-02-13,1.7332782449891087,1.6632115580820659,1.460395677022663,1.2592370480438286,4.800033609564904
2020-02-14,1.736388874906037,1.6665290850454733,1.464577676528736,1.2612544893627373,4.8428801113008575
2020-02-18,1.8081909389601922,1.7357756489767642,1.4651394163334868,1.258004236911794,4.9037428350591865
2020-02-19,1.8764550890832894,1.7956797626776495,1.479183482906797,1.2640190509395042,4.995227406122946
2020-02-20,1.8506353103816144,1.7643430039923849,1.4654515257502672,1.258826149003798,4.937474245425999
2020-02-21,1.8273487576090632,1.7376619053026625,1.4373010088172595,1.2458624211051557,4.828563536031464
2020-02-24,1.6945988622171946,1.6114274165687317,1.3818737289303542,1.2045428970502892,4.594177312283344
2020-02-25,1.6253515226553783,1.5455787582329437,1.3442980219196643,1.1680426577962284,4.466006489220361
2020-02-26,1.621271482886889,1.5416989681007633,1.3512264319055274,1.1637463457747295,4.482612494601292
2020-02-27,1.4718096938435374,1.3995728107169754,1.2835652629171839,1.111480535140129,4.205977307480023
2020-02-28,1.5101839718802068,1.4360636671066775,1.2845639749539117,1.1068106059837295,4.255361441680791
2020-03-02,1.581849738940202,1.5042120557576686,1.35085193870236,1.1547427086797584,4.484374916775456
2020-03-03,1.5338408007453463,1.4585594113635119,1.3075337803441183,1.1216795874500622,4.341005222272937
2020-03-04,1.598074535265643,1.519640533971593,1.3620872110094926,1.16882717397116,4.505784623088111
2020-03-05,1.5472366737055083,1.4712978106615222,1.3207039976958974,1.1299733861923054,4.3541619323467735
2020-03-06,1.5213952468436884,1.4467246891654362,1.2984207949256379,1.1112936695667077,4.267577385094902
2020-03-09,1.4091475204101498,1.3399861164829012,1.2082266975366422,1.0245077790918244,3.942227635784096
2020-03-10,1.4839700423785438,1.4111363255175824,1.274015305266727,1.077520823996226,4.171089534981787
2020-03-11,1.4154823089158528,1.3460099915744366,1.218525641593434,1.0249933559540585,3.9958937928286002
2020-03-12,1.282873871395648,1.2199100179152949,1.1067973278405139,0.9269249006756425,3.6081132450367384
2020-03-13,1.3920412130945028,1.3237193921156858,1.2005492059020224,1.0061642836840545,3.9208685863621837
2020-03-16,1.2325052312575187,1.172013486492118,1.0567380060979927,0.8960660293323045,3.403263101336352
2020-03-17,1.3125156146139616,1.2480969350446884,1.1368827898181677,0.9444464839914081,3.5789499881063387
2020-03-18,1.259326543114819,1.1975183999196204,1.1023032189176611,0.8966263980286839,3.4188060136610963
2020-03-19,1.2644439601398512,1.202384652506007,1.1089195194867443,0.8985317086023454,3.547741614624159
2020-03-20,1.2088943063781172,1.1495613932389501,1.065476498313306,0.8547838441885395,3.428345294082447
2020-03-23,1.1925898724872515,1.1340571860963833,1.0639785255006364,0.8329285529342018,3.4275900276638778
2020-03-24,1.2927917284721642,1.2293411034441721,1.1463703636822375,0.9083945967004219,3.75975471936233
2020-03-25,1.2976818361475206,1.2339912030953264,1.1378815018548958,0.921993428123618,3.74442179075161
2020-03-26,1.3697357505289136,1.302508688674985,1.1978027954222323,0.9758284421259944,3.9071750206355347
2020-03-27,1.325781941423877,1.2607121463582898,1.1566069239526424,0.9467627506110712,3.7751947139346282
2020-03-30,1.3714213951311718,1.3041116013094924,1.1986766446437633,0.9775095482151328,3.9091430086865433
2020-03-31,1.355344722923358,1.2888239772348697,1.188440084373359,0.9629393920495551,3.911909165938744
2020-04-01,1.2960522192856156,1.2324415683420369,1.1379438856412825,0.9196024266757804,3.716000452115677
2020-04-02,1.3241574218330399,1.2591673587003998,1.1610385538466865,0.9408226144055641,3.75153857681988
2020-04-03,1.3051908693986638,1.2411316906305219,1.1445601862103658,0.927223782982368,3.7120263257239725
2020-04-06,1.3956804125133777,1.3271799784813956,1.2263902845872159,0.9895018943654225,3.992670843279896
2020-04-07,1.3961077034388463,1.3275862978337232,1.2258909285688524,0.9905106720308479,4.004305104757384
2020-04-08,1.434361517141878,1.3639626023172071,1.2519193490980516,1.023760544822023,4.091409675254676
2020-04-09,1.4463120484057481,1.3753265977443998,1.2537294313275016,1.0393394786530261,4.1176509314027125
2020-04-13,1.4475221654608434,1.376477321873464,1.2672741418824476,1.0298501506838786,4.231323293679781
2020-04-14,1.500345136944033,1.4267077252866172,1.322389312352573,1.060223388159011,4.434973964304739
2020-04-15,1.475801008069572,1.4033682299842574,1.3072216709273383,1.0376956544690181,4.416484549920522
2020-04-16,1.4928201782735717,1.4195520939566975,1.3310654207814985,1.0427018048432453,4.5004202298959575
2020-04-17,1.5201250849523849,1.4455168672196284,1.3437986659013006,1.0708708494379902,4.528289182805022
2020-04-20,1.497731808098286,1.4242226594433436,1.3278821333121535,1.0520042672389713,4.47306625265157
2020-04-21,1.447361005041468,1.376324071258208,1.2788839073927474,1.0200619974139764,4.279983941482013
2020-04-22,1.4848975956151838,1.4120183541493578,1.3168341076066046,1.0427018048432453,4.452627382889418
2020-04-23,1.483260704572593,1.4104618022344608,1.314025313340427,1.0426270130090998,4.4423167567864565
2020-04-24,1.5052939073887708,1.4314136085199636,1.3347480642692076,1.057159887269547,4.521090149608027
2020-04-27,1.5221997464939971,1.4474897037196368,1.3454839805579757,1.0724024858707801,4.5790851835536905
2020-04-28,1.504364837231027,1.4305301374180501,1.3201422578911461,1.0674711273306985,4.476815467313754
2020-04-29,1.5507289731813678,1.4746187069796668,1.3669558131355128,1.0954159104349495,4.666063332840909
2020-04-30,1.5431911829936449,1.467450873907392,1.3663940733307613,1.0852168581250163,4.706325607596351
2020-05-01,1.501016909332856,1.4273465268751107,1.3278821333121533,1.056487444833892,4.527539704276685
2020-05-04,1.5118359599590536,1.4376345750905386,1.3433617889117455,1.0594014760670074,4.628447437430845
2020-05-05,1.527390160242269,1.4524253703271057,1.3585918141233668,1.0691896293369096,4.67643722488369
2020-05-06,1.5269148760277926,1.451973413211504,1.3669558131355128,1.0619418901652224,4.713106544556051
2020-05-07,1.5459582244055006,1.4700821080556383,1.3845577556237574,1.074756148407516,4.765311287033841
2020-05-08,1.5693415936910666,1.4923178142151547,1.4035328081094753,1.0925392751189065,4.846802932493547
2020-05-11,1.576516649194892,1.499140715736013,1.4160788066276935,1.092763422597458,4.894549916499878
2020-05-12,1.5443015727439524,1.4685067653791832,1.3864302216395943,1.070982923177266,4.804180571170257
2020-05-13,1.5209813699559294,1.4463311254856246,1.369078004781743,1.0520416631560439,4.7391934323733675
2020-05-14,1.5387156900640022,1.4631950395797035,1.3846201394101445,1.064631773919786,4.794558885451724
2020-05-15,1.5472466644494278,1.471307311056585,1.3936083572558502,1.069525850554737,4.854362867781927
2020-05-18,1.5852252196406023,1.50742186680263,1.4195742035138186,1.1021032809102569,4.939305460211612
2020-05-19,1.5750976808494148,1.4977913908036493,1.4160164228413064,1.0907833771956224,4.935443560591342
2020-05-20,1.6042025518283027,1.5254677855521455,1.4442918025895102,1.1093136241648713,5.045656385688157
2020-05-21,1.5899294277957312,1.511895190940534,1.4285624213595247,1.1016549859531533,5.011882939471756
2020-05-22,1.594183163027609,1.5159401515080775,1.433493502514354,1.1037471050942647,5.03620251465763
2020-05-26,1.6018518732473388,1.5232324790159721,1.4296235171826397,1.1173458795114897,5.007432665579954
2020-05-27,1.6181399562518195,1.5387211377788053,1.4374257763900342,1.1339708729130484,5.000151660031255
2020-05-28,1.6155933260156294,1.5362994969563333,1.4355533103741973,1.131878753771937,4.973272930329437
2020-05-29,1.6303830297587896,1.5503633173837088,1.4565881707197579,1.136922300063237,5.048786096142454
2020-06-01,1.633591803583393,1.6028946535867765,1.460957416827414,1.1415174373854908,5.120475020132597
2020-06-02,1.6358069385348903,1.589863842288872,1.4707571001082644,1.1509693694375653,5.1341109766032655
2020-06-03,1.6326217245701662,1.58610460314072,1.4773734006773476,1.1662867598729438,5.139996531253625
2020-06-04,1.6264796810751556,1.569145218841476,1.4670119775917465,1.1632232589834797,5.086236330192612
2020-06-05,1.6481226844769428,1.6018843672107785,1.4960988227750942,1.1930361277622326,5.191663506317065
2020-06-08,1.651125622651342,1.593744883752236,1.5077085882853942,1.207456928283404,5.258841379530893
2020-06-09,1.6988414863056462,1.640591636805061,1.5186317511757466,1.198453291188433,5.32970653081012
2020-06-10,1.7441758922848598,1.6630097331642475,1.5368578172551295,1.191765920713125,5.455769720187948
2020-06-11,1.661581079938118,1.5691620543173268,1.4607077864394435,1.1230618682384448,5.18335467800851
2020-06-12,1.6699146040449782,1.5955089475930548,1.4723175519497436,1.1365112870112635,5.203295204440201
2020-06-15,1.7286430843977088,1.6644963122411707,1.4902315086123463,1.1471213523731698,5.295966493823182
2020-06-16,1.7353019742029219,1.647582122972621,1.515822956909569,1.1692007911060593,5.363824155673409
2020-06-17,1.7523656237140925,1.670900595759983,1.52062908000678,1.1643441103881809,5.3893980072972765
2020-06-18,1.7674299732023282,1.679523986054972,1.5247486957264655,1.1647924053452845,5.400478937514894
2020-06-19,1.77138549737779,1.6809045354080971,1.5244990653384947,1.1530616025906193,5.396355252566502
2020-06-22,1.7909537742810706,1.6994732802948185,1.5401035837532837,1.1604586974067128,5.472656972885266
2020-06-23,1.7904579954935516,1.699002825493346,1.5532113220762531,1.1658010689987677,5.521931995483982
2020-06-24,1.7335611017427044,1.6450121798106268,1.521190915053953,1.13606299205416,5.390850482750598
2020-06-25,1.7801164370354967,1.6891895056140396,1.5356718586168179,1.148242203777871,5.462847812622676
2020-06-26,1.7242978314662678,1.6362220700104604,1.4994069730596358,1.1209697490973332,5.268551374872598
2020-06-29,1.7463724748356078,1.6571691581581094,1.5157604778807598,1.1374452728425433,5.360976651759506
2020-06-30,1.774673286841604,1.68402438720172,1.5454715418976677,1.152015429008121,5.5050265690499804
2020-07-01,1.7912459497578186,1.6997505316806558,1.5635103613754673,1.1600850802718121,5.608644081652744
2020-07-02,1.8022564236750749,1.7101985993496671,1.5741214148490392,1.1664736254463648,5.6797338029660756
2020-07-06,1.8376004291325467,1.743737261126507,1.6128206967116534,1.1844807856243647,5.903139939017926
2020-07-07,1.8327384848158652,1.7526519838947299,1.6017100967348734,1.172264291995523,5.8782179760422215
2020-07-08,1.8416658002665223,1.7579420112430226,1.622807436109243,1.1812305331734214,5.963904234901467
2020-07-09,1.8911528525938546,1.7793524676356356,1.636477009479386,1.1745058807929833,6.036473385696455
2020-07-10,1.998291889232941,1.8771545276654746,1.647649898000131,1.1864982269432731,6.132180430125571
2020-07-13,1.9375342554616317,1.809992980230465,1.613756929719572,1.1762243827991945,5.990147264234116
2020-07-14,1.9440662116916225,1.8511631207037016,1.6251793533858663,1.1914670954123698,6.0504327735224175
2020-07-15,1.939105371219509,1.8556306202322015,1.6284875036704078,1.2024133819921037,6.048251298051232
2020-07-16,1.9077619658027378,1.8200108850354717,1.6173770941784718,1.1984532911884322,5.993021411594827
2020-07-17,1.8954469060501533,1.8257616887686654,1.6192497506791528,1.201927691117927,5.990925199135416
2020-07-20,2.005187813957893,1.9314680236225208,1.6651893614595663,1.2116411665656264,6.223787386869358
2020-07-21,1.9458033888822612,1.8742668391068449,1.6478371446017148,1.2142189765809144,6.12927890519375
2020-07-22,1.9634058649494879,1.8912221683901012,1.6536419797356536,1.2211303805228315,6.155216836714749
2020-07-23,1.8698568639076276,1.8011124525338402,1.6104487794350304,1.2065602243572537,5.947269740033701
2020-07-24,1.807805033461291,1.7413419285559488,1.5951562751945993,1.1987895124062597,5.889180678889169
2020-07-27,1.9061385339193047,1.8360602439493776,1.6236189015443871,1.2075316061056063,6.0277999778227525
2020-07-28,1.848231956421492,1.7802825746378519,1.6029585344019937,1.1998729678938882,5.924306576479123
2020-07-29,1.8850050562941718,1.81570372872584,1.621434230869348,1.214629875620945,6.010493773051622
2020-07-30,1.8910730892358247,1.8215486732799149,1.6299231879391118,1.2102961676823734,6.037481801332072
2020-07-31,1.8550789618028936,1.78687785307496,1.6590100331224598,1.219860173473724,6.160745096572502
2020-08-03,1.9248015442045041,1.8540371174070567,1.6814180987079155,1.2283408377893883,6.263531775926574
2020-08-04,1.9451092795253,1.873598248355128,1.687659906073831,1.2330854447679906,6.273392476141791
2020-08-05,1.9489249005482392,1.877273589859185,1.6918418103374817,1.240744082979709,6.299025963246261
2020-08-06,1.9561260704591639,1.8842100121328522,1.7142500664077813,1.249037881721952,6.415771671544051
2020-08-07,1.919791371196833,1.8492111410622114,1.6944634532444975,1.2499345856481014,6.344300946507588
2020-08-10,1.9111848630744366,1.8409210471778659,1.6872229338418538,1.253670528973221,6.301560535865624
2020-08-11,1.8530046701639398,1.7848798217960853,1.6552649106059416,1.243321892994997,6.16284619525696
2020-08-12,2.0053871473647544,1.931660028630088,1.6968976590650862,1.2606567247492837,6.399585017345149
2020-08-13,2.06585177103668,1.9899016987468534,1.7007677396392227,1.258377740034751,6.449328195261112
2020-08-14,2.083862864194544,2.0072506225048903,1.698770315565767,1.2584151359518236,6.460476319260676
2020-08-17,2.1978707776256776,2.11706708842362,1.7184944497002415,1.2624126226725678,6.615522662572075
2020-08-18,2.2378293426553455,2.15555659553483,1.7350352011229488,1.2651399023442043,6.703134940691382
2020-08-19,2.2341577893448252,2.152020025161256,1.7233630518262617,1.2598722085743526,6.6625177422411
2020-08-20,2.3322663618332524,2.2465216819564975,1.747269090224387,1.263794903460951,6.799125843554263
2020-08-21,2.4204090480116047,2.331423843581771,1.759378211753051,1.2682780810558711,6.883566430848693
2020-08-24,2.4137607301497614,2.325019948010671,1.7703638536722126,1.2811297352152375,6.919004211828203
2020-08-25,2.4093363782821204,2.320758255366162,1.7842829621879042,1.2856127987982156,6.982543950362423
2020-08-26,2.5030176642253434,2.4109953927313765,1.822358025216958,1.2985018488746547,7.189778384913847
2020-08-27,2.5377991638964974,2.44449816686597,1.8166779576557934,1.3013410882736247,7.176400499186635
2020-08-28,2.521375601840843,2.4286784093730978,1.8259159011318922,1.3097469607551437,7.223247968309934
2020-08-31,2.722582900423226,2.6224884159102224,1.8405841865387627,1.305002353776541,7.362366743275202
2020-09-01,2.713238599029974,2.6134876533788898,1.8720429489987334,1.3172936392395282,7.442551387455319
2020-09-02,2.6060846823637487,2.510273200245836,1.8897696590597526,1.3363469730000261,7.502939443477117
2020-09-03,2.3841773693293384,2.2965242055878443,1.7939578778959797,1.2903575197887602,7.048419132207603
2020-09-04,2.418122191401187,2.329221062182998,1.7700516490130105,1.279822132249057,6.956402639261502
2020-09-08,2.082096061794512,2.005548775767159,1.6849759746228499,1.2448536434397286,6.504301517371967
2020-09-09,2.237337209751167,2.1550825556662563,1.734473461318198,1.2694362143657028,6.772282477739083
2020-09-10,2.2162713519392665,2.134791174245205,1.6998937951752693,1.247394171549886,6.637794521127244
2020-09-11,2.2053976163296616,2.1243172064297795,1.6880968783058077,1.2480292180684684,6.589752312958449
2020-09-14,2.408308882254591,2.3197685347485923,1.7174957376635138,1.264467345896606,6.766042658329667
2020-09-15,2.5059082035881532,2.413779662769039,1.7418387482936155,1.270855891071159,6.898658781231237
2020-09-16,2.437664174251297,2.348044593191131,1.714062629321354,1.265812344779859,6.749834484758592
2020-09-17,2.382123956996724,2.2945462859973955,1.6872854128706638,1.2546791926267036,6.623459959977196
2020-09-18,2.408572827865418,2.320022776522724,1.6657511012643174,1.235289637648378,6.548982811213771
2020-09-21,2.4606985470512073,2.370232118069118,1.6697459494112286,1.2215413935748043,6.582241937870089
2020-09-22,2.403659198577508,2.3152897945130237,1.7007677396392227,1.2339820346821977,6.6747488473156755
2020-09-23,2.2304963661197252,2.1484932124452585,1.6488358566384425,1.2053648091422915,6.399608701437081
2020-09-24,2.272910233494994,2.1893477538619055,1.6565133482730625,1.208577665676162,6.4613523183902615
2020-09-25,2.3785910462991975,2.2911432611061175,1.6950251930492488,1.2281166903108363,6.641009631154836
2020-09-28,2.4339540820662697,2.3444709008067126,1.730229078025738,1.2485149089426448,6.760961258111088
2020-09-29,2.445608704270578,2.3556970462871156,1.7224268188183436,1.2417154647280613,6.7585967139398395
2020-09-30,2.5027886978691614,2.410774844215985,1.7342237356878052,1.2511301148750056,6.828013791807726
2020-10-01,2.566416907765526,2.4720637927921265,1.7617501290296742,1.2591623702216241,6.940325523450963
2020-10-02,2.4196769133391207,2.330718625497438,1.7121901633055165,1.2472073059764648,6.716343289772515
2020-10-05,2.50428629103199,2.4122173790679646,1.748704774493092,1.269324140626427,6.881025407564438
2020-10-06,2.4784981495914553,2.3873773265629907,1.717495737663514,1.2512794705194121,6.745177869196979
2020-10-07,2.5329086582443483,2.439787458362398,1.7472068016804223,1.2730600839515465,6.856852353359969
2020-10-08,2.5233954351802863,2.4306239844863247,1.7565070337004864,1.284342591749108,6.892036286660059
2020-10-09,2.5404016987737283,2.447005020768006,1.7833467291799858,1.2958119651200912,6.992255639728565
2020-10-12,2.607448134527155,2.5115865257293786,1.8383995158637239,1.3166584787090037,7.237209075249382
2020-10-13,2.622309273865118,2.5259013022436134,1.8383370368349146,1.3080658546660058,7.22764688000342
2020-10-14,2.6512354043327178,2.553763977079555,1.8229822440505181,1.299846733745966,7.1939385983458655
2020-10-15,2.603765189632233,2.508038982577665,1.8107483549490802,1.2982403054790308,7.12642672271058
2020-10-16,2.5622826875544185,2.4680815652497556,1.8008239040954557,1.2974557893040994,7.073533632040387
2020-10-19,2.507420928640386,2.4152367731936004,1.7714248542529056,1.277730013107946,6.927514509162681
2020-10-20,2.495274580190784,2.403536979552886,1.775232455798233,1.282848237221449,6.967615586284967
2020-10-21,2.4863039838937406,2.39489618302502,1.773859250558338,1.2804198968625096,6.998336264020106
2020-10-22,2.4805180051336913,2.3893229230627346,1.7737967715295289,1.2874433745437026,6.99817645945857
2020-10-23,2.4867682864164147,2.3953434156830236,1.7772921684156542,1.2918144783993468,7.044587095183879
2020-10-26,2.4446542727654443,2.354777704009015,1.7506397195377386,1.2679418598380432,6.9258767819785465
2020-10-27,2.481216284796545,2.389995530801002,1.7643092929078812,1.2635707559823988,7.017505475302478
2020-10-28,2.355422426136017,2.268826424406262,1.6955246443100351,1.2203832602649727,6.6913766231341025
2020-10-29,2.4064023304931967,2.3179320764692837,1.725173229298134,1.2327866194672357,6.849714881976346
2020-10-30,2.294389214869871,2.2100370705517336,1.6814180987079157,1.2199349653078693,6.640111153378075
2020-11-02,2.335534172092618,2.249669352702996,1.6851632212244336,1.2336085315592398,6.6665101847045625
2020-11-03,2.4444579374553492,2.3545885868745913,1.7143123549517467,1.255389030979432,6.819603188800664
2020-11-04,2.5087697636340036,2.416536018900751,1.7908369742130217,1.283446001834901,7.1348426732091825
2020-11-05,2.593011658141708,2.49768079963321,1.8375257618846141,1.3084767537060364,7.325099351810728
2020-11-06,2.605729308848183,2.5099308918710403,1.8388987766396654,1.3081779284052815,7.325356592237133
2020-11-09,2.4960771628761607,2.40431005566193,1.8013231648713972,1.3246160562334188,7.1337732274035845
2020-11-10,2.3849737491805936,2.297291306907057,1.7690531274611263,1.322673406748656,6.9625736480234295
2020-11-11,2.4651585228036472,2.3745281249029953,1.8086261633028498,1.332498955935631,7.1232664853784184
2020-11-12,2.452850266461405,2.3626723758374424,1.8001372062330858,1.319572509942119,7.085214000408477
2020-11-13,2.428090461229215,2.338822853241999,1.8159289712494584,1.3378413275276855,7.115020935659651
2020-11-16,2.42808445513069,2.338817067954872,1.8300979958803871,1.3545409987514476,7.1598585218294275
2020-11-17,2.5193390552573627,2.4267167354704204,1.8242929702616042,1.3472558636626875,7.1810932353853625
2020-11-18,2.632754499359109,2.5359625139170223,1.810810643493045,1.331041883313102,7.199679342740382
2020-11-19,2.6804788163905577,2.581932268796753,1.8249796681239734,1.3366457983007813,7.254037755684936
2020-11-20,2.6365639217557755,2.5396318846843973,1.8124960533921421,1.3274926915494616,7.165442169410446
2020-11-23,2.644511728936986,2.5472874944589874,1.8125585324209512,1.335450269073877,7.193054356392239
2020-11-24,2.6843959142100067,2.5857053563504486,1.8380250226605557,1.356969339110387,7.328124188996899
2020-11-25,2.690576560536655,2.591658774111191,1.849322678754075,1.3548772199692753,7.396390634809621
2020-11-27,2.706719076136642,2.607207817689638,1.8663628814375683,1.3586505592114677,7.453860464218805
2020-11-30,2.7034884479353396,2.604095962020262,1.870170292498052,1.3526356311718153,7.423279057845676
2020-12-01,2.7355972558140005,2.635024304623672,1.8941388099249863,1.3674299348159447,7.562106193984717
2020-12-02,2.740232711042845,2.639489339513234,1.8965732062304184,1.3703066841439298,7.563328557077574
2020-12-03,2.7417980629843095,2.6409971420241054,1.8992571376813994,1.3699330670090295,7.563573780463814
2020-12-04,2.7591986173061627,2.657757973120335,1.9069969178599848,1.38173866159784,7.576295911681409
2020-12-07,2.7641756594472073,2.6625520366393403,1.9177953131775627,1.3788993081869276,7.665802613548481
2020-12-08,2.7728980924032465,2.6709537934351424,1.9242868461738711,1.3829341908247443,7.6730847733126275
2020-12-09,2.729072540043381,2.628739466970832,1.880718962185236,1.3705308316224813,7.473511560136026
2020-12-10,2.7341058688218696,2.6335877477754317,1.8882714957622382,1.3700825366653777,7.507325080945719
2020-12-11,2.7283816611826843,2.628073987947698,1.8840895914985873,1.3684759943865004,7.4862981771758275
2020-12-14,2.777791032677076,2.675666847052669,1.8977591648687298,1.3623491066195141,7.549779493323383
2020-12-15,2.770498661646679,2.6686425766259494,1.9180450388079555,1.3807672798494872,7.617016089132128
2020-12-16,2.74451357591208,2.643612820391593,1.9285937084951403,1.3829341908247441,7.640187661747967
2020-12-17,2.8044885823914814,2.7013828738624794,1.9412020907997458,1.3906675068586656,7.69542743382186
2020-12-18,2.875445661218571,2.769731248937466,1.9353347766369973,1.3792355294047556,7.705390525853904
2020-12-21,2.8650190535377886,2.7596879706020876,1.9282192152919726,1.3743040568527314,7.667940408543083
2020-12-22,2.8664998787749787,2.7611143539933574,1.9334623106211606,1.371987790233068,7.657552185379291
2020-12-23,2.860569796400931,2.755402288318914,1.9237251063691196,1.3732207153770453,7.628831744816282
2020-12-24,2.8724455473641215,2.7668414328630018,1.9322138729540392,1.3785630869690997,7.666067540474887
2020-12-28,2.899259292498875,2.7926693832229814,1.9516882814581213,1.3904060774749831,7.797213617101211
2020-12-29,2.897791819374821,2.7912558610606655,1.9534359799011838,1.3877534756255498,7.78902453146102
2020-12-30,2.899905444479529,2.7932917797288583,1.953498458929993,1.3897335210273856,7.788962097763417
2020-12-31,2.9108396624357917,2.8038240062858084,1.958304582027204,1.3967945086375937,7.803960737120332
2021-01-04,2.8704751465419527,2.764943472903717,1.9306534211125603,1.3777785707941685,7.728309477863241
2021-01-05,2.892192365940465,2.785862268907881,1.946569953701708,1.3872677847513735,7.800100294283736
2021-01-06,2.880806118763537,2.774894631772739,1.919605490649434,1.3955615834936166,7.660512912132328
2021-01-07,2.9370531100858717,2.829073728816835,1.9660445526906336,1.416296137355195,7.913288016568794
2021-01-08,2.96312773113179,2.8541897286387465,1.991323796328654,1.4243657886188863,8.020577789715556
2021-01-11,2.813016029330732,2.7095968132110295,1.9625491558045083,1.4147643869104631,7.8502629494550185
2021-01-12,2.864233178551239,2.758930987941153,1.9594282521215505,1.415063212211218,7.842908261347357
2021-01-13,2.8807067294810484,2.774798896490647,1.9726608532597163,1.4188739473704828,7.898549803827978
2021-01-14,2.851381764120715,2.7465520497399063,1.9621121835725315,1.413905078901386,7.793095800434194
2021-01-15,2.816876682172492,2.713315530960191,1.9465699537017078,1.4035939528521773,7.7369543797702685
2021-01-19,2.894574806733051,2.788157120381156,1.97497029150753,1.4146149172541143,7.872621769307994
2021-01-20,2.9822215169784907,2.872581540396273,2.0209099022879435,1.4341913378058613,8.102932506593003
2021-01-21,2.9758842984081273,2.866477306696985,2.0370761605074836,1.4354988267600992,8.20663400817641
2021-01-22,2.9842409342110288,2.8745267147005698,2.0312090368295794,1.4304179985636691,8.216445028904507
2021-01-25,3.002459686003835,2.8920756626211457,2.047999323397836,1.4360593094684213,8.313214918988802
2021-01-26,3.0023126060925893,2.8919339900339143,2.050995459508019,1.4338177206709612,8.342695016406894
2021-01-27,2.923776374500007,2.8162851061932157,1.993820481178051,1.3987745540394294,8.1318888389549
2021-01-28,2.944998658081372,2.8367271624636197,2.0056175885323566,1.4108042961067917,8.110790780428683
2021-01-29,2.8845410214673444,2.778492222528843,1.9634229097836169,1.3825605736898439,7.920353835101135
2021-02-01,2.9445868439744642,2.8363304885093736,2.0124836147318326,1.405573998254013,8.150480078900133
2021-02-02,2.9894244857708503,2.8795196954163425,2.0453153919468545,1.4254491300945729,8.28075069214855
2021-02-03,2.9846699056253314,2.874939915181845,2.0372011185651018,1.4265699814992738,8.310369312083331
2021-02-04,3.019280689657483,2.9082782499579056,2.0612944035648106,1.4427839618488598,8.358096624835254
2021-02-05,3.0303423017983375,2.918933187111949,2.068285197337061,1.448462554658742,8.386266075800132
2021-02-08,3.0514359176101573,2.9392513060230603,2.0821420173087875,1.4589232643762422,8.456331093887005
2021-02-09,3.050100004769586,2.9379645073920546,2.0817052355616545,1.4579518826278897,8.428684939911225
2021-02-10,3.045960296103645,2.933976993175321,2.0769614010084085,1.4573167220973646,8.410100234575166
2021-02-11,3.05679576663767,2.9444141027127384,2.0883838246747026,1.4596703846341006,8.449091926016314
2021-02-12,3.071665485766678,2.958737143586021,2.1000561644562334,1.4668808419006574,8.45758961057838
2021-02-16,3.072095588857718,2.9591514341384686,2.094376096895069,1.4656105208396077,8.450987893313831
2021-02-17,3.0333102438483084,2.9217920141632505,2.084326687983826,1.4659468560693774,8.421900209599414
2021-02-18,3.005010355197568,2.8945325576572323,2.075213702565345,1.4597077805511731,8.372297092775574
2021-02-19,3.002085192329953,2.8917149370316935,2.06616300569083,1.4571299705358853,8.299475243374173
2021-02-22,2.951632808541474,2.8431174114908644,2.0126083823046055,1.4459221405605267,8.06296000270424
2021-02-23,2.949031103204235,2.8406113566311726,2.0066163005690827,1.4476780384838106,8.04811802463086
2021-02-24,2.977433859876256,2.8679698992638736,2.0231570519917903,1.4636304754377718,8.139750790537413
2021-02-25,2.889661508756174,2.7834244575019946,1.952624514466038,1.4283631613276881,7.794645925074581
2021-02-26,2.8882673158858947,2.782081521479263,1.9608014573614436,1.421003348416725,7.849178865643815
2021-03-01,2.966715929950078,2.8576460090089366,2.0197864226784397,1.4554487504348046,8.084432256302618
2021-03-02,2.931349647840587,2.823579951688318,1.9873914272105504,1.4440915648150396,7.927325224296349
2021-03-03,2.8694017642081424,2.763909552968416,1.9297171881046407,1.4249635532323386,7.702283510854423
2021-03-04,2.828165972597443,2.7241897759129086,1.8981336580718955,1.407329896177297,7.5996233326222065
2021-03-05,2.8754774742755105,2.769761892402277,1.9267210519944575,1.4332199560575087,7.683857150600566
2021-03-08,2.8276110602124067,2.7236552646216725,1.8721677165715056,1.4260842906250975,7.415699637802543
2021-03-09,2.9035588402118906,2.796810860079127,1.9460082138969557,1.4464452273517756,7.8224001947988295
2021-03-10,2.9084512911998854,2.8015234423991844,1.9404531043934097,1.4554487504348044,7.795606433174096
2021-03-11,2.9566887731927256,2.8479874959709734,1.9851444679915464,1.4702057721738033,8.00615522412714
2021-03-12,2.946687094079783,2.8383535239037623,1.9690404983159717,1.4721858175756388,7.925210566225754
2021-03-15,2.9712129182384808,2.8619776676302355,1.9900753586615323,1.480965307192058,8.0161281405198
2021-03-16,2.9774933171455813,2.8680271706145546,2.0009985215518844,1.4790973355294983,8.043620782086723
2021-03-17,2.9886997701496307,2.8788216236253312,2.0092377529912557,1.4841408818207982,8.10544477885669
2021-03-18,2.9211846725180997,2.813788686920185,1.9476936237960532,1.462547133962085,7.83164102033274
2021-03-19,2.9188716651528326,2.811560716186811,1.9545596499955291,1.455075247311846,7.88748004954392
2021-03-22,2.956018829172197,2.8473421821284197,1.9887021534216371,1.4666939763272355,8.021764759514067
2021-03-23,2.93793767739314,2.829925775421568,1.9800261402351333,1.4551499251340494,7.995953587386139
2021-03-24,2.90569564069478,2.798869102093583,1.9466324327305162,1.4477527163060135,7.834836484899743
2021-03-25,2.9113531143742843,2.8043185814043916,1.9432618034171656,1.4558971594038506,7.814845640317968
2021-03-26,2.956646724767185,2.8479469934360946,1.9724111276293228,1.479358878925123,7.865136922427814
2021-03-29,2.9554789892121103,2.846822189131493,1.9718493878245718,1.4786116446553221,7.898061299890658
2021-03-30,2.9441210456405904,2.8358818150329697,1.9619249369709473,1.4746889497687234,7.883591795630828
2021-03-31,2.9726145575987104,2.863327776376205,1.9919480151622138,1.4806663678793608,8.046600857579977
2021-04-01,3.014001424373027,2.903193074387734,2.025903462471582,1.4966562007503947,8.186473278117957
2021-04-05,3.065718566324044,2.9530088598499304,2.066350252292415,1.518137874869832,8.404426079074382
2021-04-06,3.0637484046229346,2.951111130220531,2.0649147585085545,1.517241284955625,8.380411732969112
2021-04-07,3.0692256100459763,2.9563869687528506,2.0699081282073495,1.518997182878909,8.444379170636864
2021-04-08,3.092521618333591,2.978826510212441,2.091504728357661,1.5262075261335237,8.528961237593407
2021-04-09,3.113130801553475,2.9986780064688507,2.104175589691076,1.5373032823696064,8.594341150653179
2021-04-12,3.1116667887939835,2.9972678174524154,2.1014293696961297,1.537863765077928,8.658188863217061
2021-04-13,3.1344392312330633,3.019203041716546,2.1259596269278154,1.5424215064831093,8.82238008552496
2021-04-14,3.1102674605732634,2.9959199348779957,2.100430657659402,1.5371539267252001,8.66818309913702
2021-04-15,3.150542234060797,3.034714025191296,2.1322637228376964,1.5536667323755406,8.836660162526401
2021-04-16,3.1576520994892596,3.0415624997490127,2.1347605981719378,1.5588597483231892,8.830470417376139
2021-04-19,3.135446162364167,3.0201729534964694,2.115223710639047,1.5512009960995288,8.729272385856842
2021-04-20,3.112541316152503,2.998110193222409,2.0998064388258415,1.5398438104797638,8.680775303554718
2021-04-21,3.1405901325374783,3.0251278080168587,2.1177828745172533,1.5544139666453416,8.759258608706267
2021-04-22,3.107319198211573,2.993080064000457,2.09225390524884,1.540217313602722,8.607895304172567
2021-04-23,3.1437244168523026,3.028146861837596,2.118594339952397,1.556916984826484,8.74619626766148
2021-04-26,3.1572403926036157,3.041165929074091,2.1323886808953145,1.5601672372774273,8.814407383345547
2021-04-27,3.150061289462413,3.0342507622956973,2.123150737419216,1.5598310160595996,8.75474530763623
2021-04-28,3.144283694016384,3.0286855774388206,2.1159726970453816,1.559382721102496,8.748786629079904
2021-04-29,3.15996048948364,3.043786022866977,2.123587709651192,1.5693203440287469,8.817051619511794
2021-04-30,3.139223046828183,3.0238109825730395,2.1096684106506567,1.5590091039675957,8.784534307937223
2021-05-03,3.1342492853209643,3.019020079076895,2.098433233585946,1.5623715441697572,8.708616100822498
2021-05-04,3.096379596989193,2.982542652090645,2.060670375216094,1.552732746544261,8.538779043072338
2021-05-05,3.0916584534751137,2.9779950792055003,2.053741869987809,1.5532184374184372,8.517502759169691
2021-05-06,3.115654246036871,3.001108677698318,2.0692216208298233,1.5656217966207002,8.585232106744542
2021-05-07,3.13963291922276,3.0242057862010987,2.0860120978829237,1.5770163781575377,8.64438180199112
2021-05-10,3.0844433131993783,2.971045200180938,2.0333312284758085,1.5614001624214047,8.374860426710557
2021-05-11,3.068548907269654,2.9557351446369924,2.0305223389672085,1.5474650527744094,8.342568380980547
2021-05-12,2.9962413375963357,2.88608592887889,1.9779664276177122,1.5145887971181347,8.110806764960586
2021-05-13,3.02582000687419,2.9145771522415114,1.993258741373299,1.532782822869556,8.14862135746378
2021-05-14,3.0824515239000205,2.969126638081805,2.03726359759391,1.5563192202130318,8.355730900742756
2021-05-17,3.0691801533969882,2.9563431832962612,2.0249047504348536,1.5523591294093604,8.319217937792287
2021-05-18,3.0455990246326783,2.933629003680692,2.011235177064711,1.5389845024706872,8.241027131292864
2021-05-19,3.0433551584183296,2.931467632156223,2.013544615312525,1.5349496198328703,8.233330390765724
2021-05-20,3.0891597298200026,2.97558821995465,2.052493432320688,1.5514625394951533,8.399570691482207
2021-05-21,3.0793463645960317,2.9661356385045283,2.041133487683203,1.550192332446046,8.364762520739145
2021-05-24,3.1209380618779625,3.006198236526044,2.075463428195739,1.5659954137556007,8.566815714937299
2021-05-25,3.11963454874617,3.004942646443707,2.078334606248304,1.5625208998141633,8.581651243559277
2021-05-26,3.1281641844852213,3.013158694121858,2.085575125650947,1.5656217966207002,8.620019627595736
2021-05-27,3.123133965173133,3.0083134084655834,2.0777728664435524,1.5664437087127039,8.599483498200287
2021-05-28,3.1308527770034367,3.015748441796034,2.0843266879838263,1.5692456662065435,8.622674102956701
2021-06-01,3.12427037349872,3.0094080372716085,2.077398373240385,1.56786338541816,8.616258504271999
2021-06-02,3.1297778208231977,3.0147130058760294,2.0814555099312613,1.5703290076822296,8.627041390376506
2021-06-03,3.10768612567668,2.9934335015492533,2.0597964307521406,1.5645009452159986,8.523216019991176
2021-06-04,3.1482656514750076,3.03252114009745,2.094750590098237,1.578809671997894,8.699610769054567
2021-06-07,3.151428941445947,3.0355681331949476,2.1009923974641525,1.577277921553162,8.74460123666248
2021-06-08,3.152513849239044,3.0366131548614264,2.1019911095008803,1.5776141427709898,8.74574934368391
2021-06-09,3.150536600984184,3.0347085992121046,2.102490370276822,1.5752604802342538,8.737137233390854
2021-06-10,3.1742739907336333,3.0575732949509193,2.124399175086336,1.5825828972281442,8.817793920454573
2021-06-11,3.181046940329896,3.064097240229126,2.129954284589882,1.5851981031605047,8.849874952717578
2021-06-14,3.1998496535407606,3.082208680499874,2.150365116586726,1.5887472949241452,8.951352610440894
2021-06-15,3.1864659879737487,3.0693170591257557,2.1363210500134158,1.5858332636910297,8.879939908566412
2021-06-16,3.1717515949541113,3.0551436338702196,2.1285187908060212,1.576978982240465,8.868740542221214
2021-06-17,3.1913623853487074,3.0740334427457094,2.1555457328871044,1.5764560094611584,9.018226002543932
2021-06-18,3.15218101755292,3.036292559576276,2.1386304882612297,1.5501176546238427,8.953268638403067
2021-06-21,3.182702114172926,3.0656915623814434,2.1494286930939634,1.5723090530840658,8.996219305266798
2021-06-22,3.2060438930091224,3.0881751916568447,2.1694650318876403,1.5807149255655846,9.10352192516516
2021-06-23,3.2048957279369175,3.087069238335481,2.170526032468333,1.5788096719978943,9.164714513029816
2021-06-24,3.2242831198769153,3.10574386189587,2.1839460706929263,1.5881495303106932,9.219183321882458
2021-06-25,3.226738464045924,3.1081089364870964,2.1812619487571014,1.593790727203503,9.172084327317746
2021-06-28,3.375056929383505,3.2509745429495935,2.2077896300622424,1.5970036977493158,9.345735781501167
2021-06-29,3.360788363354629,3.237230554064421,2.215779135871221,1.5978630057583927,9.350617359895661
2021-06-30,3.338792688201598,3.216043539601067,2.2122837389850956,1.5992078906297034,9.333563279501023
2021-07-01,3.3883488899518595,3.2637778308163563,2.213157683449049,1.6080620580683262,9.373659266980773
2021-07-02,3.4128814190215118,3.287408432950875,2.238561885144688,1.620353343531313,9.501367698844751
2021-07-06,3.4212610578361926,3.2954799982712903,2.2482366103679197,1.617401916381125,9.552125496665829
2021-07-07,3.383152544778954,3.2587725268386896,2.2529804449211657,1.6231179051080802,9.54658724143723
2021-07-08,3.320849565168517,3.198760087078026,2.239373160094988,1.6098927478257556,9.484628157716747
2021-07-09,3.355404869478637,3.2320449818180377,2.2533549381243327,1.6270779959117516,9.547817613962277
2021-07-12,3.3937272372314293,3.2689584456785235,2.2621559093684547,1.6329060583779826,9.640203663955537
2021-07-13,3.3532163606635654,3.229936932504002,2.2621559093684547,1.6273395393073762,9.606603507045696
2021-07-14,3.3213640181163253,3.199255626404285,2.266213046059331,1.6297678796663153,9.59114983246207
2021-07-15,3.2253380366669653,3.106759995164476,2.2502963229853394,1.6242013605957086,9.483543511141654
2021-07-16,3.130656208196713,3.015559099749377,2.2320703521483787,1.6114617801756181,9.368699221655833
2021-07-19,3.1646708028312935,3.04832316375169,2.2137819022826086,1.5876638394365177,9.302151383325635
2021-07-20,3.1726550161312344,3.0560138411911155,2.2394981181526057,1.6104157206050627,9.41289696282035
2021-07-21,3.261888214682627,3.1419664230130566,2.2567878559816483,1.6234541263259084,9.49705822069906
2021-07-22,3.3007134701568215,3.1793642861635236,2.271705867018912,1.6268538484332,9.572355980747686
2021-07-23,3.383768475825061,3.259365813468517,2.2982335483240535,1.643590915574035,9.709819803867484
2021-07-26,3.389254250414227,3.264649906125584,2.300043535311081,1.647625684199909,9.752250169590635
2021-07-27,3.3628595835380137,3.2392256268083526,2.2747018126442513,1.6401165156445396,9.631536930058166
2021-07-28,3.3686294649212143,3.2447833812063056,2.283440304859564,1.639443959196942,9.692152852464925
2021-07-29,3.3786077784543287,3.2543948467182813,2.2874976320352842,1.6462434034115259,9.70913778233031
2021-07-30,3.3615995626606656,3.2380119300081054,2.2755757571082045,1.63824854398198,9.604621708789267
2021-08-02,3.3582114754933445,3.23474840427781,2.275763003709788,1.6348114259576154,9.6375100501529
2021-08-03,3.3820495338228374,3.2577100675634973,2.2895573446527053,1.6481113750740854,9.693700322401586
2021-08-04,3.3761748516772103,3.252051365354038,2.292865494937247,1.6400044419052637,9.72727225743554
2021-08-05,3.3975727166510614,3.272662547849312,2.3074090127713434,1.650390359788618,9.806182657884365
2021-08-06,3.391576137806351,3.266886430415789,2.2972971248312914,1.6531175254483121,9.745677355981705
2021-08-09,3.3790442242918988,3.2753255563328607,2.3015416986085953,1.6517726405770015,9.763847410120682
2021-08-10,3.338083323394931,3.2450888967286735,2.2897445912542898,1.6538273638010403,9.714806617548799
2021-08-11,3.321213377735946,3.2195378887858603,2.2858122221361876,1.65793692426106,9.686403030334526
2021-08-12,3.355130068422754,3.247180118124936,2.2940514535755585,1.6629056787182142,9.778781854179634
2021-08-13,3.3959069175358083,3.276577143842262,2.3021034384133463,1.6659318977025477,9.807986842431136
2021-08-16,3.3024946238454382,3.2641860365470388,2.3031021504500737,1.6698545925891461,9.788756612338641
2021-08-17,3.212535763748294,3.2044890354599307,2.282816276510848,1.658908306009412,9.644662571944341
2021-08-18,3.234201129825586,3.155853778985939,2.260844992672525,1.6407515621631215,9.56921016165558
2021-08-19,3.2621530337724014,3.221363565018184,2.2717681555628775,1.6432919762613363,9.61528332451097
2021-08-20,3.361814169664947,3.3249523820756552,2.2952998912426796,1.6563677778992545,9.769382395958557
2021-08-23,3.45563309750192,3.447755763513513,2.3296298317552155,1.6709380480767744,9.963451783920997
2021-08-24,3.431136581363966,3.44981986205133,2.3367453931002404,1.6735905359142655,9.98541597426959
2021-08-25,3.460741309733211,3.4930450403688567,2.3394293245512223,1.6771023317608333,10.016012610362468
2021-08-26,3.432715771483821,3.473795414588228,2.3245739830276118,1.667202104751655,9.95104825260416
2021-08-27,3.4805077833231914,3.549980706839991,2.3471692952146515,1.6821084821350605,10.083666778746776
2021-08-30,3.5069757866483466,3.5612874472058693,2.3735097299182093,1.689505690963096,10.23494415869202
2021-08-31,3.4736811298721317,3.5388245258155724,2.3715747848735633,1.6870025587700115,10.222018841114268
2021-09-01,3.4777384701989056,3.5495853080512583,2.375506963506821,1.687899148684219,10.24447533760333
2021-09-02,3.4703340484103724,3.5224566776416544,2.3743834838973186,1.6930921646318675,10.207981819572634
2021-09-03,3.504214425536308,3.5624663588402457,2.3816864823287713,1.692681151579894,10.251854343033832
2021-09-07,3.5365481590006658,3.5759425523870627,2.3850569211572776,1.6866289416351112,10.316868013423246
2021-09-08,3.513576191807088,3.5324295196980904,2.3767554011739414,1.6845742184110726,10.271929194883741
2021-09-09,3.5031432113571173,3.5077787951677153,2.3685786487633798,1.6773638751564581,10.224159119998015
2021-09-10,3.483780528050909,3.473526709326072,2.350602213071968,1.6641386038621915,10.126620616628195
2021-09-13,3.474439813672655,3.455100226196414,2.3489792822016797,1.6683975199666177,10.133211090603249
2021-09-14,3.484981649990673,3.445600115746065,2.3423006930886316,1.659393996883589,10.130016957479842
2021-09-15,3.5192789963486106,3.4638526756362764,2.359715198490449,1.6732543146964385,10.211237216292936
2021-09-16,3.5141820633321323,3.4533888466892058,2.3613381293607367,1.6706018268589475,10.201611094537165
2021-09-17,3.4929673652026105,3.3944665696075402,2.333374763786891,1.6490453609053648,10.06333214047415
2021-09-20,3.362782853705466,3.3083958787446166,2.2826290299092666,1.6215488727582175,9.813707859451288
2021-09-21,3.394582904391671,3.3225548083604606,2.285437728933022,1.6200171223134854,9.844222102271528
2021-09-22,3.478937008806465,3.3918405545578576,2.306784793937785,1.6358200896110977,9.930039031567409
2021-09-23,3.5257597671017895,3.4449301319741585,2.3280693799137375,1.6556953354635997,10.02226927217006
2021-09-24,3.5421484649668353,3.4263925801837827,2.330253860103933,1.6584226151352361,10.069361370904687
2021-09-27,3.494146522240203,3.3799593202513876,2.3116533960638046,1.6536780081566336,10.01578489166172
2021-09-28,3.3517149277196574,3.2421823288362317,2.2462391862944653,1.6203533435313129,9.71490423075334
2021-09-29,3.3187627088152265,3.2103069742395998,2.2425565428067564,1.6230806232029495,9.69963155764773
2021-09-30,3.3264897947847536,3.217781542370859,2.234317311367385,1.60324277326752,9.655599338139705
2021-10-01,3.3635842289155358,3.253663746385991,2.2481741313391113,1.6222959930160756,9.745903796549198
2021-10-04,3.3417574856469594,3.179279188874314,2.200986082891577,1.6013748016049603,9.509539656511922
2021-10-05,3.369293941690426,3.229895530453998,2.230697146908485,1.6180370769116494,9.65889742874499
2021-10-06,3.3930532857833238,3.2583887877070867,2.2449909391121876,1.6247617292920877,9.73722961895728
2021-10-07,3.43706319638761,3.2928487416483914,2.265588827225771,1.6388089126783585,9.819500579473182
2021-10-08,3.426398215300733,3.294337281062413,2.2542911711322513,1.6358200896110975,9.787885728643712
2021-10-11,3.4297850089369284,3.2733140008256254,2.237001433303209,1.6239772131171566,9.734596406767848
2021-10-12,3.429194256529061,3.242373831405183,2.2291991740958146,1.6199797263964124,9.706485492743719
2021-10-13,3.4548376062083523,3.276854032608594,2.247050651729608,1.6258077888626437,9.77200930922647
2021-10-14,3.5150679722890414,3.382502126470114,2.2884338650432032,1.6531549213653844,9.95403243316323
2021-10-15,3.5701374385483278,3.394123854213916,2.302852424819681,1.6657450321291265,10.047958606754223
2021-10-18,3.656872418696721,3.4389956947933324,2.326009476811471,1.6706765046811507,10.201081501605206
2021-10-19,3.6501954003298827,3.4497852198133923,2.3436114192997155,1.6835655547575896,10.253333247257533
2021-10-20,3.6381148374262033,3.417636393866408,2.340552994645567,1.690178133398752,10.230927431429139
2021-10-21,3.745837596723008,3.4645831877432784,2.354846596364426,1.6945865191595266,10.333464688359948
2021-10-22,3.7814932420654284,3.413748867103189,2.3350601736859864,1.692830621236243,10.206308151910664
2021-10-25,4.057498831678972,3.66291333958622,2.358966212084112,1.7019089361534177,10.393490837725226
2021-10-26,4.180598354046824,3.774041623606284,2.3663939780883387,1.7034406865981495,10.470702636461741
2021-10-27,4.197982455730853,3.789735148261916,2.3718867990479193,1.6958941221257076,10.573391200617051
2021-10-28,4.319284914646526,3.899241130473862,2.3982272337514767,1.712257572131642,10.73277010615342
2021-10-29,4.447601169266284,4.015078827594767,2.4100241506209383,1.7157319720611368,10.834323114703723
2021-11-01,4.6590392222818355,4.205954856649919,2.4182633820603097,1.7186833992113253,10.907517894466404
2021-11-02,4.640286251646981,4.189025583433874,2.4283750795155177,1.7256321990703154,10.937599446996266
2021-11-03,4.740466695723846,4.279463634114218,2.454153774414324,1.7361675866100184,11.074467202516947
2021-11-04,5.0572362252649015,4.565427816351642,2.4856125368742945,1.7443493116129856,11.328698697793811
2021-11-05,5.037001138510422,4.547160560518571,2.4879844541509173,1.7504015215577684,11.365393281973827
2021-11-08,5.004155551318484,4.517509155930956,2.4846138248375667,1.751895876085428,11.32623142384047
2021-11-09,4.692208724473684,4.235898676004188,2.4675113336101084,1.7461052095362695,11.174163071014618
2021-11-10,4.702418674066009,4.245115723774171,2.431246448052926,1.7320580261499985,11.021970873641841
2021-11-11,4.76694937109282,4.303370910222245,2.4379875161947835,1.7326183948463778,11.06094390206417
2021-11-12,4.699513471770678,4.242493047913199,2.4636414435208156,1.745694196484296,11.174351998052146
2021-11-15,4.6257480869282706,4.175901232770973,2.46307951323122,1.7462919610977483,11.162840022814615
2021-11-16,4.733810568239153,4.273454804742952,2.480619167175499,1.7532034790516076,11.232525852729985
2021-11-17,4.736916549403928,4.27625873403854,2.481929893386585,1.7489445629471811,11.247337476134934
2021-11-18,4.94834053928838,4.467122067580363,2.5076461092565827,1.7548846991526879,11.478950625127448
2021-11-19,5.14246755417978,4.642370530221455,2.5216276968010836,1.7517465204410205,11.622785759465556
2021-11-22,5.1070517029309235,4.6103988157851115,2.4923536050161523,1.746815047888997,11.502471285684775
2021-11-23,4.984675261258313,4.499923293979918,2.480993660378667,1.7491313145086602,11.416138229519886
2021-11-24,5.073195119935222,4.579834733173548,2.4889831661876456,1.7538012436650594,11.49109248554969
2021-11-26,4.904824581685943,4.427837969617759,2.441795117740112,1.7146859124905802,11.190943673260133
2021-11-29,5.175460310783357,4.672154792222822,2.4947880013215853,1.7357192916529138,11.491643096967248
2021-11-30,5.1388715630116915,4.639124243638257,2.458148622561236,1.7019463320704895,11.344730526368725
2021-12-01,4.9295998287066,4.450203862146176,2.4163284370156637,1.6830424679663403,11.116501859288222
2021-12-02,4.960370761667367,4.477982369421031,2.4337431329023245,1.7088204541072765,11.163611674224635
2021-12-03,4.690515683507148,4.234370280655714,2.3914236865808105,1.6939514726409437,10.91762984985163
2021-12-06,4.626619025189585,4.176687473632073,2.410586080910534,1.7140134700549248,11.013602253283043
2021-12-07,4.908673644397251,4.431312716927625,2.4831781405688633,1.7494675357264875,11.389538730990116
2021-12-08,4.903345933029861,4.426503117258806,2.4942885500607996,1.754100068965814,11.463041171629117
2021-12-09,4.650983710700321,4.1986827311230455,2.457586882756485,1.7422571924718728,11.271774600508971
2021-12-10,4.6593624714721695,4.206246670355951,2.4843018106632098,1.7586579243829374,11.360995612233955
2021-12-13,4.386260522114458,3.95970346360032,2.4484114183091954,1.7430791045638772,11.126137521612751
2021-12-14,4.382039171337244,3.9558926326637325,2.423069695642366,1.7310866444016448,11.029738788195228
2021-12-15,4.586069248232675,4.140081099830297,2.478309538442844,1.7581349516036309,11.330713214579417
2021-12-16,4.314796315032043,3.8951890402365037,2.4145807385726017,1.7426308096067735,10.977834674920294
2021-12-17,4.283410926153779,3.8660767941246785,2.4025340960727473,1.7180482386807991,10.906006854241665
2021-12-20,4.202157052257796,3.844675083030681,2.3761936613691903,1.6997795351071747,10.757232741121628
2021-12-21,4.395036376491878,3.9754063506938904,2.4293737915522464,1.729965907008886,11.037080496555733
2021-12-22,4.584297585480357,4.028074109317123,2.4589600879963807,1.7472633428461004,11.226679038826218
2021-12-23,4.735080142521646,4.05185401038403,2.4774982634925435,1.758134951603631,11.358609545902306
2021-12-27,4.89720147364479,4.185976765630033,2.5184445045741626,1.7830163478303602,11.582387282626955
2021-12-28,4.883851856613501,4.174565924760249,2.5067721647926318,1.7815592752078313,11.528153547858956
2021-12-29,4.886610781917763,4.176924169011358,2.5063976715894647,1.7838382599223641,11.493255461182788
2021-12-30,4.872554682181319,4.164909448516646,2.498907617041272,1.7789067873703401,11.42851664178551
2021-12-31,4.8512013865176895,4.146657310025179,2.483303098626483,1.7744236097754198,11.32230932461893
2022-01-03,4.88859607490035,4.178621136216567,2.5072091370246086,1.7846974539194984,11.605118612539773
2022-01-04,4.856073609939022,4.1508219363221395,2.4746893739839444,1.7840996893060463,11.42523738808232
2022-01-05,4.734858151263265,4.047210701133511,2.3986642059834553,1.749841152861388,11.009559854115835
2022-01-06,4.730970694039481,4.043887822607129,2.396978796084358,1.7481973286773802,10.99940149489297
2022-01-07,4.695993940980874,4.013990772949595,2.371012854583968,1.7412858107235203,10.885275380364485
2022-01-10,4.694617477473418,4.012814214400399,2.372573306425447,1.7391190137602057,10.922162089549683
2022-01-11,4.751258728324503,4.061229408530119,2.4082141636339127,1.7549593769748908,11.061994361485782
2022-01-12,4.767102083025217,4.0747718194404605,2.4177641212843697,1.7597039839534931,11.152194364480325
2022-01-13,4.67463286654488,3.9957319854034465,2.3572809926698604,1.735457748257289,10.801377479266133
2022-01-14,4.690132932682554,4.008980963838826,2.371949278076731,1.7361675866100172,10.908847015040411
2022-01-18,4.590224304684727,3.9235821503051005,2.3129016432460823,1.7054207319999846,10.63145075255067
2022-01-19,4.541184256445777,3.881664229709352,2.287497632035287,1.6877123971227395,10.48416984294876
2022-01-20,4.486561699345858,3.8349745527315764,2.257786568018379,1.6690326804971418,10.334400102358886
2022-01-21,4.3803215609700965,3.7441637594220523,2.195181247757639,1.6362684985801428,10.0045423322057
2022-01-24,4.399648830422536,3.7606841132009157,2.205230466184038,1.6432172984391327,10.032743051469255
2022-01-25,4.321796133624116,3.6941380293418664,2.154110048618402,1.6231553010251518,9.78803645234936
2022-01-26,4.31299382277282,3.6866140855332086,2.150739609789895,1.6190831364822047,9.849355429756395
2022-01-27,4.280628061488524,3.6589488311083875,2.129080530610774,1.6110881630407166,9.679151414311548
2022-01-28,4.400923246708277,3.761773444932632,2.1958677551351644,1.6511001981413451,10.006595733174196
2022-01-31,4.510923146719076,3.855797966518045,2.2660880880017147,1.6808382750859525,10.401932790528027
2022-02-01,4.541508107978088,3.88194104800998,2.2815053598149193,1.6921955747176598,10.462344339322462
2022-02-02,4.582017217430582,3.916566985267632,2.300043535311082,1.708633702545797,10.603092775094472
2022-02-03,4.435280813072872,3.791141232902921,2.206790918025516,1.6684723118007623,9.940727666230096
2022-02-04,4.473684083401598,3.823967163832125,2.2346295160265868,1.6763178155859018,10.178751446306041
2022-02-07,4.448511204306939,3.802450163238757,2.216653080335175,1.6709380480767742,10.053960201457716
2022-02-08,4.491802234674026,3.8394540006859303,2.241557830770028,1.684686292150348,10.14764408618264
2022-02-09,4.5722657741572155,3.9082317523405514,2.2890580838767645,1.7093435408985251,10.382656793406609
2022-02-10,4.479453012114387,3.8288982661533733,2.237250968448759,1.6786340822055652,10.144427681429011
2022-02-11,4.364240622559797,3.730418269285021,2.166281649175873,1.645533565058796,9.781088656568956
2022-02-14,4.359810138855641,3.7266312284728538,2.1689655806268546,1.6401537975496685,9.828816750384595
2022-02-15,4.449166485826866,3.803010277669851,2.2228948877010906,1.6666043401382022,10.1123157653234
2022-02-16,4.451097687680972,3.8046610094468742,2.2223331478963395,1.668472311800762,10.107980627819314
2022-02-17,4.337360448569044,3.7074419256759357,2.156232430749475,1.6328313805557781,9.739013787248066
2022-02-18,4.298583420981878,3.67429651857075,2.13163969448898,1.6222587111109446,9.597141715432448
2022-02-22,4.253931143190802,3.6361291288131894,2.110230150455408,1.6048492015344549,9.457016304937136
2022-02-23,4.161719065309414,3.5573090889191237,2.056176266293242,1.576381331638955,9.164021930083074
2022-02-24,4.262960296509493,3.6438469705660266,2.125272929065446,1.6001044805439102,9.527012303847416
2022-02-25,4.343042271846905,3.712298572958172,2.1582296643380867,1.6354091905710662,9.666334285139403
2022-02-28,4.343955024110504,3.713078765439279,2.164658718305586,1.6312249522888431,9.770346549222493
2022-03-01,4.277619172092275,3.656376925261584,2.131514736431362,1.6063809519791867,9.59872986421654
2022-03-02,4.352853196056844,3.7206846483551477,2.1672803612126015,1.635932277362315,9.764750626302002
2022-03-03,4.310927953123741,3.6848482438788692,2.1363210500134167,1.6277878342644785,9.591681809547289
2022-03-04,4.2621787073919375,3.6431788922964348,2.105361548329388,1.6145626769821537,9.442491007421678
2022-03-07,4.120758956043668,3.522297650932181,2.0277134494586107,1.5669666814920107,9.024724421856504
2022-03-08,4.095560941166061,3.5007591650468624,2.0182884498657723,1.5550864090809966,9.03241106449019
2022-03-09,4.224179809201914,3.6106986061985467,2.0909429885529107,1.5967795502707633,9.405904726578056
2022-03-10,4.191188190977951,3.5824983885662385,2.067723457532311,1.589569207016149,9.34079613146605
2022-03-11,4.121083409983625,3.5225749841522846,2.024842271406046,1.5693577399458194,9.11286518290323
2022-03-14,4.066452373270782,3.475878059062935,1.9859559334266923,1.5578883665748362,8.912434896248078
2022-03-15,4.174939744445625,3.568609717653282,2.0482490490282297,1.592147017031437,9.247874216137486
2022-03-16,4.298645183432137,3.6743493112081707,2.124211928484754,1.627451613046651,9.616285354231705
2022-03-17,4.35155542411362,3.7195753529278193,2.149928144354751,1.6478125497733294,9.75959019886526
2022-03-18,4.413107776314874,3.772188405008881,2.193932810090518,1.6607014858378262,10.039318061159978
2022-03-21,4.40361099548233,3.76407084968116,2.1851318388463956,1.6602159089755921,10.04631154307945
2022-03-22,4.472646531354683,3.823080296345688,2.22807550400147,1.6796427458590484,10.283897815112164
2022-03-23,4.411707188438247,3.770991225693035,2.196055001736748,1.6580116020832627,10.172453168586939
2022-03-24,4.4939877972153095,3.8413221521326077,2.2448659810545704,1.6830050720492675,10.446304006757071
2022-03-25,4.503086972146798,3.84909984620025,2.2429935150387332,1.6912241929693077,10.451790172161143
2022-03-28,4.553939008738741,3.892566598549406,2.277697948754436,1.70325393503667,10.663324301631462
2022-03-29,4.621293012614603,3.95013872353014,2.316896491392993,1.7243245961041345,10.8100344969114
2022-03-30,4.5815028353479725,3.9161273073295213,2.29130504309577,1.7136772488370977,10.69221298784389
2022-03-31,4.517851867524172,3.8617204233460467,2.2629048957747915,1.6873014980827092,10.505689353668712
2022-04-01,4.519954629209398,3.863517799174953,2.2585980334535223,1.6920835009783846,10.518179275093678
2022-04-04,4.5858446479083605,3.919838554783056,2.3050993840386873,1.7065788653098168,10.799546339316791
2022-04-05,4.505969676105644,3.851563892627349,2.2539166779290856,1.6850225133681762,10.538907397688885
2022-04-06,4.4345257621253875,3.7904958386425402,2.2049809310384885,1.6681733724880656,10.20502695660389
2022-04-07,4.450970779009024,3.8045525318285907,2.2102240263676762,1.6765792449695844,10.211593767964496
2022-04-08,4.413909612857094,3.7728737901525466,2.179327003712457,1.6720961813866067,10.028710056871981
2022-04-11,4.323976912289729,3.6960020916791794,2.127769804399688,1.6435162377518306,9.708320842805234
2022-04-12,4.306833481785263,3.681348416072593,2.118781586553982,1.637426631889975,9.668715214414828
2022-04-13,4.375270270292614,3.739846071957862,2.161850019281831,1.6561810263377756,9.87153098527907
2022-04-14,4.298005537517038,3.673802561609806,2.1124148211304483,1.6355586602274153,9.605120618666362
2022-04-18,4.30054011774389,3.675969042608663,2.1140377520007365,1.6362311026630707,9.673401740485826
2022-04-19,4.3833115782521235,3.7467195339677324,2.16128827947708,1.6626442493345317,9.88476015718206
2022-04-20,4.349722231882739,3.718008396753625,2.1297670379883,1.6614113241905546,9.65044125203472
2022-04-21,4.272200144322145,3.651744907473437,2.0856998932237234,1.6365673238808984,9.423269600348345
2022-04-22,4.157651812520686,3.553832526689618,2.0310840787719617,1.591661326157261,9.180836299849139
2022-04-25,4.1964079594916335,3.5869600856881223,2.0571747878451263,1.6008891107307839,9.302184011229329
2022-04-26,4.056445687790818,3.467324652970594,1.979526879459193,1.5545260403846177,8.854386161101587
2022-04-27,4.059718344272465,3.4701220187861086,1.97715496218257,1.5588970302283198,8.810667232975362
2022-04-28,4.1830836289135656,3.575570858898591,2.04737529504912,1.5982739047984231,9.258759260834884
2022-04-29,4.01167276494736,3.42905413954355,1.955246157373056,1.539208649949239,8.812498309956897
2022-05-02,4.057236158726636,3.468000323144478,1.987890878471338,1.5484738304398344,9.02444200878646
2022-05-03,4.068701100135208,3.47780020142473,1.9900130701175682,1.555572099955173,9.049573570562911
2022-05-04,4.19943886506637,3.58955081028521,2.0572997459027444,1.602943833954822,9.379942613180601
2022-05-05,4.019058456787804,3.435367201117305,1.953685705531577,1.5459706982467496,8.825328385330497
2022-05-06,3.9829878962742247,3.4045351985857204,1.9302789279093937,1.5367429136732267,8.742901596475301
2022-05-09,3.8413046371462323,3.2834287188992497,1.8547530206848464,1.4875406039280903,8.313950240853183
2022-05-10,3.869075978881471,3.3071668052082783,1.8772860443279205,1.4909776079405124,8.432539255217131
2022-05-11,3.7809686555250117,3.2318553828710845,1.821609038810622,1.4672917409406878,8.10270889150566
2022-05-12,3.7745254160969854,3.226347900549546,1.8173021764893529,1.4657599904959557,8.044697632676984
2022-05-13,3.8895876951645914,3.3246995876037784,1.8846513313033384,1.5008031571274874,8.394680508906912
2022-05-16,3.859153088165146,3.298685024295248,1.862805005522634,1.4947135512656318,8.268642337448746
2022-05-17,3.9488239633791182,3.375332922532531,1.9110542450357053,1.5254604058756647,8.515125363067055
2022-05-18,3.7723076979989565,3.224452263524803,1.8172398879453877,1.4639666966555989,8.049818172044503
2022-05-19,3.7506490611390086,3.205939128796964,1.8075024932085029,1.4550004554777005,8.008719868060465
2022-05-20,3.7456393338145197,3.2016569684048894,1.8018849046761476,1.4556356160082256,7.927239099576809
2022-05-23,3.8118201949017614,3.2582263271154672,1.831845694323449,1.4828706747716904,8.080102783272736
2022-05-24,3.7567471255308984,3.2111515661445273,1.7928966868304417,1.4715507710570561,7.789965599407405
2022-05-25,3.7996308405756567,3.247807243017804,1.8179888743517223,1.4845517808608288,7.9396602451589136
2022-05-26,3.8902302007334053,3.325248781545935,1.8683601150261795,1.514215179983233,8.214151979616679
2022-05-27,4.001468939324029,3.4203322241374416,1.929342694901475,1.551387861672949,8.533159855760154
2022-05-31,3.9849351290446875,3.406199633095573,1.9242243671450616,1.5426830498787332,8.55343774794938
2022-06-01,3.9540829658144565,3.3798281556004772,1.9099930539701677,1.5302050128542668,8.487678604025389
2022-06-02,4.045875253023099,3.458289371375911,1.9622994301741155,1.5593454391973645,8.77603127746378
2022-06-03,3.9600400536486693,3.3849200905349557,1.9112414916372886,1.5337542046179073,8.45784146791721
2022-06-06,3.9726644441986134,3.395711030178077,1.917608066575979,1.5384241337743068,8.537256362578434
2022-06-07,4.008851333086773,3.4266424666161073,1.9341488179986865,1.5531810415013634,8.589841201235993
2022-06-08,3.9726340533521154,3.395685053019895,1.920229709482995,1.5362946187161224,8.549418512603804
2022-06-09,3.872190954289571,3.309829390105794,1.8687970872581567,1.4997570975569314,8.288827344033946
2022-06-10,3.7477654827383806,3.2034743349240022,1.8028836167128757,1.456270662526808,7.946288493872451
2022-06-13,3.58948898126238,3.0681844634965474,1.719056189504992,1.400978746919816,7.525824376222497
2022-06-14,3.5873391084028072,3.0663468184889524,1.7221770931879499,1.3967571127205203,7.5570454878465565
2022-06-15,3.657701521116668,3.126490438550122,1.7651830468869893,1.4166697544900952,7.811314337552131
2022-06-16,3.52338618531757,3.0116818324618033,1.6939641924685553,1.3697835973526797,7.461706346743706
2022-06-17,3.5410117667088232,3.026747635774485,1.714562080582139,1.3668321702024915,7.561644853425453
2022-06-21,3.6267682617344703,3.1000496425657342,1.7544471305982208,1.4012402903154408,7.785053188670733
2022-06-22,3.620835704235728,3.094978675405378,1.751888157204858,1.3986998762172256,7.757711444321513
2022-06-23,3.665544831546517,3.133194658378868,1.7779788662780227,1.4124107243737265,7.855765342423213
2022-06-24,3.7866130858784484,3.2366800678349072,1.8388987766396647,1.4573167220973637,8.19112665252262
2022-06-27,3.7655001803620407,3.218633407426458,1.8254166403559497,1.4517502030267573,8.10942783633698
2022-06-28,3.6696689329024146,3.136719813010098,1.7698021138674604,1.4220868039043528,7.792729929233266
2022-06-29,3.669857030886658,3.1368805933651522,1.7714248542529045,1.4209286705945212,7.804943468011794
2022-06-30,3.632190787400601,3.1046846502474907,1.7494537608994254,1.409384619401335,7.666395645138858
2022-07-01,3.6633860014300916,3.131349356984401,1.761001142623338,1.4242909967847404,7.697426385395113
2022-07-05,3.698203365944611,3.161110166230784,1.7911489883873788,1.426980880539304,7.898421892134537
2022-07-06,3.716304907157928,3.1765828053183984,1.8026338910824822,1.4318002793520521,7.956182272144236
2022-07-07,3.783897277561608,3.2343586786547025,1.8412084053723219,1.4532445575544166,8.168788708254915
2022-07-08,3.7847140735546727,3.235056850675525,1.8435178436201354,1.4520491423394544,8.184188976272468
2022-07-11,3.7226673713193126,3.182021243433522,1.8041320543799955,1.4354615448549684,7.930902117322551
2022-07-12,3.6881652556215134,3.1525298991518302,1.7866548794645256,1.4227592463400083,7.8451614525620865
2022-07-13,3.6746796970683278,3.1410028596622412,1.7829722359768168,1.4152873596897693,7.843101385181781
2022-07-14,3.6767786501532145,3.1427969800170534,1.7893390014003505,1.411850355677347,7.848373076035845
2022-07-15,3.7452482476185764,3.2013226799876393,1.8217962854122052,1.4388238710451875,7.999286858721625
2022-07-18,3.7139387042077874,3.1745602480220816,1.8063790135989999,1.4269435986341739,7.971869922982831
2022-07-19,3.821220362077581,3.2662613000694654,1.86193106105868,1.465498447100331,8.251241472234247
2022-07-20,3.863692690058869,3.30256533597011,1.8914548784740044,1.4748383054131295,8.419233712421644
2022-07-21,3.9110967779283143,3.3430848881031565,1.918606778612706,1.489856870547753,8.587929598054851
2022-07-22,3.8586617941014443,3.2982650812835472,1.8849633454776957,1.476033834640034,8.358627103685645
2022-07-25,3.8500172028616526,3.290875951333947,1.8742274291889272,1.4778271284803908,8.285877315821091
2022-07-26,3.7894179842908953,3.2390776084808537,1.837400803826994,1.4603429410816975,8.053868324402186
2022-07-27,3.918686623477658,3.3495724539701635,1.915048902697771,1.4982627430292719,8.503760940629665
2022-07-28,3.9624199990708773,3.3869543944725087,1.933774324795518,1.5170545333941456,8.55696018164274
2022-07-29,4.0274347707734535,3.4425270159450685,1.9690404983159726,1.5391712540321651,8.805109750856369
2022-08-01,4.020258802737791,3.436393219810716,1.9678545396776612,1.5346133986150416,8.797494830512663
2022-08-02,4.001003924974729,3.4199347442150128,1.9619872255149131,1.5244890241273115,8.778232768474416
2022-08-03,4.0868096844975925,3.4932788607789207,2.015417271813207,1.5483617567005579,9.042326872997608
2022-08-04,4.09498506026428,3.50026691981505,2.0248422714060457,1.547315697130002,9.103208349853697
2022-08-05,4.074798697810119,3.4830122398370147,2.008301519983338,1.5447004911976414,8.96959485427729
2022-08-08,4.0658478262285405,3.4753613108984625,2.0018099869870296,1.5429071973572848,8.905666793937641
2022-08-09,4.034765122112175,3.448792774164926,1.979152195771181,1.5367803095902988,8.807488237577665
2022-08-10,4.133445248923607,3.5331415027776063,2.034392229056503,1.5690588006331214,9.117981145125604
2022-08-11,4.121714357150994,3.5231142983294026,2.0228448473325904,1.5690588006331214,9.038309935691698
2022-08-12,4.19672873664029,3.5872342761004306,2.062230827057574,1.595621416960931,9.265180427119871
2022-08-15,4.222333130711255,3.609120122385477,2.078896346053056,1.6021965996850207,9.342367798591306
2022-08-16,4.2215241889286,3.6084286639014507,2.074027743927036,1.6053348924086304,9.320946919170426
2022-08-17,4.182466464348032,3.575043325664395,2.0503712406744596,1.5939401968598503,9.203321350901126
2022-08-18,4.193573803164612,3.584537536279255,2.0553023218292896,1.5985728441111193,9.228642460066634
2022-08-19,4.124515795103483,3.525508881080916,2.0152298347267803,1.5770911699916823,8.999786432830934
2022-08-22,4.027280959450637,3.442395542770631,1.9621744721164978,1.544252196240538,8.741017165406454
2022-08-23,4.020744141763236,3.4368080726393986,1.9605517317310537,1.5405162529154186,8.749733467739965
2022-08-24,4.033004114153533,3.447287518880121,1.966231799292218,1.5454477254674424,8.772382046818059
2022-08-25,4.097127726457816,3.5020984047868065,2.0009985215518866,1.5672656208047073,8.948161809009251
2022-08-26,3.943818935284789,3.3710547788974488,1.9189812718158747,1.5142151799832335,8.537052941717745
2022-08-29,3.9113459595739823,3.343297880887872,1.9000686031165444,1.5042028792347792,8.430606664895723
2022-08-30,3.868097819148618,3.306330704439944,1.8789087847133654,1.4876899595724964,8.320825863611795
2022-08-31,3.8421378252136584,3.284140902359623,1.867985621823013,1.476370055857862,8.2777541922145
2022-09-01,3.849000401808943,3.2900068211572906,1.868797087258157,1.4810027031091308,8.250529832943567
2022-09-02,3.801517936107852,3.249420274071315,1.8423943640106342,1.4653863733610553,8.112140225618331
2022-09-06,3.7806940978135817,3.2316206994080785,1.8291615723876242,1.4598572502075216,8.058396574648452
2022-09-07,3.8528417264307526,3.2932902669584636,1.866113155807176,1.4860835313055614,8.221309946042544
2022-09-08,3.875420761183692,3.312590129415585,1.8757878810304076,1.4957970067532607,8.264019097411431
2022-09-09,3.947886043382447,3.374531217449492,1.9167966011408353,1.5190345787959818,8.479695146394238
2022-09-12,3.992563081491378,3.4127197715630238,1.9395791599294583,1.5353606328848433,8.590945981884442
2022-09-13,3.7962901721652806,3.244951742703436,1.8332188995633443,1.4685993439068685,8.046533440744332
2022-09-14,3.8185915586447132,3.264014279980417,1.8477622269125962,1.474203258894548,8.106598537890717
2022-09-15,3.7651179315045122,3.2183066728934966,1.8169901623149949,1.4574661917537133,7.984381381015277
2022-09-16,3.731601909796713,3.1896582113384153,1.8058797528230588,1.4404302993121236,7.934232935893321
2022-09-19,3.7572275647950564,3.2115622308083926,1.8166779576557925,1.4516007333704095,8.017380087324455
2022-09-20,3.7206892552910897,3.1803304108675294,1.80219710933535,1.4349384580637201,7.945828162166448
2022-09-21,3.6549263913150183,3.124118343194471,1.7699268814402347,1.4099077061925849,7.800397326324476
2022-09-22,3.6170840137939044,3.0917718461364916,1.7481430346883398,1.3980647156867014,7.706139137886091
2022-09-23,3.557336196430609,3.0407012547740906,1.7196804083385522,1.3746403920825014,7.559436146356295
2022-09-26,3.5323805548947522,3.0193699421453006,1.7125646565086834,1.3610415036533339,7.511734922757123
2022-09-27,3.5285801115326585,3.016121440383951,1.7132513543710528,1.3575671037238388,7.522229949990038
2022-09-28,3.5983903918596085,3.0757931147112973,1.7473315692531957,1.3842790756960548,7.690332685204063
2022-09-29,3.5089405196941197,2.9993341230630253,1.6969601380938943,1.3553629108434513,7.4233339818953175
2022-09-30,3.4520603925213784,2.9507147448216866,1.6681854975697485,1.3344042095033208,7.308938626878754
2022-10-03,3.5381228353658667,3.024278266371529,1.7073215611794956,1.3696341276963317,7.420359546500221
2022-10-04,3.648560857931626,3.1186772816030444,1.7610011426233385,1.4120745031558994,7.66001875268338
2022-10-05,3.643343619907349,3.1142177474654518,1.76006490961542,1.4087868547878835,7.62306519993489
2022-10-06,3.6102097768622317,3.0858959604429415,1.7462080896436936,1.3942540945393787,7.575276760031722
2022-10-07,3.4910764634337386,2.984064478787963,1.6796704002648521,1.3553629108434513,7.228305250908957
2022-10-10,3.460299800991822,2.957757537037899,1.6628799232117517,1.3450142748652272,7.160661789790164
2022-10-11,3.4255735905287183,2.9280746434630216,1.6400348853943194,1.3364963286444322,7.047458339638589
2022-10-12,3.4193373654338295,2.922744110608098,1.6394731455895684,1.3320879428836572,7.040588047856822
2022-10-13,3.504553178601552,2.99558395922451,1.6779227018217895,1.367243183254465,7.209301581720174
2022-10-14,3.411952206558795,2.916431504596736,1.627488791633679,1.3360854296044011,6.930189755289491
2022-10-17,3.5121244254522455,3.002055627497587,1.681230852106331,1.3704187578832052,7.248373181493586
2022-10-18,3.546644340481266,3.031562186098587,1.6945259322733064,1.3865206644935146,7.300692312818579
2022-10-19,3.5276108613546993,3.0152929552283254,1.688346413451356,1.3766951153065394,7.282702026487949
2022-10-20,3.503822053303859,2.9949590158715815,1.6797326888088175,1.365151064113353,7.217529118418768
2022-10-21,3.587474489342823,3.0664625379406543,1.7191186685338014,1.398326259082325,7.3717430768957986
2022-10-24,3.629157067892451,3.1020915203869146,1.738031337233132,1.415436829346118,7.429673499841575
2022-10-25,3.6956694481187093,3.158944251431825,1.773984018131112,1.4380393548702564,7.6450185088389855
2022-10-26,3.6409173110564867,3.112143813499163,1.734785475492556,1.4272050280178559,7.362811568710822
2022-10-27,3.5980528061451693,3.0755045568554156,1.7032019454598109,1.4195837857232105,7.064366833864973
2022-10-28,3.6959042674996514,3.159144967795657,1.7553210750621746,1.4533566312936925,7.2404250183908765
2022-10-31,3.661068261640953,3.1293682245032612,1.7349104335501744,1.442858639671062,7.105657035145445
2022-11-01,3.6343541323801993,3.1065338108077336,1.7171835330043115,1.4365448863306547,7.010472610030053
2022-11-02,3.5264621840471535,3.014311101296754,1.65832333526009,1.40049305604564,6.7392327000613585
2022-11-03,3.4738620870207644,2.969350160807108,1.6259283397922006,1.386072369536411,6.610948809630682
2022-11-04,3.5268006416994324,3.0146004044582053,1.6520815278941743,1.406022293211116,6.7257369278389945
2022-11-07,3.5630561567303674,3.0455905004063086,1.6702452101871696,1.4194717119839348,6.797721246371754
2022-11-08,3.585650792810473,3.0649036983966695,1.6824168107446424,1.4271303501956527,6.804472686056998
2022-11-09,3.5073429806779526,2.9979685959880507,1.6435927613092538,1.397728494468873,6.628484077792744
2022-11-10,3.7331153297071498,3.190951835996461,1.764871032712631,1.474539480112375,7.230422066234579
2022-11-11,3.785574264001376,3.2357921149368147,1.797390795753295,1.4888108109771974,7.397651149996033
2022-11-14,3.7529087300900343,3.2078706241168735,1.7816615097657316,1.47614590837931,7.318425375647819
2022-11-15,3.7948800784344296,3.243746438076605,1.8063167250550356,1.488736019143052,7.428327894412369
2022-11-16,3.75450599689427,3.2092359185134844,1.7816615097657313,1.4773788335232874,7.294904593476613
2022-11-17,3.7446185115917934,3.2007844010561333,1.7777291406476292,1.472858260011294,7.237145288926025
2022-11-18,3.753185353764946,3.2081070735017385,1.7777916196764387,1.4795456304866017,7.206212860710763
2022-11-21,3.727057052304144,3.185773407339768,1.7595031698106685,1.474165862977474,7.075957540158733
2022-11-22,3.7789745317135233,3.2301508673457153,1.7848448924774982,1.4940037129129031,7.195155470008611
2022-11-23,3.80984559164188,3.2565384971555007,1.8027588491401008,1.5034183630598474,7.33311575938889
2022-11-25,3.796887955977405,3.245462709867415,1.7908994532418299,1.5030820278300774,7.2769856562142845
2022-11-28,3.73873830608691,3.1957581827653327,1.7646213070822376,1.4790973355294978,7.164402771336103
2022-11-29,3.721377321591989,3.180918548718152,1.7512639383712971,1.4765569214312828,7.101800013660234
2022-11-30,3.8648109078686144,3.3035211540624823,1.8310965174322698,1.5230693474218555,7.52045183858744
2022-12-01,3.865760441628926,3.3043327862324547,1.8333436671361183,1.5219486100290964,7.538991803841821
2022-12-02,3.855830949488397,3.2958453626256357,1.8260406687046657,1.5201927121058125,7.525610866454655
2022-12-05,3.7887922801682232,3.2385427758966183,1.795393562164683,1.4928455796030715,7.364736399180554
2022-12-06,3.7222322551603506,3.1816493195619855,1.7581922531147387,1.4713265095665615,7.1551982516422115
2022-12-07,3.711467887537892,3.172448270144924,1.7510142127409047,1.468823491385419,7.102112229978659
2022-12-08,3.7479677507059037,3.203647227343689,1.7717370589121069,1.4803301466615326,7.201956872949176
2022-12-09,3.7220190758167644,3.181467100434599,1.760439402818587,1.4692717863425229,7.185057312973273
2022-12-12,3.772207853277508,3.224366919336615,1.7825352637448406,1.4904546351612051,7.226753804718248
2022-12-13,3.8067611297548667,3.2539019942746217,1.801697658074564,1.5017371429587665,7.327901639089484
2022-12-14,3.780480586510182,3.2314381965316814,1.7883402893636235,1.4921357412503433,7.263014959998036
2022-12-15,3.6707745619828565,3.1376648706449606,1.7282941329810908,1.4556356160082249,7.0246956221258
2022-12-16,3.6233155884545836,3.097098403943695,1.7118156701023486,1.4318749571742548,6.936900787603232
2022-12-19,3.578226961209156,3.058558036131741,1.6837275369557285,1.4197331413676164,6.802228570578378
2022-12-20,3.5792824192519848,3.059460209111177,1.6824168107446424,1.4216759048643217,6.76238111845726
2022-12-21,3.632002834988915,3.104523994323366,1.7068223004035536,1.4429334315052071,6.864552373980726
2022-12-22,3.561666719515038,3.044402852331797,1.6650645938867907,1.4223483472999772,6.617439950114046
2022-12-23,3.5759158554198316,3.0565825741890187,1.668809525918465,1.4305300723029444,6.634556102640224
2022-12-27,3.5435864513376987,3.0289483967791697,1.6452155016946979,1.4248887613981924,6.427271886000393
2022-12-28,3.498174290573721,2.9901314824949417,1.6234941339716118,1.4071804265209475,6.3696763238134855
2022-12-29,3.572292804286806,3.0534857018334187,1.6630671698133355,1.4325101177047803,6.593872757066622
2022-12-30,3.5665153364197577,3.0485473005064994,1.6620684577766078,1.4287367784625882,6.595523967708276
2023-01-03,3.5469536445407726,3.031826569668178,1.6508332807118973,1.422721964434878,6.504695952035678
2023-01-04,3.5690940407909135,3.0507514974628998,1.658697828463257,1.4337056469316847,6.5495873949823595
2023-01-05,3.520790262551365,3.0094629177524133,1.6327318869628669,1.4173421969257505,6.420334307345589
2023-01-06,3.6097493810416292,3.0855024282963868,1.6777977437641711,1.4498448354471247,6.590476146567973
2023-01-09,3.6204096842372344,3.094614526651238,1.688658618110558,1.4490229233551208,6.699774970062637
2023-01-10,3.648426792961599,3.1185626870018957,1.7029522198294171,1.4591846937599238,6.772961718608551
2023-01-11,3.7030583710051777,3.1652600748040602,1.7324135582159323,1.4776402629069694,6.935695077792984
2023-01-12,3.719805850278804,3.1795753035116294,1.7417762692648058,1.483020030416097,6.998175574920032
2023-01-13,3.739818482895962,3.196681484583687,1.753760623220695,1.4887734150601248,7.060974762077969
2023-01-17,3.740186509673376,3.1969960625212446,1.7573184991356297,1.4860461353884884,7.134317870298588
2023-01-18,3.686350345198472,3.1509785697030734,1.7344734613181974,1.4625844158672157,7.041327111297132
2023-01-19,3.6548242323900477,3.124031020896494,1.7174332586347039,1.451937068600179,6.998476162484714
2023-01-20,3.7388777459300173,3.1958773716422018,1.7644340604806545,1.4789852617902224,7.25457382434907
2023-01-23,3.802839689823164,3.2505500683777053,1.8036326031192107,1.49673099258454,7.471954699858521
2023-01-24,3.796916607812283,3.2454872005721023,1.7999499596315018,1.495124564317605,7.451440589704341
2023-01-25,3.7934148661156737,3.2424940197809646,1.7959553019694348,1.495684933013984,7.423619840583653
2023-01-26,3.851241230669012,3.291922212548572,1.830971749859496,1.5121230608421217,7.668271230281527
2023-01-27,3.874834053186906,3.312088629516922,1.8491979111813006,1.5155974607716167,7.876648294830837
2023-01-30,3.811353378622605,3.2578273069589763,1.8118093555297723,1.4965815229281911,7.64132475911182
2023-01-31,3.8679318111538037,3.306188805926487,1.838961255668474,1.5185862838388775,7.791520269824243
2023-02-01,3.9298405958908353,3.3591065255449797,1.8782847563646488,1.5347254723543178,8.001566768661108
2023-02-02,4.028964703329617,3.443834755103348,1.9456961997225997,1.5570664544828314,8.524508544346313
2023-02-03,3.9717504261446233,3.394929755738384,1.9111165335796712,1.5405162529154182,8.363256049366035
2023-02-06,3.942815380130209,3.3701969709059423,1.894950275360131,1.5311016027684738,8.320379435765995
2023-02-07,4.009443821797557,3.4271489076907846,1.9342112970274963,1.5511263182773247,8.535094255616379
2023-02-08,3.951876465845726,3.377942107486632,1.8998188774861513,1.534165103657938,8.37860821167744
2023-02-09,3.9172834921747004,3.348373100611938,1.8830284004330509,1.520865154541468,8.292789783570619
2023-02-10,3.908999387652595,3.341292103589413,1.8706697437588382,1.5244143463051083,8.16765326397324
2023-02-13,3.963246459672835,3.3876608275029056,1.9006303429212954,1.5423094327438323,8.296053733855004
2023-02-14,3.976977112537469,3.3993973660499934,1.9146744094946053,1.5415997084030466,8.4230943932323
2023-02-15,3.998668252236969,3.417938283202533,1.9293426949014758,1.5466058587772737,8.47434765136492
2023-02-16,3.9336238689566168,3.362340350666658,1.8931400978882589,1.5253109362193156,8.256695101515529
2023-02-17,3.9148330913901184,3.34627857360382,1.8797827291773184,1.521500315071993,8.211881217930223
2023-02-21,3.8292233920921,3.2731020432726377,1.8352786121807652,1.490977607940512,7.995810993166555
2023-02-22,3.82801742115245,3.272071216511564,1.8366518174206603,1.488922884716473,8.018767945291211
2023-02-23,3.854915938857009,3.2950632397614004,1.8526933080674257,1.4968430663238155,8.17374482990105
2023-02-24,3.8020524562984166,3.249877165442946,1.8216715178394314,1.4808532334527815,8.026580221637584
2023-02-27,3.8221406732715226,3.2670479536910704,1.8347168723760137,1.4858967797440812,8.10908976106779
2023-02-28,3.812606773231057,3.2588986700093585,1.8323449550993904,1.480404938495678,8.114683952283727
2023-03-01,3.7899692163374388,3.2395487846314985,1.817614381148555,1.4747262316738532,8.022200417623079
2023-03-02,3.8203899655332236,3.265551502716903,1.8326569692737489,1.4861956050448364,8.051215502351997
2023-03-03,3.8905161423563035,3.325493195625323,1.870544785701219,1.5100309417010096,8.282615685696344
2023-03-06,3.894070657589345,3.3285314856076043,1.872666977347449,1.511077001271565,8.277245814446943
2023-03-07,3.840343080477062,3.282606809917628,1.8496971719572421,1.487914107051047,8.173283469382323
2023-03-08,3.853066944496879,3.2934827764145402,1.858935115433341,1.4903425614219286,8.202128898782076
2023-03-09,3.784143731722001,3.2345693400691315,1.8267273665670354,1.4628459592628391,8.026402417316197
2023-03-10,3.73027057976165,3.188520231489279,1.8010734392410035,1.4417379022783023,7.9184864639575006
2023-03-13,3.7414449655978443,3.1980717518284414,1.814430998436788,1.4396830650423214,7.987565967513042
2023-03-14,3.8153569234602545,3.2612494135969707,1.8561262259247413,1.4634811197933641,8.261952566787201
2023-03-15,3.8134333023769056,3.2596051616289623,1.865863430176782,1.4543280130420444,8.323345701684536
2023-03-16,3.8971493761213583,3.3311630792457834,1.9150489026977713,1.479844455787356,8.598712146337668
2023-03-17,3.8578342828969925,3.297557750230539,1.9059982058232565,1.4569805008795353,8.530045120749804
2023-03-20,3.8802354257210663,3.3167055561539374,1.909805807368584,1.4709902883487336,8.5492216632408
2023-03-21,3.9334197883975013,3.362165908899585,1.93708247508006,1.490305165504856,8.76107028387032
2023-03-22,3.8731509652929077,3.31064997789993,1.9107420403765023,1.464900682486878,8.65121784477249
2023-03-23,3.901350420329316,3.3347540022536557,1.9333998315923508,1.4688608873024915,8.76484862348302
2023-03-24,3.9213301083209835,3.3518320232760193,1.9405155834222196,1.4784995709160453,8.77024181709943
2023-03-27,3.9115631129863235,3.343483496926648,1.9272205032552443,1.4812641324928124,8.693566173064285
2023-03-28,3.89678469287355,3.330851359254201,1.9169838477424177,1.477939202219666,8.629153667102404
2023-03-29,3.9606312085122712,3.385425391478203,1.9519380070885135,1.4994208763391033,8.797955303116106
2023-03-30,3.9909707579523914,3.4113587025170697,1.9704137035558673,1.5082003659555228,8.88054697419657
2023-03-31,4.052282836554472,3.4637663761367903,2.003183192226924,1.529457892596408,9.076526345540055
2023-04-03,4.0550791315567585,3.4661565628531044,1.9983145901009038,1.535285955062639,9.029989544155661
2023-04-04,4.036990449675868,3.4506949155262028,1.9915735219590462,1.526768008841844,9.014270579325766
2023-04-05,4.0117780521461315,3.4291441357934755,1.9719118668533808,1.5227705221211,8.877995193451422
2023-04-06,4.033126741014984,3.4473923365388637,1.985206756535512,1.528710658326607,8.990594795503847
2023-04-10,4.03405526868937,3.448186013354519,1.9840832769260097,1.5302796906764695,8.96117780792433
2023-04-11,4.021652247009716,3.437584292993606,1.9713499365637857,1.5306907037284427,8.886131332071516
2023-04-12,3.9956929156996215,3.4153950573045804,1.9539354311619688,1.524451628210239,8.787246533257933
2023-04-13,4.061351932434763,3.471518359559257,1.9921977407926064,1.544700491197641,9.002922982729192
2023-04-14,4.052574012103643,3.4640152640149213,1.9884526182760882,1.5409271519554486,9.009681027419973
2023-04-17,4.061562127607535,3.471698027909478,1.9901378376903418,1.546456389120925,9.007409629665327
2023-04-18,4.063014003722759,3.472939046829694,1.9902626052631163,1.547465052774408,9.001580974692716
2023-04-19,4.0617151654413455,3.471828839929372,1.9893263722551977,1.5472036233907258,9.003983558414722
2023-04-20,4.035148342295178,3.4491203389569405,1.9741588260723855,1.5387603549921343,8.843569255221961
2023-04-21,4.038820892054596,3.4522595212115963,1.9762185386898063,1.5399558842190386,8.87779495561613
2023-04-24,4.036718011882492,3.4504620441037614,1.9720991134549646,1.5415623124859736,8.844789401119845
2023-04-25,3.9666049783016137,3.390531585633373,1.93489780440502,1.5170918152992754,8.661212558857924
2023-04-26,3.970232648712985,3.393632406405622,1.9466324327305164,1.510665988219592,8.747287909124763
2023-04-27,4.063729446172072,3.473550584967565,1.9995630277680243,1.5407404003939695,9.11875149140235
2023-04-28,4.095088934578391,3.50035570837475,2.013357368710941,1.5538908798540914,9.160431516564811
2023-05-01,4.090672785524602,3.4965809203795644,2.0110479304631275,1.5523218475042286,9.157255596361884
2023-05-02,4.0498462630016165,3.461683668219853,1.9935084670036922,1.534874942010666,9.077378447467897
2023-05-03,4.022696253290549,3.438476677360118,1.98046311246711,1.5243395544709628,9.033036569724066
2023-05-04,4.001350166140828,3.4202307004839927,1.9734723186948595,1.5135427375475774,8.99245898240102
2023-05-05,4.080910946961527,3.4882368018794834,2.015417271813206,1.5415623124859736,9.21280148194788
2023-05-08,4.086510228549212,3.493022895070953,2.020410641512001,1.5419732115260045,9.26101389221306
2023-05-09,4.064609590822667,3.4743029054668564,2.0076150126058114,1.535211163228494,9.202048763138087
2023-05-10,4.09622024660806,3.501322719002423,2.029461338386516,1.5423842245779777,9.328683648360226
2023-05-11,4.099325486109329,3.5039769819470825,2.0360776389555992,1.539694340823414,9.410350683108659
2023-05-12,4.089288114424995,3.4953973462337604,2.028774640524147,1.5376768995045058,9.342420909253999
2023-05-15,4.107413848680138,3.5108906647872944,2.039760282443308,1.54298198919143,9.385078729649514
2023-05-16,4.096014830998071,3.501147136075043,2.042069720691122,1.5326707491302787,9.44471026760352
2023-05-17,4.145664898845317,3.5435864826159245,2.0667872245243917,1.5512757879336732,9.609679482867646
2023-05-18,4.204132296669726,3.5935626108509893,2.105174301727804,1.5662195612341512,9.802741496232562
2023-05-19,4.1963369685117975,3.5868994047882694,2.100430657659402,1.5639405765196184,9.781073027309303
2023-05-22,4.204234770509355,3.593650202328301,2.1074839304604613,1.5645757370501434,9.859050108701828
2023-05-23,4.153995958312238,3.550707615276953,2.0807688120688925,1.5470167578173046,9.731976443349744
2023-05-24,4.128294424837278,3.528738737225633,2.070095374808933,1.535808927841946,9.70626232465776
2023-05-25,4.196396424861185,3.5869502262417967,2.1204668059682343,1.549108876958416,10.084524020441654
2023-05-26,4.277179366943817,3.6560009933864563,2.174645648188019,1.569170874372397,10.35028045170491
2023-05-30,4.287692693766866,3.6649874608715285,2.1845078104976783,1.5697686389858496,10.452630517774233
2023-05-31,4.263614493054164,3.644406157593734,2.1720864843098124,1.5610639412035756,10.371343194357697
2023-06-01,4.308495713346862,3.682769240339957,2.197178671831093,1.575895640764778,10.571273970209337
2023-06-02,4.355804936030362,3.723207704638171,2.2136569442249914,1.5986849178503952,10.659240403285805
2023-06-05,4.353166749715853,3.7209526643513113,2.21521739606647,1.595621416960931,10.683633879958494
2023-06-06,4.357538208450063,3.7246892524397928,2.2148429028633023,1.5990958168904261,10.703578652746442
2023-06-07,4.313041012455411,3.6866544218183215,2.1772672910950344,1.5935665797249503,10.486142070854546
2023-06-08,4.352854283079128,3.7206855775082635,2.2042942331761175,1.603205377350446,10.647943358444989
2023-06-09,4.365079400565152,3.731135230851913,2.2127207112170724,1.6060820126664888,10.713473115865044
2023-06-12,4.421757498269642,3.779581920535383,2.2501090763837563,1.6206521688320665,10.901164107889224
2023-06-13,4.453322162867939,3.8065624222228163,2.2673990046976424,1.6313370260281181,11.018425775372759
2023-06-14,4.472155954141058,3.8226609660753166,2.2838772770915408,1.6332796755128813,11.09934013488682
2023-06-15,4.526522920790495,3.869132172219701,2.3110916562590513,1.6535285385002836,11.227482111554066
2023-06-16,4.496223742916637,3.8432333695504157,2.296548138424956,1.641797621733676,11.171422694666443
2023-06-20,4.478266668086117,3.8278842158707542,2.2901190844574564,1.6332796755128813,11.258568354952216
2023-06-21,4.436279744998603,3.7919950891010075,2.2589100476278787,1.624911198948435,11.074087134673256
2023-06-22,4.470458183325889,3.8212097639502045,2.2855626869906387,1.6307766573317384,11.25305115904099
2023-06-23,4.431401025810942,3.787824910423351,2.26290489577479,1.6184479759516786,11.151035301034257
2023-06-26,4.392645734490119,3.754698082808181,2.2325696129243218,1.6118353973105164,10.871188736304685
2023-06-27,4.454488551643277,3.807559415370747,2.2709566901277336,1.6295064502826309,11.082883506880542
2023-06-28,4.4599584733443445,3.8122349357212384,2.2753885105066214,1.6303283623746347,11.116136409041967
2023-06-29,4.464281973707706,3.815930530473593,2.2708319225549594,1.6367540754423757,11.076730214781524
2023-06-30,4.52504286247492,3.8678670640239043,2.3058485609298645,1.656068952598498,11.277559394084061
2023-07-03,4.5329742809465685,3.87464659588909,2.311278902860636,1.6579743201781303,11.349061770747253
2023-07-05,4.529542297346605,3.871713042167279,2.311216423831827,1.6555085839021182,11.407298141848413
2023-07-06,4.4945594193941805,3.8418107571394318,2.293614481343582,1.6425448560034759,11.322574008943901
2023-07-07,4.481424503453947,3.830583436139832,2.285999468737771,1.6383978996263835,11.296260717804087
2023-07-10,4.487830128899708,3.8360587671895323,2.286748455144106,1.6425448560034759,11.192542108150255
2023-07-11,4.513206793746185,3.8577499575577883,2.29804630172247,1.6530054517090333,11.254201408795405
2023-07-12,4.559864184976616,3.8976312564356426,2.327070667877009,1.6663054008255036,11.448469267042265
2023-07-13,4.616669946295155,3.9461870690386216,2.3665812246899227,1.6795306721197705,11.704462667123382
2023-07-14,4.614745276505161,3.94454192066852,2.366081963913981,1.6784846125492148,11.710140545430136
2023-07-17,4.6443045733522315,3.9698082958577174,2.388177824840234,1.684312675015446,11.809739704455147
2023-07-18,4.6805562840185875,4.000795139952324,2.407714712373125,1.696828107956985,11.91274170800918
2023-07-19,4.685214495706286,4.00477683562056,2.407152972568374,1.700601447199177,11.910997781092236
2023-07-20,4.6156708297401785,3.945333055025149,2.3516634041375033,1.6893188253896732,11.51512643240084
2023-07-21,4.608749008899498,3.9394164960739038,2.344610131336444,1.6893188253896732,11.418177495860768
2023-07-24,4.622724172806601,3.951362035118158,2.348355253852962,1.6968655038740574,11.48177975076353
2023-07-25,4.644700117114553,3.9701463944652127,2.364271786442109,1.7014980371133843,11.556875637553688
2023-07-26,4.637331808093283,3.963848191189115,2.356407048205905,1.7017595805090089,11.58173964278164
2023-07-27,4.616431498365048,3.945983251102885,2.3507894596735497,1.690476958699505,11.56436866406986
2023-07-28,4.681073106990451,4.001236904287281,2.3936083572558498,1.7070272742788604,11.853159508231458
2023-07-31,4.6867501586934575,4.006089472974511,2.3948566044381265,1.7102775267298036,11.843484749991788
2023-08-01,4.674608736964036,3.995711360182013,2.38930149493458,1.7053834500948524,11.780889827264911
2023-08-02,4.590804830995499,3.924078366289228,2.336870351157858,1.681660187177955,11.481214657013716
2023-08-03,4.580547869242902,3.915311031758804,2.33312522864134,1.676840788365207,11.499261285212135
2023-08-04,4.559466950731313,3.8972917128554356,2.3222020657509876,1.669256827975692,11.500599433431992
2023-08-07,4.598667751257897,3.930799347997971,2.3418637208566535,1.6838269841412696,11.60089169462912
2023-08-08,4.569118918125149,3.9055419168690237,2.321952340120595,1.6765045671473793,11.507092367033005
2023-08-09,4.528728248247029,3.8710172181062816,2.2964233708521813,1.6652967371720206,11.29279157826097
2023-08-10,4.533726179910498,3.8752892959311533,2.3006677541446416,1.665894501785473,11.317094590777975
2023-08-11,4.517951615646054,3.8618056849638975,2.285999468737771,1.6649231200371204,11.22084767610492
2023-08-14,4.555771842376238,3.8941332482090307,2.311653396063803,1.6741135086935706,11.394084515717632
2023-08-15,4.505065135548737,3.850790719259827,2.287123138832117,1.6546119939879111,11.254119340406085
2023-08-16,4.464683714849444,3.8162739264098557,2.2629048957747897,1.6424701781812727,11.101658498160347
2023-08-17,4.423289673417674,3.7808915765920217,2.238187201456676,1.6299547452397338,10.971530410606459
2023-08-18,4.421578772763486,3.7794291514855045,2.2353785024329205,1.630739261414665,10.912622220940255
2023-08-21,4.47158180738595,3.8221702031385916,2.2713936623597095,1.6413493267765713,11.212090873715733
2023-08-22,4.462331115693122,3.814262997216887,2.268147991103977,1.6369035450987237,11.187890590052634
2023-08-23,4.522363553277815,3.8655768731654363,2.303913425400373,1.6551349667672177,11.397247665549694
2023-08-24,4.442691332704558,3.7974755165068164,2.2546656643354175,1.6321963340371939,11.165660634228082
2023-08-25,4.475570077363782,3.825579253297568,2.2721426487660437,1.6437029893133073,11.236281544017647
2023-08-28,4.50660474780844,3.8521067323301255,2.289245330478346,1.6541263031137348,11.321345281053038
2023-08-29,4.5883874734131584,3.9220120835911705,2.339242077949636,1.6780363175921111,11.646200793494051
2023-08-30,4.610630960075442,3.9410251298903707,2.3522874324862184,1.6849478355459706,11.697958917623291
2023-08-31,4.614169812442738,3.944050031738134,2.3593407052872784,1.6824820992699587,11.74032240548004
2023-09-01,4.616031618086239,3.9456414457748554,2.356844020437881,1.6856202779816263,11.665888265573807
2023-09-05,4.6089905955373425,3.939622996880201,2.3598401565480644,1.6783351428928661,11.754200098991959
2023-09-06,4.573200912352782,3.9090310796258088,2.3390548313480526,1.6670526350953043,11.586236161181683
2023-09-07,4.549827672970611,3.8890523555488397,2.3223268333237614,1.6619344109818015,11.528497335296697
2023-09-08,4.556433298743386,3.8946986407090662,2.3255725045794935,1.664437429162944,11.530649006645701
2023-09-11,4.598259946239059,3.930450768846604,2.352974130348588,1.6753838297546204,11.786748882560198
2023-09-12,4.560154151616051,3.897879110975019,2.3268834212754235,1.666193327086228,11.623309378853252
2023-09-13,4.571497668143329,3.907575199012088,2.3357466810635112,1.6681360905829332,11.728002054916924
2023-09-14,4.6098973176996445,3.940398035016718,2.354846596364425,1.6825193811750896,11.83762193735199
2023-09-15,4.5346548304117364,3.8760830777354154,2.314524574116367,1.656405173816326,11.605757841792203
2023-09-18,4.535067339616538,3.876435677879845,2.3135883411084484,1.6573765555646784,11.595852538989954
2023-09-19,4.5255319369289895,3.868285109781756,2.308657259953619,1.6539394375403138,11.577164464250462
2023-09-20,4.472122158020661,3.822632078194043,2.27538851050662,1.6387342348561535,11.348795143918906
2023-09-21,4.394188974498084,3.7560171967657943,2.2336930925338225,1.611648645749037,11.115951579759093
2023-09-22,4.389555790996197,3.7520568944187964,2.2340052971930247,1.6080247761631936,11.085492517228664
2023-09-25,4.409209885156717,3.768856607877228,2.244616255424175,1.6147868244607047,11.17225090915615
2023-09-26,4.343716545569861,3.712874921338598,2.2109105337451997,1.5910635615438073,10.97981090568133
2023-09-27,4.349672702596322,3.7179660606473215,2.216091340530422,1.5916986080623903,10.98672790023071
2023-09-28,4.3804742628306945,3.7442942842624043,2.234629516026585,1.6009263926359132,11.098947981289278
2023-09-29,4.376749265268556,3.741110271243733,2.236252256412029,1.5970410936663875,11.122288888226207
2023-10-02,4.394142485334858,3.7559774592630255,2.2549153899658103,1.5964059331358624,11.298607232484631
2023-10-03,4.326174447758433,3.6978804772149023,2.215342354124087,1.575036332755701,11.07014268581446
2023-10-04,4.371362715682819,3.7365060148058165,2.245490199888128,1.586505706126684,11.282024812703114
2023-10-05,4.364099118509123,3.7302973159871913,2.238873899319045,1.5859079415132318,11.286479732992541
2023-10-06,4.426567388187666,3.7836932660763916,2.276387222543348,1.6047371277951779,11.491348230025848
2023-10-09,4.452025107308556,3.8054537391382985,2.2879968928112255,1.6150109719392565,11.53160394168613
2023-10-10,4.475938738635464,3.8258943735812547,2.3006677541446408,1.6234168444207753,11.592727939182906
2023-10-11,4.501074705422564,3.84737982267268,2.3170837379945737,1.6300668189790106,11.728998304989602
2023-10-12,4.479533681388275,3.8289672197604494,2.3090317531567863,1.6201291960527595,11.677377093161752
2023-10-13,4.440223985104752,3.7953665038837685,2.280007387002247,1.6120595447890684,11.470111471863413
2023-10-16,4.488684290296766,3.836788878005154,2.3057860819010534,1.629020759408455,11.6174427765487
2023-10-17,4.481229971945355,3.830417156606607,2.298233548324052,1.6289459675743094,11.550627027347904
2023-10-18,4.421981416153943,3.779773318636143,2.268085512075167,1.6072401459763206,11.310874733531433
2023-10-19,4.381866878446528,3.7454846491356304,2.2468634051280225,1.5931182847678467,11.154492341795091
2023-10-20,4.322260475724447,3.6945349346466094,2.213344930050631,1.573541978228042,10.951409521275242
2023-10-23,4.325036003337859,3.696907370039482,2.2200237096485234,1.5708146985564053,11.053613767597097
2023-10-24,4.3623772572197925,3.7288255220678352,2.2416203097988348,1.5826576890622885,11.162315259705856
2023-10-25,4.277686006007444,3.656434052830779,2.1867547697166807,1.5599430897988744,10.819695122663687
2023-10-26,4.211292500647612,3.599682932354997,2.145059542228727,1.5412633731732768,10.533428139218026
2023-10-27,4.211857797266844,3.6001661304685584,2.1553584862855186,1.534277177397214,10.676663096726303
2023-10-30,4.2607597243058555,3.641965989322943,2.179639208371656,1.5526206728049836,10.80036283741223
2023-10-31,4.284327215402906,3.662110753774103,2.190062920001222,1.5623715441697559,10.824180043920874
2023-11-01,4.344354021272264,3.713419815906093,2.228075504001467,1.579033819476445,11.083702371554017
2023-11-02,4.425414628086685,3.782707922298926,2.2685224843071436,1.6092949832123016,11.290339100449756
2023-11-03,4.471598712392112,3.822184653016425,2.295174933185059,1.6239772131171553,11.413415608682733
2023-11-06,4.485862646589566,3.83437702399776,2.3045376442339323,1.6277131564422749,11.49704272772437
2023-11-07,4.51344780693745,3.857955968199638,2.3263216814706715,1.6323456896816015,11.61462362019866
2023-11-08,4.516553787658308,3.860610864715939,2.3278196542833416,1.6335412189085055,11.657289250401519
2023-11-09,4.481563265810732,3.830702045922292,2.309905697620739,1.6208016384884147,11.538496608430526
2023-11-10,4.56690804699372,3.9036521324201376,2.361837580621519,1.6460939337551748,11.796621668134435
2023-11-13,4.5576104569979465,3.8957048392756524,2.354472103161257,1.6445249014053125,11.820359872335535
2023-11-14,4.650875553476304,3.975424966986078,2.4051555484949163,1.6764298893251766,12.08733651127565
2023-11-15,4.657548790196778,3.98112904389894,2.406965725966788,1.679978967076875,12.0747690009042
2023-11-16,4.662390176598458,3.98526731166267,2.409025629069053,1.6820338043128558,12.103945107069103
2023-11-17,4.6658333158410334,3.9882104008836903,2.4095873688738036,1.6841259234539674,12.09197246663064
2023-11-20,4.712194100799434,4.027838169869025,2.4389237492027003,1.69708965135261,12.234338932640814
2023-11-21,4.693371533633139,4.0117492200368305,2.424754915056616,1.6933909899326207,12.196243835015402
2023-11-22,4.712036612988703,4.027703554146119,2.434679365910241,1.6999288907515797,12.216193647080793
2023-11-24,4.710164395276356,4.026103240194108,2.431246448052925,1.7009749503221356,12.15477211628762
2023-11-27,4.703867278552375,4.020720659052836,2.429124256406695,1.6979115634446136,12.16314018718743
2023-11-28,4.712360196789037,4.027980143597712,2.435490831345385,1.6995926695337522,12.254824396269642
2023-11-29,4.7084081333666585,4.024602041685548,2.433118914068762,1.6983971403068476,12.170537786886392
2023-11-30,4.7117590751890654,4.027466323395636,2.4270018742756205,1.7050845107821553,12.068520184403857
2023-12-01,4.732421667733905,4.045128070165879,2.433930379503906,1.7151716033647548,12.058990029509518
2023-12-04,4.698033819477669,4.01573439816866,2.4113350673168665,1.706167966269784,11.887357301113797
2023-12-05,4.703469004695845,4.020380226845021,2.417389628081198,1.705831745051956,12.00761772781099
2023-12-06,4.6803899986492405,4.000653004347676,2.403407850051854,1.698957623015169,11.911952366994733
2023-12-07,4.730944354810556,4.043865308646676,2.4369888041580547,1.7119213509138116,12.141615435952186
2023-12-08,4.751656030908177,4.061569010523856,2.4478496785044412,1.719281163824775,12.219666794680878
2023-12-11,4.7811916516105954,4.086815148074895,2.468759580792383,1.7259684202881402,12.098741602165212
2023-12-12,4.811149388492639,4.112422097516116,2.488421426382892,1.7338513199903522,12.195605975839692
2023-12-13,4.874914785565918,4.166926792092477,2.5200672449596024,1.7577613344687286,12.294513038473765
2023-12-14,4.880624623160519,4.171807385148562,2.517882764769407,1.7634026453734806,12.316597534380477
2023-12-15,4.878565222093858,4.1700470726389485,2.530054174842036,1.753390230613084,12.396008845110263
2023-12-18,4.902757392386545,4.190725793598326,2.5409148587035792,1.763253175717132,12.54159925668438
2023-12-19,4.930189515130314,4.214173925976647,2.5538979246961966,1.7739753148183142,12.611595785999596
2023-12-20,4.859399326496423,4.153664656253772,2.515947629239917,1.7493928579042823,12.44713422315675
2023-12-21,4.910708097500819,4.197521811090733,2.545221721024849,1.7659804553887686,12.60810406051432
2023-12-22,4.919315765500507,4.2048793801935895,2.5490293225701763,1.7695295331404663,12.597860567392411
2023-12-26,4.944759146771558,4.226627597703705,2.564633840984965,1.7770014197907054,12.65000175791656
2023-12-27,4.952960104012615,4.233637522995066,2.568503731074258,1.7802143903365182,12.68339127982341
2023-12-28,4.952691838710689,4.233408218089615,2.5672552934071375,1.7808868327721736,12.65029608356564
2023-12-29,4.934805905618655,4.218119874173646,2.5561448839152012,1.7757312127415976,12.573561218829965
2024-01-02,4.879243474134906,4.170626821562973,2.5128892045857687,1.7657935898153467,12.370406185519363
2024-01-03,4.833504962978287,4.131530953029383,2.4862990442518185,1.7513729033061178,12.247941081444932
2024-01-04,4.813282701152485,4.114245587375784,2.473503415345629,1.7457315924013659,12.168745392185976
2024-01-05,4.819433337615192,4.119502961707898,2.4764370724270033,1.7481226508551746,12.213071669917259
2024-01-08,4.903638202705708,4.191478683090579,2.5276199690214485,1.7730787249041067,12.51607783832777
2024-01-09,4.904762245981204,4.192439480611389,2.5326133387202434,1.770388841149543,12.547043039811955
2024-01-10,4.93525269331872,4.218501774518508,2.549778308976511,1.780401141897997,12.70962070281585
2024-01-11,4.939299990841153,4.2219612796019055,2.555083883334508,1.7796166257230657,12.694232346196282
2024-01-12,4.942277715190583,4.224506546527975,2.5563946095455936,1.7808494368551007,12.676891669673843
2024-01-16,4.932964208596329,4.216545648366055,2.556144883915201,1.7743115360361414,12.669049198070152
2024-01-17,4.905341027442782,4.192934205152248,2.5417263241387236,1.7644487049440356,12.587075686866271
2024-01-18,4.961965709132836,4.241335236474194,2.577803963094322,1.7801395985023722,12.749036319769033
2024-01-19,5.042094407333449,4.309826776128639,2.6289243806599583,1.8023311109745377,12.968442229915066
2024-01-22,5.050716982143392,4.317197087113101,2.6323574890021177,1.8061418461338028,12.948708127943291
2024-01-23,5.068561306733065,4.332449865364664,2.64328065189247,1.811409425891712,13.019506066904826
2024-01-24,5.085394911743711,4.346838711695692,2.6579487468144967,1.81338958530549,13.10913082778582
2024-01-25,5.10232948793397,4.361313865076599,2.6611946085550726,1.8232524163975956,13.00262617673157
2024-01-26,5.083889744996716,4.345552141587186,2.6453403645098907,1.8209361497779324,12.986044152027002
2024-01-29,5.130050980911879,4.3850093422054455,2.6724297856197827,1.8353568362871613,13.179284410932219
2024-01-30,5.11099280767311,4.368719003569764,2.654640596529955,1.8339372735936474,13.104904947077005
2024-01-31,5.0192416343057324,4.290292930637688,2.6026464249852093,1.8040123310756186,12.743478948609816
2024-02-01,5.081639815130468,4.343628970936542,2.6332937220100363,1.8276235202532405,12.93082028350919
2024-02-02,5.15132924757038,4.4031973482175975,2.6777978390065895,1.8468636055752174,13.47048518140233
2024-02-05,5.138588704247245,4.392307124766682,2.6743024421204646,1.8401388391828373,13.426249708199965
2024-02-06,5.140890877667733,4.394274951596041,2.6689343887336583,1.8454813247868342,13.428269868161323
2024-02-07,5.188779884470903,4.435208997476325,2.696398303046718,1.860873393044416,13.625323967494692
2024-02-08,5.1947304238669725,4.440295335007865,2.7013918632303566,1.86169530513642,13.625437277504513
2024-02-09,5.235307739539965,4.474979572838979,2.7279818330794634,1.8724548401546748,13.830160076501201
2024-02-12,5.223916952436302,4.465243079371276,2.717308395819504,1.8716329280626705,13.71842054864601
2024-02-13,5.147203528935188,4.399670811185911,2.674926470469181,1.8458548279097922,13.501860590969978
2024-02-14,5.198636657977519,4.443634263437878,2.7040757946813376,1.8626292909676998,13.683414868228683
2024-02-15,5.224311319782572,4.465580172414617,2.712127779519125,1.8754809451270662,13.745209106525829
2024-02-16,5.187616615856909,4.434214671346069,2.6875350432586305,1.8661410868142674,13.636262879678473
2024-02-20,5.1537582640953685,4.405273596620211,2.6672491693194047,1.8558672426701888,13.472350507111322
2024-02-21,5.145780495973888,4.398454446504003,2.656575541574601,1.857548348759327,13.453735632022704
2024-02-22,5.274350854795466,4.50835242347559,2.7343485985029967,1.8959912374981505,13.972946659092754
2024-02-23,5.268403794463127,4.503269059740415,2.726296613665209,1.8972988404643307,13.907196856136304
2024-02-26,5.257368764424986,4.493836656439003,2.7248609293965047,1.8903499265933985,13.86566816536983
2024-02-27,5.268574882394417,4.503415300426878,2.731414941421622,1.8938617224399663,13.900603453652144
2024-02-28,5.251066923250631,4.488450036983276,2.716871423587526,1.8913587042588238,13.837713822782987
2024-02-29,5.283004867971903,4.515749607006014,2.740153433636935,1.898158034461465,13.97535544755706
2024-03-01,5.347576865619734,4.570943758873931,2.781411688892912,1.915978443077986,14.115519527342315
2024-03-04,5.335169019304699,4.560337914563508,2.7714872380392874,1.9139237198539474,13.948592888163862
2024-03-05,5.260626624996882,4.49662137516724,2.721740025713547,1.8947957082712465,13.704738411133595
2024-03-06,5.290483258425141,4.522141904494698,2.738842707425849,1.9043971099796697,13.722356198621945
2024-03-07,5.356890835911968,4.578905053390581,2.7804131673410284,1.9233009740838192,13.985880353841166
2024-03-08,5.302151178611533,4.532115282773357,2.7402782012097093,1.9117569228906328,13.823995513168533
2024-03-11,5.290028852862202,4.521753492635625,2.730104215210536,1.9101130987066248,13.747282632108549
2024-03-12,5.356398564977747,4.578484275380092,2.769240278820283,1.9306609010067244,14.02855285155343
2024-03-13,5.33161561890484,4.557300577506244,2.7479556928443296,1.9276345680104485,13.91824560391654
2024-03-14,5.3196247081077725,4.547051116816218,2.7410273781008887,1.923824060875068,13.896280405633192
2024-03-15,5.261561976302696,4.497420884612565,2.7084451360314157,1.9046959352804247,13.753122671084988
2024-03-18,5.29878075747303,4.5292343507447095,2.730665955015288,1.916015838995059,14.005653221085613
2024-03-19,5.320104846751063,4.5474615245186385,2.7374695021859545,1.9266634142859802,14.05245384166642
2024-03-20,5.376247853793878,4.595450835209365,2.769926786197809,1.9444837088905587,14.246424675827138
2024-03-21,5.397852031411233,4.61391741985643,2.7830346197632005,1.950909649982184,14.19779205995172
2024-03-22,5.395822564459647,4.612182694105065,2.7862180024749676,1.9472111025741372,14.279653943104568
2024-03-25,5.378577541477877,4.597442180382496,2.7761063050197596,1.9418313350650096,14.24295773846187
2024-03-26,5.364903262073922,4.585753828130758,2.767118087174054,1.9382447473842965,14.196842617813164
2024-03-27,5.396582719911995,4.612832451538758,2.776543086766892,1.954533405556085,14.237075895632492
2024-03-28,5.391093195720873,4.608140175584406,2.771424949495323,1.9541599024331269,14.159754031570479
2024-04-01,5.392110173318079,4.609009456665852,2.777292263658072,1.9507600663138926,14.227836772691662
2024-04-02,5.351700769184758,4.574468744439622,2.753323555746293,1.9383569351355143,14.09545264866431
2024-04-03,5.360645832689881,4.58211470881357,2.759503074568243,1.940486222169814,14.1604882238008
2024-04-04,5.2869456048078876,4.519118027301495,2.717308395819504,1.9168004691819318,14.018925100677716
2024-04-05,5.345712102111663,4.569349816545808,2.749328898084226,1.93682507067884,14.184964221874752
2024-04-08,5.347996028743543,4.571302046583086,2.7501403635193697,1.937908412154526,14.235052300169093
2024-04-09,5.360981700523836,4.582401798278201,2.760314540003387,1.9401501149639286,14.2786675837987
2024-04-10,5.310744898538299,4.539460929493706,2.7362210645188343,1.9207231640685303,14.212142820180878
2024-04-11,5.373186332098722,4.592833940896897,2.7799137160802436,1.9352186424119049,14.495549593853818
2024-04-12,5.293273908262306,4.524527265897992,2.735596845685274,1.908506670439689,14.286385916331424
2024-04-15,5.2165766074540025,4.458968778893137,2.690593467912779,1.8845966559613128,13.959982083451777
2024-04-16,5.21206171072719,4.45510958443292,2.6908431935431723,1.881159537936948,13.906018881662714
2024-04-17,5.1648414555537245,4.414747166818082,2.6580112258433064,1.8700263857837927,13.755383563722608
2024-04-18,5.144791320122808,4.397608929497597,2.642843679660494,1.8661783687193971,13.675524242576486
2024-04-19,5.067059852590452,4.331166468675867,2.5881653861799236,1.8498897105476084,13.291312846331053
2024-04-22,5.18085397957194,4.428434178443,2.6141938067091233,1.866925602989198,13.393185149365642
2024-04-23,5.352761441231631,4.575375374188891,2.6532051027460954,1.8890797195442908,13.631654277069464
2024-04-24,5.249568705592761,4.48716940674181,2.662193320591801,1.8881831296300835,13.768564072076575
2024-04-25,5.069703444713705,4.333426129681299,2.6493352126568026,1.8810100682805995,13.641501912220148
2024-04-26,5.235186355420337,4.474875817437608,2.690218974709612,1.8988305909090624,13.99187285597443
2024-04-29,5.255084762808562,4.491884362307247,2.7011421375999642,1.9055552432895007,14.186783361948436
2024-04-30,5.163915851972533,4.413955989427096,2.650208966635912,1.8753688713877896,13.848017706594824
2024-05-01,5.1368629410957,4.390831995655853,2.6310465723061887,1.869279265525934,13.834930855476488
2024-05-02,5.193668381162624,4.4393875336628605,2.6646275264123895,1.8867634529246273,14.04937295312243
2024-05-03,5.278049253397189,4.509737945509873,2.7181823402834575,1.9101504946236971,14.347108478580548
2024-05-06,5.334208286030053,4.606434556152541,2.747955692844331,1.9298762708198505,14.56296387345015
2024-05-07,5.337575407987602,4.609949056332927,2.7483926650763078,1.9320057858780346,14.50572876353949
2024-05-08,5.3362574543738885,4.581164919065908,2.746769734206019,1.9321925374395135,14.473044129483107
2024-05-09,5.357451385893603,4.546825780687825,2.752761815941542,1.9433255755807268,14.481901876510662
2024-05-10,5.365075880616484,4.55827559016115,2.7592533489378503,1.945828821785754,14.444804421646232
2024-05-13,5.38841978754078,4.578109039581028,2.7656199238765407,1.946090137157494,14.484251167581263
2024-05-14,5.43605642177865,4.618582075168171,2.783409112966369,1.9550190964302618,14.621936084615793
2024-05-15,5.568090210541916,4.730760618359052,2.8269145179261943,1.9792281642332776,14.783057636171314
2024-05-16,5.58706852528909,4.746884973499486,2.821172161821065,1.9751558856783882,14.739299598980342
2024-05-17,5.56156222901258,4.725214314910539,2.8197989565811694,1.9779952390893007,14.752644041899838
2024-05-20,5.64433502308841,4.795539733443471,2.8394606116868344,1.9802741097918912,14.80072319880256
2024-05-21,5.677214310657984,4.8234746326481135,2.845015721190381,1.9851307905097695,14.943963588727044
2024-05-22,5.640777115869318,4.792516864431041,2.8444539813856293,1.9794149157947565,14.864076886761675
2024-05-23,5.8583743691551335,4.977391835486414,2.83165835247944,1.9649568333684546,14.839491210887548
2024-05-24,5.9580256447178215,5.062057548895416,2.858435759414974,1.9779578431722273,15.055140388140018
2024-05-28,6.189977420410124,5.259128408797451,2.8692339642477083,1.9793401239606108,15.189250611072003
2024-05-29,6.206312278523827,5.273006830401411,2.849010569337292,1.965479692135819,15.146494981668766
2024-05-30,6.022567121519632,5.116893276256058,2.8184880398852394,1.9524412864149736,14.943569965673149
2024-05-31,6.005763673930894,5.102616731677998,2.8132449445560512,1.970224413126364,14.92247090096877
2024-06-03,6.164430833892693,5.237423518815359,2.828350202194898,1.9718308413932992,15.068305217412352
2024-06-04,6.2139803717180895,5.279521795484527,2.8360899823734838,1.9740351482856289,15.107958492174234
2024-06-05,6.403125768976722,5.440223501574151,2.8932649607034517,1.9974967537949593,15.393068132580789
2024-06-06,6.389512818414138,5.428657666972691,2.892266248666724,1.9974593578778865,15.43443303238764
2024-06-07,6.345573551085298,5.391325988135074,2.889707084788517,1.9950311315308897,15.41208839123393
2024-06-10,6.379249627448034,5.4199378550075,2.901379234085204,2.001195301203006,15.449453459942257
2024-06-11,6.38554569847265,5.4252871226607535,2.9212906148212623,2.0060148140276968,15.600041003071805
2024-06-12,6.519978445185364,5.53950386842437,2.9595529244519,2.0224902237609643,15.86193961097957
2024-06-13,6.586582988896845,5.596092418623772,2.9755944150986657,2.0265625023158536,15.929024814547057
2024-06-14,6.673591283449757,5.670016402930312,2.9910116869118717,2.0277954274598304,15.931564439767344
2024-06-17,6.716459524663753,5.706438116596074,3.027651065672221,2.0439345019633284,16.124085491035615
2024-06-18,6.797511807865786,5.775301754737982,3.0285872986801397,2.0491275179109767,16.080512109562363
2024-06-20,6.604067010578878,5.610947192540203,3.0052430000867654,2.0435609988403702,15.978240171399392
2024-06-21,6.461960850446731,5.490210961523939,2.9971910152489785,2.034258536444644,15.957514026064151
2024-06-24,6.2386259422163555,5.300461164266565,2.95836696581359,2.0276458437915394,15.781180618724362
2024-06-25,6.533097376620661,5.550649974511435,2.9921976455501835,2.0354540656715487,16.088370231996183
2024-06-26,6.538465873762692,5.555211156873605,2.99837697388729,2.0379944797697642,16.30239648733873
2024-06-27,6.503335311899115,5.525363530078625,3.006116754065875,2.0412073363036347,16.372535458007814
2024-06-28,6.43306033684363,5.465656508123551,2.990512235651086,2.033174966945074,16.17230743700649
2024-07-01,6.546463617913745,5.562006199991599,3.0080518895953654,2.037359433251182,16.44466115231807
2024-07-02,6.556697287119373,5.570700929679642,3.039635419628111,2.0510702814076827,16.744240678263736
2024-07-03,6.725674860255158,5.714267649712876,3.0649771422949406,2.0602233881590024,16.976791244280435
2024-07-05,6.73280930630363,5.720329217525843,3.0969351655308532,2.0721036605700163,17.261478137093423
2024-07-08,6.815220946813874,5.790347792778467,3.1043004525062714,2.074494719023825,17.262105171606763
2024-07-09,7.026248881727151,5.969641339777987,3.1069843839572524,2.076512046330791,17.366523888378918
2024-07-10,7.133096270009034,6.060421014234673,3.139379379425142,2.097059734618948,17.572777701811937
2024-07-11,6.633394423835174,5.635864348409653,3.070532251798487,2.0789776685948604,16.961929705498893
2024-07-12,6.779045524701587,5.760739604723623,3.0885711665187086,2.092090866149851,17.02690965645045
2024-07-15,6.8960148371327445,5.7940820388082015,3.096872686502045,2.0978443648058214,17.079914177523552
2024-07-16,6.955692805873457,5.792117316222973,3.0980586451403562,2.1102848919012724,17.027482266716287
2024-07-17,6.75845848611164,5.509302796301218,3.007115466102604,2.0806962846130137,16.50044079360472
2024-07-18,6.698993674481511,5.589769025050843,2.99288415292771,2.0647063377300374,16.46105810523441
2024-07-19,6.563459432781741,5.402119798648527,2.9663564716225688,2.0509954895735367,16.296017793138
2024-07-22,6.646184213174424,5.4702072422558015,3.0105485744447638,2.0721410564870886,16.61772975822707
2024-07-23,6.629259026895898,5.456276801330948,2.999937425728769,2.0688908040361453,16.61823334210322
2024-07-24,6.435244380096732,5.2965911393054,2.8923287276955345,2.022004532886788,15.7855664058128
2024-07-25,6.3829964111393656,5.253587934907725,2.860432993003587,2.0114691453470845,15.616320283465788
2024-07-26,6.451472200545779,5.309947606429866,2.889769563817328,2.03399699304902,15.763992645262487
2024-07-29,6.459847911397714,5.316841317571737,2.895574398951267,2.035192522275924,15.88533875885425
2024-07-30,6.399132232386657,5.2668686811849215,2.85581411650796,2.0248812822147726,15.628521498556161
2024-07-31,6.545826946401207,5.387607207422635,2.9403282415782135,2.05779493378812,16.11834749260871
2024-08-01,6.420204667296903,5.28421255585958,2.869109196674935,2.028654621456965,15.827787765506685
2024-08-02,6.284246058331992,5.172310486408565,2.8010110554546146,1.990884289165739,15.392636173677868
2024-08-05,6.099049750668784,5.019882845084665,2.717495642421089,1.9329023757922412,14.78286547825218
2024-08-06,6.1563035629429415,5.067006158026853,2.743461583921479,1.9507228984207046,14.95567586990804
2024-08-07,6.102393510833767,5.022634959754402,2.7137505199045706,1.9376842646759744,14.781824905874172
2024-08-08,6.266268082582427,5.157513536761663,2.7967666721621547,1.9824784166842204,15.208260394932118
2024-08-09,6.293939958928437,5.180289146576193,2.811372478540216,1.9912203963716246,15.323750209510356
2024-08-12,6.440995716483882,5.301324833248951,2.8174270393045475,1.9922665699541224,15.368050701532844
2024-08-13,6.7066937088334,5.520010177408102,2.8873351675118957,2.0250306378591794,15.795460116612022
2024-08-14,6.76952769078287,5.57172630384926,2.888271591004658,2.0314191830337323,15.74429518412933
2024-08-15,6.9523442318836075,5.7221952549131005,2.9612383343509987,2.066238202186712,16.163581859314583
2024-08-16,7.021583152129776,5.779183028773744,2.9650457454114822,2.0708707354260385,16.191375698623258
2024-08-19,7.171839318685923,5.902852843531474,3.0039945624196456,2.090671189444395,16.436389167277174
2024-08-20,7.105825595088609,5.848519599473253,2.9976904665097646,2.0872715813490452,16.400403165574488
2024-08-21,7.139001106418635,5.875825030156819,3.0116720540542654,2.094444528686587,16.47443113772833
2024-08-22,6.977293740247154,5.742730193001403,2.96392226580198,2.0780062868465072,16.13353648430009
2024-08-23,7.171914128373605,5.902914416380227,2.996067535639477,2.1000858395913387,16.375516393944583
2024-08-26,7.09662778772142,5.840949253714082,2.966980690456129,2.0950795752051694,16.20858752265021
2024-08-27,7.161532061904758,5.894369354527308,2.975844140729061,2.0979563245331545,16.169674401543286
2024-08-28,7.062273291450279,5.812673447886443,2.9420759400212764,2.0857771128094433,15.993203866760672
2024-08-29,6.888265092303806,5.6694542892455955,2.937769077700007,2.0859638643709224,15.92568601728637
2024-08-30,6.92580413956368,5.700351171065588,2.9727855255900684,2.105876506140497,16.162401229058734
2024-09-03,6.749404180369935,5.555163450809131,2.8825290444146856,2.0625396547786643,15.666720875386865
2024-09-04,6.733727638712641,5.542260719112758,2.8750387993816493,2.0583180205793683,15.649732074622428
2024-09-05,6.7286820017546525,5.538107858020725,2.877722921317474,2.053311756193199,15.827149311383717
2024-09-06,6.581938219246862,5.417328945477354,2.8006365622514484,2.018754280435844,15.297541313366745
2024-09-09,6.661105281192975,5.4824881739482265,2.836651722178237,2.0413566919480397,15.49122045511566
2024-09-10,6.706392394865866,5.519762177985498,2.86286738930902,2.050248255303735,15.68965744231822
2024-09-11,6.813608682829709,5.608007597627195,2.925035737337783,2.0712816344660685,16.06186855874231
2024-09-12,6.875746631917278,5.659150847380032,2.9537480893179633,2.0887286539715735,16.272866925012792
2024-09-13,6.90635290924761,5.684341644767049,2.966980690456129,2.0996375446342346,16.3306646668905
2024-09-16,6.757807849997079,5.562080173695747,2.9538728568907375,2.1027384414407715,16.236386891973055
2024-09-17,6.781389651029054,5.581489406821552,2.9554333087322164,2.103597635437906,16.292284898527388
2024-09-18,6.832417867752142,5.623488682153812,2.9426376798260274,2.097358673931644,16.26022695118629
2024-09-19,7.210445697329284,5.934628202937488,3.0170399169562283,2.133148846809092,16.77213066744155
2024-09-20,7.114645003274553,5.855778500067002,3.011297560851099,2.1229497944991587,16.70795035314865
2024-09-23,7.309476312051984,6.016136323760763,3.015042683367617,2.128254770174141,16.801499904131276
2024-09-24,7.364905888809001,6.061758181730086,3.029586010716869,2.1343443760359966,16.91275911932353
2024-09-25,7.437286578692162,6.121331819971032,3.032394900225469,2.1296370509625246,16.969828528084673
2024-09-26,7.393699961796611,6.085457426520599,3.0551774590140917,2.138080319361116,16.98460975875004
2024-09-27,7.478359159324554,6.155137011164511,3.0381997353594077,2.1349794225545793,16.946446899430267
2024-09-30,7.5034832958079445,6.1758156786432785,3.046438966798779,2.143534878704389,17.043526220797002
2024-10-01,7.4176024030875976,6.105130565763169,3.0039945624196465,2.1243320752875428,16.821483786191656
2024-10-02,7.4244081788118095,6.110732126367215,3.0082391361969507,2.12522866520175,16.749915892104895
2024-10-03,7.414848593914836,6.1028640160562295,3.0059919864931017,2.121343366232224,16.737694448031785
2024-10-04,7.492650560841777,6.166899689654001,3.041757611274342,2.1406207334593317,16.990009736712302
2024-10-07,7.418652797700687,6.105995103373841,3.0091753692048684,2.1212685743980786,16.713843446777375
2024-10-08,7.5091313169535585,6.180464337961794,3.054116267948555,2.14133057181206,16.98166653643034
2024-10-09,7.5646795281904415,6.226183839205835,3.0781472644042984,2.1561623853852043,17.012369172800362
2024-10-10,7.5537652927777525,6.217200770472978,3.074651867518173,2.152389046143012,17.00465685097907
2024-10-11,7.582286032270906,6.240675045444274,3.0794579906153845,2.165278096219451,16.898031024305535
2024-10-14,7.645104465242851,6.292378374146649,3.105299164543,2.1829864310966958,17.03862284212778
2024-10-15,7.564309092172885,6.225878948200555,3.0637911836566305,2.166025330489252,16.926444851434447
2024-10-16,7.581210165666656,6.239789542860911,3.0641656768597976,2.1754397526123115,16.938551212323365
2024-10-17,7.584160883633969,6.24221816028663,3.0662878685060275,2.1756265041737906,16.940262444649836
2024-10-18,7.623603382197302,6.2746816964110295,3.0863864958436693,2.1839952087621213,17.02135541302522
2024-10-21,7.624667102118308,6.2755572015473575,3.0923162890352267,2.1804086210814084,17.103024524790253
2024-10-22,7.626797379296074,6.277310547117096,3.0956867278637334,2.1792504877715766,17.17084878918539
2024-10-23,7.533517033512384,6.200535241663689,3.0482489537858064,2.159337846002002,16.841074918756977
2024-10-24,7.572207235849855,6.232379592985046,3.07296664810392,2.1640077751584017,17.3106854653207
2024-10-25,7.593970881901471,6.25029237578355,3.0916920702016664,2.1632605408886008,17.48766732270562
2024-10-28,7.6063220039041575,6.2604580881475185,3.0921913309776077,2.169948025375851,17.480880667282435
2024-10-29,7.649019312627339,6.295600527765638,3.1219023949945157,2.1734598212224183,17.627742240052353
2024-10-30,7.608545114796171,6.2622878414182335,3.0983083707707486,2.1668845244863864,17.608089383857383
2024-10-31,7.43793925398103,6.121869010782704,3.0200985320952203,2.1244068671216882,17.033595270133137
2024-11-01,7.478176614045659,6.154986765478471,3.0424441186518667,2.1333729942876443,17.19788321571552
2024-11-04,7.343248013034194,6.043932454197528,3.033580858863779,2.12877785696539,17.068182933456683
2024-11-05,7.550220982958255,6.214283591438881,3.072279950241549,2.1545185612011957,17.343886652876368
2024-11-06,8.104582760138829,6.670556500990777,3.155732884246265,2.208091860790034,17.99037279257514
2024-11-07,8.361473386907031,6.881992856340286,3.2054176175431968,2.2251651491486966,18.35319656558057
2024-11-08,8.68543096096126,7.148629321857189,3.2091629305445584,2.2348039467741927,18.442377997047117
2024-11-11,9.046567611184036,7.445866391449197,3.2072904645287212,2.2369334618323773,18.535553151335986
2024-11-12,8.813847339841548,7.2543236847041825,3.201485248425094,2.2299846619733876,18.507490012268594
2024-11-13,8.946807052486381,7.363757483062688,3.1973658231902524,2.231068003449074,18.51061216404871
2024-11-14,8.633879623389058,7.10619948676829,3.1751450042063807,2.216721880750106,18.33459181267113
2024-11-15,8.585162943780901,7.066102744778662,3.099494329409059,2.1883288026887513,17.967820123012455
2024-11-18,8.807066629107823,7.24874275408692,3.1210284505305608,2.197295157878592,18.131471851867587
2024-11-19,8.964976164120745,7.378711748978255,3.142500283108098,2.2053272992132684,18.392402208928793
2024-11-20,8.875644219131264,7.305186213607508,3.14069029612107,2.206074533483069,18.322398827834984
2024-11-21,8.746200534619783,7.198646316763334,3.1519879522145895,2.21791740997701,18.169704666530716
2024-11-22,8.884778970911519,7.312704660846076,3.1570438009421933,2.224791646025739,18.161600971940562
2024-11-25,8.806334608124013,7.248140257021133,3.162037170640988,2.2323383245101236,18.143644236497966
2024-11-26,8.941758761581937,7.359602437613938,3.179014894295672,2.2439944494425856,18.35133177087675
2024-11-27,8.825572920508321,7.263974539123157,3.153985185803201,2.237195005228002,18.213528581276545
2024-11-29,9.034337899066042,7.4358006066841655,3.1816988257466527,2.2510926049459816,18.420913710871847
2024-12-02,9.251742675565175,7.614737744861763,3.2163407804335464,2.2551274875837986,18.70357650288643
2024-12-03,9.238225165852638,7.603612025628732,3.2262029427432055,2.2561734331424117,18.828044886543108
2024-12-04,9.425940289452745,7.758112803167036,3.266088183244131,2.2701832206116097,19.095420312376355
2024-12-05,9.629786051220345,7.925890060997762,3.2570374863696157,2.26644727728649,19.16431695572478
2024-12-06,10.026432218124498,8.252353587318796,3.2861866200969287,2.2707437033199316,19.40546169480448
2024-12-09,9.906015032414132,8.153243039034686,3.2605953622845503,2.259050182470397,19.336362025044867
2024-12-10,9.914881494197308,8.160540667554127,3.2494847623077705,2.2520265907772616,19.45234834227036
2024-12-11,10.364493385425396,8.530598153882133,3.307658452674466,2.269436214365694,19.936372097537383
2024-12-12,10.209835764352926,8.403305678722676,3.2863115781545473,2.257742693516159,19.802551540500573
2024-12-13,10.314302416116048,8.489287983263088,3.3114662447046372,2.2572943985590554,19.779707945920773
2024-12-16,10.816849757987008,8.902914512547309,3.3591533634432693,2.266932968160667,20.111705171541477
2024-12-17,10.979452000781526,9.036745886703093,3.3443603104636246,2.257593109847868,20.134247182412427
2024-12-18,10.32772485015747,8.500335449530505,3.223706067408964,2.190308962102529,19.380692886784455
2024-12-19,10.28427880944057,8.46457675868564,3.2093499866612962,2.189636291642989,19.416432608113286
2024-12-20,10.185248112171857,8.383068569922058,3.237375640779107,2.20850298785395,19.49551411997821
2024-12-23,10.386303031030012,8.548548797064864,3.263653786938699,2.2217281451362747,19.746841122431736
2024-12-24,10.807861947152956,8.895517006498801,3.307908368789703,2.2464226757895824,20.10127312344825
2024-12-26,10.698537240134742,8.805536231830672,3.3056610286010106,2.2465722594578734,20.01531957855114
2024-12-27,10.356191262401294,8.523765009925254,3.261718841894053,2.2229236743631793,19.660312183551348
2024-12-30,10.144419856762644,8.349464473004998,3.2183382045070017,2.197556473250332,19.411617478642498
2024-12-31,9.928068173983494,8.171394093964532,3.1909992482515603,2.1895617278327286,19.171603319023873
2025-01-02,9.629583662651303,7.925723483096725,3.1847574408856447,2.1841819603236012,19.085250186399914
2025-01-03,10.083204899729905,8.299080900935014,3.2368765704880085,2.2114916969092695,19.518758313617877
2025-01-06,10.167607009776567,8.368548887200536,3.274077498568265,2.224231163317418,19.853771902707063
2025-01-07,9.83834190179017,8.097544003712805,3.2156542730560207,2.1990883377070065,19.397522411779548
2025-01-08,9.846019659546236,8.103863257698915,3.216216203345616,2.202301194240877,19.377497425982934
2025-01-10,9.772827471399292,8.043621707835715,3.165782293157506,2.1686777043148013,19.130883256831083
2025-01-13,9.868201039568593,8.122119860547961,3.155608116673488,2.1720401445169624,19.058612076724064
2025-01-14,9.76736455520858,8.039125400969734,3.152611980563305,2.175028853572281,18.911059711094623
2025-01-15,10.285288507179818,8.465407800334287,3.225141942162513,2.214592593715806,19.533157204310385
2025-01-16,10.050416477339512,8.272094067607926,3.202546629975474,2.2103335635994372,19.22586165376628
2025-01-17,10.324639864756795,8.49779632197404,3.25660051413764,2.232525076071602,19.54398898859132
2025-01-21,10.404213214099796,8.563289949280335,3.2757004294385546,2.252960576608541,19.62307470866331
2025-01-22,10.391257522904816,8.552626640300316,3.3175830940129356,2.2656254792064283,19.884526490591337
2025-01-23,10.366152434612662,8.531963650622572,3.324636366813995,2.2779914424916186,19.935252736183593
2025-01-24,10.28070474666464,8.461635091188311,3.305848465687439,2.2713413539214415,19.85205878163896
2025-01-27,10.173958203332266,8.373776299482683,3.2095999027765334,2.2392123325349678,19.30912289589721
2025-01-28,10.24498850587053,8.432238488146403,3.2570374863696165,2.258452531868887,19.80755125537437
2025-01-29,10.106077782506711,8.31790665192292,3.2509206370613195,2.2483280433692143,19.63809445208054
2025-01-30,10.199472273850342,8.394775906001376,3.2647772665482018,2.2603950673417073,19.660058001991473
2025-01-31,10.320583168897556,8.494457418573674,3.2600334319949558,2.248365439286287,19.64381030391943
2025-02-03,10.048123407050316,8.270206733567727,3.233942722921791,2.23323491442433,19.335133119662775
2025-02-04,10.258006064310896,8.442952717570831,3.273640526336289,2.2482160836418807,19.63073652540736
2025-02-05,9.949599319541008,8.189115514946112,3.288496058344743,2.2573315664522435,19.476752739937933
2025-02-06,9.954984374036693,8.193547736978696,3.3056610286010106,2.265177184249325,19.609800363959852
2025-02-07,9.582373732114368,7.886866885740065,3.263965801113057,2.244442744399689,19.272301311078508
2025-02-10,9.457401339170875,7.784007129369423,3.3034765484108153,2.2596852289889795,19.38186479474198
2025-02-11,9.173505874885743,7.550344177070007,3.2956118101746115,2.261403845007133,19.262818795290222
2025-02-12,9.320904460149515,7.67166203145777,3.297546755219258,2.2541187099183735,19.270858457490373
2025-02-13,9.610428760529937,7.909957852631461,3.3449847197820293,2.277916650657474,19.617995759367496
2025-02-14,9.66064613842344,7.951289759095266,3.3590287863553394,2.2778046909301404,19.69790658197222
2025-02-18,9.48466070873125,7.806443221419489,3.366643608476306,2.284491947393506,19.61565184598206
2025-02-19,9.400830923808675,7.737446292972754,3.367580031969069,2.2898717149026333,19.668555399624523
2025-02-20,9.263411462628602,7.624341854747277,3.353286049280522,2.2803451050283554,19.57013080285492
2025-02-21,9.055379897595564,7.453119430396509,3.283690125732376,2.2413418475931524,19.0994174639534
2025-02-24,8.98182150323606,7.3925764709106065,3.244928364840953,2.231142795283219,18.854397653640866
2025-02-25,8.909280297661171,7.3328707186518685,3.2040446027881435,2.220046925035194,18.47378979723861
2025-02-26,8.898583048778388,7.32406624281522,3.2117843829667287,2.221167662427953,18.461799227532406
2025-02-27,8.7398376516414,7.193409283386952,3.122588902372039,2.1857135967563903,17.92169041566514
2025-02-28,8.887816910554717,7.315205066929437,3.1718993329506473,2.2198227775566424,18.286826663734026
2025-03-03,8.648379791063652,7.118133992295576,3.1024902750343974,2.1809317078726576,17.748342904136532
2025-03-04,8.52329834179514,7.015184476044708,3.093127563985524,2.1551162118027065,17.637392969605095
2025-03-05,8.728323097102841,7.1839321160969885,3.133449776718426,2.1782791060232243,17.93635614777224
2025-03-06,8.378150439448133,6.895719068353637,3.0472504322339202,2.1396121838177913,17.42844546177259
2025-03-07,8.32939058356445,6.855586789706057,3.0696584978193755,2.1516044159561387,17.494218438895555
2025-03-10,8.057052998132145,6.6314366631993,2.9506896646638126,2.094295173042181,16.58829372578765
2025-03-11,8.01393462884446,6.595947665544946,2.943636391862753,2.0768855494537486,16.63966400486108
2025-03-12,8.080399409097842,6.650652156217397,2.976842852765787,2.087906627867628,17.00928262671735
2025-03-13,7.953856450114212,6.546499730030265,2.9232880388947184,2.0600738044907105,16.62032784071379
2025-03-14,8.132127344146257,6.693227341594877,2.9939453439932455,2.102626253689554,17.075729303068393
2025-03-17,8.189845452446901,6.740732797945249,3.013357273468518,2.118840348051082,16.94028561596387
2025-03-18,8.075777893118731,6.64684837206573,2.961987320757333,2.0959389972261886,16.546559031285398
2025-03-19,8.173786516147612,6.72751533258021,3.0016228356278654,2.1187655562169363,16.821361888025663
2025-03-20,8.14811535980302,6.706386435028002,2.991448659143848,2.112638554438008,16.802370561932793
2025-03-21,8.150667566174002,6.708487053567375,3.0013106309686632,2.106997243533256,17.004908626983752
2025-03-24,8.30687963861001,6.8370589352003535,3.0626052250183164,2.144730407931294,17.574470297638012
2025-03-25,8.340565817124366,6.864784675529351,3.0800822094489426,2.1498860279618697,17.76478239089537
2025-03-26,8.2140439353356,6.76064959713462,3.0234066823797607,2.1242201155602096,17.279984566143764
2025-03-27,8.179734962169755,6.732411259546242,3.006179233094684,2.1185788046554577,17.198278633050204
2025-03-28,7.989694671210742,6.575996730159031,2.927033161411237,2.0759141677053963,16.64674575882515
2025-03-31,8.016341050261126,6.597928294344744,2.9269083938384624,2.0898493913643335,16.604659239458545
2025-04-01,8.0599719917692,6.63383916960318,2.9505024180622295,2.0957520176408253,16.841676058269243
2025-04-02,8.11488808941999,6.6790384035471195,2.9720365391837316,2.109014798864107,17.007490325411464
2025-04-03,7.697724630572483,6.33568791842685,2.812932930381694,2.0050808281964163,15.9278346094291
2025-04-04,7.233352248387879,5.9534816649356435,2.638224803164867,1.887697438755907,14.984616970102257
2025-04-07,7.235638080134871,5.955363041222534,2.6445913781035575,1.8843351125656878,15.02406794462942
2025-04-08,7.113821617310507,5.8551008041562005,2.596966357424046,1.854821183099632,14.678713891112269
2025-04-09,7.91430465518168,6.513946236454918,2.9086822325166573,2.049613208785153,16.730390472728725
2025-04-10,7.572599796171592,6.232702693616343,2.7849695648078483,1.9598012133378786,15.912032650947362
2025-04-11,7.70991328709181,6.34571991197786,2.8362772289750677,1.994769588135265,16.212218617522826
2025-04-14,7.773441652398164,6.3980075574660225,2.8555021023336002,2.014121747196518,16.230639776024635
2025-04-15,7.766888169406355,6.392613648875176,2.8586852945605234,2.008480436291766,16.161252316163402
2025-04-16,7.563467447640544,6.225186224395656,2.7724859500760175,1.9638358679518109,15.56642288623668
2025-04-17,7.568182138483813,6.229066697035088,2.7719866893000753,1.9666378254456502,15.479532138694411
2025-04-21,7.384466767486138,6.07785795518994,2.7033890968189693,1.9198265741543228,14.995614224764974
2025-04-22,7.577459027656902,6.236702131851903,2.7743586065766985,1.96977611816926,15.440840614571641
2025-04-23,7.72208854103884,6.3557408744100075,2.837275941011796,2.000298711288799,15.927830883863582
2025-04-24,7.911998064940079,6.512047774685003,2.9171087105576126,2.0424028655305384,16.38130404019051
2025-04-25,7.98468269196667,6.571871571379259,2.9496284735982763,2.0571598872695374,16.803570580951043
2025-04-28,7.984937788024323,6.57208153069686,2.9486922405903577,2.0579442894325264,16.755940949856193
2025-04-29,8.036455950433368,6.614484060641641,2.968166649094439,2.0709081313431112,16.855795525225368
2025-04-30,8.037543523771664,6.615379198567526,2.9677921558912717,2.071729929423173,16.744559989011066
2025-05-01,8.118512471127975,6.682021486536064,3.0065537262978514,2.0864121593280265,17.132487307414333
2025-05-02,8.239023937100557,6.781209633116673,3.051182610867179,2.1173832754285535,17.36933513925739
2025-05-05,8.190962126512085,6.7416518875104305,3.033081407602993,2.105241459621915,17.204405433297552
2025-05-06,8.118635549418107,6.6821227873324975,3.004868506883598,2.087645084472004,17.052961557051745
2025-05-07,8.151643649695787,6.709290428703941,3.01666542375306,2.0964246881003654,17.042688578168978
2025-05-08,8.222125527929167,6.7673012313530405,3.0478121720386726,2.111032126171074,17.246334474657328
2025-05-09,8.214193181462527,6.760772435626332,3.045814747965217,2.1083423564284525,17.306930932306578
2025-05-12,8.517246008728229,7.01020304382537,3.1699019088771934,2.1780175626276,18.22755095246631
2025-05-13,8.610274398156053,7.086770974123591,3.2182136274190736,2.192401081243641,18.59848149246824
2025-05-14,8.641577476539076,7.112535280465911,3.2375005988367276,2.1952030387374806,18.87059052612134
2025-05-15,8.667430082975734,7.133813522299874,3.241058474751662,2.2059251778386626,18.72035185858381
2025-05-16,8.713742233715417,7.171931193170097,3.2551650203537816,2.2198975693907883,18.819292951014035
2025-05-19,8.722685149505244,7.179291747911181,3.2582859240367394,2.222325795737785,18.786192163712272
2025-05-20,8.693484028915295,7.155257478590675,3.2474252401751964,2.214853909087546,18.6779693186707
2025-05-21,8.559832580995964,7.045254340715401,3.202296713860239,2.1775318717534233,18.468312118011944
2025-05-22,8.569530525327414,7.053236329118872,3.2082889860806056,2.178391293774442,18.583118066577025
2025-05-23,8.500603671681878,6.996505404741194,3.1785779220636976,2.163522084284225,18.3506795790763
2025-05-27,8.688959226612523,7.151533295580922,3.2533546523970664,2.20850298785395,18.901370346069694
2025-05-28,8.644570318204607,7.114998568215483,3.2389360926205892,2.195725897504844,18.805882821475738
2025-05-29,8.67012842226443,7.136034416973517,3.245302858044123,2.2043933133819875,18.90493018746776
2025-05-30,8.654974540846624,7.123561865924503,3.24018453028771,2.201927691117918,18.784429662815057
2025-06-02,8.67994044535402,7.144110299020161,3.265776169069776,2.214331050320181,18.900067703275113
2025-06-03,8.82125963162722,7.260424444314085,3.291304947853346,2.2269585570009958,18.960094499041794
2025-06-04,8.68656521131965,7.149562877763254,3.300480602785479,2.226360678375601,19.006429070159978
2025-06-05,8.008152212402509,6.591188390856803,3.2756379504097475,2.2156011433573464,18.643724687963815
2025-06-06,8.20286324496603,6.751447220030506,3.3076584526744695,2.2383531385378332,18.99610425853481
2025-06-09,8.249863976249388,6.790131633885286,3.3125272452853336,2.240370465844799,19.14779721890543
2025-06-10,8.272360772592382,6.808647843237272,3.334436050094847,2.253072764359759,19.381211467127354
2025-06-11,8.254825652456038,6.794215390255677,3.3232004920604488,2.2466468232681334,19.23555873521652
2025-06-12,8.372114513450793,6.890751140134177,3.3310027512678433,2.2555757825409013,19.244509622698736
2025-06-13,8.248786539848062,6.790622989493038,3.289182946691959,2.2303581650963444,19.087324286408222
2025-06-16,8.333515545248167,6.885554942643372,3.3349351203859445,2.251578295820157,19.367751060856026
2025-06-17,8.162155874635832,6.8640884101742925,3.3024155478301247,2.2323383245101227,19.163532211745718
2025-06-18,8.254470442654263,6.912269869653839,3.3018536175405298,2.2320019892803526,19.1822540844721
2025-06-20,8.23147287740759,6.853107755084292,3.2883714812568146,2.2201965087034843,19.022806612470333
2025-06-23,8.644419482576836,6.922457036380027,3.31845703847689,2.242126477780025,19.304481371299413
2025-06-24,8.579200991653455,7.041277634259241,3.369202962839359,2.2668958002674784,19.478067042091862
2025-06-25,8.435326207292432,7.2093785213574675,3.3778163065122095,2.2681658933046434,19.55174642906721
2025-06-26,8.45691611046551,7.263895150511653,3.409399836544955,2.2859116240989614,19.7464783192435
2025-06-27,8.414483421156687,7.316831330971536,3.42107236681133,2.297268809718726,19.931585479208632
2025-06-30,8.433354847532737,7.333241018513522,3.4432307067663928,2.3082524922155327,19.91679875720499
2025-07-01,8.262742842405649,7.184884999246191,3.41420615012701,2.3075054859696165,19.667708240266663
2025-07-02,8.36113331082091,7.2704406330192235,3.4379874209523607,2.317966081675174,19.91431012801382
2025-07-03,8.48267141084854,7.3761243373750975,3.4718179102041105,2.3362348992607407,20.090316072573337
2025-07-07,8.44047569485433,7.339432965918716,3.445665103071825,2.3188252756723085,19.811739942770462
2025-07-08,8.440534052275865,7.339483710734401,3.4476000481164712,2.317555182635143,19.79736675016159
2025-07-09,8.49571652568675,7.387467743759897,3.4720053472905383,2.3314527823531233,19.991186584355397
2025-07-10,8.501587392895479,7.392572768392163,3.4670119775917434,2.3380280790891548,20.113314136016246
2025-07-11,8.477078018641036,7.371260591699708,3.459209718384349,2.329808958169115,20.163083195572792
2025-07-14,8.500538689446671,7.3916608661556165,3.471755812144989,2.3342547398469624,20.19422940725444
2025-07-15,8.48627289801538,7.379256017933665,3.4749388138870683,2.324279835015581,20.231022549944996
2025-07-16,8.504803079825114,7.395368975562551,3.4784966898020024,2.3320504329546328,20.2957582717014
2025-07-17,8.56523991850193,7.447921952690481,3.506647301977432,2.3463217638194553,20.36870632994316
2025-07-18,8.557987163197593,7.441615304428128,3.5032768631489253,2.3446033758251863,20.485164578382996
2025-07-21,8.588286251854743,7.467961939163793,3.5214403549570767,2.349049157503034,20.615696062131864
2025-07-22,8.56667540747769,7.449170185075931,3.503214384120116,2.349385264708919,20.540916777962302
2025-07-23,8.622653316663428,7.4978458909122105,3.519193395738072,2.369372698312639,20.648512329801164
2025-07-24,8.633256840243822,7.507066206607011,3.526683640771109,2.370157100475628,20.591317611074217
2025-07-25,8.658428527336568,7.528954298787516,3.5351724073560287,2.3801694012240824,20.695379073205604
2025-07-28,8.72932622482387,7.59060353716673,3.546220528303999,2.3795717506225724,20.833051096343393
2025-07-29,8.699301823666612,7.564495757510438,3.540727707344418,2.3732953931992378,20.709698617997613
2025-07-30,8.798171212535578,7.650467837547054,3.545471541897664,2.370306684143919,20.707789705602707
2025-07-31,8.93746940313618,7.771594865116148,3.526683640771108,2.361415120788224,20.909749448648835
2025-08-01,8.754553382594615,7.612539863989153,3.4572122943108927,2.3227105746418335,20.33416249408193
2025-08-04,9.009089068766519,7.833871892376097,3.5210033827251,2.3580152846689897,20.719293273720428
2025-08-05,8.899193005536011,7.738311545014349,3.4970975348118185,2.3460602204238303,20.607131598333755
2025-08-06,8.904456246594867,7.74288820708074,3.541102200547586,2.3640303267205844,20.989721189828476
2025-08-07,8.903182145172147,7.741780309573312,3.5530863640186316,2.3620501673068066,21.06936989836102
2025-08-08,8.95918547935064,7.790478123764232,3.586230345892856,2.3804683405367797,21.36933085437463
2025-08-11,8.934152594501203,7.768710727359309,3.575619197176862,2.3757610154633078,21.362802988196215
2025-08-12,9.013147278346267,7.837400716846305,3.620560286405392,2.4010534247420097,21.608952862949224
2025-08-13,8.943933502952941,7.777215736380434,3.622370654362108,2.4092725456620494,21.57374895406795
2025-08-14,8.976222971436261,7.805293109979526,3.6195617648535086,2.409496693140601,21.640509907098746
2025-08-15,8.95874194069317,7.790092443814194,3.6036452322643613,2.4038553822358493,21.566099914003267
2025-08-18,8.98867895688225,7.816124237692035,3.6022093575108127,2.4033322954446,21.542867686527305
2025-08-19,8.78876126949771,7.6422854022630275,3.553336280133869,2.3902938897237545,21.226250440053825
2025-08-20,8.733704924001342,7.594411044024499,3.532238940759499,2.3839427404662743,21.017161236619536
2025-08-21,8.732669142156185,7.593510377794931,3.515885435938375,2.3743787346749237,20.90447008971764
2025-08-22,8.946364719177232,7.7793298054387385,3.5701263762172815,2.4108415780119117,21.398767859902204
2025-08-25,9.044196309234458,7.864399465388353,3.5598276226453334,2.4002313986380632,21.445298582693134
2025-08-26,9.064207788123962,7.881800487933559,3.5741212243641924,2.41028109530359,21.532884941604234
2025-08-27,9.067408151914314,7.884583370836729,3.579614045323773,2.4157730505639354,21.54729856066097
2025-08-28,9.122609063705516,7.932583436993677,3.6020223013940726,2.4243282786898606,21.648189873989637
2025-08-29,8.998333482689732,7.824519350425428,3.560327073906119,2.409870196263559,21.371262020473093
2025-09-02,8.877544009728386,7.719486616271721,3.5304910518315924,2.3920125057419077,21.15633503917255
2025-09-03,9.278933979024526,8.068516087991801,3.558267170803854,2.4049761196286075,21.537490287944188
2025-09-04,9.340200222801574,8.121790276027127,3.590474729185316,2.4250755129596615,21.80838039780628
2025-09-05,9.268246708402646,8.059222949885173,3.595655535970539,2.418051921266526,21.77071438253804
2025-09-08,9.285108056731731,8.073884769935407,3.6131949994299744,2.423992171483975,21.800079356394797
2025-09-09,9.463573772293426,8.229069999232177,3.623431654942801,2.4295960864716544,21.942512105365488
2025-09-10,9.63654626056934,8.379478581466847,3.6246176135811123,2.4366196781647895,21.851547957928485
2025-09-11,9.656373835507491,8.39671968995366,3.645714952955482,2.45686842714025,22.07288952761846
2025-09-12,9.6827246382525,8.419633084569918,3.6618185416613684,2.4560464010363035,22.359411063883485
2025-09-15,9.898157370379163,8.60696305900161,3.6931525365485647,2.469122202674222,22.713106998545918
2025-09-16,9.80939685653645,8.529781171994193,3.690031632865607,2.4657225945788723,22.79378440641391
2025-09-17,9.648834412243199,8.390163768978294,3.682666345890189,2.462659093689408,22.70497628050671
2025-09-18,9.865736500847328,8.57877142535106,3.715872806793222,2.474165862977464,22.79057674859088
2025-09-19,9.92844897875885,8.633303189246652,3.7410270923736237,2.4795456304865913,23.02744076362516
2025-09-22,10.099705029181486,8.678658964322661,3.7588164719482955,2.491276547253199,23.18616712459061
2025-09-23,10.049769894868575,8.580162729210876,3.7338492424846335,2.477715054741104,22.869953825127784
2025-09-24,9.917650135537164,8.673765973788747,3.720741218434398,2.4698320410269496,22.882954036457097
2025-09-25,9.980183471125724,8.460063526929419,3.7047001087573204,2.458437459490112,22.71266282436107
2025-09-26,9.968018762167018,8.641223561882638,3.7199297529992537,2.472522038793456,22.86335095008667
2025-09-29,9.897586120434395,8.580165871504327,3.7371572022843305,2.4794708386524458,22.956769217557223
2025-09-30,9.882212327964416,8.56683841086277,3.747393857797157,2.488810696965244,22.996281867371422
2025-10-01,9.93471019397707,8.612348537555036,3.7653702934885684,2.4972913612809085,23.09985067151226
2025-10-02,9.983402374051918,8.654559534923859,3.7808498538457394,2.500167882585009,23.065926371109057
2025-10-03,9.991775585745646,8.661818228542202,3.764933321256592,2.500130714691821,22.92337886374655
2025-10-06,10.367425244889201,8.98746696206232,3.79320889148964,2.509096841857777,23.19144121904267
2025-10-07,10.04019462488052,8.703792441452395,3.7732350317247723,2.4997943794620507,22.975199103534496
2025-10-08,10.081819594731744,8.739876911077014,3.816490711054205,2.514700756845456,23.173604236064076
2025-10-09,9.981947546001678,8.65329835206233,3.8118718345585774,2.5074156217566963,23.192012643301652
2025-10-10,9.626777078652628,8.345402923274609,3.6795454422072296,2.439645783137181,22.350463990275696
2025-10-13,10.041876273143298,8.705250253575127,3.7576305133099837,2.477079780198637,22.843698015759088
2025-10-14,9.99189716144503,8.661923621882957,3.7326008048175123,2.4740536752262456,22.61800308392952
2025-10-15,10.17426065260194,8.820013582808121,3.758941049036226,2.4850373577230522,22.77311549654084
2025-10-16,10.108155279172946,8.762707178790329,3.7450219405205343,2.4681136530326806,22.681106914442022
2025-10-17,10.2696179216283,8.90267830280592,3.7696146767810292,2.4821234405018786,22.871356168339535
2025-10-20,10.430410184895296,9.042068278593762,3.817114739402922,2.507938708547945,23.21255788186646
2025-10-21,10.250313259996446,8.8859431921558,3.816116217851038,2.5079013126308722,23.18143100821036
2025-10-22,10.233448560278394,8.871323271783977,3.7793518810330706,2.4948629069100265,23.047383713965687
2025-10-23,10.378385134840258,8.99696803359322,3.8111228481522432,2.509657324566098,23.233588027685805
2025-10-24,10.342262522474664,8.965653529022356,3.851819173118625,2.5301676169371823,23.421496492297052
2025-10-27,10.751236853049818,9.320191246686413,3.9204169560845754,2.5600177676210656,23.952011475642696
2025-10-28,10.811902253164327,9.372781766163582,3.9505646113637725,2.566817211835649,24.225803579870856
2025-10-29,10.966671916429869,9.506950781369579,3.9683539909384447,2.5680501369796263,24.414328886144713
2025-10-30,10.850290468838255,9.406060310445541,3.9076834252375074,2.539806414562678,23.77396064503081
2025-10-31,11.045434690872066,9.57522982041918,3.926533805392873,2.5481374952100513,24.017627208760093
2025-11-03,11.068162200045675,9.594932179780631,3.9453217065194286,2.5529196121176687,24.232325874820265
2025-11-04,10.967981911020757,9.508086408859336,3.8652392113432192,2.52265833436987,23.744290390307434
2025-11-05,11.103783052896214,9.625811711640532,3.890393877893309,2.5314005420811587,23.904319187971893
2025-11-06,11.10477099150505,9.62666815047638,3.8179262048380664,2.504240161139897,23.437183521727192
2025-11-07,10.960358516122982,9.50147772751714,3.805879562338212,2.5067057834039668,23.294959277340556
2025-11-10,11.382302757019456,9.86725899290499,3.8900814827492636,2.545821228590388,23.88302513236379
2025-11-11,11.334330598948192,9.82567217886195,3.879720250148506,2.551649291056619,23.84033745457076
2025-11-12,11.128564564346556,9.64729467488058,3.8766618254943577,2.553068967762075,23.619563229751094
2025-11-13,10.600885698017096,9.189852613260468,3.7975157538109108,2.510703270124711,23.066926639766894
2025-11-14,10.588784293460243,9.179361968661619,3.800386741378632,2.51029237108468,23.10605129700356
2025-11-17,10.657496187793344,9.23892795207914,3.7679292668819335,2.4869053293856105,23.00951710259534
2025-11-18,10.64326264033669,9.22658896390243,3.7220521351303293,2.466021533891568,22.629679577441213
2025-11-19,10.825227752935973,9.384333572530325,3.7442729541142015,2.4755481437658458,22.76570289898413
2025-11-20,10.716561693103698,9.29013153108117,3.655639213324263,2.4378152073916923,22.36871190530996
2025-11-21,11.011023585986802,9.54539901277127,3.683103318122167,2.462098839004969,22.52784539738112
2025-11-24,11.448467235626405,9.924616634893791,3.777291977930808,2.4983373068395207,23.20232208020034
2025-11-25,11.557574824993603,10.019201435997745,3.8005741784650606,2.521836536289808,23.387119140078084
2025-11-26,11.507321535295173,9.975637120824867,3.834155132571261,2.5392459318543557,23.515495197402313
2025-11-28,11.53840685599779,10.002584823482053,3.8652392113432206,2.553106363679148,23.680252795458326
2025-12-01,11.531017733445694,9.99617923161648,3.8522561453506037,2.5414502387466857,23.649769109140514
2025-12-02,11.610792348233174,10.0653354297928,3.8824041815994885,2.546157563820158,23.77776558576013
2025-12-03,11.639632097957714,10.090336458661682,3.8918918507059805,2.554974335341708,23.76721195520496
2025-12-04,11.532372913341003,9.997354030011362,3.888271495762237,2.5568423070042674,23.890371469563895
2025-12-05,11.556888875184923,10.018606789680309,3.9041255493225746,2.561698987722146,23.972672719663617
2025-12-08,11.225260526047931,9.731119900587835,3.896635685259226,2.5540029535933555,23.830551787497754
2025-12-09,11.356746894197945,9.845104748493284,3.9014416178715936,2.551798646701026,23.856859418909437
2025-12-10,11.492904614755926,9.96313916747767,3.91742062948955,2.5687225794152817,23.891923313454285
2025-12-11,11.29524193094295,9.791786416101196,3.9047499586409793,2.574699997525919,23.77048326895235
2025-12-12,11.388758810227921,9.872855711815017,3.8300978053955412,2.5470167578172926,23.544273199905483
2025-12-15,11.28372915019655,9.78180604641869,3.8108729320370087,2.543168626740955,23.541937590304094
2025-12-16,11.263817690836854,9.764544905977873,3.818425656098854,2.5362198268819647,23.67997133754645
2025-12-17,11.026056940650552,9.558431349651247,3.7476433929427087,2.5083124396947865,23.221932566835783
2025-12-18,11.13980372297979,9.657037842977918,3.801947193220112,2.527253471692124,23.63530582831869
2025-12-19,11.25218553388141,9.754461049681332,3.8515071589442695,2.5426457679735903,23.82704407253849
2025-12-22,11.306929983911234,9.801918728360217,3.8649896761976725,2.558486131188275,23.94828974925212
2025-12-23,11.359246085807214,9.847271284686178,3.8830906889770147,2.57017965203781,24.156166240708085
2025-12-24,11.395840810940964,9.878995061357484,3.8944508240993434,2.5792205710379115,24.19589381150164
2025-12-26,11.390339590816927,9.87422608227657,3.894201288953794,2.578959027642287,24.140032920204916
2025-12-29,11.20488055496186,9.713452609770943,3.875350908798429,2.5697685249738944,23.974011039121162
2025-12-30,11.146558619845429,9.662893627898287,3.8663626909527227,2.5666304602741694,23.95732744947345
2025-12-31,11.073699514173745,9.599732448565698,3.83440466771681,2.5476144084188017,23.790072811910843
2026-01-02,10.966085313503829,9.506442258347407,3.83440466771681,2.5476144084188017,23.569076376745514
2026-01-05,10.914399249309172,9.461635878424147,3.83440466771681,2.5476144084188017,23.769109112931556
2026-01-06,10.776417477396288,9.34202019881795,3.83440466771681,2.5476144084188017,23.6914508462314
2026-01-07,10.86568626365488,9.419406844806838,3.83440466771681,2.5476144084188017,23.75202038030544
2026-01-08,10.897146554142404,9.44667960681811,3.83440466771681,2.5476144084188017,23.748237159652064
2026-01-09,10.956490686025539,9.496235389823921,3.83440466771681,2.5476144084188017,23.913661229856107
2026-01-12,11.029931624018257,9.526312511329145,3.83440466771681,2.5476144084188017,23.905712228226378
2026-01-13,11.115185869542362,9.510513276520221,3.83440466771681,2.5476144084188017,23.803090381290204
2026-01-14,11.089829992973378,9.392046005456791,3.83440466771681,2.5476144084188017,23.429022638374086
2026-01-15,11.001980315783142,9.379619212691297,3.83440466771681,2.5476144084188017,23.47318436169373
2026-01-16,10.898930178177908,9.357074020373153,3.83440466771681,2.5476144084188017,23.421246335986574
2026-01-20,10.578512237133026,9.081985149924607,3.83440466771681,2.5476144084188017,22.69885197612472
2026-01-21,10.703679815093315,9.189445448575778,3.83440466771681,2.5476144084188017,22.94300918395221
2026-01-22,10.754010203685267,9.232655668645998,3.83440466771681,2.5476144084188017,23.41734432585111
2026-01-23,10.704840673726197,9.188595551054474,3.83440466771681,2.5476144084188017,23.67185942936306
2026-01-26,10.950872265592846,9.249053320531855,3.83440466771681,2.5476144084188017,23.792082955716136
2026-01-27,11.033379059730935,9.388376611646196,3.83440466771681,2.5476144084188017,24.013849059206432
2026-01-28,11.018365185365587,9.376823416256101,3.83440466771681,2.5476144084188017,24.026029874392243
2026-01-29,11.094621285142814,9.383383419920756,3.83440466771681,2.5476144084188017,23.96880027160746
2026-01-30,11.114075826657349,9.330875712879259,3.83440466771681,2.5476144084188017,23.910553538847825
2026-02-02,11.292617502134066,9.598744075453926,3.83440466771681,2.5476144084188017,23.888978549175295
2026-02-03,11.126371958584643,9.533745731909688,3.83440466771681,2.5476144084188017,23.517030923394636
2026-02-04,10.885884369470913,9.564152032043806,3.83440466771681,2.5476144084188017,23.13167876966231
2026-02-05,10.616008950092974,9.528418185089613,3.83440466771681,2.5476144084188017,22.687765592876964
2026-02-06,10.184593597449421,9.444003814986324,3.83440466771681,2.5476144084188017,22.839335921179334
2026-02-09,10.328950870248693,9.57786390689797,3.83440466771681,2.5476144084188017,23.09805606768163
2026-02-10,10.18797808491487,9.447142193776763,3.83440466771681,2.5476144084188017,23.002573700178704
2026-02-11,10.05071934165348,9.319864449937734,3.83440466771681,2.5476144084188017,22.86935241947681
2026-02-12,9.87715663351204,9.158922644833444,3.83440466771681,2.5476144084188017,22.36216283224822
2026-02-13,9.744478976603327,9.035892865979713,3.83440466771681,2.5476144084188017,22.121429100282715
