rebalance_date,regime_state,selected_group,group_ir_growth_tech,group_ir_real_assets,group_ir_defensive,group_ir_default,qqq_rolling_candidates,qqq_rolling_scores,selected_assets,residual_momentum_scores,risk_state
2015-01-09,risk_off,DEFENSIVE,,,,,,,"QQQ,SPY",,normal|fallback_default
2015-01-16,risk_off,DEFENSIVE,,,,,,,"QQQ,SPY",,normal|fallback_default
2015-01-23,risk_off,DEFENSIVE,-5.646730293344175,,,,,,"QQQ,SPY",,normal|fallback_default
2015-01-30,risk_off,DEFENSIVE,0.03562807897059528,,,,,,"QQQ,SPY",,normal|fallback_default
2015-02-06,risk_off,DEFENSIVE,-0.03759487226103939,,,,,,"QQQ,SPY",,normal|fallback_default
2015-02-13,risk_off,DEFENSIVE,0.16523033642180698,,,,,,"QQQ,SPY",,normal|fallback_default
2015-02-20,risk_off,DEFENSIVE,0.3035229547894531,,,,,,"QQQ,SPY",,normal|fallback_default
2015-02-27,risk_off,DEFENSIVE,0.3751097588407074,,,,,,"QQQ,SPY",,normal|fallback_default
2015-03-06,risk_off,DEFENSIVE,0.29878180142850297,,,,,,"QQQ,SPY",,normal|fallback_default
2015-03-13,risk_off,DEFENSIVE,0.25367036744391586,,,,,,"QQQ,SPY",,normal|fallback_default
2015-03-20,risk_off,DEFENSIVE,0.14414456502798864,,,,,,"QQQ,SPY",,normal|fallback_default
2015-03-27,risk_off,DEFENSIVE,0.25323720969733293,,,,,,"QQQ,SPY",,normal|fallback_default
2015-04-03,risk_off,DEFENSIVE,0.10789789636133366,,,,,,"QQQ,SPY",,normal|fallback_default
2015-04-10,risk_off,DEFENSIVE,0.1569697757698977,,,,,,"QQQ,SPY",,normal|fallback_default
2015-04-17,risk_off,DEFENSIVE,0.3515864902567614,,,,,,"QQQ,SPY",,normal|fallback_default
2015-04-24,risk_off,DEFENSIVE,0.1620009493338867,,,,,,"QQQ,SPY",,normal|fallback_default
2015-05-01,risk_off,DEFENSIVE,0.34463335274520324,,,,,,"QQQ,SPY",,normal|fallback_default
2015-05-08,risk_off,DEFENSIVE,0.2471230252753202,,,,,,"QQQ,SPY",,normal|fallback_default
2015-05-15,risk_off,DEFENSIVE,0.15417313986751616,,,,,,"QQQ,SPY",,normal|fallback_default
2015-05-22,risk_off,DEFENSIVE,0.143125921661383,,,,,,"QQQ,SPY",,normal|fallback_default
2015-05-29,risk_off,DEFENSIVE,0.16788285630364844,,,,,,"QQQ,SPY",,normal|fallback_default
2015-06-05,risk_off,DEFENSIVE,0.1949619949179571,,,,,,"QQQ,SPY",,normal|fallback_default
2015-06-12,risk_off,DEFENSIVE,0.2680338306051627,,,,,,"QQQ,SPY",,normal|fallback_default
2015-06-19,risk_off,DEFENSIVE,0.14459330317415497,,,,,,"QQQ,SPY",,normal|fallback_default
2015-06-26,risk_off,DEFENSIVE,0.34068985540576224,,,,,,"QQQ,SPY",,normal|fallback_default
2015-07-03,risk_off,DEFENSIVE,0.36359987607992517,,,,,,"QQQ,SPY",,normal|fallback_default
2015-07-10,risk_off,DEFENSIVE,0.2454106232070165,,,,,,"QQQ,SPY",,normal|fallback_default
2015-07-17,risk_off,DEFENSIVE,0.2694149440756755,,,,,,"QQQ,SPY",,normal|fallback_default
2015-07-24,risk_off,DEFENSIVE,0.27443938447828753,,,,,,"QQQ,SPY",,normal|fallback_default
2015-07-31,risk_off,DEFENSIVE,0.26350148494551695,,,,,,"QQQ,SPY",,normal|fallback_default
2015-08-07,risk_off,DEFENSIVE,0.29331300412157635,,,,,,"QQQ,SPY",,normal|fallback_default
2015-08-14,risk_off,DEFENSIVE,0.2512398642808093,,,,,,"QQQ,SPY",,normal|fallback_default
2015-08-21,risk_off,DEFENSIVE,0.29594679049582945,,,,,,"QQQ,SPY",,normal|fallback_default
2015-08-28,risk_off,DEFENSIVE,0.029314140404322273,,,,,,"QQQ,SPY",,normal|fallback_default
2015-09-04,risk_off,DEFENSIVE,0.13397429819925294,,,,,,"QQQ,SPY",,normal|fallback_default
2015-09-11,risk_off,DEFENSIVE,0.07403309599154387,,,,,,"QQQ,SPY",,normal|fallback_default
2015-09-18,risk_off,DEFENSIVE,0.11873750669790548,,,,,,"QQQ,SPY",,normal|fallback_default
2015-09-25,risk_off,DEFENSIVE,0.14788465800508555,,,,,,"QQQ,SPY",,normal|fallback_default
2015-10-02,risk_off,DEFENSIVE,0.13325945665966246,,,,,,"QQQ,SPY",,normal|fallback_default
2015-10-09,risk_off,DEFENSIVE,0.174586953128637,,,,,,"QQQ,SPY",,normal|fallback_default
2015-10-16,risk_off,DEFENSIVE,0.01653263455080329,,,,,,"QQQ,SPY",,normal|fallback_default
2015-10-23,risk_off,DEFENSIVE,0.12130567165640199,,,,,,"QQQ,SPY",,normal|fallback_default
2015-10-30,risk_off,DEFENSIVE,0.20282402389598575,,,,,,"QQQ,SPY",,normal|fallback_default
2015-11-06,risk_off,DEFENSIVE,0.21804834571478193,,,,,,"QQQ,SPY",,normal|fallback_default
2015-11-13,risk_off,DEFENSIVE,0.3031280306144023,,,,,,"QQQ,SPY",,normal|fallback_default
2015-11-20,risk_off,DEFENSIVE,0.40894490794029537,,,,,,"QQQ,SPY",,normal|fallback_default
2015-11-27,risk_off,DEFENSIVE,0.4031592453913271,,,,,,"QQQ,SPY",,normal|fallback_default
2015-12-04,risk_off,DEFENSIVE,0.5555229615847886,,,,,,"QQQ,SPY",,normal|fallback_default
2015-12-11,risk_off,DEFENSIVE,0.5105617802149977,,,,,,"QQQ,SPY",,normal|fallback_default
2015-12-18,risk_off,DEFENSIVE,0.29402075569752595,,,,,,"QQQ,SPY",,normal|fallback_default
2015-12-25,risk_off,DEFENSIVE,0.338327256949445,,,,,,"QQQ,SPY",,normal|fallback_default
2016-01-01,risk_off,DEFENSIVE,0.3569896848881703,,,,,,"QQQ,SPY",,normal|fallback_default
2016-01-08,risk_off,DEFENSIVE,0.35604539082195363,,,,,,"QQQ,SPY",,normal|fallback_default
2016-01-15,risk_off,DEFENSIVE,0.045392028052899484,,,,,,"QQQ,SPY",,normal|fallback_default
2016-01-22,risk_off,DEFENSIVE,-0.10075286696014767,,,,,,"QQQ,SPY",,normal|fallback_default
2016-01-29,risk_off,DEFENSIVE,-0.046697197678044505,,,,,,"QQQ,SPY",,normal|fallback_default
2016-02-05,risk_off,DEFENSIVE,-0.13982176160671006,,,,,,"QQQ,SPY",,normal|fallback_default
2016-02-12,risk_off,DEFENSIVE,-0.20128225559335491,,,,,,"QQQ,SPY",,normal|fallback_default
2016-02-19,risk_off,DEFENSIVE,-0.33873346188069614,,,,,,"QQQ,SPY",,normal|fallback_default
2016-02-26,risk_off,DEFENSIVE,-0.19483864461822595,,,,,,"QQQ,SPY",,normal|fallback_default
2016-03-04,risk_off,DEFENSIVE,-0.1593952275091353,,,,,,"QQQ,SPY",,normal|fallback_default
2016-03-11,risk_off,DEFENSIVE,-0.0340888257303383,,,,,,"QQQ,SPY",,normal|fallback_default
2016-03-18,risk_off,DEFENSIVE,-0.03398000324231741,,,,,,"QQQ,SPY",,normal|fallback_default
2016-03-25,risk_off,DEFENSIVE,-0.004778452250358767,,,,,,"QQQ,SPY",,normal|fallback_default
2016-04-01,risk_off,DEFENSIVE,0.005262851279447211,,,,,,"QQQ,SPY",,normal|fallback_default
2016-04-08,risk_off,DEFENSIVE,0.24071912345352994,,,,,,"QQQ,SPY",,normal|fallback_default
2016-04-15,risk_off,DEFENSIVE,0.3100840447511033,,,,,,"QQQ,SPY",,normal|fallback_default
2016-04-22,risk_off,DEFENSIVE,0.29174782844601366,,,,,,"QQQ,SPY",,normal|fallback_default
2016-04-29,risk_off,DEFENSIVE,0.18623467992495618,,,,,,"QQQ,SPY",,normal|fallback_default
2016-05-06,risk_off,DEFENSIVE,0.5160027529982523,,,,,,"QQQ,SPY",,normal|fallback_default
2016-05-13,risk_off,DEFENSIVE,0.5474980898355591,,,,,,"QQQ,SPY",,normal|fallback_default
2016-05-20,risk_off,DEFENSIVE,0.5124901960639279,,,,,,"QQQ,SPY",,normal|fallback_default
2016-05-27,risk_off,DEFENSIVE,0.4812449046678907,,,,,,"QQQ,SPY",,normal|fallback_default
2016-06-03,risk_off,DEFENSIVE,0.4793524356492388,,,,,,"QQQ,SPY",,normal|fallback_default
2016-06-10,risk_off,DEFENSIVE,0.4118500552658489,,,,,,"QQQ,SPY",,normal|fallback_default
2016-06-17,risk_off,DEFENSIVE,0.28380648988840296,,,,,,"QQQ,SPY",,normal|fallback_default
2016-06-24,risk_off,DEFENSIVE,0.13909274873318728,,,,,,"QQQ,SPY",,normal|fallback_default
2016-07-01,risk_off,DEFENSIVE,-0.09780329908750329,,,,,,"QQQ,SPY",,normal|fallback_default
2016-07-08,risk_off,DEFENSIVE,0.08507929615981821,,,,,,"QQQ,SPY",,normal|fallback_default
2016-07-15,risk_off,DEFENSIVE,0.09539878546928936,,,,,,"QQQ,SPY",,normal|fallback_default
2016-07-22,risk_off,DEFENSIVE,0.25494627114371765,,,,,,"QQQ,SPY",,normal|fallback_default
2016-07-29,risk_off,DEFENSIVE,0.432336006905765,,,,,,"QQQ,SPY",,normal|fallback_default
2016-08-05,risk_off,DEFENSIVE,0.5793074901546542,,,,,,"QQQ,SPY",,normal|fallback_default
2016-08-12,risk_off,DEFENSIVE,0.5443219428655994,,,,,,"QQQ,SPY",,normal|fallback_default
2016-08-19,risk_off,DEFENSIVE,0.5093527988134148,,,,,,"QQQ,SPY",,normal|fallback_default
2016-08-26,risk_off,DEFENSIVE,0.37751606853076636,,,,,,"QQQ,SPY",,normal|fallback_default
2016-09-02,risk_off,DEFENSIVE,0.39263604619812764,,,,,,"QQQ,SPY",,normal|fallback_default
2016-09-09,risk_off,DEFENSIVE,0.366854741722588,,,,,,"QQQ,SPY",,normal|fallback_default
2016-09-16,risk_off,DEFENSIVE,0.3646052160708999,,,,,,"QQQ,SPY",,normal|fallback_default
2016-09-23,risk_off,DEFENSIVE,0.6629769766663807,,,,,,"QQQ,SPY",,normal|fallback_default
2016-09-30,risk_off,DEFENSIVE,0.5937703989132925,,,,,,"QQQ,SPY",,normal|fallback_default
2016-10-07,risk_off,DEFENSIVE,0.5403483137350019,,,,,,"QQQ,SPY",,normal|fallback_default
2016-10-14,risk_off,DEFENSIVE,0.4314454058651003,,,,,,"QQQ,SPY",,normal|fallback_default
2016-10-21,risk_off,DEFENSIVE,0.323693401643156,,,,,,"QQQ,SPY",,normal|fallback_default
2016-10-28,risk_off,DEFENSIVE,0.2740960116742193,,,,,,"QQQ,SPY",,normal|fallback_default
2016-11-04,risk_off,DEFENSIVE,0.17952722500248142,,,,,,"QQQ,SPY",,normal|fallback_default
2016-11-11,risk_off,DEFENSIVE,-0.07365166629864699,,,,,,"QQQ,SPY",,normal|fallback_default
2016-11-18,risk_off,DEFENSIVE,0.08257397543144081,,,,,,"QQQ,SPY",,normal|fallback_default
2016-11-25,risk_off,DEFENSIVE,0.14193458112056298,,,,,,"QQQ,SPY",,normal|fallback_default
2016-12-02,risk_off,DEFENSIVE,0.2514688037611911,,,,,,"QQQ,SPY",,normal|fallback_default
2016-12-09,risk_off,DEFENSIVE,0.16674549854822696,,,,,,"QQQ,SPY",,normal|fallback_default
2016-12-16,risk_off,DEFENSIVE,0.17246436748063693,,,,,,"QQQ,SPY",,normal|fallback_default
2016-12-23,risk_off,DEFENSIVE,0.20584837155789118,,,,,,"QQQ,SPY",,normal|fallback_default
2016-12-30,risk_off,DEFENSIVE,0.2351344717195431,,,,,,"QQQ,SPY",,normal|fallback_default
2017-01-06,risk_off,DEFENSIVE,0.2071283855428081,,,,,,"QQQ,SPY",,normal|fallback_default
2017-01-13,risk_off,DEFENSIVE,0.3038251625648742,,,,,,"QQQ,SPY",,normal|fallback_default
2017-01-20,risk_off,DEFENSIVE,0.3031227406051114,,,,,,"QQQ,SPY",,normal|fallback_default
2017-01-27,risk_off,DEFENSIVE,0.33097083890590706,,,,,,"QQQ,SPY",,normal|fallback_default
2017-02-03,risk_off,DEFENSIVE,0.6714330682730413,,,,,,"QQQ,SPY",,normal|fallback_default
2017-02-10,risk_off,DEFENSIVE,0.5420297195486925,,,,,,"QQQ,SPY",,normal|fallback_default
2017-02-17,risk_off,DEFENSIVE,0.5678169333953739,,,,,,"QQQ,SPY",,normal|fallback_default
2017-02-24,risk_off,DEFENSIVE,0.5039364552126402,,,,,,"QQQ,SPY",,normal|fallback_default
2017-03-03,risk_off,DEFENSIVE,0.7500654284074875,,,,,,"QQQ,SPY",,normal|fallback_default
2017-03-10,risk_off,DEFENSIVE,0.6128605081295498,,,,,,"QQQ,SPY",,normal|fallback_default
2017-03-17,risk_off,DEFENSIVE,0.5204497940640131,,,,,,"QQQ,SPY",,normal|fallback_default
2017-03-24,risk_off,DEFENSIVE,0.5290052284090155,,,,,,"QQQ,SPY",,normal|fallback_default
2017-03-31,risk_off,DEFENSIVE,0.6236460621710394,,,,,,"QQQ,SPY",,normal|fallback_default
2017-04-07,risk_off,DEFENSIVE,0.6175491605590067,,,,,,"QQQ,SPY",,normal|fallback_default
2017-04-14,risk_off,DEFENSIVE,0.5200788534731855,,,,,,"QQQ,SPY",,normal|fallback_default
2017-04-21,risk_off,DEFENSIVE,0.4025926628707018,,,,,,"QQQ,SPY",,normal|fallback_default
2017-04-28,risk_off,DEFENSIVE,0.3791402156180268,,,,,,"QQQ,SPY",,normal|fallback_default
2017-05-05,risk_off,DEFENSIVE,0.529952750973243,,,,,,"QQQ,SPY",,normal|fallback_default
2017-05-12,risk_off,DEFENSIVE,0.47659501414259603,,,,,,"QQQ,SPY",,normal|fallback_default
2017-05-19,risk_off,DEFENSIVE,0.574661369403752,,,,,,"QQQ,SPY",,normal|fallback_default
2017-05-26,risk_off,DEFENSIVE,0.6351953641050981,,,,,,"QQQ,SPY",,normal|fallback_default
2017-06-02,risk_off,DEFENSIVE,0.774487044452152,,,,,,"QQQ,SPY",,normal|fallback_default
2017-06-09,risk_off,DEFENSIVE,0.8606166051301198,,,,,,"QQQ,SPY",,normal|fallback_default
2017-06-16,risk_off,DEFENSIVE,0.6911572052374162,,,,,,"QQQ,SPY",,normal|fallback_default
2017-06-23,risk_off,DEFENSIVE,0.7183968068782297,,,,,,"QQQ,SPY",,normal|fallback_default
2017-06-30,risk_off,DEFENSIVE,0.7131501044077793,,,,,,"QQQ,SPY",,normal|fallback_default
2017-07-07,risk_off,DEFENSIVE,0.428790326059451,,,,,,"QQQ,SPY",,normal|fallback_default
2017-07-14,risk_off,DEFENSIVE,0.43590889617559775,,,,,,"QQQ,SPY",,normal|fallback_default
2017-07-21,risk_off,DEFENSIVE,0.48095034698498546,,,,,,"QQQ,SPY",,normal|fallback_default
2017-07-28,risk_off,DEFENSIVE,0.4365716056247371,,,,,,"QQQ,SPY",,normal|fallback_default
2017-08-04,risk_off,DEFENSIVE,0.40180718555045486,,,,,,"QQQ,SPY",,normal|fallback_default
2017-08-11,risk_off,DEFENSIVE,0.30737935434889285,,,,,,"QQQ,SPY",,normal|fallback_default
2017-08-18,risk_off,DEFENSIVE,0.26039772104954595,,,,,,"QQQ,SPY",,normal|fallback_default
2017-08-25,risk_off,DEFENSIVE,0.1515173679394063,,,,,,"QQQ,SPY",,normal|fallback_default
2017-09-01,risk_off,DEFENSIVE,0.10225112636964293,,,,,,"QQQ,SPY",,normal|fallback_default
2017-09-08,risk_off,DEFENSIVE,0.2212743762211056,,,,,,"QQQ,SPY",,normal|fallback_default
2017-09-15,risk_off,DEFENSIVE,0.14268292009135858,,,,,,"QQQ,SPY",,normal|fallback_default
2017-09-22,risk_off,DEFENSIVE,0.17542223600029386,,,,,,"QQQ,SPY",,normal|fallback_default
2017-09-29,risk_off,DEFENSIVE,0.24701519815009831,,,,,,"QQQ,SPY",,normal|fallback_default
2017-10-06,risk_off,DEFENSIVE,0.31107463733152474,,,,,,"QQQ,SPY",,normal|fallback_default
2017-10-13,risk_off,DEFENSIVE,0.24046566662451405,,,,,,"QQQ,SPY",,normal|fallback_default
2017-10-20,risk_off,DEFENSIVE,0.2530894438806589,,,,,,"QQQ,SPY",,normal|fallback_default
2017-10-27,risk_off,DEFENSIVE,0.24523782875883657,,,,,,"QQQ,SPY",,normal|fallback_default
2017-11-03,risk_off,DEFENSIVE,0.3211642846719954,,,,,,"QQQ,SPY",,normal|fallback_default
2017-11-10,risk_off,DEFENSIVE,0.4542946134812046,,,,,,"QQQ,SPY",,normal|fallback_default
2017-11-17,risk_off,DEFENSIVE,0.49155013446556073,,,,,,"QQQ,SPY",,normal|fallback_default
2017-11-24,risk_off,DEFENSIVE,0.4556111031647373,,,,,,"QQQ,SPY",,normal|fallback_default
2017-12-01,risk_off,DEFENSIVE,0.44201025742286776,,,,,,"QQQ,SPY",,normal|fallback_default
2017-12-08,risk_off,DEFENSIVE,0.3560651535360211,,,,,,"QQQ,SPY",,normal|fallback_default
2017-12-15,risk_off,DEFENSIVE,0.2554710086691627,,,,,,"QQQ,SPY",,normal|fallback_default
2017-12-22,risk_off,DEFENSIVE,0.5278638591111365,,,,,,"QQQ,SPY",,normal|fallback_default
2017-12-29,risk_off,DEFENSIVE,0.4389174740043755,,,,,,"QQQ,SPY",,normal|fallback_default
2018-01-05,risk_off,DEFENSIVE,0.26830624143921183,,,,,,"QQQ,SPY",,normal|fallback_default
2018-01-12,risk_off,DEFENSIVE,0.3368853418566551,,,,,,"QQQ,SPY",,normal|fallback_default
2018-01-19,risk_off,DEFENSIVE,0.4308991096018107,,,,,,"QQQ,SPY",,normal|fallback_default
2018-01-26,risk_off,DEFENSIVE,0.38207290617201584,,,,,,"QQQ,SPY",,normal|fallback_default
2018-02-02,risk_off,DEFENSIVE,0.43561533842819866,,,,,,"QQQ,SPY",,normal|fallback_default
2018-02-09,risk_off,DEFENSIVE,0.30497787162479917,,,,,,"QQQ,SPY",,normal|fallback_default
2018-02-16,risk_off,DEFAULT,0.11438344158589038,,,-0.2886751345948129,,,"QQQ,SPY",,normal|fallback_default
2018-02-23,risk_off,DEFAULT,0.19138975611779913,,,0.1303144262661918,,,"QQQ,SPY",,normal|fallback_default
2018-03-02,risk_off,DEFAULT,0.3553756927334173,,,0.19041845327766557,,,"QQQ,SPY",,normal|fallback_default
2018-03-09,risk_off,DEFAULT,0.26859642583127885,,,0.10277032902315063,,,"QQQ,SPY",,normal|fallback_default
2018-03-16,risk_off,DEFAULT,0.2832809166770138,,,0.24572074246360442,,,"QQQ,SPY",QQQ:0.039052;SPY:0.000000,normal
2018-03-23,risk_off,DEFAULT,0.2898020044415992,,,0.18166283489377322,,,"QQQ,SPY",QQQ:0.034105;SPY:0.000000,normal
2018-03-30,risk_off,DEFAULT,0.10228455381722684,,,-0.05223964441918646,,,"QQQ,SPY",QQQ:0.018399;SPY:0.000000,normal
2018-04-06,risk_off,DEFAULT,-0.020857440484062267,,,-0.010073835199767924,,,"QQQ,SPY",QQQ:0.013031;SPY:0.000000,normal
2018-04-13,risk_off,DEFAULT,-0.08001965098933161,,,-0.05759602830618668,,,"QQQ,SPY",QQQ:0.021649;SPY:0.000000,normal
2018-04-20,risk_off,DEFAULT,-0.03526392487026778,,,0.011897098348147924,,,"QQQ,SPY",QQQ:0.024773;SPY:0.000000,normal
2018-04-27,risk_off,DEFAULT,-0.08775353147246084,,,0.026764738839686112,,,"QQQ,SPY",QQQ:0.018953;SPY:0.000000,normal
2018-05-04,risk_off,DEFAULT,-0.0327713949614014,,,0.024806542719325114,,,"QQQ,SPY",QQQ:0.035665;SPY:0.000000,normal
2018-05-11,risk_off,DEFAULT,0.1585406950738929,,,0.11258704198590903,,,"QQQ,SPY",QQQ:0.032857;SPY:0.000000,normal
2018-05-18,risk_off,DEFAULT,0.11755941306612037,,,0.052248439022360926,,,"QQQ,SPY",QQQ:0.021966;SPY:0.000000,normal
2018-05-25,risk_off,DEFAULT,-0.024458861767420435,,,-0.011565379795466317,,,"QQQ,SPY",QQQ:0.018523;SPY:0.000000,normal
2018-06-01,risk_off,DEFAULT,0.06985427311117093,,,0.06429852460016419,,,"QQQ,SPY",QQQ:0.019468;SPY:0.000000,normal
2018-06-08,risk_off,DEFAULT,0.06486127702325924,,,-0.023732161184988308,,,"QQQ,SPY",QQQ:0.012656;SPY:0.000000,normal
2018-06-15,risk_off,DEFAULT,0.12686587990517226,,,0.0697614132206773,,,"QQQ,SPY",QQQ:0.018797;SPY:0.000000,normal
2018-06-22,risk_off,DEFAULT,0.6260835305853985,,,0.6063707449640273,,,"QQQ,SPY",QQQ:0.026901;SPY:0.000000,normal
2018-06-29,risk_on,GROWTH_TECH,0.6025774259309619,,,0.42759173510251913,"NVDA,TSLA,AMZN,MSFT,AAPL",AAPL:0.063289;AMZN:0.239567;GOOGL:-0.076288;META:-0.014692;MSFT:0.087564;NVDA:0.376960;TSLA:0.241527,"TSLA,AMZN",AAPL:0.075472;AMZN:0.125719;MSFT:0.040307;NVDA:-0.011243;TSLA:0.247805,normal
2018-07-06,risk_on,GROWTH_TECH,0.5181624979074386,,,0.4353766517825192,"NVDA,AMZN,MSFT,AAPL,TSLA",AAPL:0.042780;AMZN:0.205711;GOOGL:-0.088783;META:-0.018949;MSFT:0.074734;NVDA:0.350276;TSLA:-0.005591,"AMZN,AAPL",AAPL:0.042142;AMZN:0.127154;MSFT:0.041561;NVDA:0.040303;TSLA:-0.027366,normal
2018-07-13,risk_on,GROWTH_TECH,0.44597431378627184,,,0.41932236115893495,"NVDA,AMZN,MSFT,AAPL,META",AAPL:0.061624;AMZN:0.238922;GOOGL:-0.047826;META:0.000702;MSFT:0.111793;NVDA:0.343282;TSLA:-0.029920,"META,AMZN",AAPL:0.040686;AMZN:0.160575;META:0.172310;MSFT:0.043318;NVDA:-0.023351,normal
2018-07-20,risk_on,GROWTH_TECH,0.5246249426088303,,,0.4844963101532059,"NVDA,AMZN,MSFT,AAPL,META",AAPL:0.087301;AMZN:0.207754;GOOGL:-0.086219;META:-0.001197;MSFT:0.094594;NVDA:0.341352;TSLA:-0.032568,"META,AMZN",AAPL:0.066608;AMZN:0.103499;META:0.160999;MSFT:0.030271;NVDA:0.022068,normal
2018-07-27,risk_on,GROWTH_TECH,0.5141238788019767,,,0.47766046154518416,"NVDA,AMZN,MSFT,AAPL,GOOGL",AAPL:0.127797;AMZN:0.176012;GOOGL:0.015558;META:-0.196642;MSFT:0.144431;NVDA:0.373469;TSLA:-0.057565,"AAPL,GOOGL",AAPL:0.120684;AMZN:0.111667;GOOGL:0.115993;MSFT:0.073699;NVDA:0.008953,normal
2018-08-03,risk_on,DEFAULT,0.3017530987685806,,,0.4203269087396227,,,"QQQ,SPY",QQQ:0.012092;SPY:0.000000,normal
2018-08-10,risk_on,DEFAULT,0.3042812386882453,,,0.364498726401449,,,"QQQ,SPY",QQQ:0.011272;SPY:0.000000,normal
2018-08-17,risk_on,GROWTH_TECH,0.5284997976006752,,,0.45542446688602994,"NVDA,AMZN,AAPL,MSFT,TSLA",AAPL:0.164617;AMZN:0.180354;GOOGL:-0.050159;META:-0.217384;MSFT:0.106032;NVDA:0.330008;TSLA:0.086402,"AMZN,AAPL",AAPL:0.095687;AMZN:0.132352;MSFT:0.055902;NVDA:-0.037647;TSLA:0.061291,normal
2018-08-24,risk_on,DEFAULT,0.302441482097793,,,0.40456561669984575,,,"QQQ,SPY",QQQ:0.007750;SPY:0.000000,normal
2018-08-31,risk_on,DEFAULT,0.2940119872612313,,,0.40467285158442184,,,"SPY,QQQ",QQQ:-0.006381;SPY:0.000000,normal
2018-09-07,risk_on,DEFAULT,0.29053936288240323,,,0.41781651820546134,,,"SPY,QQQ",QQQ:-0.013435;SPY:0.000000,normal
2018-09-14,risk_on,DEFAULT,0.005966022275891488,,,0.19742479342757172,,,"SPY,QQQ",QQQ:-0.023706;SPY:0.000000,normal
2018-09-21,risk_on,DEFAULT,0.13182337494990923,,,0.3457403309025047,,,"SPY,QQQ",QQQ:-0.053155;SPY:0.000000,normal
2018-09-28,risk_on,DEFAULT,0.15135584762728066,,,0.5326405471681093,,,"SPY,QQQ",QQQ:-0.021123;SPY:0.000000,normal
2018-10-05,risk_on,DEFAULT,0.15701915732737215,,,0.44774965966549957,,,"SPY,QQQ",QQQ:-0.034018;SPY:0.000000,normal
2018-10-12,risk_off,DEFAULT,-0.02368838129938733,,,0.12177939867343815,,,"SPY,QQQ",QQQ:-0.022179;SPY:0.000000,normal
2018-10-19,risk_off,DEFAULT,-0.12205485508095935,,,-0.09480836498341494,,,"SPY,QQQ",QQQ:-0.015985;SPY:0.000000,normal
2018-10-26,risk_off,DEFAULT,-0.10583963805656467,,,-0.10759806112247099,,,"QQQ,SPY",QQQ:0.021653;SPY:0.000000,normal
2018-11-02,risk_off,DEFAULT,-0.2543034743137656,,,-0.31219018338296733,,,"QQQ,SPY",QQQ:0.007148;SPY:0.000000,normal
2018-11-09,risk_on,DEFAULT,-0.24309765450279913,,,-0.20605697947514517,,,"SPY,QQQ",QQQ:-0.018906;SPY:0.000000,normal
2018-11-16,risk_off,DEFAULT,-0.16356264939848503,,,-0.1353305069449667,,,"SPY,QQQ",QQQ:-0.003093;SPY:0.000000,normal
2018-11-23,risk_off,DEFAULT,-0.407201135191477,,,-0.25758863931760745,,,"SPY,QQQ",QQQ:-0.008690;SPY:0.000000,normal
2018-11-30,risk_off,DEFENSIVE,-0.5973825958437995,,,-0.46447908511190783,,,"SPY,QQQ",QQQ:-0.017388;SPY:0.000000,drawdown_control_-12.03%|fallback_default
2018-12-07,risk_off,DEFAULT,-0.17469447949783526,,,-0.14270026281819545,,,"QQQ,SPY",QQQ:0.008811;SPY:0.000000,normal
2018-12-14,risk_off,DEFAULT,-0.326351689069694,,,-0.29526810970524997,,,"QQQ,SPY",QQQ:0.020047;SPY:0.000000,normal
2018-12-21,risk_off,DEFAULT,-0.2880871970156061,,,-0.31844439677096614,,,"QQQ,SPY",QQQ:0.049691;SPY:0.000000,normal
2018-12-28,risk_off,DEFENSIVE,-0.44553342246992933,,,-0.46031188653907285,,,"QQQ,SPY",QQQ:0.024760;SPY:0.000000,drawdown_control_-19.01%|fallback_default
2019-01-04,risk_off,DEFENSIVE,-0.2885670306395463,,,-0.3149655363634001,,,"QQQ,SPY",QQQ:0.024039;SPY:0.000000,drawdown_control_-16.35%|fallback_default
2019-01-11,risk_off,DEFENSIVE,-0.21584224965713844,,,-0.19236266698566978,,,"QQQ,SPY",QQQ:0.033862;SPY:0.000000,drawdown_control_-14.67%|fallback_default
2019-01-18,risk_off,DEFENSIVE,-0.11723024016889844,,,-0.12335334909925824,,,"QQQ,SPY",QQQ:0.008467;SPY:0.000000,drawdown_control_-12.34%|fallback_default
2019-01-25,risk_off,DEFAULT,-0.08198499937756144,,,0.014481296905578249,,,"SPY,QQQ",QQQ:-0.004360;SPY:0.000000,normal
2019-02-01,risk_off,DEFAULT,-0.1142029166948436,,,-0.031927875154354496,,,"QQQ,SPY",QQQ:0.002821;SPY:0.000000,normal
2019-02-08,risk_off,DEFAULT,-0.09463934195540195,,,-0.03642558894989893,,,"QQQ,SPY",QQQ:0.013659;SPY:0.000000,normal
2019-02-15,risk_on,DEFAULT,-0.007202444123597778,,,0.012379378323266016,,,"QQQ,SPY",QQQ:0.022885;SPY:0.000000,normal
2019-02-22,risk_on,DEFAULT,0.1449187956145082,,,0.16381379866702517,,,"QQQ,SPY",QQQ:0.009433;SPY:0.000000,normal
2019-03-01,risk_on,DEFAULT,-0.00035477409850188956,,,0.05722823187397276,,,"QQQ,SPY",QQQ:0.012044;SPY:0.000000,normal
2019-03-08,risk_off,DEFAULT,0.11642122526991398,,,0.20909984878526094,,,"QQQ,SPY",QQQ:0.015562;SPY:0.000000,normal
2019-03-15,risk_on,DEFAULT,0.07600314610825477,,,0.16856785304438043,,,"QQQ,SPY",QQQ:0.001112;SPY:0.000000,normal
2019-03-22,risk_on,DEFAULT,0.7949462436949478,,,0.9087503297692511,,,"QQQ,SPY",QQQ:0.007563;SPY:0.000000,normal
2019-03-29,risk_on,GROWTH_TECH,0.7521271010283039,,,0.7393735016215213,"NVDA,MSFT,AMZN,META,GOOGL",AAPL:-0.090830;AMZN:0.064259;GOOGL:-0.070837;META:-0.033513;MSFT:0.075094;NVDA:0.429335;TSLA:-0.115882,"META,AMZN",AMZN:-0.023697;GOOGL:-0.062722;META:0.048451;MSFT:-0.028025;NVDA:-0.043007,normal
2019-04-05,risk_on,GROWTH_TECH,0.7545396832950985,,,0.6895843089864314,"NVDA,MSFT,AMZN,META,AAPL",AAPL:-0.043198;AMZN:0.068207;GOOGL:-0.050311;META:0.017385;MSFT:0.096213;NVDA:0.474604;TSLA:-0.093537,"AAPL,META",AAPL:0.089293;AMZN:-0.086822;META:0.087074;MSFT:-0.010827;NVDA:-0.036977,normal
2019-04-12,risk_on,GROWTH_TECH,0.7766010550197976,,,0.6860629834910426,"NVDA,MSFT,AMZN,META,GOOGL",AAPL:-0.039472;AMZN:0.089421;GOOGL:-0.030020;META:0.033983;MSFT:0.118032;NVDA:0.449036;TSLA:-0.085466,"META,MSFT",AMZN:-0.080858;GOOGL:-0.034487;META:0.087884;MSFT:0.007714;NVDA:-0.037892,normal
2019-04-19,risk_on,GROWTH_TECH,0.6897535868071327,,,0.6052042944079485,"NVDA,MSFT,AMZN,META,GOOGL",AAPL:-0.043316;AMZN:0.054526;GOOGL:-0.038084;META:0.021301;MSFT:0.093555;NVDA:0.397946;TSLA:-0.082365,"META,MSFT",AMZN:-0.069112;GOOGL:-0.004335;META:0.074083;MSFT:0.015782;NVDA:-0.090249,normal
2019-04-26,risk_on,GROWTH_TECH,0.7980953150905317,,,0.6503010352553737,"NVDA,MSFT,AMZN,META,GOOGL",AAPL:-0.027226;AMZN:0.097175;GOOGL:0.019788;META:0.096324;MSFT:0.168614;NVDA:0.397983;TSLA:-0.141144,"META,MSFT",AMZN:-0.037368;GOOGL:0.023661;META:0.177969;MSFT:0.073118;NVDA:-0.140458,normal
2019-05-03,risk_on,GROWTH_TECH,0.7464921902298135,,,0.6482999815587893,"NVDA,MSFT,AMZN,META,AAPL",AAPL:-0.018662;AMZN:0.151627;GOOGL:-0.083109;META:0.064465;MSFT:0.165564;NVDA:0.421389;TSLA:-0.213910,"AAPL,META",AAPL:0.174195;AMZN:-0.012098;META:0.111989;MSFT:0.100056;NVDA:0.067307,normal
2019-05-10,risk_on,GROWTH_TECH,0.8157571334439072,,,0.6343139052085255,"NVDA,MSFT,AMZN,META,AAPL",AAPL:-0.066593;AMZN:0.127048;GOOGL:-0.082477;META:0.017298;MSFT:0.132299;NVDA:0.321907;TSLA:-0.207552,"AAPL,MSFT",AAPL:0.110713;AMZN:0.079251;META:0.099326;MSFT:0.108895;NVDA:0.013674,normal
2019-05-17,risk_on,GROWTH_TECH,0.30458882153780703,,,0.29076770566940735,"NVDA,MSFT,AMZN,META,GOOGL",AAPL:-0.098677;AMZN:0.126237;GOOGL:-0.068396;META:0.024522;MSFT:0.151933;NVDA:0.266686;TSLA:-0.247491,"MSFT,AMZN",AMZN:0.099996;GOOGL:-0.001959;META:0.098337;MSFT:0.135753;NVDA:-0.061230,normal
2019-05-24,risk_on,DEFAULT,0.13263227587577603,,,0.20769352730231064,,,"QQQ,SPY",QQQ:0.017987;SPY:0.000000,normal
2019-05-31,risk_off,DEFAULT,-0.04296959187041153,,,0.07768596641461266,,,"QQQ,SPY",QQQ:0.019550;SPY:0.000000,normal
2019-06-07,risk_on,DEFAULT,-0.09248869952595799,,,0.05170210584689211,,,"SPY,QQQ",QQQ:-0.006992;SPY:0.000000,normal
2019-06-14,risk_on,DEFAULT,-0.09548506053096663,,,0.08631028716533475,,,"QQQ,SPY",QQQ:0.001107;SPY:0.000000,normal
2019-06-21,risk_on,DEFAULT,-0.057551646683129294,,,0.12869320031045334,,,"SPY,QQQ",QQQ:-0.013461;SPY:0.000000,normal
2019-06-28,risk_on,DEFAULT,0.017443605571200473,,,0.18442615610077717,,,"SPY,QQQ",QQQ:-0.002502;SPY:0.000000,normal
2019-07-05,risk_on,DEFAULT,-0.05619546499597416,,,0.06403811756955048,,,"SPY,QQQ",QQQ:-0.012312;SPY:0.000000,normal
2019-07-12,risk_on,DEFAULT,0.0007870956601876128,,,0.12093562435997472,,,"SPY,QQQ",QQQ:-0.010655;SPY:0.000000,normal
2019-07-19,risk_on,DEFAULT,0.048503703724119863,,,0.1447386835416282,,,"SPY,QQQ",QQQ:-0.012512;SPY:0.000000,normal
2019-07-26,risk_on,DEFAULT,0.02963404423326256,,,0.03875195673969618,,,"SPY,QQQ",QQQ:-0.019066;SPY:0.000000,normal
2019-08-02,risk_on,DEFAULT,0.022279186387598886,,,0.10257762164734893,,,"SPY,QQQ",QQQ:-0.004664;SPY:0.000000,normal
2019-08-09,risk_on,DEFAULT,0.0449120124873691,,,0.061619210596925336,,,"SPY,QQQ",QQQ:-0.010533;SPY:0.000000,normal
2019-08-16,risk_on,GROWTH_TECH,0.12257177760895885,,,0.08094711481393888,"AAPL,META,MSFT,GOOGL,AMZN",AAPL:0.439608;AMZN:-0.171696;GOOGL:-0.156856;META:0.268253;MSFT:0.086327;NVDA:-0.306533;TSLA:-0.202638,"AAPL,MSFT",AAPL:0.079521;AMZN:-0.056811;GOOGL:0.000543;META:-0.008340;MSFT:0.051766,normal
2019-08-23,risk_on,GROWTH_TECH,0.26329674771935446,,,0.12534283366793922,"AAPL,META,MSFT,TSLA,GOOGL",AAPL:0.506508;AMZN:-0.152397;GOOGL:-0.124287;META:0.268187;MSFT:0.102974;NVDA:-0.146237;TSLA:-0.100311,"AAPL,TSLA",AAPL:0.127857;GOOGL:-0.002107;META:-0.036761;MSFT:0.044581;TSLA:0.076016,normal
2019-08-30,risk_on,GROWTH_TECH,0.3141900557731545,,,0.1654048408881619,"AAPL,META,MSFT,TSLA,NVDA",AAPL:0.494703;AMZN:-0.132184;GOOGL:-0.121347;META:0.329477;MSFT:0.127776;NVDA:-0.121210;TSLA:-0.072277,"AAPL,NVDA",AAPL:0.095659;META:-0.029313;MSFT:0.034221;NVDA:0.089979;TSLA:0.083844,normal
2019-09-06,risk_on,GROWTH_TECH,0.30529780513891314,,,0.12028290985666311,"AAPL,META,MSFT,NVDA,TSLA",AAPL:0.504452;AMZN:-0.095185;GOOGL:-0.105028;META:0.348079;MSFT:0.122799;NVDA:-0.031089;TSLA:-0.088835,"NVDA,AAPL",AAPL:0.082530;META:0.072506;MSFT:0.037301;NVDA:0.142229;TSLA:0.047235,normal
2019-09-13,risk_on,GROWTH_TECH,0.30322915664655914,,,0.17181974449577483,"AAPL,META,MSFT,TSLA,NVDA",AAPL:0.514347;AMZN:-0.119869;GOOGL:-0.099843;META:0.330955;MSFT:0.083713;NVDA:-0.034236;TSLA:-0.008156,"NVDA,AAPL",AAPL:0.087968;META:0.006658;MSFT:-0.008714;NVDA:0.148757;TSLA:0.086738,normal
2019-09-20,risk_on,GROWTH_TECH,0.25875336411276434,,,0.10718782682833533,"AAPL,META,MSFT,TSLA,GOOGL",AAPL:0.464653;AMZN:-0.161307;GOOGL:-0.122857;META:0.324671;MSFT:0.083858;NVDA:-0.164545;TSLA:-0.006750,"TSLA,GOOGL",AAPL:0.082476;GOOGL:0.089246;META:-0.017982;MSFT:0.009250;TSLA:0.095261,normal
2019-09-27,risk_on,GROWTH_TECH,0.19788095985259285,,,0.0949951370880232,"AAPL,META,MSFT,TSLA,GOOGL",AAPL:0.475063;AMZN:-0.195329;GOOGL:-0.091133;META:0.263664;MSFT:0.084719;NVDA:-0.174099;TSLA:-0.034462,"GOOGL,AAPL",AAPL:0.073704;GOOGL:0.127579;META:-0.071383;MSFT:0.017821;TSLA:0.058397,normal
2019-10-04,risk_on,GROWTH_TECH,0.04925561330915076,,,-0.06193578438904996,"AAPL,META,MSFT,TSLA,GOOGL",AAPL:0.448984;AMZN:-0.236435;GOOGL:-0.168856;META:0.221053;MSFT:0.034942;NVDA:-0.192733;TSLA:-0.102156,"AAPL,GOOGL",AAPL:0.126133;GOOGL:0.088801;META:-0.053208;MSFT:0.028484;TSLA:0.041922,normal
2019-10-11,risk_on,GROWTH_TECH,-0.019165309597746497,,,-0.09555116946831928,"AAPL,META,MSFT,TSLA,GOOGL",AAPL:0.465442;AMZN:-0.250090;GOOGL:-0.171635;META:0.211582;MSFT:0.054330;NVDA:-0.212997;TSLA:-0.101866,"AAPL,GOOGL",AAPL:0.174302;GOOGL:0.090751;META:-0.093564;MSFT:0.032624;TSLA:0.031350,normal
2019-10-18,risk_on,GROWTH_TECH,0.0873340377456451,,,0.0030368149165608564,"AAPL,META,MSFT,TSLA,GOOGL",AAPL:0.479087;AMZN:-0.213109;GOOGL:-0.141458;META:0.259342;MSFT:0.042679;NVDA:-0.142245;TSLA:-0.032239,"AAPL,GOOGL",AAPL:0.152158;GOOGL:0.098483;META:-0.047653;MSFT:0.014670;TSLA:0.006997,normal
2019-10-25,risk_on,GROWTH_TECH,0.09439346454349479,,,-0.06894976717958182,"AAPL,META,TSLA,MSFT,NVDA",AAPL:0.516366;AMZN:-0.139297;GOOGL:-0.188912;META:0.241861;MSFT:0.024502;NVDA:-0.129986;TSLA:0.152126,"TSLA,AAPL",AAPL:0.183659;META:-0.058978;MSFT:-0.002560;NVDA:0.146711;TSLA:0.323770,normal
2019-11-01,risk_on,GROWTH_TECH,0.42038842310050256,,,0.2251840251997002,"AAPL,TSLA,GOOGL,MSFT,NVDA",AAPL:0.522399;AMZN:-0.028639;GOOGL:0.283174;META:-0.345012;MSFT:0.085068;NVDA:0.055361;TSLA:0.310149,"TSLA,NVDA",AAPL:0.161245;GOOGL:0.008899;MSFT:0.002771;NVDA:0.164737;TSLA:0.287035,normal
2019-11-08,risk_on,GROWTH_TECH,0.4986046916461535,,,0.3367769235623599,"AAPL,TSLA,GOOGL,NVDA,MSFT",AAPL:0.593087;AMZN:-0.003727;GOOGL:0.329859;META:-0.337551;MSFT:0.089663;NVDA:0.145112;TSLA:0.426891,"TSLA,NVDA",AAPL:0.197164;GOOGL:0.029843;MSFT:-0.020139;NVDA:0.206045;TSLA:0.330929,normal
2019-11-15,risk_on,GROWTH_TECH,0.6144347412848691,,,0.456535150030305,"AAPL,TSLA,GOOGL,MSFT,NVDA",AAPL:0.586724;AMZN:-0.047336;GOOGL:0.308528;META:-0.345818;MSFT:0.100890;NVDA:0.099075;TSLA:0.513751,"TSLA,AAPL",AAPL:0.153663;GOOGL:0.014667;MSFT:-0.001734;NVDA:0.128459;TSLA:0.486533,normal
2019-11-22,risk_on,GROWTH_TECH,0.8220749592448985,,,0.7058056104435112,"AAPL,TSLA,GOOGL,NVDA,MSFT",AAPL:0.591806;AMZN:-0.044722;GOOGL:0.309986;META:-0.304413;MSFT:0.118866;NVDA:0.136992;TSLA:0.560400,"TSLA,AAPL",AAPL:0.151448;GOOGL:0.005004;MSFT:0.007819;NVDA:0.092402;TSLA:0.582478,normal
2019-11-29,risk_on,GROWTH_TECH,0.647218748498117,,,0.5399223112975634,"AAPL,TSLA,GOOGL,NVDA,MSFT",AAPL:0.630171;AMZN:0.028715;GOOGL:0.350825;META:-0.251650;MSFT:0.143078;NVDA:0.205270;TSLA:0.445866,"TSLA,AAPL",AAPL:0.155839;GOOGL:-0.007710;MSFT:0.002967;NVDA:0.120643;TSLA:0.432527,normal
2019-12-06,risk_on,GROWTH_TECH,0.6215366249448301,,,0.5201866266283028,"AAPL,GOOGL,TSLA,MSFT,NVDA",AAPL:0.537447;AMZN:-0.059526;GOOGL:0.333564;META:-0.303074;MSFT:0.087227;NVDA:0.058224;TSLA:0.318405,"TSLA,AAPL",AAPL:0.168629;GOOGL:0.037321;MSFT:0.019255;NVDA:0.073811;TSLA:0.422277,normal
2019-12-13,risk_on,GROWTH_TECH,0.5434377009697408,,,0.4593021437683151,"AAPL,TSLA,GOOGL,NVDA,MSFT",AAPL:0.540596;AMZN:-0.040801;GOOGL:0.338111;META:-0.343533;MSFT:0.105925;NVDA:0.156414;TSLA:0.361767,"TSLA,AAPL",AAPL:0.157991;GOOGL:0.020774;MSFT:0.047008;NVDA:0.115767;TSLA:0.437022,normal
2019-12-20,risk_on,GROWTH_TECH,0.7034026731215677,,,0.679319333766998,"AAPL,TSLA,GOOGL,NVDA,MSFT",AAPL:0.571713;AMZN:-0.022149;GOOGL:0.333855;META:-0.310121;MSFT:0.096642;NVDA:0.203542;TSLA:0.531700,"TSLA,NVDA",AAPL:0.166849;GOOGL:0.007092;MSFT:0.020840;NVDA:0.191261;TSLA:0.630819,normal
2019-12-27,risk_on,DEFAULT,0.9956381517006732,,,1.3223091618756342,,,"QQQ,SPY",QQQ:0.027099;SPY:0.000000,normal
2020-01-03,risk_on,DEFAULT,1.0596526801475834,,,1.435591648737397,,,"QQQ,SPY",QQQ:0.017662;SPY:0.000000,normal
2020-01-10,risk_on,DEFAULT,0.9816394421618817,,,1.2326454943587595,,,"QQQ,SPY",QQQ:0.011380;SPY:0.000000,normal
2020-01-17,risk_on,DEFAULT,1.0518516341958366,,,1.3380182415508695,,,"QQQ,SPY",QQQ:0.008280;SPY:0.000000,normal
2020-01-24,risk_on,DEFAULT,1.2068978754429034,,,1.2930515509580705,,,"QQQ,SPY",QQQ:0.029849;SPY:0.000000,normal
2020-01-31,risk_on,GROWTH_TECH,1.2215795047453806,,,0.9209154050374881,"TSLA,AAPL,GOOGL,NVDA,MSFT",AAPL:0.648754;AMZN:0.070129;GOOGL:0.379466;META:-0.232530;MSFT:0.180636;NVDA:0.196113;TSLA:0.862248,"TSLA,AAPL",AAPL:0.165855;GOOGL:0.038914;MSFT:0.087970;NVDA:0.034278;TSLA:0.884333,normal
2020-02-07,risk_on,GROWTH_TECH,1.1644827235882471,,,0.4689312011599339,"TSLA,AAPL,GOOGL,MSFT,AMZN",AAPL:0.610358;AMZN:0.211715;GOOGL:0.373958;META:-0.116162;MSFT:0.247948;NVDA:-0.040955;TSLA:1.205382,"TSLA,MSFT",AAPL:0.089444;AMZN:0.110877;GOOGL:0.051584;MSFT:0.135393;TSLA:1.143861,normal
2020-02-14,risk_on,GROWTH_TECH,1.0777318508873852,,,0.5232248186415251,"TSLA,NVDA,AAPL,MSFT,GOOGL",AAPL:0.413350;AMZN:0.134765;GOOGL:0.221131;META:-0.196302;MSFT:0.249054;NVDA:0.808992;TSLA:1.299506,"TSLA,MSFT",AAPL:0.059158;GOOGL:0.070969;MSFT:0.111424;NVDA:0.078032;TSLA:1.085824,normal
2020-02-21,risk_on,GROWTH_TECH,1.3696584885225571,,,0.6618486265064569,"TSLA,NVDA,AAPL,AMZN,MSFT",AAPL:0.415754;AMZN:0.246435;GOOGL:-0.124027;META:-0.202615;MSFT:0.222675;NVDA:0.860488;TSLA:1.673477,"TSLA,NVDA",AAPL:0.039301;AMZN:0.196227;MSFT:0.107082;NVDA:0.223161;TSLA:1.349500,normal
2020-02-28,risk_off,DEFAULT,1.2342258017755814,,,0.4513180267763577,,,"QQQ,SPY",QQQ:0.069193;SPY:0.000000,normal
2020-03-06,risk_off,DEFAULT,0.30976160218711457,,,-0.044913656151467723,,,"QQQ,SPY",QQQ:0.078368;SPY:0.000000,normal
2020-03-13,risk_off,DEFAULT,0.2773128552343892,,,-0.04899763843218283,,,"QQQ,SPY",QQQ:0.101329;SPY:0.000000,normal
2020-03-20,risk_off,DEFENSIVE,0.04760468721672003,,,-0.2341368300226936,,,"QQQ,SPY",QQQ:0.137503;SPY:0.000000,drawdown_control_-17.86%|fallback_default
2020-03-27,risk_off,DEFENSIVE,-0.15568541046458817,,,-0.3939899938029807,,,"QQQ,SPY",QQQ:0.107924;SPY:0.000000,drawdown_control_-28.66%|fallback_default
2020-04-03,risk_off,DEFENSIVE,-0.02861059033850271,,,-0.21318237650175467,,,"QQQ,SPY",QQQ:0.103441;SPY:0.000000,drawdown_control_-21.77%|fallback_default
2020-04-10,risk_off,DEFENSIVE,-0.0974540291977438,,,-0.25477902718528916,,,"QQQ,SPY",QQQ:0.088376;SPY:0.000000,drawdown_control_-22.99%|fallback_default
2020-04-17,risk_off,DEFENSIVE,-0.00016046625777645058,,,-0.1248736241886885,,,"QQQ,SPY",QQQ:0.133383;SPY:0.000000,drawdown_control_-14.66%|fallback_default
2020-04-24,risk_off,DEFAULT,0.10466869406488437,,,-0.05809052701405916,,,"QQQ,SPY",QQQ:0.107924;SPY:0.000000,normal
2020-05-01,risk_off,DEFAULT,0.09356795653906569,,,-0.04812594585951462,,,"QQQ,SPY",QQQ:0.104620;SPY:0.000000,normal
2020-05-08,risk_off,DEFAULT,0.03250987509741053,,,-0.09645226444916837,,,"QQQ,SPY",QQQ:0.113122;SPY:0.000000,normal
2020-05-15,risk_off,DEFAULT,0.06536087228479845,,,-0.06663793650324266,,,"QQQ,SPY",QQQ:0.114927;SPY:0.000000,normal
2020-05-22,risk_off,DEFAULT,0.07042742940422636,,,-0.06516220595754714,,,"QQQ,SPY",QQQ:0.117829;SPY:0.000000,normal
2020-05-29,risk_on,GROWTH_TECH,0.25770747272306666,,,0.09815705441341005,"META,TSLA,GOOGL,NVDA,AAPL",AAPL:0.122168;AMZN:-0.109898;GOOGL:0.373766;META:0.446290;MSFT:0.111748;NVDA:0.206564;TSLA:0.421218,"NVDA,TSLA",AAPL:0.144457;GOOGL:0.057502;META:0.165830;NVDA:0.337191;TSLA:0.170373,normal
2020-06-05,risk_on,GROWTH_TECH,0.2518139435571423,,,0.11700966901976884,"TSLA,META,GOOGL,NVDA,MSFT",AAPL:0.103608;AMZN:-0.071393;GOOGL:0.380161;META:0.449059;MSFT:0.118303;NVDA:0.276956;TSLA:0.509865,"NVDA,META",GOOGL:0.044187;META:0.187012;MSFT:0.070091;NVDA:0.257648;TSLA:0.163027,normal
2020-06-12,risk_on,GROWTH_TECH,0.4042734965508633,,,0.2941363914620645,"TSLA,META,GOOGL,NVDA,MSFT",AAPL:0.144270;AMZN:0.007845;GOOGL:0.387545;META:0.465056;MSFT:0.145640;NVDA:0.290422;TSLA:0.789599,"TSLA,NVDA",GOOGL:0.052582;META:0.213083;MSFT:0.085283;NVDA:0.276888;TSLA:0.442032,normal
2020-06-19,risk_on,GROWTH_TECH,0.7960443991366284,,,0.5989922165730369,"TSLA,META,GOOGL,NVDA,AAPL",AAPL:0.261843;AMZN:0.011736;GOOGL:0.448855;META:0.546723;MSFT:0.252836;NVDA:0.362366;TSLA:0.911255,"TSLA,NVDA",AAPL:0.119395;GOOGL:0.018204;META:0.234900;NVDA:0.281184;TSLA:0.855564,normal
2020-06-26,risk_off,DEFAULT,0.7553766641581605,,,0.5349140898707391,,,"QQQ,SPY",QQQ:0.106665;SPY:0.000000,normal
2020-07-03,risk_on,GROWTH_TECH,0.7350918050665195,,,0.5125464636729629,"TSLA,META,GOOGL,NVDA,AAPL",AAPL:0.236948;AMZN:0.075311;GOOGL:0.423967;META:0.513154;MSFT:0.232403;NVDA:0.276208;TSLA:0.978234,"TSLA,AAPL",AAPL:0.233882;GOOGL:0.037501;META:0.196117;NVDA:0.218015;TSLA:0.836797,normal
2020-07-10,risk_on,GROWTH_TECH,0.7438700218576649,,,0.5067782721430345,"TSLA,META,GOOGL,NVDA,MSFT",AAPL:0.213666;AMZN:0.160595;GOOGL:0.430211;META:0.473924;MSFT:0.236280;NVDA:0.370378;TSLA:1.097005,"TSLA,NVDA",GOOGL:0.101741;META:0.233017;MSFT:0.149722;NVDA:0.383830;TSLA:1.119173,normal
2020-07-17,risk_on,GROWTH_TECH,0.7654542381004666,,,0.4798453041546012,"TSLA,META,GOOGL,NVDA,AAPL",AAPL:0.193387;AMZN:0.014650;GOOGL:0.399185;META:0.442267;MSFT:0.139594;NVDA:0.257821;TSLA:1.008957,"TSLA,AAPL",AAPL:0.206700;GOOGL:0.051303;META:0.192041;NVDA:0.200663;TSLA:0.640608,normal
2020-07-24,risk_on,GROWTH_TECH,0.6550967845491753,,,0.5121821576236902,"TSLA,GOOGL,META,NVDA,MSFT",AAPL:0.134215;AMZN:-0.005641;GOOGL:0.402259;META:0.386087;MSFT:0.137110;NVDA:0.258162;TSLA:0.980328,"TSLA,NVDA",GOOGL:0.033223;META:0.094349;MSFT:0.037646;NVDA:0.245369;TSLA:0.725106,normal
2020-07-31,risk_on,GROWTH_TECH,0.589758661556085,,,0.48734006487400217,"TSLA,META,NVDA,MSFT,GOOGL",AAPL:-0.002898;AMZN:0.024656;GOOGL:0.108408;META:0.534655;MSFT:0.120632;NVDA:0.511035;TSLA:0.926946,"TSLA,NVDA",GOOGL:0.035872;META:0.033082;MSFT:0.034777;NVDA:0.314496;TSLA:0.617766,normal
2020-08-07,risk_on,GROWTH_TECH,0.5678795786773579,,,0.45985008159381335,"TSLA,META,NVDA,AAPL,MSFT",AAPL:0.147868;AMZN:0.026360;GOOGL:0.037488;META:0.626559;MSFT:0.119159;NVDA:0.484692;TSLA:0.640761,"TSLA,AAPL",AAPL:0.302121;META:0.075468;MSFT:0.030787;NVDA:0.300602;TSLA:0.559342,normal
2020-08-14,risk_on,GROWTH_TECH,0.6232229826151007,,,0.6062464931823859,"TSLA,META,NVDA,AAPL,MSFT",AAPL:0.154249;AMZN:0.001868;GOOGL:0.040415;META:0.613232;MSFT:0.096286;NVDA:0.392848;TSLA:0.726530,"TSLA,AAPL",AAPL:0.257166;META:0.057499;MSFT:-0.011563;NVDA:0.221335;TSLA:0.576076,normal
2020-08-21,risk_on,GROWTH_TECH,0.5916310202247109,,,0.5272787326819867,"TSLA,META,NVDA,AAPL,MSFT",AAPL:0.246312;AMZN:0.096603;GOOGL:0.107856;META:0.658364;MSFT:0.161472;NVDA:0.418387;TSLA:1.087206,"TSLA,AAPL",AAPL:0.295169;META:-0.002035;MSFT:0.019546;NVDA:0.219023;TSLA:0.928960,normal
2020-08-28,risk_on,GROWTH_TECH,0.7274694822119517,,,0.5237762639990384,"TSLA,META,NVDA,AAPL,MSFT",AAPL:0.307175;AMZN:0.140544;GOOGL:0.142373;META:0.780205;MSFT:0.220609;NVDA:0.461858;TSLA:1.365186,"TSLA,AAPL",AAPL:0.358513;META:0.101771;MSFT:0.073545;NVDA:0.242244;TSLA:1.132017,normal
2020-09-04,risk_on,GROWTH_TECH,0.7743416980831426,,,0.5193017799450497,"TSLA,META,NVDA,AAPL,GOOGL",AAPL:0.240894;AMZN:0.146912;GOOGL:0.202409;META:0.802060;MSFT:0.200245;NVDA:0.560676;TSLA:1.314205,"TSLA,AAPL",AAPL:0.326250;GOOGL:0.039541;META:0.141713;NVDA:0.315944;TSLA:1.014459,normal
2020-09-11,risk_on,GROWTH_TECH,0.6014255136729256,,,0.5542011829996953,"TSLA,META,NVDA,GOOGL,AAPL",AAPL:0.124036;AMZN:0.073994;GOOGL:0.136054;META:0.703993;MSFT:0.122888;NVDA:0.477915;TSLA:1.221070,"TSLA,NVDA",AAPL:0.139105;GOOGL:-0.049356;META:0.019746;NVDA:0.164137;TSLA:0.456278,normal
2020-09-18,risk_on,GROWTH_TECH,0.3780691007310851,,,0.29545849288222903,"TSLA,META,NVDA,AAPL,MSFT",AAPL:0.178599;AMZN:-0.043704;GOOGL:0.152488;META:0.690858;MSFT:0.161568;NVDA:0.576679;TSLA:1.760484,"TSLA,NVDA",AAPL:0.107461;META:-0.037658;MSFT:-0.075645;NVDA:0.173293;TSLA:0.706267,normal
2020-09-25,risk_on,GROWTH_TECH,0.4194478798543895,,,0.33920173358485606,"TSLA,META,NVDA,MSFT,GOOGL",AAPL:0.073864;AMZN:-0.073461;GOOGL:0.083365;META:0.633511;MSFT:0.103681;NVDA:0.401431;TSLA:1.259188,"TSLA,NVDA",GOOGL:-0.079498;META:-0.021475;MSFT:-0.060044;NVDA:0.182768;TSLA:0.718298,normal
2020-10-02,risk_on,GROWTH_TECH,0.3322648374285406,,,0.23742153955371323,"TSLA,META,NVDA,AAPL,MSFT",AAPL:0.156122;AMZN:-0.051006;GOOGL:0.093020;META:0.684533;MSFT:0.102216;NVDA:0.499945;TSLA:1.463623,"TSLA,NVDA",AAPL:0.118480;META:0.032032;MSFT:-0.084774;NVDA:0.220425;TSLA:0.492991,normal
2020-10-09,risk_on,GROWTH_TECH,0.2181857431198849,,,0.17957908286197752,"TSLA,META,NVDA,MSFT,AAPL",AAPL:0.098343;AMZN:-0.101543;GOOGL:0.079146;META:0.643209;MSFT:0.104876;NVDA:0.495497;TSLA:0.976054,"NVDA,TSLA",AAPL:0.038092;META:-0.031221;MSFT:-0.129007;NVDA:0.131289;TSLA:0.117540,normal
2020-10-16,risk_on,GROWTH_TECH,0.3662318176470968,,,0.3089816045289179,"TSLA,META,NVDA,AAPL,MSFT",AAPL:0.153205;AMZN:-0.086536;GOOGL:0.110963;META:0.654357;MSFT:0.125136;NVDA:0.443715;TSLA:0.840134,"TSLA,NVDA",AAPL:0.082451;META:-0.008846;MSFT:-0.039796;NVDA:0.181876;TSLA:0.228129,normal
2020-10-23,risk_on,GROWTH_TECH,0.44999456911941316,,,0.36610019111942455,"TSLA,META,NVDA,GOOGL,MSFT",AAPL:0.106778;AMZN:-0.126681;GOOGL:0.167584;META:0.707382;MSFT:0.115461;NVDA:0.365844;TSLA:0.744423,"TSLA,NVDA",GOOGL:-0.026400;META:0.095914;MSFT:-0.040063;NVDA:0.145700;TSLA:0.267240,normal
2020-10-30,risk_on,GROWTH_TECH,0.3469669567042681,,,0.2383612467392564,"META,TSLA,AAPL,GOOGL,NVDA",AAPL:0.318608;AMZN:-0.217352;GOOGL:0.240639;META:0.598520;MSFT:-0.078409;NVDA:0.166014;TSLA:0.580014,"TSLA,NVDA",AAPL:0.071976;GOOGL:0.033711;META:0.093589;NVDA:0.212469;TSLA:0.424125,normal
2020-11-06,risk_on,GROWTH_TECH,0.13397347037440946,,,-0.03339774187997448,"TSLA,META,GOOGL,AAPL,NVDA",AAPL:0.313005;AMZN:-0.197255;GOOGL:0.356677;META:0.626515;MSFT:0.013128;NVDA:0.205705;TSLA:0.671376,"TSLA,NVDA",AAPL:-0.003766;GOOGL:0.109125;META:0.029099;NVDA:0.167140;TSLA:0.381693,normal
2020-11-13,risk_on,GROWTH_TECH,0.24776108089239793,,,0.14985440363401134,"META,TSLA,GOOGL,AAPL,NVDA",AAPL:0.292683;AMZN:-0.292107;GOOGL:0.325591;META:0.544834;MSFT:-0.039495;NVDA:0.053974;TSLA:0.436911,"TSLA,GOOGL",AAPL:-0.035613;GOOGL:0.090799;META:-0.012559;NVDA:0.075080;TSLA:0.144403,normal
2020-11-20,risk_on,DEFAULT,0.06324718148774056,,,0.1136514125241269,,,"SPY,QQQ",QQQ:-0.027217;SPY:0.000000,normal
2020-11-27,risk_on,DEFAULT,-0.006213196816695473,,,0.02403137937787004,,,"SPY,QQQ",QQQ:-0.030035;SPY:0.000000,normal
2020-12-04,risk_on,DEFAULT,0.14888174139129368,,,0.1504999162909942,,,"SPY,QQQ",QQQ:-0.014564;SPY:0.000000,normal
2020-12-11,risk_on,GROWTH_TECH,0.3164014501646557,,,0.3001553932010537,"TSLA,META,GOOGL,AAPL,NVDA",AAPL:0.291110;AMZN:-0.291183;GOOGL:0.292033;META:0.498334;MSFT:-0.059224;NVDA:-0.013788;TSLA:0.967762,"TSLA,GOOGL",AAPL:-0.033451;GOOGL:0.039706;META:-0.085645;NVDA:-0.058550;TSLA:0.469792,normal
2020-12-18,risk_on,DEFAULT,0.294527173160247,,,0.3029717448217428,,,"QQQ,SPY",QQQ:0.020065;SPY:0.000000,normal
2020-12-25,risk_on,DEFAULT,0.32401883387209507,,,0.33209673345026963,,,"QQQ,SPY",QQQ:0.006787;SPY:0.000000,normal
2021-01-01,risk_on,DEFAULT,0.28829826996624286,,,0.29539501591170797,,,"QQQ,SPY",QQQ:0.003016;SPY:0.000000,normal
2021-01-08,risk_on,GROWTH_TECH,0.2508691372932906,,,0.23745936113929123,"TSLA,META,AAPL,GOOGL,NVDA",AAPL:0.297516;AMZN:-0.364221;GOOGL:0.259098;META:0.441097;MSFT:-0.073377;NVDA:-0.064267;TSLA:0.851533,"TSLA,GOOGL",AAPL:-0.016871;GOOGL:0.062760;META:-0.109822;NVDA:-0.156027;TSLA:0.749894,normal
2021-01-15,risk_on,GROWTH_TECH,0.28649208599116416,,,0.2698192199365321,"TSLA,META,AAPL,GOOGL,NVDA",AAPL:0.250194;AMZN:-0.362151;GOOGL:0.228499;META:0.362296;MSFT:-0.091451;NVDA:-0.067705;TSLA:0.924469,"TSLA,GOOGL",AAPL:-0.046170;GOOGL:-0.004595;META:-0.201767;NVDA:-0.148739;TSLA:0.670095,normal
2021-01-22,risk_on,DEFAULT,0.1994580414382129,,,0.23955860866876938,,,"QQQ,SPY",QQQ:0.017525;SPY:0.000000,normal
2021-01-29,risk_on,DEFAULT,0.4610107763998079,,,0.5685943716311201,,,"QQQ,SPY",QQQ:0.006792;SPY:0.000000,normal
2021-02-05,risk_on,DEFAULT,0.2160410926432285,,,0.26910677134699595,,,"QQQ,SPY",QQQ:0.033345;SPY:0.000000,normal
2021-02-12,risk_on,GROWTH_TECH,0.4501596961994199,,,0.3848747760757264,"TSLA,META,NVDA,AAPL,MSFT",AAPL:0.166065;AMZN:-0.166494;GOOGL:0.096419;META:0.543772;MSFT:0.165576;NVDA:0.169465;TSLA:0.599245,"TSLA,NVDA",AAPL:0.043378;META:-0.110864;MSFT:0.060651;NVDA:0.093223;TSLA:0.754833,normal
2021-02-19,risk_on,DEFAULT,0.43810191363345563,,,0.4593100380564239,,,"QQQ,SPY",QQQ:0.045561;SPY:0.000000,normal
2021-02-26,risk_on,DEFAULT,0.2821705797002943,,,0.3192607902018714,,,"SPY,QQQ",QQQ:-0.005307;SPY:0.000000,normal
2021-03-05,risk_on,DEFAULT,0.09482034997958784,,,0.10132700306210364,,,"SPY,QQQ",QQQ:-0.032797;SPY:0.000000,normal
2021-03-12,risk_on,DEFAULT,0.06872751749366467,,,0.12274180540283984,,,"SPY,QQQ",QQQ:-0.048110;SPY:0.000000,normal
2021-03-19,risk_on,DEFAULT,0.06874052382491429,,,0.14291866466589057,,,"SPY,QQQ",QQQ:-0.060456;SPY:0.000000,normal
2021-03-26,risk_on,DEFAULT,0.07499795055511113,,,0.11528666960706166,,,"SPY,QQQ",QQQ:-0.072747;SPY:0.000000,normal
2021-04-02,risk_on,DEFAULT,0.02163028084125665,,,0.11394164157926052,,,"SPY,QQQ",QQQ:-0.065822;SPY:0.000000,normal
2021-04-09,risk_on,DEFAULT,0.04878001762807598,,,0.11713105745234506,,,"SPY,QQQ",QQQ:-0.038586;SPY:0.000000,normal
2021-04-16,risk_on,DEFAULT,0.23580254547213741,,,0.27372594245441717,,,"SPY,QQQ",QQQ:-0.046776;SPY:0.000000,normal
2021-04-23,risk_on,DEFAULT,0.17368124780086755,,,0.2293244029797845,,,"SPY,QQQ",QQQ:-0.066628;SPY:0.000000,normal
2021-04-30,risk_on,DEFAULT,0.24197239600557482,,,0.3597946648094232,,,"SPY,QQQ",QQQ:-0.088665;SPY:0.000000,normal
2021-05-07,risk_on,DEFAULT,0.13039697588814023,,,0.21124938973108603,,,"SPY,QQQ",QQQ:-0.108571;SPY:0.000000,normal
2021-05-14,risk_on,DEFAULT,0.058961139713431115,,,0.15343438072842164,,,"SPY,QQQ",QQQ:-0.108129;SPY:0.000000,normal
2021-05-21,risk_on,DEFAULT,0.01744047413709325,,,0.1200647085285493,,,"SPY,QQQ",QQQ:-0.089789;SPY:0.000000,normal
2021-05-28,risk_on,DEFAULT,0.19295712947712612,,,0.35757923842916234,,,"SPY,QQQ",QQQ:-0.076995;SPY:0.000000,normal
2021-06-04,risk_on,DEFAULT,0.37057238921847074,,,0.47390312903565684,,,"SPY,QQQ",QQQ:-0.065566;SPY:0.000000,normal
2021-06-11,risk_on,DEFAULT,0.3140664892310825,,,0.39610686006021034,,,"SPY,QQQ",QQQ:-0.030893;SPY:0.000000,normal
2021-06-18,risk_on,DEFAULT,0.3829133496270194,,,0.543359083134002,,,"QQQ,SPY",QQQ:0.004923;SPY:0.000000,normal
2021-06-25,risk_on,GROWTH_TECH,0.4671731742413584,,,0.388093911718634,"META,GOOGL,NVDA,AAPL,AMZN",AAPL:0.120291;AMZN:-0.063904;GOOGL:0.507115;META:0.567121;MSFT:-0.073766;NVDA:0.220785;TSLA:-0.118772,"NVDA,META",AAPL:-0.012460;AMZN:0.051227;GOOGL:0.072743;META:0.090628;NVDA:0.314202,normal
2021-07-02,risk_on,GROWTH_TECH,0.4278758575843387,,,0.4020430814009513,"META,GOOGL,NVDA,AAPL,MSFT",AAPL:0.141921;AMZN:-0.088604;GOOGL:0.469476;META:0.564329;MSFT:-0.066393;NVDA:0.217073;TSLA:-0.160128,"NVDA,META",AAPL:0.011609;GOOGL:0.039051;META:0.069055;MSFT:0.023046;NVDA:0.291619,normal
2021-07-09,risk_on,GROWTH_TECH,0.4126626408912004,,,0.37981356072243816,"META,GOOGL,AAPL,NVDA,AMZN",AAPL:0.162552;AMZN:-0.012396;GOOGL:0.471283;META:0.533492;MSFT:-0.055654;NVDA:0.162391;TSLA:-0.250349,"NVDA,AMZN",AAPL:0.022714;AMZN:0.086263;GOOGL:0.034971;META:0.025880;NVDA:0.263292,normal
2021-07-16,risk_on,GROWTH_TECH,0.3325841516222899,,,0.330816571996156,"META,GOOGL,AAPL,NVDA,MSFT",AAPL:0.196395;AMZN:-0.056160;GOOGL:0.498741;META:0.576390;MSFT:-0.042383;NVDA:0.053520;TSLA:-0.293500,"NVDA,META",AAPL:0.044317;GOOGL:0.049845;META:0.052560;MSFT:0.028812;NVDA:0.090147,normal
2021-07-23,risk_on,DEFAULT,0.28337862864467983,,,0.2875777462187361,,,"QQQ,SPY",QQQ:0.026452;SPY:0.000000,normal
2021-07-30,risk_on,DEFAULT,0.37398688237043487,,,0.4176905165862016,,,"QQQ,SPY",QQQ:0.025264;SPY:0.000000,normal
2021-08-06,risk_on,GROWTH_TECH,0.4161369710416027,,,0.3681762574468989,"META,GOOGL,AAPL,NVDA,AMZN",AAPL:0.155737;AMZN:0.024951;GOOGL:0.180207;META:0.667986;MSFT:-0.043261;NVDA:0.050707;TSLA:-0.171767,"NVDA,GOOGL",AAPL:0.061416;AMZN:-0.016824;GOOGL:0.088869;META:0.061686;NVDA:0.337821,normal
2021-08-13,risk_on,GROWTH_TECH,0.7579918067688481,,,0.6127716522910465,"META,GOOGL,AAPL,AMZN,NVDA",AAPL:0.168894;AMZN:0.026662;GOOGL:0.194010;META:0.667918;MSFT:-0.044500;NVDA:-0.006326;TSLA:-0.097197,"NVDA,GOOGL",AAPL:0.078552;AMZN:-0.009174;GOOGL:0.114533;META:0.063570;NVDA:0.346721,normal
2021-08-20,risk_on,GROWTH_TECH,0.7910683045751415,,,0.6664194644678559,"META,NVDA,AAPL,GOOGL,AMZN",AAPL:0.123108;AMZN:-0.064908;GOOGL:0.111067;META:0.643054;MSFT:-0.082317;NVDA:0.351864;TSLA:-0.205898,"NVDA,GOOGL",AAPL:0.072529;AMZN:-0.055737;GOOGL:0.096884;META:0.035068;NVDA:0.291374,normal
2021-08-27,risk_on,GROWTH_TECH,0.6328516431704636,,,0.5154147860064336,"META,NVDA,AAPL,GOOGL,AMZN",AAPL:0.129251;AMZN:-0.021472;GOOGL:0.127211;META:0.643907;MSFT:-0.085306;NVDA:0.473551;TSLA:-0.208126,"NVDA,GOOGL",AAPL:0.091522;AMZN:-0.015021;GOOGL:0.112707;META:0.011868;NVDA:0.336580,normal
2021-09-03,risk_on,GROWTH_TECH,0.7021905065226535,,,0.5819344936822234,"META,NVDA,AAPL,GOOGL,AMZN",AAPL:0.207279;AMZN:0.071167;GOOGL:0.148314;META:0.683224;MSFT:-0.069664;NVDA:0.544555;TSLA:-0.073643,"NVDA,AAPL",AAPL:0.122086;AMZN:0.031830;GOOGL:0.105063;META:0.037307;NVDA:0.188457,normal
2021-09-10,risk_on,GROWTH_TECH,0.6997178635105706,,,0.5823190075373523,"META,NVDA,AAPL,GOOGL,AMZN",AAPL:0.191745;AMZN:0.052915;GOOGL:0.135957;META:0.676812;MSFT:-0.103556;NVDA:0.480149;TSLA:-0.121559,"NVDA,AAPL",AAPL:0.138560;AMZN:0.002627;GOOGL:0.103871;META:0.056633;NVDA:0.199128,normal
2021-09-17,risk_on,GROWTH_TECH,0.5430618820092561,,,0.5128694529299577,"META,NVDA,GOOGL,AAPL,AMZN",AAPL:0.144423;AMZN:0.052025;GOOGL:0.148589;META:0.632665;MSFT:-0.069563;NVDA:0.479483;TSLA:-0.095950,"NVDA,GOOGL",AAPL:0.046425;AMZN:-0.038316;GOOGL:0.102593;META:0.038807;NVDA:0.130114,normal
2021-09-24,risk_on,GROWTH_TECH,0.4223402444890795,,,0.328061267318967,"META,NVDA,AAPL,GOOGL,AMZN",AAPL:0.113424;AMZN:0.030189;GOOGL:0.104805;META:0.535274;MSFT:-0.123698;NVDA:0.429990;TSLA:-0.119164,"NVDA,GOOGL",AAPL:0.038520;AMZN:-0.050349;GOOGL:0.097263;META:-0.033488;NVDA:0.103956,normal
2021-10-01,risk_on,GROWTH_TECH,0.2969647092936262,,,0.22582737222592844,"META,NVDA,AAPL,GOOGL,AMZN",AAPL:0.032954;AMZN:-0.056801;GOOGL:-0.011509;META:0.458241;MSFT:-0.226251;NVDA:0.253611;TSLA:-0.145378,"GOOGL,AAPL",AAPL:0.035924;AMZN:-0.040013;GOOGL:0.096517;META:-0.039342;NVDA:0.030322,normal
2021-10-08,risk_on,GROWTH_TECH,0.11135219616270758,,,-0.007368561595414175,"META,NVDA,GOOGL,AAPL,AMZN",AAPL:0.016539;AMZN:-0.085069;GOOGL:0.026600;META:0.430264;MSFT:-0.184252;NVDA:0.236304;TSLA:-0.139239,"GOOGL,NVDA",AAPL:-0.021297;AMZN:-0.119118;GOOGL:0.099421;META:-0.067935;NVDA:0.040848,normal
2021-10-15,risk_on,GROWTH_TECH,0.2193418823591557,,,0.0777075255923393,"META,NVDA,GOOGL,AAPL,AMZN",AAPL:0.025895;AMZN:-0.071375;GOOGL:0.040558;META:0.457836;MSFT:-0.168378;NVDA:0.298910;TSLA:-0.088173,"NVDA,GOOGL",AAPL:-0.049961;AMZN:-0.101563;GOOGL:0.074442;META:-0.063939;NVDA:0.153684,normal
2021-10-22,risk_on,GROWTH_TECH,0.18875826407948065,,,0.052476693983521526,"META,NVDA,AAPL,GOOGL,TSLA",AAPL:0.055680;AMZN:-0.042250;GOOGL:0.021560;META:0.488383;MSFT:-0.153138;NVDA:0.332342;TSLA:-0.000069,"TSLA,NVDA",AAPL:-0.032672;GOOGL:0.026198;META:-0.103088;NVDA:0.098641;TSLA:0.357744,normal
2021-10-29,risk_on,GROWTH_TECH,0.3160715275155444,,,0.17634824035978375,"NVDA,META,TSLA,AAPL,AMZN",AAPL:0.139792;AMZN:0.101275;GOOGL:0.039301;META:0.385224;MSFT:-0.083067;NVDA:0.471365;TSLA:0.218613,"TSLA,NVDA",AAPL:-0.012991;AMZN:-0.012620;META:-0.152480;NVDA:0.178984;TSLA:0.506617,normal
2021-11-05,risk_on,GROWTH_TECH,0.39597178095667224,,,0.23689143997305698,"NVDA,TSLA,META,AAPL,AMZN",AAPL:0.139501;AMZN:0.128488;GOOGL:0.047394;META:0.461838;MSFT:-0.052429;NVDA:0.745903;TSLA:0.468294,"TSLA,NVDA",AAPL:-0.037698;AMZN:-0.021313;META:-0.132601;NVDA:0.308859;TSLA:0.667616,normal
2021-11-12,risk_on,GROWTH_TECH,0.4936027178413231,,,0.3240183655192505,"NVDA,META,TSLA,AMZN,AAPL",AAPL:0.106573;AMZN:0.123026;GOOGL:0.020221;META:0.423192;MSFT:-0.081335;NVDA:0.777481;TSLA:0.290007,"TSLA,NVDA",AAPL:-0.058104;AMZN:0.007888;META:-0.139546;NVDA:0.385837;TSLA:0.424120,normal
2021-11-19,risk_on,GROWTH_TECH,0.4315140075404333,,,0.3126438163499236,"NVDA,META,TSLA,AMZN,AAPL",AAPL:0.156235;AMZN:0.173992;GOOGL:0.027026;META:0.428388;MSFT:-0.082830;NVDA:0.741202;TSLA:0.253947,"TSLA,NVDA",AAPL:-0.011448;AMZN:0.079791;META:-0.123085;NVDA:0.349107;TSLA:0.515584,normal
2021-11-26,risk_on,GROWTH_TECH,0.44878435003546846,,,0.29106510238820427,"NVDA,META,TSLA,AAPL,AMZN",AAPL:0.197755;AMZN:0.136804;GOOGL:-0.020066;META:0.454737;MSFT:-0.100435;NVDA:0.715824;TSLA:0.201046,"TSLA,NVDA",AAPL:0.028648;AMZN:0.016141;META:-0.120342;NVDA:0.337093;TSLA:0.518766,normal
2021-12-03,risk_on,GROWTH_TECH,0.26574488724015327,,,0.09361438590099327,"NVDA,META,AAPL,TSLA,AMZN",AAPL:0.186333;AMZN:0.084722;GOOGL:-0.051367;META:0.334052;MSFT:-0.149631;NVDA:0.597971;TSLA:0.113221,"TSLA,NVDA",AAPL:0.056593;AMZN:-0.017146;META:-0.181858;NVDA:0.413900;TSLA:0.467125,normal
2021-12-10,risk_on,GROWTH_TECH,0.22302180155690549,,,0.08682074011949809,"NVDA,META,AAPL,AMZN,TSLA",AAPL:0.267047;AMZN:0.070886;GOOGL:-0.019733;META:0.393688;MSFT:-0.139157;NVDA:0.486616;TSLA:0.030438,"TSLA,NVDA",AAPL:0.120010;AMZN:-0.046430;META:-0.179425;NVDA:0.233232;TSLA:0.290462,normal
2021-12-17,risk_on,GROWTH_TECH,0.3212823227523085,,,0.2596671783651553,"META,NVDA,AAPL,AMZN,GOOGL",AAPL:0.248476;AMZN:0.037070;GOOGL:-0.037148;META:0.417069;MSFT:-0.176187;NVDA:0.403824;TSLA:-0.070355,"NVDA,AAPL",AAPL:0.109349;AMZN:-0.085839;GOOGL:-0.038898;META:-0.144154;NVDA:0.139393,normal
2021-12-24,risk_on,DEFENSIVE,0.20681821280132331,,,0.12880318368230748,"META,NVDA,AAPL,AMZN,GOOGL",AAPL:0.239710;AMZN:0.045009;GOOGL:-0.028390;META:0.401042;MSFT:-0.156877;NVDA:0.386245;TSLA:-0.036883,"SPY,QQQ",QQQ:-0.007791;SPY:0.000000,drawdown_control_-15.18%|fallback_default
2021-12-31,risk_on,DEFENSIVE,0.37680966518714776,,,0.34709257576687796,"META,NVDA,AAPL,AMZN,TSLA",AAPL:0.239973;AMZN:0.047551;GOOGL:-0.013251;META:0.467510;MSFT:-0.134629;NVDA:0.389340;TSLA:0.036679,"SPY,QQQ",QQQ:-0.010141;SPY:0.000000,drawdown_control_-12.86%|fallback_default
2022-01-07,risk_on,DEFENSIVE,0.35346295113230164,,,0.34816750471717794,"META,NVDA,AAPL,TSLA,AMZN",AAPL:0.164112;AMZN:-0.009035;GOOGL:-0.104792;META:0.424497;MSFT:-0.231431;NVDA:0.322698;TSLA:0.026493,"SPY,QQQ",QQQ:-0.021553;SPY:0.000000,drawdown_control_-12.36%|fallback_default
2022-01-14,risk_on,DEFENSIVE,0.19514710812997496,,,0.13774801910597487,"META,NVDA,AAPL,TSLA,AMZN",AAPL:0.157976;AMZN:-0.013469;GOOGL:-0.091680;META:0.416282;MSFT:-0.271548;NVDA:0.286492;TSLA:0.017385,"SPY,QQQ",QQQ:-0.030340;SPY:0.000000,drawdown_control_-15.16%|fallback_default
2022-01-21,risk_off,DEFENSIVE,0.16961000375807941,,,0.08266502931841031,,,"SPY,QQQ",QQQ:-0.018968;SPY:0.000000,drawdown_control_-15.27%|fallback_default
2022-01-28,risk_off,DEFENSIVE,-0.13452864622663516,,,-0.17976547297832862,,,"SPY,QQQ",QQQ:-0.039861;SPY:0.000000,drawdown_control_-20.86%|fallback_default
2022-02-04,risk_on,DEFENSIVE,-0.26230853344662547,,,-0.2517690687100612,,,"SPY,QQQ",QQQ:-0.050199;SPY:0.000000,drawdown_control_-20.49%|fallback_default
2022-02-11,risk_off,DEFENSIVE,-0.18602853785607115,,,-0.1805821872897335,,,"SPY,QQQ",QQQ:-0.038803;SPY:0.000000,drawdown_control_-19.18%|fallback_default
2022-02-18,risk_off,DEFENSIVE,-0.3933312989789461,,,-0.2897423000910013,,,"SPY,QQQ",QQQ:-0.044756;SPY:0.000000,drawdown_control_-21.16%|fallback_default
2022-02-25,risk_off,DEFENSIVE,-0.35743133423596296,,,-0.2614907049254359,,,"SPY,QQQ",QQQ:-0.029897;SPY:0.000000,drawdown_control_-22.35%|fallback_default
2022-03-04,risk_off,DEFENSIVE,-0.283907368024708,,,-0.1826177323766318,,,"SPY,QQQ",QQQ:-0.072763;SPY:0.000000,drawdown_control_-21.55%|fallback_default
2022-03-11,risk_off,DEFENSIVE,-0.4695916069787415,,,-0.3911814597854405,,,"SPY,QQQ",QQQ:-0.049333;SPY:0.000000,drawdown_control_-23.01%|fallback_default
2022-03-18,risk_off,DEFENSIVE,-0.4573267450181581,,,-0.4020658468510785,,,"SPY,QQQ",QQQ:-0.048466;SPY:0.000000,drawdown_control_-25.56%|fallback_default
2022-03-25,risk_on,DEFENSIVE,-0.21662107910585515,,,-0.20346713107188752,,,"SPY,QQQ",QQQ:-0.034550;SPY:0.000000,drawdown_control_-20.28%|fallback_default
2022-04-01,risk_on,DEFENSIVE,-0.11794888123986379,,,-0.16387020953917814,"TSLA,META,GOOGL,NVDA,AMZN",AAPL:-0.036148;AMZN:0.024440;GOOGL:0.121123;META:0.230744;MSFT:-0.394442;NVDA:0.111208;TSLA:0.231447,"SPY,QQQ",QQQ:-0.021680;SPY:0.000000,drawdown_control_-18.66%|fallback_default
2022-04-08,risk_off,DEFENSIVE,-0.038445403132827446,,,-0.07991468339156742,,,"SPY,QQQ",QQQ:-0.018774;SPY:0.000000,drawdown_control_-18.36%|fallback_default
2022-04-15,risk_off,DEFENSIVE,-0.12697793840805915,,,-0.1329189822037478,,,"SPY,QQQ",QQQ:-0.022745;SPY:0.000000,drawdown_control_-20.27%|fallback_default
2022-04-22,risk_off,DEFENSIVE,-0.06707698314545091,,,-0.041800269317777264,,,"SPY,QQQ",QQQ:-0.046962;SPY:0.000000,drawdown_control_-22.37%|fallback_default
2022-04-29,risk_off,DEFENSIVE,-0.14431093915663998,,,-0.14238452876591595,,,"SPY,QQQ",QQQ:-0.024436;SPY:0.000000,drawdown_control_-24.90%|fallback_default
2022-05-06,risk_off,DEFENSIVE,-0.2429235687878252,,,-0.27973685809341675,,,"SPY,QQQ",QQQ:-0.016178;SPY:0.000000,drawdown_control_-27.54%|fallback_default
2022-05-13,risk_off,DEFENSIVE,-0.18618852818420653,,,-0.23615336257129643,,,"SPY,QQQ",QQQ:-0.022570;SPY:0.000000,drawdown_control_-28.06%|fallback_default
2022-05-20,risk_off,DEFENSIVE,-0.22414200275942037,,,-0.2567772293232106,,,"SPY,QQQ",QQQ:-0.019857;SPY:0.000000,drawdown_control_-29.75%|fallback_default
2022-05-27,risk_off,DEFENSIVE,-0.3280907186901429,,,-0.37899193714690954,,,"SPY,QQQ",QQQ:-0.037611;SPY:0.000000,drawdown_control_-32.35%|fallback_default
2022-06-03,risk_off,DEFENSIVE,-0.1387519271214417,,,-0.11878910690318359,,,"SPY,QQQ",QQQ:-0.023215;SPY:0.000000,drawdown_control_-27.74%|fallback_default
2022-06-10,risk_off,DEFENSIVE,-0.09985345937664915,,,-0.0716122459950641,,,"SPY,QQQ",QQQ:-0.019772;SPY:0.000000,drawdown_control_-28.49%|fallback_default
2022-06-17,risk_off,DEFENSIVE,-0.44655436178902425,,,-0.4036815057683832,,,"QQQ,SPY",QQQ:0.006192;SPY:0.000000,drawdown_control_-32.32%|fallback_default
2022-06-24,risk_off,DEFENSIVE,-0.692983831582237,,,-0.5935287313394711,,,"SPY,QQQ",QQQ:-0.001840;SPY:0.000000,drawdown_control_-36.06%|fallback_default
2022-07-01,risk_off,DEFENSIVE,-0.4128560011840687,,,-0.3371944803420042,,,"SPY,QQQ",QQQ:-0.017353;SPY:0.000000,drawdown_control_-31.62%|fallback_default
2022-07-08,risk_off,DEFENSIVE,-0.4286822924111882,,,-0.35316414929846446,,,"SPY,QQQ",QQQ:-0.010439;SPY:0.000000,drawdown_control_-33.84%|fallback_default
2022-07-15,risk_off,DEFENSIVE,-0.21611102250783887,,,-0.22310049287642003,,,"QQQ,SPY",QQQ:0.022917;SPY:0.000000,drawdown_control_-31.65%|fallback_default
2022-07-22,risk_off,DEFENSIVE,-0.18859096698385672,,,-0.18302844204910862,,,"QQQ,SPY",QQQ:0.036050;SPY:0.000000,drawdown_control_-32.36%|fallback_default
2022-07-29,risk_off,DEFENSIVE,-0.05538044485189643,,,-0.05545227774546707,,,"QQQ,SPY",QQQ:0.016008;SPY:0.000000,drawdown_control_-30.32%|fallback_default
2022-08-05,risk_off,DEFENSIVE,0.0340498145848216,,,0.040725555767966416,,,"QQQ,SPY",QQQ:0.033049;SPY:0.000000,drawdown_control_-27.27%|fallback_default
2022-08-12,risk_off,DEFENSIVE,0.12635103194311081,,,0.10732785631649958,,,"QQQ,SPY",QQQ:0.023011;SPY:0.000000,drawdown_control_-26.42%|fallback_default
2022-08-19,risk_off,DEFENSIVE,0.2754691983555009,,,0.24087486868337324,,,"QQQ,SPY",QQQ:0.015198;SPY:0.000000,drawdown_control_-24.22%|fallback_default
2022-08-26,risk_off,DEFENSIVE,0.11579516533750919,,,0.08196987027077454,,,"QQQ,SPY",QQQ:0.030473;SPY:0.000000,drawdown_control_-25.52%|fallback_default
2022-09-02,risk_off,DEFENSIVE,0.043258504827328285,,,0.010769958871859463,,,"QQQ,SPY",QQQ:0.017389;SPY:0.000000,drawdown_control_-28.78%|fallback_default
2022-09-09,risk_off,DEFENSIVE,0.057717173335620486,,,0.04792443325825068,,,"QQQ,SPY",QQQ:0.011770;SPY:0.000000,drawdown_control_-31.35%|fallback_default
2022-09-16,risk_off,DEFENSIVE,0.20316378386195222,,,0.2649090775792658,,,"SPY,QQQ",QQQ:-0.004528;SPY:0.000000,drawdown_control_-28.71%|fallback_default
2022-09-23,risk_off,DEFENSIVE,-0.032312603398459115,,,-0.017573600077745426,,,"SPY,QQQ",QQQ:-0.002360;SPY:0.000000,drawdown_control_-32.62%|fallback_default
2022-09-30,risk_off,DEFENSIVE,-0.0006023767541932882,,,-0.048734449155404265,,,"QQQ,SPY",QQQ:0.019658;SPY:0.000000,drawdown_control_-35.76%|fallback_default
2022-10-07,risk_off,DEFENSIVE,-0.19145034037805803,,,-0.1944694901028644,,,"SPY,QQQ",QQQ:-0.004302;SPY:0.000000,drawdown_control_-37.67%|fallback_default
2022-10-14,risk_off,DEFENSIVE,-0.17490794719724015,,,-0.1430444039856817,,,"SPY,QQQ",QQQ:-0.019638;SPY:0.000000,drawdown_control_-36.96%|fallback_default
2022-10-21,risk_off,DEFENSIVE,-0.36833015232442945,,,-0.2749420601611533,,,"SPY,QQQ",QQQ:-0.021008;SPY:0.000000,drawdown_control_-38.39%|fallback_default
2022-10-28,risk_off,DEFENSIVE,-0.33455415978153796,,,-0.24854199472592367,,,"SPY,QQQ",QQQ:-0.048484;SPY:0.000000,drawdown_control_-35.22%|fallback_default
2022-11-04,risk_off,DEFENSIVE,-0.4403606044034694,,,-0.19878495418392653,,,"SPY,QQQ",QQQ:-0.079363;SPY:0.000000,drawdown_control_-33.26%|fallback_default
2022-11-11,risk_off,DEFENSIVE,-0.6576469862122215,,,-0.37165205521929157,,,"SPY,QQQ",QQQ:-0.057430;SPY:0.000000,drawdown_control_-36.31%|fallback_default
2022-11-18,risk_off,DEFENSIVE,-0.2878537618313357,,,-0.1388610466891065,,,"SPY,QQQ",QQQ:-0.040297;SPY:0.000000,drawdown_control_-31.64%|fallback_default
2022-11-25,risk_off,DEFENSIVE,-0.25915593186699143,,,-0.07579900131307567,,,"SPY,QQQ",QQQ:-0.051000;SPY:0.000000,drawdown_control_-32.22%|fallback_default
2022-12-02,risk_on,DEFENSIVE,-0.17283350320496402,,,0.016823841911725108,,,"SPY,QQQ",QQQ:-0.048761;SPY:0.000000,drawdown_control_-31.43%|fallback_default
2022-12-09,risk_off,DEFENSIVE,-0.18635713511378274,,,-0.02975192286264465,,,"SPY,QQQ",QQQ:-0.044280;SPY:0.000000,drawdown_control_-30.37%|fallback_default
2022-12-16,risk_off,DEFENSIVE,-0.16381304099286112,,,0.012057768729380478,,,"SPY,QQQ",QQQ:-0.053135;SPY:0.000000,drawdown_control_-32.79%|fallback_default
2022-12-23,risk_off,DEFENSIVE,-0.1485435510341988,,,0.05839207532864082,,,"SPY,QQQ",QQQ:-0.069255;SPY:0.000000,drawdown_control_-34.57%|fallback_default
2022-12-30,risk_off,DEFENSIVE,-0.1714740192861064,,,0.09867546284525425,,,"SPY,QQQ",QQQ:-0.082510;SPY:0.000000,drawdown_control_-35.42%|fallback_default
2023-01-06,risk_off,DEFENSIVE,-0.15855854216984214,,,0.0662639420988537,,,"SPY,QQQ",QQQ:-0.077323;SPY:0.000000,drawdown_control_-35.59%|fallback_default
2023-01-13,risk_on,DEFENSIVE,-0.09806543914793682,,,0.15085201851731264,,,"SPY,QQQ",QQQ:-0.070008;SPY:0.000000,drawdown_control_-34.81%|fallback_default
2023-01-20,risk_off,DEFENSIVE,-0.07296751910241582,,,0.1196161108355912,,,"SPY,QQQ",QQQ:-0.042091;SPY:0.000000,drawdown_control_-32.46%|fallback_default
2023-01-27,risk_on,DEFENSIVE,0.024144657693771648,,,0.04475990247188846,,,"SPY,QQQ",QQQ:-0.031426;SPY:0.000000,drawdown_control_-32.48%|fallback_default
2023-02-03,risk_on,DEFENSIVE,0.28726367080368675,,,0.27649602266613965,"META,NVDA,GOOGL,AMZN,AAPL",AAPL:-0.015432;AMZN:0.028228;GOOGL:0.190876;META:1.096201;MSFT:-0.040330;NVDA:0.257655;TSLA:-0.113657,"QQQ,SPY",QQQ:0.021352;SPY:0.000000,drawdown_control_-30.02%|fallback_default
2023-02-10,risk_on,DEFENSIVE,0.2532140439644759,,,0.18629747075665637,"META,NVDA,GOOGL,TSLA,AAPL",AAPL:-0.015045;AMZN:-0.129005;GOOGL:0.041566;META:0.903202;MSFT:-0.066722;NVDA:0.263797;TSLA:0.029923,"QQQ,SPY",QQQ:0.031253;SPY:0.000000,drawdown_control_-28.27%|fallback_default
2023-02-17,risk_on,DEFENSIVE,0.2627229090718291,,,0.1566385435461042,"META,NVDA,GOOGL,AAPL,TSLA",AAPL:-0.045791;AMZN:-0.170356;GOOGL:-0.004513;META:0.797220;MSFT:-0.097585;NVDA:0.132100;TSLA:-0.048915,"QQQ,SPY",QQQ:0.016613;SPY:0.000000,drawdown_control_-29.41%|fallback_default
2023-02-24,risk_on,DEFENSIVE,0.2576594995234717,,,0.12091791302459848,"META,NVDA,GOOGL,TSLA,AAPL",AAPL:-0.083217;AMZN:-0.176290;GOOGL:-0.036824;META:0.809436;MSFT:-0.129527;NVDA:0.201075;TSLA:-0.071650,"QQQ,SPY",QQQ:0.033760;SPY:0.000000,drawdown_control_-29.30%|fallback_default
2023-03-03,risk_on,DEFENSIVE,0.16049198635007186,,,-0.03676878038880005,"META,NVDA,GOOGL,AAPL,MSFT",AAPL:-0.090783;AMZN:-0.233962;GOOGL:-0.041273;META:0.767914;MSFT:-0.157623;NVDA:0.188156;TSLA:-0.252673,"QQQ,SPY",QQQ:0.039254;SPY:0.000000,drawdown_control_-31.34%|fallback_default
2023-03-10,risk_off,DEFENSIVE,0.30824981017916053,,,0.1725990847815626,,,"QQQ,SPY",QQQ:0.048281;SPY:0.000000,drawdown_control_-29.74%|fallback_default
2023-03-17,risk_off,DEFENSIVE,0.2894892910528085,,,0.10910332324862487,,,"QQQ,SPY",QQQ:0.085059;SPY:0.000000,drawdown_control_-32.64%|fallback_default
2023-03-24,risk_on,DEFENSIVE,0.5259979596790924,,,0.25752292460235787,"META,NVDA,GOOGL,AAPL,MSFT",AAPL:0.029425;AMZN:-0.083306;GOOGL:0.198074;META:0.979461;MSFT:-0.010986;NVDA:0.496873;TSLA:-0.156296,"QQQ,SPY",QQQ:0.104806;SPY:0.000000,drawdown_control_-30.32%|fallback_default
2023-03-31,risk_on,DEFENSIVE,0.6051371796930458,,,0.31942575784509625,"META,NVDA,GOOGL,AAPL,MSFT",AAPL:0.105187;AMZN:-0.017269;GOOGL:0.157305;META:1.019220;MSFT:0.031599;NVDA:0.606515;TSLA:-0.043137,"QQQ,SPY",QQQ:0.115992;SPY:0.000000,drawdown_control_-29.17%|fallback_default
2023-04-07,risk_on,DEFENSIVE,0.6912820159486087,,,0.3735416567202646,"META,NVDA,GOOGL,AAPL,MSFT",AAPL:0.103432;AMZN:-0.043495;GOOGL:0.183125;META:0.981956;MSFT:0.043282;NVDA:0.520043;TSLA:-0.004124,"QQQ,SPY",QQQ:0.105444;SPY:0.000000,drawdown_control_-26.81%|fallback_default
2023-04-14,risk_on,DEFENSIVE,0.5440583646954843,,,0.25681138170569406,"META,NVDA,GOOGL,AAPL,MSFT",AAPL:0.110174;AMZN:-0.070948;GOOGL:0.198945;META:1.023078;MSFT:0.060023;NVDA:0.508382;TSLA:-0.030997,"QQQ,SPY",QQQ:0.089644;SPY:0.000000,drawdown_control_-27.15%|fallback_default
2023-04-21,risk_on,DEFENSIVE,0.4792270110210477,,,0.2739990474979759,"META,NVDA,GOOGL,AAPL,MSFT",AAPL:0.077886;AMZN:-0.079252;GOOGL:0.116191;META:0.936447;MSFT:0.013565;NVDA:0.440507;TSLA:-0.225031,"QQQ,SPY",QQQ:0.070116;SPY:0.000000,drawdown_control_-26.80%|fallback_default
2023-04-28,risk_on,DEFENSIVE,0.3061946959675688,,,0.15485824607132717,"META,NVDA,MSFT,GOOGL,AAPL",AAPL:0.059584;AMZN:-0.035090;GOOGL:0.073278;META:1.079494;MSFT:0.103103;NVDA:0.336023;TSLA:-0.340817,"QQQ,SPY",QQQ:0.068328;SPY:0.000000,drawdown_control_-27.05%|fallback_default
2023-05-05,risk_on,DEFENSIVE,0.2568621445842561,,,0.12011190463622311,"META,NVDA,MSFT,GOOGL,AAPL",AAPL:0.026060;AMZN:-0.020277;GOOGL:0.049199;META:1.200766;MSFT:0.106773;NVDA:0.322540;TSLA:-0.331658,"QQQ,SPY",QQQ:0.047778;SPY:0.000000,drawdown_control_-26.04%|fallback_default
2023-05-12,risk_on,DEFENSIVE,0.3481447285799181,,,0.16855171092602383,"META,NVDA,GOOGL,AAPL,AMZN",AAPL:0.112633;AMZN:0.107565;GOOGL:0.198429;META:1.138244;MSFT:0.102117;NVDA:0.349767;TSLA:-0.231202,"QQQ,SPY",QQQ:0.067113;SPY:0.000000,drawdown_control_-26.29%|fallback_default
2023-05-19,risk_on,DEFENSIVE,0.3769006341960369,,,0.1706831317300638,"META,NVDA,GOOGL,AMZN,MSFT",AAPL:0.074651;AMZN:0.115277;GOOGL:0.217878;META:1.144486;MSFT:0.113899;NVDA:0.397315;TSLA:-0.193813,"QQQ,SPY",QQQ:0.080920;SPY:0.000000,drawdown_control_-26.14%|fallback_default
2023-05-26,risk_on,DEFENSIVE,0.5516647750618058,,,0.40176738376860505,"META,NVDA,GOOGL,MSFT,AMZN",AAPL:0.063781;AMZN:0.090347;GOOGL:0.239464;META:1.155995;MSFT:0.121640;NVDA:0.620421;TSLA:-0.138424,"QQQ,SPY",QQQ:0.109377;SPY:0.000000,drawdown_control_-24.21%|fallback_default
2023-06-02,risk_on,DEFENSIVE,0.5899988432894306,,,0.390343990042905,"META,NVDA,GOOGL,MSFT,AAPL",AAPL:0.183587;AMZN:0.005780;GOOGL:0.286483;META:1.142721;MSFT:0.209584;NVDA:0.758765;TSLA:-0.108464,"QQQ,SPY",QQQ:0.124919;SPY:0.000000,drawdown_control_-22.74%|fallback_default
2023-06-09,risk_on,DEFENSIVE,0.913337575121234,,,0.9335202627755438,,,"QQQ,SPY",QQQ:0.092125;SPY:0.000000,drawdown_control_-21.32%|fallback_default
2023-06-16,risk_on,DEFENSIVE,0.8583003085246397,,,0.8259275505210558,"META,NVDA,TSLA,GOOGL,AAPL",AAPL:0.214115;AMZN:0.013523;GOOGL:0.240494;META:1.139694;MSFT:0.212523;NVDA:0.771930;TSLA:0.264009,"QQQ,SPY",QQQ:0.070068;SPY:0.000000,drawdown_control_-21.16%|fallback_default
2023-06-23,risk_on,DEFENSIVE,0.8782836938646188,,,0.8393235525855461,"META,NVDA,TSLA,AAPL,GOOGL",AAPL:0.248785;AMZN:0.081868;GOOGL:0.231330;META:1.160104;MSFT:0.211952;NVDA:0.830081;TSLA:0.329579,"QQQ,SPY",QQQ:0.051847;SPY:0.000000,drawdown_control_-18.78%|fallback_default
2023-06-30,risk_on,DEFENSIVE,0.7599492281721321,,,0.5487574808753697,"META,NVDA,TSLA,AAPL,GOOGL",AAPL:0.269275;AMZN:0.048437;GOOGL:0.224653;META:1.117064;MSFT:0.186111;NVDA:0.769729;TSLA:0.377809,"QQQ,SPY",QQQ:0.045257;SPY:0.000000,drawdown_control_-19.96%|fallback_default
2023-07-07,risk_on,DEFENSIVE,0.8634367757176363,,,0.7088683065643919,"META,NVDA,TSLA,AAPL,MSFT",AAPL:0.275282;AMZN:0.019529;GOOGL:0.198796;META:1.082770;MSFT:0.214160;NVDA:0.780396;TSLA:0.480383,"QQQ,SPY",QQQ:0.052564;SPY:0.000000,drawdown_control_-18.27%|fallback_default
2023-07-14,risk_on,DEFENSIVE,0.8837295148539697,,,0.5763863604647876,"META,NVDA,TSLA,AAPL,GOOGL",AAPL:0.227994;AMZN:0.017228;GOOGL:0.221794;META:1.144685;MSFT:0.196849;NVDA:0.854211;TSLA:0.363959,"QQQ,SPY",QQQ:0.075957;SPY:0.000000,drawdown_control_-19.06%|fallback_default
2023-07-21,risk_on,DEFENSIVE,1.2179058067050748,,,0.7308985062399699,"META,NVDA,TSLA,AAPL,MSFT",AAPL:0.234255;AMZN:-0.017410;GOOGL:0.180510;META:1.071364;MSFT:0.225918;NVDA:0.761063;TSLA:0.320349,"QQQ,SPY",QQQ:0.059078;SPY:0.000000,drawdown_control_-16.65%|fallback_default
2023-07-28,risk_on,DEFENSIVE,0.7693967029823424,,,0.6328959827277175,"META,NVDA,GOOGL,AAPL,TSLA",AAPL:0.192254;AMZN:-0.092741;GOOGL:0.248642;META:1.004525;MSFT:0.111037;NVDA:0.650405;TSLA:0.152405,"QQQ,SPY",QQQ:0.048493;SPY:0.000000,drawdown_control_-16.76%|fallback_default
2023-08-04,risk_on,DEFENSIVE,0.8662080461190904,,,0.7589343914904748,"META,NVDA,GOOGL,TSLA,MSFT",AAPL:-0.136851;AMZN:-0.035743;GOOGL:0.252758;META:0.843418;MSFT:0.115887;NVDA:0.574280;TSLA:0.143687,"QQQ,SPY",QQQ:0.038677;SPY:0.000000,drawdown_control_-15.45%|fallback_default
2023-08-11,risk_on,DEFENSIVE,0.6259323021442103,,,0.4969365989725101,"META,NVDA,GOOGL,MSFT,AMZN",AAPL:-0.229966;AMZN:0.061521;GOOGL:0.262859;META:0.815991;MSFT:0.098365;NVDA:0.434257;TSLA:-0.000261,"QQQ,SPY",QQQ:0.021127;SPY:0.000000,drawdown_control_-17.65%|fallback_default
2023-08-18,risk_on,DEFENSIVE,0.40258454035587576,,,0.34168279359934783,"META,NVDA,GOOGL,MSFT,AMZN",AAPL:-0.266963;AMZN:0.012410;GOOGL:0.259197;META:0.735979;MSFT:0.067839;NVDA:0.430118;TSLA:-0.111517,"QQQ,SPY",QQQ:0.010939;SPY:0.000000,drawdown_control_-18.40%|fallback_default
2023-08-25,risk_on,DEFENSIVE,0.1752580879254803,,,0.14989540478855704,"META,GOOGL,NVDA,MSFT,AMZN",AAPL:-0.183387;AMZN:0.103587;GOOGL:0.297019;META:0.712881;MSFT:0.152242;NVDA:0.173769;TSLA:0.013785,"SPY,QQQ",QQQ:-0.001324;SPY:0.000000,drawdown_control_-20.14%|fallback_default
2023-09-01,risk_on,DEFENSIVE,0.17834612562217964,,,0.1260027173858841,"META,GOOGL,NVDA,MSFT,AMZN",AAPL:-0.139977;AMZN:0.120628;GOOGL:0.329134;META:0.676143;MSFT:0.162687;NVDA:0.218757;TSLA:0.077489,"SPY,QQQ",QQQ:-0.018415;SPY:0.000000,drawdown_control_-19.16%|fallback_default
2023-09-08,risk_on,DEFENSIVE,0.25510123511550953,,,0.23187613583949335,"META,GOOGL,MSFT,NVDA,AMZN",AAPL:-0.175316;AMZN:0.110016;GOOGL:0.332252;META:0.717428;MSFT:0.189746;NVDA:0.162365;TSLA:0.096620,"QQQ,SPY",QQQ:0.005740;SPY:0.000000,drawdown_control_-16.63%|fallback_default
2023-09-15,risk_on,DEFENSIVE,0.11272396043271293,,,0.06446664484173407,"META,GOOGL,TSLA,MSFT,AMZN",AAPL:-0.205709;AMZN:0.127630;GOOGL:0.311555;META:0.695804;MSFT:0.159999;NVDA:0.042690;TSLA:0.175908,"SPY,QQQ",QQQ:-0.010202;SPY:0.000000,drawdown_control_-17.70%|fallback_default
2023-09-22,risk_on,DEFENSIVE,0.1357285742575232,,,0.10749741674828382,"META,GOOGL,MSFT,TSLA,AMZN",AAPL:-0.232817;AMZN:-0.003064;GOOGL:0.222627;META:0.626000;MSFT:0.101772;NVDA:-0.140862;TSLA:0.044187,"SPY,QQQ",QQQ:-0.005962;SPY:0.000000,drawdown_control_-18.10%|fallback_default
2023-09-29,risk_on,DEFENSIVE,-0.01858969686835164,,,-0.11277390743683043,"META,GOOGL,TSLA,AMZN,NVDA",AAPL:-0.208766;AMZN:0.013846;GOOGL:0.298111;META:0.661582;MSFT:-0.240952;NVDA:-0.038536;TSLA:0.023091,"QQQ,SPY",QQQ:0.014390;SPY:0.000000,drawdown_control_-20.72%|fallback_default
2023-10-06,risk_on,DEFENSIVE,-0.017440397064348287,,,-0.08623490745072822,"META,GOOGL,TSLA,NVDA,AMZN",AAPL:-0.164172;AMZN:0.015353;GOOGL:0.302709;META:0.633445;MSFT:-0.225439;NVDA:0.032096;TSLA:0.103712,"QQQ,SPY",QQQ:0.024319;SPY:0.000000,drawdown_control_-20.95%|fallback_default
2023-10-13,risk_on,DEFENSIVE,-0.015461064140578434,,,-0.17752391084362926,"META,GOOGL,NVDA,TSLA,AMZN",AAPL:-0.137853;AMZN:0.034471;GOOGL:0.300497;META:0.660041;MSFT:-0.203008;NVDA:0.070779;TSLA:0.045307,"QQQ,SPY",QQQ:0.023672;SPY:0.000000,drawdown_control_-20.05%|fallback_default
2023-10-20,risk_off,DEFENSIVE,0.05808382590267472,,,-0.15717349009773768,,,"QQQ,SPY",QQQ:0.034066;SPY:0.000000,drawdown_control_-19.80%|fallback_default
2023-10-27,risk_off,DEFENSIVE,-0.18540693300170988,,,-0.34262366068642247,,,"QQQ,SPY",QQQ:0.026024;SPY:0.000000,drawdown_control_-21.93%|fallback_default
2023-11-03,risk_on,DEFENSIVE,-0.17302107086168783,,,-0.34152259456147227,"META,GOOGL,AMZN,TSLA,NVDA",AAPL:-0.145369;AMZN:0.093700;GOOGL:0.208211;META:0.590175;MSFT:-0.144950;NVDA:-0.044668;TSLA:-0.032833,"QQQ,SPY",QQQ:0.023351;SPY:0.000000,drawdown_control_-23.93%|fallback_default
2023-11-10,risk_on,DEFENSIVE,0.07179516520910209,,,-0.019584962404073224,"META,GOOGL,AMZN,NVDA,TSLA",AAPL:-0.128113;AMZN:0.081738;GOOGL:0.180348;META:0.613277;MSFT:-0.110762;NVDA:0.049137;TSLA:-0.051899,"QQQ,SPY",QQQ:0.045693;SPY:0.000000,drawdown_control_-19.24%|fallback_default
2023-11-17,risk_on,DEFENSIVE,0.2175934444789851,,,0.1121107625949481,"META,GOOGL,AMZN,TSLA,NVDA",AAPL:-0.074681;AMZN:0.102960;GOOGL:0.226663;META:0.671565;MSFT:-0.072088;NVDA:0.076331;TSLA:0.091761,"QQQ,SPY",QQQ:0.037784;SPY:0.000000,drawdown_control_-17.52%|fallback_default
2023-11-24,risk_on,DEFENSIVE,0.20085565035991004,,,0.13914018394267585,"META,GOOGL,AMZN,TSLA,AAPL",AAPL:-0.039754;AMZN:0.176325;GOOGL:0.268145;META:0.696714;MSFT:-0.083153;NVDA:-0.064822;TSLA:0.099194,"QQQ,SPY",QQQ:0.028279;SPY:0.000000,drawdown_control_-15.73%|fallback_default
2023-12-01,risk_on,DEFENSIVE,0.12495495772354827,,,0.07618659771531684,"META,GOOGL,AMZN,TSLA,AAPL",AAPL:-0.090070;AMZN:0.081184;GOOGL:0.200700;META:0.585158;MSFT:-0.103435;NVDA:-0.147793;TSLA:0.070997,"QQQ,SPY",QQQ:0.012815;SPY:0.000000,drawdown_control_-14.93%|fallback_default
2023-12-08,risk_on,DEFENSIVE,0.12379378602551536,,,0.13470749587058717,,,"QQQ,SPY",QQQ:0.013293;SPY:0.000000,drawdown_control_-14.53%|fallback_default
2023-12-15,risk_on,DEFENSIVE,0.13711008438072936,,,0.1642622537992294,,,"QQQ,SPY",QQQ:0.009667;SPY:0.000000,drawdown_control_-14.18%|fallback_default
2023-12-22,risk_on,DEFAULT,0.30944706487933,,,0.38637082394885186,,,"QQQ,SPY",QQQ:0.021842;SPY:0.000000,normal
2023-12-29,risk_on,DEFAULT,0.34432749498549725,,,0.43177980006444067,,,"QQQ,SPY",QQQ:0.014183;SPY:0.000000,normal
2024-01-05,risk_on,DEFAULT,0.2405903490622807,,,0.400883913918616,,,"SPY,QQQ",QQQ:-0.016987;SPY:0.000000,normal
2024-01-12,risk_on,DEFENSIVE,0.15833549183927284,,,0.28406032007476617,,,"SPY,QQQ",QQQ:-0.006784;SPY:0.000000,drawdown_control_-12.95%|fallback_default
2024-01-19,risk_on,DEFAULT,0.44248339057936464,,,0.49471536104448005,,,"QQQ,SPY",QQQ:0.009322;SPY:0.000000,normal
2024-01-26,risk_on,DEFAULT,0.6398515313056085,,,0.7604647516914722,,,"SPY,QQQ",QQQ:-0.001057;SPY:0.000000,normal
2024-02-02,risk_on,DEFAULT,0.533517287359918,,,0.7831017709960837,,,"SPY,QQQ",QQQ:-0.002945;SPY:0.000000,normal
2024-02-09,risk_on,DEFAULT,0.5390129933083275,,,0.754355813375464,,,"SPY,QQQ",QQQ:-0.009611;SPY:0.000000,normal
2024-02-16,risk_on,DEFAULT,0.5471611711357177,,,0.739344677724394,,,"SPY,QQQ",QQQ:-0.014132;SPY:0.000000,normal
2024-02-23,risk_on,DEFAULT,0.44734922115337933,,,0.5743337401503698,,,"SPY,QQQ",QQQ:-0.021825;SPY:0.000000,normal
2024-03-01,risk_on,DEFAULT,0.5844867620461361,,,0.6331203056090006,,,"SPY,QQQ",QQQ:-0.017723;SPY:0.000000,normal
2024-03-08,risk_on,DEFAULT,0.5819981081028187,,,0.6968700284492128,,,"SPY,QQQ",QQQ:-0.012925;SPY:0.000000,normal
2024-03-15,risk_on,DEFAULT,0.4109636863783156,,,0.4967667007511503,,,"SPY,QQQ",QQQ:-0.036361;SPY:0.000000,normal
2024-03-22,risk_on,DEFAULT,0.32959358380267956,,,0.3863892072737269,,,"SPY,QQQ",QQQ:-0.039929;SPY:0.000000,normal
2024-03-29,risk_on,DEFAULT,0.45419555273333884,,,0.47926898681373326,,,"SPY,QQQ",QQQ:-0.046445;SPY:0.000000,normal
2024-04-05,risk_on,DEFAULT,0.56758170965526,,,0.7339426581360602,,,"SPY,QQQ",QQQ:-0.028234;SPY:0.000000,normal
2024-04-12,risk_on,DEFAULT,0.47098451372636224,,,0.519420147744884,,,"SPY,QQQ",QQQ:-0.020573;SPY:0.000000,normal
2024-04-19,risk_on,GROWTH_TECH,0.43306450816000985,,,0.3225770591412483,"META,GOOGL,NVDA,AMZN,MSFT",AAPL:-0.301774;AMZN:0.189305;GOOGL:0.261226;META:0.748758;MSFT:-0.157592;NVDA:0.257404;TSLA:-0.270879,"NVDA,META",AMZN:0.083945;GOOGL:0.026069;META:0.207761;MSFT:-0.035768;NVDA:0.312246,normal
2024-04-26,risk_on,DEFENSIVE,0.09150189405610268,,,-0.004492302837397136,"META,GOOGL,NVDA,AMZN,MSFT",AAPL:-0.240338;AMZN:0.184526;GOOGL:0.296183;META:0.629212;MSFT:-0.111476;NVDA:0.238983;TSLA:-0.276499,"SPY,QQQ",QQQ:-0.043513;SPY:0.000000,drawdown_control_-13.77%|fallback_default
2024-05-03,risk_on,GROWTH_TECH,0.11845321905849081,,,0.07609025263610647,"META,GOOGL,NVDA,AMZN,MSFT",AAPL:-0.173712;AMZN:0.165287;GOOGL:0.391598;META:0.540750;MSFT:-0.134197;NVDA:0.255874;TSLA:-0.217687,"NVDA,GOOGL",AMZN:0.098883;GOOGL:0.136669;META:0.046455;MSFT:-0.055610;NVDA:0.246109,normal
2024-05-10,risk_on,GROWTH_TECH,0.11688054103195473,,,0.04390114545896372,"META,GOOGL,NVDA,AMZN,MSFT",AAPL:-0.143575;AMZN:0.156195;GOOGL:0.358658;META:0.607549;MSFT:-0.130832;NVDA:0.186389;TSLA:-0.296903,"NVDA,GOOGL",AMZN:0.045449;GOOGL:0.108581;META:-0.056914;MSFT:-0.059168;NVDA:0.127700,normal
2024-05-17,risk_on,GROWTH_TECH,0.16628724085630622,,,0.15010980151610553,"META,GOOGL,NVDA,AMZN,MSFT",AAPL:-0.094720;AMZN:0.145472;GOOGL:0.409951;META:0.592266;MSFT:-0.083202;NVDA:0.262655;TSLA:-0.259257,"GOOGL,NVDA",AMZN:0.003361;GOOGL:0.148146;META:-0.102307;MSFT:-0.033755;NVDA:0.107496,normal
2024-05-24,risk_on,GROWTH_TECH,0.1698433696265634,,,0.16333429151747528,"META,NVDA,GOOGL,AMZN,MSFT",AAPL:-0.133997;AMZN:0.111399;GOOGL:0.398972;META:0.603309;MSFT:-0.087506;NVDA:0.421129;TSLA:-0.308089,"NVDA,GOOGL",AMZN:-0.014909;GOOGL:0.151880;META:-0.088659;MSFT:-0.007741;NVDA:0.219167,normal
2024-05-31,risk_on,GROWTH_TECH,0.19087277418196144,,,0.1319588407061637,"META,NVDA,GOOGL,AMZN,AAPL",AAPL:-0.101885;AMZN:0.084986;GOOGL:0.383347;META:0.607666;MSFT:-0.122635;NVDA:0.511065;TSLA:-0.316783,"NVDA,GOOGL",AAPL:0.027470;AMZN:-0.023636;GOOGL:0.200235;META:-0.088280;NVDA:0.313461,normal
2024-06-07,risk_on,GROWTH_TECH,0.232124809528484,,,0.1258970646382963,"META,NVDA,GOOGL,AMZN,MSFT",AAPL:-0.098610;AMZN:0.113547;GOOGL:0.425836;META:0.666629;MSFT:-0.093409;NVDA:0.647986;TSLA:-0.260562,"GOOGL,NVDA",AMZN:-0.002495;GOOGL:0.254256;META:-0.090310;MSFT:-0.013602;NVDA:0.200328,normal
2024-06-14,risk_on,GROWTH_TECH,0.32718294451795094,,,0.23544341084471027,"NVDA,META,GOOGL,AMZN,AAPL",AAPL:-0.019275;AMZN:0.099629;GOOGL:0.382342;META:0.672640;MSFT:-0.075580;NVDA:0.701549;TSLA:-0.210493,"NVDA,AAPL",AAPL:0.165443;AMZN:-0.035148;GOOGL:0.141761;META:-0.049124;NVDA:0.326865,normal
2024-06-21,risk_on,GROWTH_TECH,0.31683179371029174,,,0.23610787556607335,"NVDA,META,GOOGL,AMZN,AAPL",AAPL:-0.044026;AMZN:0.097430;GOOGL:0.348534;META:0.641205;MSFT:-0.079826;NVDA:0.667332;TSLA:-0.276248,"NVDA,GOOGL",AAPL:0.104285;AMZN:-0.012701;GOOGL:0.113829;META:-0.072840;NVDA:0.302282,normal
2024-06-28,risk_on,GROWTH_TECH,0.35025749231121506,,,0.25100971655238274,"META,NVDA,GOOGL,AMZN,AAPL",AAPL:-0.009428;AMZN:0.165185;GOOGL:0.391032;META:0.680350;MSFT:-0.056089;NVDA:0.508420;TSLA:-0.186549,"NVDA,AAPL",AAPL:0.170783;AMZN:0.046908;GOOGL:0.161889;META:-0.010370;NVDA:0.236844,normal
2024-07-05,risk_on,GROWTH_TECH,0.38129780956982534,,,0.2840251339106835,"META,NVDA,GOOGL,AMZN,TSLA",AAPL:0.048109;AMZN:0.183931;GOOGL:0.403660;META:0.657157;MSFT:-0.019012;NVDA:0.618617;TSLA:0.108244,"TSLA,NVDA",AMZN:0.008456;GOOGL:0.106608;META:-0.080693;NVDA:0.246882;TSLA:0.330515,normal
2024-07-12,risk_on,GROWTH_TECH,0.47701104969998465,,,0.43181849486249163,"META,NVDA,GOOGL,AMZN,TSLA",AAPL:0.036837;AMZN:0.121251;GOOGL:0.362918;META:0.599347;MSFT:-0.069682;NVDA:0.455941;TSLA:0.088268,"TSLA,NVDA",AMZN:-0.048786;GOOGL:0.061868;META:-0.149092;NVDA:0.184880;TSLA:0.186337,normal
2024-07-19,risk_on,DEFAULT,0.8421215832438561,,,0.9749294286933583,,,"SPY,QQQ",QQQ:-0.019326;SPY:0.000000,normal
2024-07-26,risk_on,DEFAULT,0.45594586500994105,,,0.4584302427397326,,,"SPY,QQQ",QQQ:-0.017393;SPY:0.000000,normal
2024-08-02,risk_on,DEFAULT,0.2595131224196119,,,0.30185349156315816,,,"SPY,QQQ",QQQ:-0.033534;SPY:0.000000,normal
2024-08-09,risk_on,GROWTH_TECH,0.18474598854062244,,,0.09149896523631765,"META,GOOGL,NVDA,AAPL,AMZN",AAPL:-0.075183;AMZN:-0.095961;GOOGL:0.167346;META:0.526209;MSFT:-0.230660;NVDA:0.020914;TSLA:-0.181637,"AAPL,NVDA",AAPL:0.134452;AMZN:-0.146356;GOOGL:-0.071891;META:0.040644;NVDA:0.092186,normal
2024-08-16,risk_on,GROWTH_TECH,0.12023823973019984,,,0.017948311305392154,"META,NVDA,GOOGL,AMZN,AAPL",AAPL:-0.014308;AMZN:-0.003203;GOOGL:0.176224;META:0.601036;MSFT:-0.178298;NVDA:0.185434;TSLA:-0.140932,"NVDA,AAPL",AAPL:0.129967;AMZN:-0.100917;GOOGL:-0.109018;META:0.051093;NVDA:0.161640,normal
2024-08-23,risk_on,GROWTH_TECH,0.18610091796582842,,,0.16087565660022204,"META,GOOGL,NVDA,AAPL,AMZN",AAPL:0.004234;AMZN:-0.010138;GOOGL:0.208634;META:0.614165;MSFT:-0.182531;NVDA:0.137615;TSLA:-0.102919,"NVDA,AAPL",AAPL:0.116582;AMZN:-0.101722;GOOGL:-0.121552;META:0.063675;NVDA:0.145061,normal
2024-08-30,risk_on,DEFAULT,0.2292084871350171,,,0.2441143002097167,,,"SPY,QQQ",QQQ:-0.049098;SPY:0.000000,normal
2024-09-06,risk_on,DEFAULT,0.11789264463666076,,,0.1647532172019078,,,"SPY,QQQ",QQQ:-0.041989;SPY:0.000000,normal
2024-09-13,risk_on,GROWTH_TECH,-0.0733125456104012,,,-0.10003653307073007,"META,GOOGL,TSLA,AMZN,AAPL",AAPL:-0.039687;AMZN:0.057894;GOOGL:0.164593;META:0.512483;MSFT:-0.177057;NVDA:-0.056126;TSLA:0.079919,"TSLA,AAPL",AAPL:0.012869;AMZN:-0.045764;GOOGL:-0.162842;META:-0.008342;TSLA:0.200019,normal
2024-09-20,risk_on,GROWTH_TECH,0.06480528072175418,,,0.044335809988415985,"META,GOOGL,TSLA,AMZN,AAPL",AAPL:-0.000606;AMZN:0.045028;GOOGL:0.181281;META:0.568060;MSFT:-0.165103;NVDA:-0.104549;TSLA:0.087216,"TSLA,META",AAPL:0.045919;AMZN:-0.042950;GOOGL:-0.127032;META:0.053006;TSLA:0.205800,normal
2024-09-27,risk_on,DEFAULT,0.0797254507164713,,,0.08382252432256762,,,"SPY,QQQ",QQQ:-0.046663;SPY:0.000000,normal
2024-10-04,risk_on,DEFAULT,-0.03987608721369205,,,0.029386503168932824,,,"SPY,QQQ",QQQ:-0.059344;SPY:0.000000,normal
2024-10-11,risk_on,DEFAULT,0.004002973815602941,,,0.02493183580641481,,,"SPY,QQQ",QQQ:-0.041701;SPY:0.000000,normal
2024-10-18,risk_on,DEFAULT,0.08835399749654835,,,0.15116049067119727,,,"SPY,QQQ",QQQ:-0.046074;SPY:0.000000,normal
2024-10-25,risk_on,DEFAULT,0.2024218928334648,,,0.22541770507291783,,,"SPY,QQQ",QQQ:-0.022237;SPY:0.000000,normal
2024-11-01,risk_on,GROWTH_TECH,0.35291157260277906,,,0.31336556738710775,"META,GOOGL,NVDA,AMZN,TSLA",AAPL:-0.055203;AMZN:0.058659;GOOGL:0.228970;META:0.620066;MSFT:-0.149134;NVDA:0.139813;TSLA:0.030735,"META,TSLA",AMZN:0.015629;GOOGL:-0.040552;META:0.068270;NVDA:0.037986;TSLA:0.047244,normal
2024-11-08,risk_on,GROWTH_TECH,0.32239845337865763,,,0.24978756358845822,"META,TSLA,GOOGL,NVDA,AMZN",AAPL:-0.065487;AMZN:0.165994;GOOGL:0.286108;META:0.613405;MSFT:-0.118638;NVDA:0.216116;TSLA:0.309367,"TSLA,AMZN",AMZN:0.059344;GOOGL:-0.022711;META:0.005450;NVDA:0.048413;TSLA:0.077415,normal
2024-11-15,risk_on,GROWTH_TECH,0.3417141436255757,,,0.2565130778097208,"META,TSLA,GOOGL,AMZN,NVDA",AAPL:-0.094248;AMZN:0.150754;GOOGL:0.228671;META:0.583754;MSFT:-0.132501;NVDA:0.103185;TSLA:0.326084,"TSLA,AMZN",AMZN:0.079971;GOOGL:-0.005920;META:0.013838;NVDA:-0.012338;TSLA:0.175784,normal
2024-11-22,risk_on,GROWTH_TECH,0.24879366803429412,,,0.12412456547565004,"META,TSLA,GOOGL,AMZN,NVDA",AAPL:-0.097694;AMZN:0.091632;GOOGL:0.183226;META:0.563539;MSFT:-0.178239;NVDA:0.053628;TSLA:0.398246,"TSLA,AMZN",AMZN:0.029859;GOOGL:-0.048508;META:-0.004484;NVDA:-0.007546;TSLA:0.333876,normal
2024-11-29,risk_on,GROWTH_TECH,0.3082684111260808,,,0.18206413149292275,"META,TSLA,GOOGL,AMZN,NVDA",AAPL:-0.074688;AMZN:0.122924;GOOGL:0.179862;META:0.571278;MSFT:-0.151399;NVDA:-0.027167;TSLA:0.373193,"TSLA,AMZN",AMZN:0.070602;GOOGL:-0.033342;META:0.004848;NVDA:-0.025752;TSLA:0.342824,normal
2024-12-06,risk_on,GROWTH_TECH,0.5467749971967146,,,0.4473772174571277,"META,TSLA,GOOGL,AMZN,NVDA",AAPL:-0.022382;AMZN:0.167233;GOOGL:0.227092;META:0.648965;MSFT:-0.092153;NVDA:0.045843;TSLA:0.491298,"TSLA,NVDA",AMZN:0.065598;GOOGL:0.028633;META:0.048790;NVDA:0.097463;TSLA:0.271362,normal
2024-12-13,risk_on,GROWTH_TECH,0.5453994515817104,,,0.3989514725211665,"META,TSLA,GOOGL,AMZN,AAPL",AAPL:-0.026102;AMZN:0.179058;GOOGL:0.308707;META:0.654153;MSFT:-0.116592;NVDA:-0.088230;TSLA:0.620465,"TSLA,GOOGL",AAPL:0.050400;AMZN:0.093089;GOOGL:0.136153;META:0.092819;TSLA:0.469081,normal
2024-12-20,risk_on,GROWTH_TECH,0.5437801092423911,,,0.3464894162383248,"TSLA,META,GOOGL,AMZN,AAPL",AAPL:-0.033030;AMZN:0.146054;GOOGL:0.280158;META:0.580986;MSFT:-0.142968;NVDA:-0.098299;TSLA:0.603936,"TSLA,GOOGL",AAPL:0.070596;AMZN:0.107667;GOOGL:0.112920;META:0.021048;TSLA:0.688138,normal
2024-12-27,risk_on,GROWTH_TECH,0.44881425042697054,,,0.20292653946229702,"TSLA,META,GOOGL,AMZN,AAPL",AAPL:-0.008041;AMZN:0.152577;GOOGL:0.325392;META:0.584293;MSFT:-0.145886;NVDA:-0.037936;TSLA:0.594725,"TSLA,GOOGL",AAPL:0.097450;AMZN:0.095327;GOOGL:0.136490;META:-0.000030;TSLA:0.563681,normal
2025-01-03,risk_on,GROWTH_TECH,0.4661633473831252,,,0.2231603887470228,"META,GOOGL,TSLA,AMZN,NVDA",AAPL:-0.110029;AMZN:0.108578;GOOGL:0.264755;META:0.518513;MSFT:-0.198075;NVDA:-0.069992;TSLA:0.188731,"TSLA,AMZN",AMZN:0.140959;GOOGL:0.106083;META:0.011731;NVDA:0.118189;TSLA:0.415609,normal
2025-01-10,risk_on,GROWTH_TECH,0.47247563034134815,,,0.15003985218397575,"META,GOOGL,TSLA,AMZN,NVDA",AAPL:-0.128517;AMZN:0.101175;GOOGL:0.300693;META:0.553878;MSFT:-0.187497;NVDA:-0.085243;TSLA:0.231047,"TSLA,AMZN",AMZN:0.163503;GOOGL:0.142341;META:-0.004801;NVDA:0.004994;TSLA:0.495659,normal
2025-01-17,risk_on,GROWTH_TECH,0.38291089191064576,,,0.045032346398907026,"META,TSLA,GOOGL,AMZN,NVDA",AAPL:-0.193561;AMZN:0.103830;GOOGL:0.262440;META:0.588207;MSFT:-0.180145;NVDA:-0.107327;TSLA:0.275598,"TSLA,AMZN",AMZN:0.139664;GOOGL:0.137643;META:0.017470;NVDA:-0.018202;TSLA:0.788513,normal
2025-01-24,risk_on,GROWTH_TECH,0.3487609109761241,,,0.15897787311638864,"META,TSLA,GOOGL,AMZN,NVDA",AAPL:-0.214132;AMZN:0.190728;GOOGL:0.310916;META:0.667223;MSFT:-0.118503;NVDA:-0.004764;TSLA:0.394505,"TSLA,AMZN",AMZN:0.159971;GOOGL:0.144188;META:0.048449;NVDA:-0.052481;TSLA:0.661667,normal
2025-01-31,risk_on,GROWTH_TECH,0.44804468015031174,,,0.2751966366886492,"META,GOOGL,TSLA,AMZN,MSFT",AAPL:-0.146056;AMZN:0.162440;GOOGL:0.312895;META:0.740311;MSFT:-0.140688;NVDA:-0.207200;TSLA:0.196751,"TSLA,AMZN",AMZN:0.171692;GOOGL:0.142677;META:0.136746;MSFT:-0.075125;TSLA:0.362407,normal
2025-02-07,risk_on,GROWTH_TECH,0.27050949331116336,,,0.05773870292330851,"META,GOOGL,TSLA,AMZN,MSFT",AAPL:-0.116241;AMZN:0.227426;GOOGL:0.282635;META:0.768837;MSFT:-0.104290;NVDA:-0.112317;TSLA:0.251331,"TSLA,META",AMZN:0.117491;GOOGL:0.044589;META:0.197762;MSFT:-0.047571;TSLA:0.281342,normal
2025-02-14,risk_on,GROWTH_TECH,0.285622178668645,,,0.2040234323447246,"META,GOOGL,AMZN,TSLA,AAPL",AAPL:-0.094989;AMZN:0.143682;GOOGL:0.223663;META:0.754543;MSFT:-0.144428;NVDA:-0.141594;TSLA:0.015453,"META,AMZN",AAPL:0.062349;AMZN:0.085201;GOOGL:0.007909;META:0.226896;TSLA:-0.023462,normal
2025-02-21,risk_on,GROWTH_TECH,0.32518451789955094,,,0.22101560576073057,"META,GOOGL,AMZN,TSLA,AAPL",AAPL:-0.068388;AMZN:0.080646;GOOGL:0.206900;META:0.713687;MSFT:-0.146172;NVDA:-0.140813;TSLA:-0.044348,"META,AAPL",AAPL:0.059236;AMZN:0.037901;GOOGL:0.013449;META:0.209874;TSLA:-0.007472,normal
2025-02-28,risk_on,GROWTH_TECH,0.14281678468340964,,,0.07220018133707296,"META,GOOGL,AMZN,AAPL,MSFT",AAPL:-0.138595;AMZN:0.021671;GOOGL:0.141363;META:0.620010;MSFT:-0.192796;NVDA:-0.228262;TSLA:-0.243630,"META,AMZN",AAPL:0.044590;AMZN:0.089959;GOOGL:0.050676;META:0.198269;MSFT:-0.039437,normal
2025-03-07,risk_on,DEFAULT,-0.2295078320551964,,,-0.12625236886757116,,,"QQQ,SPY",QQQ:0.016879;SPY:0.000000,normal
2025-03-14,risk_off,DEFAULT,-0.4691334358544689,,,-0.25130091266708776,,,"QQQ,SPY",QQQ:0.014480;SPY:0.000000,normal
2025-03-21,risk_off,DEFENSIVE,-0.5032942835208152,,,-0.25673446322376314,,,"SPY,QQQ",QQQ:-0.023092;SPY:0.000000,drawdown_control_-12.51%|fallback_default
2025-03-28,risk_off,DEFENSIVE,-0.5719017846154825,,,-0.27974752043037604,,,"SPY,QQQ",QQQ:-0.018519;SPY:0.000000,drawdown_control_-12.31%|fallback_default
2025-04-04,risk_off,DEFENSIVE,-0.6197476364573384,,,-0.32926953653064056,,,"SPY,QQQ",QQQ:-0.015275;SPY:0.000000,drawdown_control_-14.04%|fallback_default
2025-04-11,risk_off,DEFENSIVE,-0.623749735839627,,,-0.39460078251899017,,,"SPY,QQQ",QQQ:-0.007802;SPY:0.000000,drawdown_control_-22.18%|fallback_default
2025-04-18,risk_off,DEFENSIVE,-0.3553683751617788,,,-0.25567664682342883,,,"SPY,QQQ",QQQ:-0.010926;SPY:0.000000,drawdown_control_-17.05%|fallback_default
2025-04-25,risk_off,DEFENSIVE,-0.48185157051088773,,,-0.33925781671319205,,,"SPY,QQQ",QQQ:-0.003134;SPY:0.000000,drawdown_control_-18.58%|fallback_default
2025-05-02,risk_off,DEFENSIVE,-0.23229235270469495,,,-0.1670319379135185,,,"QQQ,SPY",QQQ:0.011356;SPY:0.000000,drawdown_control_-14.09%|fallback_default
2025-05-09,risk_off,DEFAULT,-0.14327610418328202,,,-0.09974040436215727,,,"QQQ,SPY",QQQ:0.001358;SPY:0.000000,normal
2025-05-16,risk_on,DEFAULT,-0.18289611021869032,,,-0.15045675812877596,,,"QQQ,SPY",QQQ:0.007438;SPY:0.000000,normal
2025-05-23,risk_on,DEFAULT,0.0043103965776173135,,,0.00547861041769322,,,"QQQ,SPY",QQQ:0.011458;SPY:0.000000,normal
2025-05-30,risk_on,GROWTH_TECH,0.035790280961352006,,,0.0007507093312374706,"META,GOOGL,NVDA,MSFT,TSLA",AAPL:-0.267326;AMZN:-0.136035;GOOGL:0.226529;META:0.585663;MSFT:0.032319;NVDA:0.048981;TSLA:0.012901,"TSLA,NVDA",GOOGL:0.010951;META:-0.023691;MSFT:0.157972;NVDA:0.160015;TSLA:0.290510,normal
2025-06-06,risk_on,GROWTH_TECH,0.13402234822350942,,,0.09180732688679406,"META,GOOGL,NVDA,MSFT,AMZN",AAPL:-0.246661;AMZN:-0.131432;GOOGL:0.207789;META:0.610747;MSFT:0.012923;NVDA:0.055903;TSLA:-0.196294,"NVDA,MSFT",AMZN:-0.003885;GOOGL:-0.056140;META:0.045674;MSFT:0.141361;NVDA:0.211710,normal
2025-06-13,risk_on,GROWTH_TECH,0.18326071182893347,,,0.17162827328578603,"META,GOOGL,NVDA,MSFT,AMZN",AAPL:-0.251047;AMZN:-0.158188;GOOGL:0.211991;META:0.595827;MSFT:0.018566;NVDA:0.022712;TSLA:-0.174473,"MSFT,NVDA",AMZN:-0.014254;GOOGL:-0.007047;META:0.040534;MSFT:0.168172;NVDA:0.094472,normal
2025-06-20,risk_on,GROWTH_TECH,0.20371418138667904,,,0.1585546992612986,"META,GOOGL,NVDA,MSFT,AMZN",AAPL:-0.258935;AMZN:-0.156561;GOOGL:0.188616;META:0.623072;MSFT:0.012972;NVDA:0.047862;TSLA:-0.172751,"MSFT,NVDA",AMZN:0.022196;GOOGL:0.007761;META:0.114856;MSFT:0.182808;NVDA:0.151188,normal
2025-06-27,risk_on,GROWTH_TECH,0.23124552644779592,,,0.19338461622812197,"META,GOOGL,NVDA,MSFT,AMZN",AAPL:-0.246707;AMZN:-0.136678;GOOGL:0.177030;META:0.672948;MSFT:0.063347;NVDA:0.127499;TSLA:-0.217150,"NVDA,MSFT",AMZN:-0.011095;GOOGL:-0.016568;META:0.079011;MSFT:0.196001;NVDA:0.225206,normal
2025-07-04,risk_on,DEFAULT,0.5549508673705944,,,0.6342495367303647,,,"QQQ,SPY",QQQ:0.043136;SPY:0.000000,normal
2025-07-11,risk_on,DEFAULT,0.44836224371135147,,,0.5662932838098025,,,"QQQ,SPY",QQQ:0.030550;SPY:0.000000,normal
2025-07-18,risk_on,DEFAULT,0.644510386576755,,,0.6456548561855437,,,"QQQ,SPY",QQQ:0.025782;SPY:0.000000,normal
2025-07-25,risk_on,GROWTH_TECH,0.5838406676390606,,,0.5636225434533493,"META,GOOGL,NVDA,MSFT,AMZN",AAPL:-0.128736;AMZN:-0.062244;GOOGL:0.288669;META:0.649224;MSFT:0.062132;NVDA:0.223327;TSLA:-0.221579,"NVDA,MSFT",AMZN:0.003679;GOOGL:0.076522;META:0.029932;MSFT:0.162838;NVDA:0.299714,normal
2025-08-01,risk_on,GROWTH_TECH,0.5222341565372554,,,0.5094653021334424,"META,NVDA,GOOGL,MSFT,AMZN",AAPL:-0.164068;AMZN:-0.084707;GOOGL:0.256100;META:0.679799;MSFT:0.102390;NVDA:0.284695;TSLA:-0.233857,"NVDA,MSFT",AMZN:0.055995;GOOGL:0.090821;META:0.148067;MSFT:0.214471;NVDA:0.341827,normal
2025-08-08,risk_on,GROWTH_TECH,0.47400549246908164,,,0.4004153255380454,"META,GOOGL,NVDA,MSFT,AAPL",AAPL:-0.074174;AMZN:-0.149140;GOOGL:0.318298;META:0.623169;MSFT:0.053654;NVDA:0.249629;TSLA:-0.171599,"NVDA,GOOGL",AAPL:-0.042020;GOOGL:0.168035;META:0.061487;MSFT:0.097505;NVDA:0.286634,normal
2025-08-15,risk_on,GROWTH_TECH,0.4967742213575782,,,0.36927338076830485,"META,GOOGL,NVDA,MSFT,AAPL",AAPL:-0.047652;AMZN:-0.129030;GOOGL:0.327492;META:0.627108;MSFT:0.042634;NVDA:0.149956;TSLA:-0.191648,"NVDA,GOOGL",AAPL:-0.019729;GOOGL:0.136310;META:0.054112;MSFT:0.072131;NVDA:0.178009,normal
2025-08-22,risk_on,GROWTH_TECH,0.7054959878247701,,,0.5897572243163738,"META,GOOGL,NVDA,MSFT,AAPL",AAPL:-0.077017;AMZN:-0.157970;GOOGL:0.289768;META:0.584776;MSFT:0.003978;NVDA:0.109477;TSLA:-0.204160,"NVDA,GOOGL",AAPL:0.001593;GOOGL:0.075929;META:0.019261;MSFT:0.035007;NVDA:0.161551,normal
2025-08-29,risk_on,GROWTH_TECH,0.5488855711429331,,,0.47645122707759247,"META,GOOGL,NVDA,MSFT,AAPL",AAPL:-0.017041;AMZN:-0.102950;GOOGL:0.379707;META:0.577120;MSFT:0.017400;NVDA:0.124653;TSLA:-0.072333,"NVDA,GOOGL",AAPL:0.044009;GOOGL:0.105630;META:0.002471;MSFT:0.035824;NVDA:0.129388,normal
2025-09-05,risk_on,GROWTH_TECH,0.4988173458673671,,,0.3792139357036277,"META,GOOGL,NVDA,AAPL,MSFT",AAPL:0.015810;AMZN:-0.050281;GOOGL:0.491515;META:0.577221;MSFT:0.013271;NVDA:0.106972;TSLA:0.004476,"GOOGL,NVDA",AAPL:0.069018;GOOGL:0.235197;META:-0.048851;MSFT:0.028076;NVDA:0.069312,normal
2025-09-12,risk_on,GROWTH_TECH,0.5486159972199458,,,0.4452046749182343,"META,GOOGL,NVDA,TSLA,MSFT",AAPL:-0.017782;AMZN:-0.076831;GOOGL:0.532042;META:0.597677;MSFT:0.012495;NVDA:0.105278;TSLA:0.085330,"GOOGL,NVDA",GOOGL:0.217279;META:-0.052738;MSFT:-0.016134;NVDA:0.089011;TSLA:-0.050414,normal
2025-09-19,risk_on,GROWTH_TECH,0.6775916055389971,,,0.5476931408027984,"META,GOOGL,TSLA,NVDA,MSFT",AAPL:0.018683;AMZN:-0.065622;GOOGL:0.628667;META:0.664861;MSFT:0.030307;NVDA:0.100757;TSLA:0.275474,"GOOGL,TSLA",GOOGL:0.267206;META:-0.034605;MSFT:-0.030172;NVDA:0.035983;TSLA:0.049261,normal
2025-09-26,risk_on,GROWTH_TECH,0.6756394772199358,,,0.5137775379042954,"META,GOOGL,TSLA,NVDA,AAPL",AAPL:0.082796;AMZN:-0.168800;GOOGL:0.545800;META:0.580611;MSFT:0.009066;NVDA:0.094980;TSLA:0.183541,"GOOGL,AAPL",AAPL:0.160249;GOOGL:0.279737;META:-0.059728;NVDA:0.015298;TSLA:0.111220,normal
2025-10-03,risk_on,GROWTH_TECH,0.5938036204233593,,,0.3896797889522703,"META,GOOGL,TSLA,NVDA,AAPL",AAPL:0.090507;AMZN:-0.111089;GOOGL:0.546170;META:0.608997;MSFT:0.046630;NVDA:0.245001;TSLA:0.294542,"GOOGL,TSLA",AAPL:0.104432;GOOGL:0.247365;META:-0.066569;NVDA:0.061502;TSLA:0.183960,normal
2025-10-10,risk_on,GROWTH_TECH,0.5675858906793226,,,0.48584532784515433,"META,GOOGL,TSLA,NVDA,AAPL",AAPL:0.121725;AMZN:-0.087554;GOOGL:0.492217;META:0.604378;MSFT:0.052403;NVDA:0.212082;TSLA:0.254021,"GOOGL,TSLA",AAPL:0.098893;GOOGL:0.209393;META:-0.060064;NVDA:0.036552;TSLA:0.174028,normal
2025-10-17,risk_on,GROWTH_TECH,0.35438439368427876,,,0.23933165974524168,"META,GOOGL,TSLA,NVDA,AAPL",AAPL:0.056669;AMZN:-0.137828;GOOGL:0.515028;META:0.602473;MSFT:0.035482;NVDA:0.156436;TSLA:0.197080,"GOOGL,TSLA",AAPL:0.099580;GOOGL:0.270331;META:-0.050350;NVDA:-0.034483;TSLA:0.157992,normal
2025-10-24,risk_on,GROWTH_TECH,0.3993310237204253,,,0.2747819274578336,"META,GOOGL,TSLA,NVDA,AAPL",AAPL:0.057527;AMZN:-0.128591;GOOGL:0.489152;META:0.606741;MSFT:0.025665;NVDA:0.094044;TSLA:0.165406,"TSLA,GOOGL",AAPL:0.127576;GOOGL:0.221331;META:-0.034580;NVDA:-0.037129;TSLA:0.259289,normal
2025-10-31,risk_on,GROWTH_TECH,0.5687506185588824,,,0.55914005456277,"GOOGL,META,NVDA,TSLA,AAPL",AAPL:0.087418;AMZN:-0.097309;GOOGL:0.631425;META:0.449513;MSFT:-0.004140;NVDA:0.212516;TSLA:0.148273,"GOOGL,AAPL",AAPL:0.197818;GOOGL:0.330204;META:-0.241122;NVDA:-0.002623;TSLA:0.176841,normal
2025-11-07,risk_on,GROWTH_TECH,0.558704979788635,,,0.5189044591387607,"GOOGL,META,TSLA,NVDA,AAPL",AAPL:0.052899;AMZN:-0.031895;GOOGL:0.683051;META:0.384564;MSFT:-0.061312;NVDA:0.095464;TSLA:0.104704,"GOOGL,TSLA",AAPL:0.113226;GOOGL:0.328729;META:-0.259361;NVDA:-0.063047;TSLA:0.186752,normal
2025-11-14,risk_on,GROWTH_TECH,0.3178754216861076,,,0.2659452874855844,"GOOGL,META,AAPL,NVDA,MSFT",AAPL:0.042564;AMZN:-0.076775;GOOGL:0.580768;META:0.353607;MSFT:-0.052109;NVDA:0.032927;TSLA:-0.078132,"GOOGL,AAPL",AAPL:0.131399;GOOGL:0.286584;META:-0.269412;MSFT:-0.070023;NVDA:-0.051009,normal
2025-11-21,risk_on,GROWTH_TECH,0.3110885176377077,,,0.284998700795311,"GOOGL,META,AAPL,NVDA,MSFT",AAPL:0.037641;AMZN:-0.167885;GOOGL:0.613350;META:0.327121;MSFT:-0.096544;NVDA:0.010424;TSLA:-0.111156,"GOOGL,AAPL",AAPL:0.156757;GOOGL:0.386007;META:-0.229595;MSFT:-0.066782;NVDA:-0.005028,normal
2025-11-28,risk_on,GROWTH_TECH,0.21246638490847952,,,0.13942424517757995,"GOOGL,META,AAPL,TSLA,NVDA",AAPL:0.052749;AMZN:-0.135071;GOOGL:0.706976;META:0.378769;MSFT:-0.103647;NVDA:-0.033784;TSLA:-0.028503,"GOOGL,AAPL",AAPL:0.143477;GOOGL:0.418246;META:-0.207237;NVDA:-0.083882;TSLA:0.101424,normal
2025-12-05,risk_on,GROWTH_TECH,0.27943940956251934,,,0.2593861408732621,"GOOGL,META,TSLA,AAPL,NVDA",AAPL:0.049089;AMZN:-0.186275;GOOGL:0.630986;META:0.441594;MSFT:-0.094911;NVDA:-0.005997;TSLA:0.105708,"GOOGL,TSLA",AAPL:0.116841;GOOGL:0.254086;META:-0.185560;NVDA:-0.007269;TSLA:0.127129,normal
2025-12-12,risk_on,GROWTH_TECH,0.23797649590303369,,,0.2219546497401026,"GOOGL,META,AAPL,TSLA,NVDA",AAPL:0.052735;AMZN:-0.165006;GOOGL:0.570010;META:0.446070;MSFT:-0.106108;NVDA:-0.038327;TSLA:-0.005774,"GOOGL,AAPL",AAPL:0.139849;GOOGL:0.216506;META:-0.190656;NVDA:-0.063085;TSLA:0.005557,normal
2025-12-19,risk_on,DEFAULT,0.07615321829163485,,,0.10947716232041285,,,"SPY,QQQ",QQQ:-0.008804;SPY:0.000000,normal
2025-12-26,risk_on,GROWTH_TECH,0.1465274252221125,,,0.13443239215541936,"GOOGL,META,TSLA,NVDA,AAPL",AAPL:-0.008744;AMZN:-0.136322;GOOGL:0.531436;META:0.437930;MSFT:-0.086301;NVDA:-0.008701;TSLA:0.080216,"GOOGL,TSLA",AAPL:0.025641;GOOGL:0.195647;META:-0.164739;NVDA:-0.026410;TSLA:0.027362,normal
2026-01-02,risk_on,GROWTH_TECH,0.18721030895231328,,,0.13831797598584492,"GOOGL,META,TSLA,NVDA,AAPL",AAPL:-0.056028;AMZN:-0.154379;GOOGL:0.532807;META:0.434367;MSFT:-0.108680;NVDA:-0.051770;TSLA:-0.004494,"GOOGL,AAPL",AAPL:0.046801;GOOGL:0.243564;META:-0.104235;NVDA:-0.036979;TSLA:-0.060817,normal
2026-01-09,risk_on,GROWTH_TECH,0.19540224773999373,,,0.18476898153775734,"GOOGL,META,TSLA,NVDA,AMZN",AAPL:-0.089122;AMZN:-0.087394;GOOGL:0.589927;META:0.407226;MSFT:-0.127790;NVDA:-0.085871;TSLA:-0.049714,"GOOGL,AMZN",AMZN:0.004847;GOOGL:0.257438;META:-0.096001;NVDA:-0.034278;TSLA:0.000510,normal
2026-01-16,risk_on,GROWTH_TECH,0.16971924896695847,,,0.10187305914287229,"GOOGL,META,NVDA,AAPL,TSLA",AAPL:-0.080629;AMZN:-0.094912;GOOGL:0.599009;META:0.385016;MSFT:-0.157909;NVDA:-0.058218;TSLA:-0.090061,"GOOGL,AAPL",AAPL:0.071340;GOOGL:0.202405;META:-0.112032;NVDA:-0.007718;TSLA:-0.020663,normal
2026-01-23,risk_on,GROWTH_TECH,0.025909573240111648,,,0.01422098913103407,"GOOGL,META,TSLA,NVDA,AMZN",AAPL:-0.136363;AMZN:-0.136200;GOOGL:0.563417;META:0.408391;MSFT:-0.180050;NVDA:-0.081814;TSLA:-0.034594,"GOOGL,AMZN",AMZN:0.012723;GOOGL:0.220930;META:-0.119151;NVDA:0.000007;TSLA:-0.016520,normal
2026-01-30,risk_on,GROWTH_TECH,-0.03572711559744239,,,-0.046555014692180936,"GOOGL,META,AAPL,NVDA,TSLA",AAPL:-0.100196;AMZN:-0.132338;GOOGL:0.554073;META:0.500845;MSFT:-0.239308;NVDA:-0.100753;TSLA:-0.116070,"GOOGL,AAPL",AAPL:0.013398;GOOGL:0.184614;META:-0.110809;NVDA:-0.056581;TSLA:-0.001300,normal
2026-02-06,risk_on,GROWTH_TECH,0.11167304181652796,,,0.06730450586025649,"GOOGL,META,AAPL,TSLA,NVDA",AAPL:-0.037726;AMZN:-0.236267;GOOGL:0.489795;META:0.474618;MSFT:-0.291303;NVDA:-0.200229;TSLA:-0.168622,"GOOGL,META",AAPL:0.001366;GOOGL:0.110581;META:0.041439;NVDA:-0.076911;TSLA:-0.006145,normal
2026-02-13,risk_on,DEFAULT,-0.009956700752537562,,,0.06733591556431422,,,"SPY,QQQ",QQQ:-0.009209;SPY:0.000000,normal
