Date,Original Adaptive Rotation,Modified Adaptive Rotation,QQQ,SPY
2018-01-02,1.0,1.0,1.0,1.0
2018-01-03,1.0,1.0,1.0097167494552288,1.0063249596538553
2018-01-04,1.0,1.0,1.0114834404084365,1.0105666907905007
2018-01-05,1.0,1.0,1.0216415324837818,1.0173009170927039
2018-01-08,1.0,1.0,1.025616764884445,1.0191613549080392
2018-01-09,1.0,1.0,1.0256798428515548,1.0214682126561114
2018-01-10,1.0,1.0,1.0232819659279435,1.0199051946225781
2018-01-11,1.0,1.0,1.0302859564981428,1.0273468168794595
2018-01-12,1.0,1.0,1.0378572424730261,1.0340439543995037
2018-01-16,1.0,1.0,1.0348918669950784,1.0305092322041574
2018-01-17,1.0,1.0,1.0460596128434867,1.0403316317645102
2018-01-18,1.0,1.0,1.0462490498944688,1.0385831053179508
2018-01-19,1.0,1.0,1.049529916782792,1.0433080226583433
2018-01-22,1.0,1.0,1.0607607405983102,1.0517912914249445
2018-01-23,1.0,1.0,1.0695311173972386,1.0540240361109283
2018-01-24,1.0,1.0,1.0625908142431066,1.053614511453661
2018-01-25,1.0,1.0,1.0622120417159686,1.0540608023819384
2018-01-26,1.0,1.0,1.0784907280974965,1.0662648177747505
2018-01-29,1.0,1.0,1.0732537332049834,1.0591951153751384
2018-01-30,1.0,1.0,1.0644204815885978,1.0483313273139852
2018-01-31,1.0,1.0,1.068836853459725,1.0488516668021213
2018-02-01,1.0,1.0,1.0597512899748998,1.0476612781503856
2018-02-02,1.0,1.0,1.0386145843776495,1.0248539347005226
2018-02-05,1.0,1.0,0.9976655057679773,0.9819918804593075
2018-02-06,1.0,1.0,1.0241022842248506,1.0013394533049007
2018-02-07,1.0,1.0,1.010852356012859,0.9959074625209794
2018-02-08,1.0,1.0,0.9681997659919153,0.9585519636413831
2018-02-09,1.0,1.0,0.9849200997180384,0.9729508609112617
2018-02-12,1.0,1.0,1.0023974706243064,0.9872379113145942
2018-02-13,1.0,1.0,1.0075713875497094,0.9896934467024525
2018-02-14,1.0,1.0,1.0264367784568733,1.0030510844759903
2018-02-15,1.0,1.0,1.045491504840193,1.0158498749301763
2018-02-16,1.0,1.0,1.0408226179509736,1.0161476172231274
2018-02-20,1.0,1.0,1.0429046987397306,1.0097849882670444
2018-02-21,1.0,1.0,1.0399396279862618,1.0047620061225517
2018-02-22,1.0,1.0,1.0398131673275632,1.0060648866631319
2018-02-23,1.0,1.0,1.061076232008686,1.0221005925174833
2018-02-26,1.0,1.0,1.075146681667237,1.0339695833284956
2018-02-27,1.0,1.0,1.061833472338483,1.0210588815055337
2018-02-28,1.0,1.0,1.0550196298430496,1.010715239425827
2018-03-01,1.0,1.0,1.037794164505916,0.996019115880836
2018-03-02,1.0,1.0,1.0473216800598153,1.001153106362887
2018-03-05,1.0,1.0,1.0589308701031666,1.0127242903787184
2018-03-06,1.0,1.0,1.0634108278155348,1.015291995144272
2018-03-07,1.0,1.0,1.0658715795566036,1.0149196237713938
2018-03-08,1.0,1.0,1.0717394556950415,1.0198310815604896
2018-03-09,1.0,1.0,1.0925609746063951,1.0375784185859305
2018-03-12,1.0,1.0,1.0983657727777232,1.0362763765743381
2018-03-13,1.0,1.0,1.0834124347292864,1.0295791745520642
2018-03-14,1.0,1.0,1.083222896103478,1.024295796905699
2018-03-15,1.0,1.0,1.0822767265968298,1.0231795858182817
2018-03-16,1.0,1.0,1.0790585313763115,1.0242891531760252
2018-03-19,1.0,1.0,1.0560354796805147,1.0104300105654653
2018-03-20,1.0,1.0,1.0595113702352645,1.0121486724796076
2018-03-21,1.0,1.0,1.0548979432011856,1.0102058008145343
2018-03-22,1.0,1.0,1.028860252236703,0.9849536293469665
2018-03-23,1.0,1.0,1.001748712208959,0.9639598950935734
2018-03-26,1.0,1.0,1.038971924616446,0.9903329218091069
2018-03-27,1.0,1.0,1.0053508602727548,0.9734855198944228
2018-03-28,1.0,1.0,0.9937858552788285,0.9706091074568448
2018-03-29,1.0,1.0,1.011986743672574,0.9830115317086512
2018-04-02,0.999,0.999,0.9827894661623273,0.9617933296954075
2018-04-03,0.9948856072092972,0.9948856072092972,0.9938489332459384,0.9741205443472181
2018-04-04,0.9953652442274904,0.9953652442274904,1.009521725788802,0.9845428146451023
2018-04-05,0.9927652745735301,0.9927652745735301,1.0152730956015155,0.9923126887496501
2018-04-06,0.9949163217773351,0.9949163217773351,0.9898676063556994,0.9701980347460611
2018-04-09,0.9958433695013096,0.9958433695013096,0.9968195906148517,0.9749797140487146
2018-04-10,0.9917610390352614,0.9917610390352614,1.0188120641233753,0.990481986462272
2018-04-11,0.9910684748489108,0.9910684748489108,1.0129346399512684,0.9852898149689034
2018-04-12,0.9842383593298659,0.9842383593298659,1.0251320498135137,0.9933960682020777
2018-04-13,0.9860370946056767,0.9860370946056767,1.0198230383691795,0.990481986462272
2018-04-16,0.9955012811459764,0.9955012811459764,1.0275966613979803,0.9986260380021338
2018-04-17,1.0270664301824228,1.0270664301824228,1.0497157987148549,1.0093093488241889
2018-04-18,1.0372432963495866,1.0372432963495866,1.0518644110148148,1.0100565426546795
2018-04-19,1.0453364662536992,1.0453364662536992,1.04219540172793,1.0044532984505274
2018-04-20,1.0273327219057864,1.0273327219057864,1.0257004625412864,0.9959362950177187
2018-04-23,1.0305191339357012,1.0305191339357012,1.0231095934477736,0.9957865853422553
2018-04-24,1.0299952360067284,1.0299952360067284,1.0014328144992783,0.9823759912380171
2018-04-25,1.0320939854551694,1.0320939854551694,1.002633327370891,0.9848043066848821
2018-04-26,1.034588640564074,1.034588640564074,1.0237414904419613,0.9948154397697528
2018-04-27,1.0332486098622213,1.0332486098622213,1.024373489010975,0.9957490450444871
2018-04-30,1.0338998749484678,1.0338998749484678,1.017105607042142,0.9880915983265541
2018-05-01,1.0357233731121902,1.0357233731121902,1.0287341978773097,0.9898472200183961
2018-05-02,1.03756474098834,1.03756474098834,1.0226673366542207,0.983197878650665
2018-05-03,1.0347314122856575,1.0347314122856575,1.0225405712710434,0.9810313777547289
2018-05-04,1.0356211369581765,1.0356211369581765,1.041942175686054,0.9937320603173252
2018-05-07,1.0456530160405073,1.0456530160405073,1.050600312301961,0.9970944325545334
2018-05-08,1.0456338881418548,1.0456338881418548,1.0495263616638728,0.9970944325545334
2018-05-09,1.0544400944948524,1.0544400944948524,1.0609649059991006,1.0067320332263887
2018-05-10,1.062335524535986,1.062335524535986,1.071961396690428,1.0161456176540022
2018-05-11,1.0582785221650075,1.0582785221650075,1.0709501177201448,1.0192457883269024
2018-05-14,1.0565919239405575,1.0565919239405575,1.0727831370349028,1.0197314901176133
2018-05-15,1.0434052033308137,1.0434052033308137,1.0609016248823382,1.0127090033502457
2018-05-16,1.0519681500322813,1.0519681500322813,1.0679171949827317,1.0169673115599607
2018-05-17,1.0468126995177465,1.0468126995177465,1.063808493260358,1.016108077356234
2018-05-18,1.040370278732461,1.040370278732461,1.058310552639173,1.013567979545053
2018-05-21,1.0534751201488972,1.0534751201488972,1.0642515626525209,1.0211882729785968
2018-05-22,1.0452529740017016,1.0452529740017016,1.062860800131316,1.0183495298432468
2018-05-23,1.0456357391948576,1.0456357391948576,1.0718349360317296,1.0211511196942078
2018-05-24,1.0360176231377982,1.0360176231377982,1.071519139896875,1.0190588608648201
2018-05-25,0.9989972036278248,0.9989972036278248,1.0725931921097893,1.0166311904402536
2018-05-29,0.98675995826701,0.98675995826701,1.067853405991838,1.0049388712367786
2018-05-30,1.0153039978467477,1.0153039978467477,1.0755005683619403,1.0183495298432468
2018-05-31,1.0154102939044034,1.0154102939044034,1.0748053902509904,1.0121111321818395
2018-06-01,1.016232737928266,1.016232737928266,1.0916793051144245,1.0220478296934725
2018-06-04,1.0186196792865188,1.0186196792865188,1.1015381577515966,1.0269037510626742
2018-06-05,1.021653158173387,1.021653158173387,1.1049509703392366,1.027650944893165
2018-06-06,1.019187559396294,1.019187559396294,1.111396807239116,1.0362426419081308
2018-06-07,1.0094053258936804,1.0094053258936804,1.1023595933715926,1.0361307305393548
2018-06-08,1.0062720322700753,1.0062720322700753,1.1024229760631812,1.0391941994434748
2018-06-11,1.0021670376242953,1.0021670376242953,1.1053931255579632,1.040575966211152
2018-06-12,1.006207691816828,1.006207691816828,1.1112073701881338,1.0419208377033593
2018-06-13,0.9997892674988696,0.9997892674988696,1.1111441906461976,1.0385963282750685
2018-06-14,1.002876789209225,1.002876789209225,1.1223935010800958,1.0412111841706368
2018-06-15,0.9893419012615176,0.9893419012615176,1.1184751505821406,1.039882825249269
2018-06-18,1.013040038858172,1.013040038858172,1.1178289315374497,1.0377439313077053
2018-06-19,0.9859767695009418,0.9859767695009418,1.1146624379034997,1.0337665948111827
2018-06-20,1.0107569601398412,1.0107569601398412,1.1225788751380275,1.0355303437839847
2018-06-21,0.9889822842891759,0.9889822842891759,1.11282566032017,1.0290386458659875
2018-06-22,0.969820714894399,0.969820714894399,1.1103559699943901,1.0309144997142552
2018-06-25,0.9559640051078415,0.9559640051078415,1.0853394107583383,1.0168808785719723
2018-06-26,0.9753185586291013,0.9753185586291013,1.0897725424757991,1.01913245790907
2018-06-27,0.9711396204761676,0.9711396204761676,1.0749524705994205,1.010689890049499
2018-06-28,0.9797600836879519,0.9797600836879519,1.0841991317587,1.0164685158165918
2018-06-29,0.9642406321052133,0.9642406321052133,1.0871123993507743,1.0179318134027893
2018-07-02,0.9757482087413866,0.9757482087413866,1.0943958222680257,1.0201081186376613
2018-07-03,0.9586605155218021,0.9586605155218021,1.0817291367084414,1.0165057981054404
2018-07-05,0.9745192461685203,0.9745192461685203,1.0951559066929584,1.0247983337783988
2018-07-06,0.9893803539201077,0.9893803539201077,1.112192442853241,1.0334661434245782
2018-07-09,1.0012659068572465,1.0012659068572465,1.1221988837129744,1.0427720736305854
2018-07-10,0.9994976091730366,0.9994976091730366,1.1230220461050169,1.0465242328427293
2018-07-11,1.000462696995312,1.000462696995312,1.117322479453698,1.0388695597206796
2018-07-12,1.0231434368316634,1.0231434368316634,1.136575581472711,1.0482879818155313
2018-07-13,1.0288048923607094,1.0288048923607094,1.1375257123975833,1.0491135458552803
2018-07-16,1.0312656732910734,1.0312656732910734,1.1348027960299276,1.0481752319177673
2018-07-17,1.044199152789272,1.044199152789272,1.1417056180731682,1.052415673009816
2018-07-18,1.0423467783368616,1.0423467783368616,1.1395521301815477,1.0546295185424561
2018-07-19,1.030715492517171,1.030715492517171,1.133852157230924,1.0506520530414736
2018-07-20,1.0344739888842125,1.0344739888842125,1.1335988296142219,1.0494510860240438
2018-07-23,1.0373231423094202,1.0373231423094202,1.137208697364814,1.0514024719834565
2018-07-24,1.050332226706032,1.050332226706032,1.1418954614234553,1.056693460892943
2018-07-25,1.0622078872829617,1.0622078872829617,1.157855304425341,1.0656983591922773
2018-07-26,0.959842673851311,0.959842673851311,1.1403124177561328,1.063184771797561
2018-07-27,0.9462107739344215,0.9462107739344215,1.1249224095295878,1.0559804532442687
2018-07-30,0.9276764393825558,0.9276764393825558,1.1090256444948121,1.0504642870504033
2018-07-31,0.9261490237793008,0.9261490237793008,1.1175126275284641,1.0556426550665856
2018-08-01,0.9334664795810874,0.9334664795810874,1.1217556111711589,1.0538789705960134
2018-08-02,0.946198377345679,0.946198377345679,1.1370189555893528,1.059620185069798
2018-08-03,0.9412726904660228,0.9412726904660228,1.1405020579567675,1.0641602390194629
2018-08-06,0.9392326742968629,0.9392326742968629,1.1472153413741997,1.0680624949204494
2018-08-07,0.994580778917639,0.994580778917639,1.151395450199437,1.0715899283638235
2018-08-08,0.9889069329036431,0.9889069329036431,1.1527890568157775,1.0711395737950662
2018-08-09,0.968166629838309,0.968166629838309,1.1520926598069123,1.0696765342177879
2018-08-10,0.9692261363915705,0.9692261363915705,1.1432890680397958,1.062509562455574
2018-08-13,0.9730237335044672,0.9730237335044672,1.1420225315311114,1.0585320969545917
2018-08-14,0.9670689896112035,0.9670689896112035,1.1491788843407067,1.0652859964368968
2018-08-15,0.945292974314442,0.945292974314442,1.1351188968892607,1.0573312589416217
2018-08-16,0.9417506425217459,0.9417506425217459,1.1388556315978564,1.0658865766989565
2018-08-17,0.8976944580907426,0.8976944580907426,1.1391089592145585,1.06963892941779
2018-08-20,0.8920072078443898,0.8920072078443898,1.1380954455980974,1.0719277910437364
2018-08-21,0.89273247065396,0.89273247065396,1.1422757575729874,1.0744415074429123
2018-08-22,0.8978439503116217,0.8978439503116217,1.1467089908652743,1.0738037738964636
2018-08-23,0.8982910596051331,0.8982910596051331,1.1450622597818843,1.072378081110264
2018-08-24,0.9002752756425756,0.9002752756425756,1.1557021212581993,1.0788318517171138
2018-08-27,0.9092479490164815,0.9092479490164815,1.1674822617341525,1.0873499516878298
2018-08-28,0.914131464339377,0.914131464339377,1.1691920707846524,1.0878747418298251
2018-08-29,0.9363923709185903,0.9363923709185903,1.1826820203111055,1.0937285771969136
2018-08-30,0.9416997209422843,0.9416997209422843,1.1805920166858999,1.0893006281227142
2018-08-31,0.9495690764884309,0.9495690764884309,1.182112185535765,1.0893385554338613
2018-09-04,0.9574135641769569,0.9574135641769569,1.1770452269024179,1.0874619275588358
2018-09-05,0.9438005681382314,0.9438005681382314,1.1618455699002912,1.08453559039536
2018-09-06,0.9273218077471636,0.9273218077471636,1.1514586297413731,1.081271132543052
2018-09-07,0.9202489894258272,0.9202489894258272,1.1470254980239125,1.0791698434014865
2018-09-10,0.9213518700667358,0.9213518700667358,1.150888794966033,1.0810455037430644
2018-09-11,0.9197664574075785,0.9197664574075785,1.1597554647002593,1.0846106709908963
2018-09-12,0.921636275415893,0.921636275415893,1.1563357450244334,1.084873324070813
2018-09-13,0.9308408703821713,0.9308408703821713,1.1686855171260744,1.0912897478865844
2018-09-14,0.924969010726193,0.924969010726193,1.1652653911509434,1.091477449375425
2018-09-17,0.8980634164483542,0.8980634164483542,1.1484820810325365,1.085698823608332
2018-09-18,0.9065761388615318,0.9065761388615318,1.1579821713833445,1.0915898122598098
2018-09-19,0.9034297514980669,0.9034297514980669,1.1570954231500608,1.0927531744772416
2018-09-20,0.9110560599024496,0.9110560599024496,1.16988867094317,1.101608556607802
2018-09-21,0.8983761148819315,0.8983761148819315,1.1634925041333337,1.1006023218222654
2018-09-24,0.9064473028768645,0.9064473028768645,1.1667278654994906,1.0969460774258966
2018-09-25,0.9084516170710965,0.9084516170710965,1.1683139564116012,1.0959279742300692
2018-09-26,0.9029679521205525,0.9029679521205525,1.1691388455756901,1.0926490678782765
2018-09-27,0.9139499326292435,0.9139499326292435,1.1790368045209736,1.0957018294122427
2018-09-28,0.9144809462696697,0.9144809462696697,1.1787829690301401,1.0958150953278454
2018-10-01,0.9178702536747133,0.9178702536747133,1.1811938475315134,1.0996218879286657
2018-10-02,0.9143821481195838,0.9143821481195838,1.1785290319644806,1.098981251781874
2018-10-03,0.9156431861361067,0.9156431861361067,1.1797978031193426,1.0995847346442766
2018-10-04,0.8974333986906129,0.8974333986906129,1.1571473278862816,1.0909899415222784
2018-10-05,0.8837103245733,0.8837103245733,1.1429987671863335,1.084884418454346
2018-10-08,0.8835228427598585,0.8835228427598585,1.1360196624485688,1.084884418454346
2018-10-09,0.883628115950766,0.883628115950766,1.1396998199789354,1.0833012757251017
2018-10-10,0.8592029304699296,0.8592029304699296,1.0895764014862834,1.0490002154374476
2018-10-11,0.8381358120815897,0.8381358120815897,1.0760619724267009,1.025894549174565
2018-10-12,0.8495656724900361,0.8495656724900361,1.1060091768792537,1.0401423177199236
2018-10-15,0.8486328053001465,0.8486328053001465,1.0926221226518058,1.0343000927542065
2018-10-16,0.8646547344607403,0.8646547344607403,1.1244087456331713,1.0569154775680596
2018-10-17,0.8661303011394444,0.8661303011394444,1.124853237072902,1.0571046626081864
2018-10-18,0.8618617135391825,0.8618617135391825,1.0987760335010028,1.0418385973603108
2018-10-19,0.8646791088297051,0.8646791088297051,1.0977608946873216,1.0412731063112852
2018-10-22,0.8583629002879565,0.8583629002879565,1.1034078455786358,1.0365989522257784
2018-10-23,0.8536709498555547,0.8536709498555547,1.0993471887490847,1.0313220893046273
2018-10-24,0.8499503334481251,0.8499503334481251,1.0490339269061455,1.000074306568778
2018-10-25,0.8488344322340076,0.8488344322340076,1.085325393432314,1.0180163758261123
2018-10-26,0.8345305542085018,0.8345305542085018,1.0574085681819498,1.0001121693776953
2018-10-29,0.8342571432126707,0.8342571432126707,1.0356462632297403,0.9945712988298006
2018-10-30,0.8342706895384565,0.8342706895384565,1.0527135765623807,1.0093094778286484
2018-10-31,0.8319755324328779,0.8319755324328779,1.0774580168388717,1.0200896064976965
2018-11-01,0.8345835440827702,0.8345835440827702,1.0916701633800607,1.03094513827343
2018-11-02,0.834725037242345,0.834725037242345,1.0746662327390089,1.024839034685429
2018-11-05,0.8399081999188294,0.8399081999188294,1.0720012140223234,1.0304931711489267
2018-11-06,0.8409336724441799,0.8409336724441799,1.0801227308310781,1.0370138950703527
2018-11-07,0.845738012580965,0.845738012580965,1.1140033188558733,1.05921485305747
2018-11-08,0.8439648803793371,0.8439648803793371,1.106897347160105,1.057292751110406
2018-11-09,0.8394165661627988,0.8394165661627988,1.0882441460650065,1.0469649120770106
2018-11-12,0.8304709534143498,0.8304709534143498,1.0553149078629986,1.0274020307882044
2018-11-13,0.8275725373114065,0.8275725373114065,1.0562032812935025,1.025479606329991
2018-11-14,0.8278500712823816,0.8278500712823816,1.0481454519008155,1.018468729963995
2018-11-15,0.8318728223751275,0.8318728223751275,1.0664816379631443,1.0290981814241318
2018-11-16,0.8381041381989174,0.8381041381989174,1.0627383008908418,1.0317747014514291
2018-11-19,0.8410111868640832,0.8410111868640832,1.0282230733515498,1.0143225266297455
2018-11-20,0.8388981029266634,0.8388981029266634,1.0098230982983272,0.9955513457100212
2018-11-21,0.8337820495297888,0.8337820495297888,1.017500529966656,0.9989437759863359
2018-11-23,0.8329490051692767,0.8329490051692767,1.010140621205228,0.9922720523448496
2018-11-26,0.8354119900243206,0.8354119900243206,1.0334892202192005,1.0082915681395106
2018-11-27,0.8357071005708507,0.8357071005708507,1.0369787218006699,1.0116839339135955
2018-11-28,0.8375561710541849,0.8375561710541849,1.0703520451431032,1.0349780756920768
2018-11-29,0.8384770318536726,0.8384770318536726,1.0668624419868076,1.0327168210205027
2018-11-30,0.8431229419625338,0.8431229419625338,1.074602748472594,1.0390115936307918
2018-12-03,0.8453468566357701,0.8453468566357701,1.093383222825001,1.0527695967449595
2018-12-04,0.8362119174616831,0.8362119174616831,1.0514446022578663,1.018657334484053
2018-12-06,0.8350896440238283,0.8350896440238283,1.0588677921360565,1.0171119255592667
2018-12-07,0.8251646960603266,0.8251646960603266,1.0239086826059915,0.9934781795406668
2018-12-10,0.8245885119081062,0.8245885119081062,1.0346313275657115,0.9953629991988823
2018-12-11,0.825919023544775,0.825919023544775,1.038057446455592,0.995589015012249
2018-12-12,0.8243418469816252,0.8243418469816252,1.0471940005032017,1.000602128315576
2018-12-13,0.8272297983656653,0.8272297983656653,1.0475110155359713,1.0002629755910661
2018-12-14,0.8246956764284683,0.8246956764284683,1.0220050687869802,0.9817934070980834
2018-12-17,0.8138469334951001,0.8138469334951001,0.9988467194226,0.9625322672404785
2018-12-18,0.8117905576628339,0.8117905576628339,1.0051283098284107,0.9614768172535725
2018-12-19,0.8094248914109611,0.8094248914109611,0.9804475569679874,0.9470779199836938
2018-12-20,0.8153186900039042,0.8153186900039042,0.9662352072771456,0.9316615000380564
2018-12-21,0.8115530471905736,0.8115530471905736,0.936288104399419,0.9125720651162911
2018-12-24,0.7986337120390448,0.7986337120390448,0.9130701306120218,0.8884593255388838
2018-12-26,0.8037264168934998,0.8037264168934998,0.9700814396484536,0.9333485558595761
2018-12-27,0.8094268871150182,0.8094268871150182,0.9738354420775139,0.940514237577193
2018-12-28,0.8124140524162048,0.8124140524162048,0.9733264506231057,0.9393008861316335
2018-12-31,0.8137680918601375,0.8137680918601375,0.9815347123334897,0.9475282745524513
2019-01-02,0.8071026231937791,0.8071026231937791,0.9854793707114473,0.9485139331266682
2019-01-03,0.8106339244875349,0.8106339244875349,0.953283604329891,0.9258797136617013
2019-01-04,0.8136962291108444,0.8136962291108444,0.9940694521937572,0.9568927082809253
2019-01-07,0.8119114816054778,0.8119114816054778,1.005904036776588,0.964437534105554
2019-01-08,0.8159600766097003,0.8159600766097003,1.0150033128629585,0.973498871856
2019-01-09,0.8158176322827424,0.8158176322827424,1.0232747541152787,0.9780484721356817
2019-01-10,0.8188497984280161,0.8188497984280161,1.0262017343088985,0.9814985674054753
2019-01-11,0.8163441444705685,0.8163441444705685,1.0224476303050118,0.981877711512487
2019-01-14,0.8163828051055967,0.8163828051055967,1.0134123463591875,0.975887195920363
2019-01-15,0.8180892857415575,0.8180892857415575,1.0332009508622637,0.9870718180727508
2019-01-16,0.8172946152289154,0.8172946152289154,1.0330099901888876,0.9894603356438032
2019-01-17,0.8200211863358233,0.8200211863358233,1.0411546660580302,0.9969670406505953
2019-01-18,0.8152009731517437,0.8152009731517437,1.051462276277636,1.010236439373709
2019-01-22,0.7951902867766212,0.7951902867766212,1.0304013455007786,0.9965878965435835
2019-01-23,0.7943141789542467,0.7943141789542467,1.031737257615801,0.998672931123229
2019-01-24,0.7431389919334738,0.7431389919334738,1.038418443388134,0.9992039134792889
2019-01-25,0.7730773466298998,0.7730773466298998,1.0508258084162667,1.0076586077580703
2019-01-28,0.7721965117764963,0.7721965117764963,1.0378458660924845,1.0000003225111491
2019-01-29,0.7760721032394957,0.7760721032394957,1.0280470441776344,0.998672931123229
2019-01-30,0.7809136782605722,0.7809136782605722,1.0541981942230536,1.014482879173133
2019-01-31,0.789449935703435,0.789449935703435,1.0699781482076258,1.02339270118568
2019-02-01,0.7857326861964167,0.7857326861964167,1.0654606078095399,1.0238854337194436
2019-02-04,0.7849100859208462,0.7849100859208462,1.0786954013724182,1.031088978245978
2019-02-05,0.7848766676389439,0.7848766676389439,1.088239778347477,1.035411272667696
2019-02-06,0.7787882119452998,0.7787882119452998,1.084994767372825,1.0340461474753182
2019-02-07,0.7770533138268799,0.7770533138268799,1.0704236553956192,1.0241889812130804
2019-02-08,0.7804022744988871,0.7804022744988871,1.072523410204146,1.0254401309653274
2019-02-11,0.7790472259993276,0.7790472259993276,1.0715054272953295,1.0260086536191557
2019-02-12,0.7819902713705502,0.7819902713705502,1.0873487639714903,1.0392025202311244
2019-02-13,0.7814020227821168,0.7814020227821168,1.0881122003656898,1.0425766963763938
2019-02-14,0.7853533109728088,0.7853533109728088,1.0894485187800174,1.0402639044231758
2019-02-15,0.7950937139827163,0.7950937139827163,1.094029848168997,1.0516002358201524
2019-02-19,0.8246316372456589,0.8246316372456589,1.0961933919684175,1.0534198437239974
2019-02-20,0.8403391577445284,0.8403391577445284,1.0960023297202153,1.05554287011702
2019-02-21,0.8239028586540921,0.8239028586540921,1.0919937807765374,1.0517895498647387
2019-02-22,0.8372524415909253,0.8372524415909253,1.100074870804439,1.058310983310693
2019-02-25,0.8374397072517027,0.8374397072517027,1.1040833181732905,1.0597513181030669
2019-02-26,0.8373872984590053,0.8373872984590053,1.1052285743394157,1.0589932878979627
2019-02-27,0.8352149911539987,0.8352149911539987,1.1045286222116313,1.0585379666575074
2019-02-28,0.8163472175964915,0.8163472175964915,1.101983258640285,1.0565663269979244
2019-03-01,0.8123887819761949,0.8123887819761949,1.1096190446298455,1.0631638085728623
2019-03-04,0.811714123403496,0.811714123403496,1.1098100053032216,1.05929664188491
2019-03-05,0.8143885030042007,0.8143885030042007,1.1106370275386621,1.0578555330657782
2019-03-06,0.8074922199964446,0.8074922199964446,1.1043377631130815,1.0514485910777935
2019-03-07,0.7982282899992076,0.7982282899992076,1.090784837194345,1.0426524864964581
2019-03-08,0.7892493223908853,0.7892493223908853,1.0891305895738113,1.040567000401204
2019-03-11,0.8017297801104463,0.8017297801104463,1.1117820805551348,1.0556570390638405
2019-03-12,0.8122886017217135,0.8122886017217135,1.1178903843073393,1.0596375361696253
2019-03-13,0.8167270944644195,0.8167270944644195,1.126289403541447,1.0666519601582627
2019-03-14,0.8010428209380689,0.8010428209380689,1.1243808125559487,1.065969204055384
2019-03-15,0.7998023639986838,0.7998023639986838,1.1348154928832106,1.071235553113071
2019-03-18,0.7845017718094678,0.806171596119312,1.1375185005849187,1.075119748389702
2019-03-19,0.8028851248817632,0.8154470713235261,1.14134289436858,1.075386400607869
2019-03-20,0.8095077431768816,0.8317714674994338,1.1458690686268982,1.0721494852077036
2019-03-21,0.8332142929942119,0.8401492045643341,1.1637811797895756,1.084259004833797
2019-03-22,0.8142635047093092,0.8170487444705161,1.138219570035792,1.0633911789330557
2019-03-25,0.8105618175336403,0.8213746374190114,1.1360525726922783,1.0625914157852436
2019-03-26,0.8211560044545286,0.8244462960003032,1.14134289436858,1.0705119670987027
2019-03-27,0.815865067941954,0.816287124395886,1.134012340731942,1.0649143345885468
2019-03-28,0.8168115679812226,0.8186307746052327,1.1366257594368854,1.0689508841320645
2019-03-29,0.8241296058591605,0.8238581576873673,1.1452313818676136,1.0756912381461028
2019-04-01,0.8331700656049748,0.8353656122145304,1.160402801068039,1.0884479086442018
2019-04-02,0.840871368847629,0.835913893874777,1.1648009910452648,1.0889808260671572
2019-04-03,0.8566651350338627,0.8401974895483555,1.1714943657967494,1.0906951663319
2019-04-04,0.8565930789324838,0.8376368893194633,1.171048046010146,1.093588736362616
2019-04-05,0.865580155398224,0.8429004202914336,1.1771036324275195,1.098881660338998
2019-04-08,0.8742942578007189,0.8411462499379909,1.1800995819281725,1.099719802313566
2019-04-09,0.8672167987975494,0.8452380539600552,1.1759562431900428,1.0940841134878032
2019-04-10,0.8761578227515896,0.8490333998966302,1.1822669855709913,1.0978156964886276
2019-04-11,0.8712340177969505,0.8487879100207254,1.1794625046178455,1.0975109879548537
2019-04-12,0.8675793213139051,0.8547759862058066,1.184561865620771,1.1049368716676535
2019-04-15,0.8562419734132185,0.8564418091460705,1.1847530294437996,1.1042132856532851
2019-04-16,0.8644209025912057,0.8535920062316099,1.188832680765862,1.1049368716676535
2019-04-17,0.8707244882170319,0.8569111891883282,1.1929761210788181,1.102233067197133
2019-04-18,0.8699878677263998,0.8613426719400271,1.1945061426868309,1.1044038252402386
2019-04-22,0.8756142584205518,0.8703378218258847,1.1978844198335412,1.105355362134869
2019-04-23,0.8875752686595625,0.8818573035402951,1.213119120150729,1.1152947687401553
2019-04-24,0.883993005173624,0.8774667394280199,1.2092949295167201,1.1128193021632757
2019-04-25,0.9058363669394947,0.9176600577580899,1.214202720397312,1.1121337724645142
2019-04-26,0.8977143779302178,0.9151692192397077,1.2152865237935475,1.1173129145074545
2019-04-29,0.9004251340483039,0.9118845503265184,1.2176453959838736,1.1190647950699655
2019-04-30,0.9074971309621536,0.9119993350924337,1.2082108213960059,1.119635639804068
2019-05-01,0.8967183400170389,0.8989518284653828,1.2043225370466246,1.1112199048721114
2019-05-02,0.8976206764614788,0.8905660334002526,1.199095699636738,1.1088209379398246
2019-05-03,0.9058479239447345,0.914496368125135,1.2182187858781333,1.1196735671152152
2019-05-06,0.8910328882671279,0.9090608722897556,1.2107609589841868,1.1150663018420546
2019-05-07,0.8623271095918678,0.8928466372171727,1.1871754874753668,1.0964445080866445
2019-05-08,0.8644295299923912,0.8920605561607913,1.1841793348250613,1.0949217394445325
2019-05-09,0.8505160298285233,0.8878618322533062,1.1778049050280452,1.091608517906464
2019-05-10,0.8395005587942936,0.8913167250448961,1.1792710360703382,1.0970922394787188
2019-05-13,0.8120731364048728,0.8621964105382897,1.138347351167232,1.0695219868750863
2019-05-14,0.8205008894527931,0.8711443465074427,1.1508411563725152,1.0791945477555158
2019-05-15,0.8331961021643115,0.8846231408920829,1.167095667945392,1.0855157662800403
2019-05-16,0.8509247737792116,0.9034460724049387,1.178824817858561,1.095569341832147
2019-05-17,0.8394841926375066,0.8912993487261834,1.166776926140576,1.0884860939642684
2019-05-20,0.8311683749987986,0.8824702571119395,1.1470801452804424,1.081289128665178
2019-05-21,0.833083109229986,0.8845031737388496,1.1590641464327074,1.0910371571545228
2019-05-22,0.836095016341942,0.8877009836212202,1.1539006917144095,1.0876867823320653
2019-05-23,0.8212800856318679,0.8719716367090093,1.1362435333656544,1.0743966138909422
2019-05-24,0.8215970510620993,0.8723081660731257,1.1356697371720899,1.0768338951477552
2019-05-28,0.8178260111063137,0.8683043676858658,1.1313993283263037,1.0668181824045657
2019-05-29,0.8136453838285869,0.863865701177807,1.1220923317202236,1.059659402425542
2019-05-30,0.8165131600589012,0.8669104840442252,1.1268097713763967,1.062553746483016
2019-05-31,0.8227087722063386,0.8734885055488607,1.1088334649235208,1.0482351544892907
2019-06-03,0.8274395222710214,0.8785112498585428,1.084419650706519,1.0455694708366068
2019-06-04,0.8212073017760398,0.871894360443576,1.1149532466310932,1.0682655479399923
2019-06-05,0.8188867623472046,0.8694305912627459,1.1232399241073527,1.0775188443264483
2019-06-06,0.8201321889463357,0.870752888843126,1.1321639836184183,1.0845256570519644
2019-06-07,0.8253006752231976,0.8762403875868414,1.1540286759955019,1.0953784152318147
2019-06-10,0.8193767664163939,0.8699508396623847,1.1674785034655808,1.100405590021247
2019-06-11,0.8196278074389188,0.8702173755922359,1.169071806190356,1.1001382927807815
2019-06-12,0.820997441851147,0.8716715474162181,1.162315150322109,1.0981965176536153
2019-06-13,0.8234280930102439,0.8742522247107805,1.1691994857469696,1.1027276702955622
2019-06-14,0.823942231958545,0.8747980976572808,1.1642277027258316,1.1015096101872242
2019-06-17,0.8235110142814206,0.8743402640993043,1.1712393114080009,1.101928358663359
2019-06-18,0.8238771844895515,0.8747290352886755,1.1882589861471236,1.1134667755464307
2019-06-19,0.8276063504140644,0.878688375070128,1.1927210666900696,1.115979911425538
2019-06-20,0.8313513732276899,0.8826645504692883,1.2038127329936061,1.1266426460362735
2019-06-21,0.8275609581640749,0.8786401810919595,1.2020279617213236,1.1250044184027441
2019-06-24,0.8338770885573396,0.8853461595432026,1.2020661538559987,1.1236272957956157
2019-06-25,0.8322688620549922,0.8836386691023845,1.1814310247508395,1.1126067028137163
2019-06-26,0.8189329764690869,0.8694796578408862,1.1869251055286263,1.1114967484425937
2019-06-27,0.8194853535328497,0.8700661290591664,1.191461030970266,1.1154382216993242
2019-06-28,0.8216797729700325,0.872395993793186,1.1929947092720243,1.1211778881195924
2019-07-01,0.8130381567410472,0.8632209944490803,1.2090936082110653,1.1313568560065121
2019-07-02,0.8271648346769236,0.8782196078289847,1.213885095915585,1.1343034468701583
2019-07-03,0.8309629233944238,0.8822521244981507,1.2230205326401054,1.1433718153636572
2019-07-05,0.8258552359161708,0.8768291772136275,1.2205290037266787,1.1420711924011213
2019-07-08,0.8240023576731278,0.8748619344879431,1.2119684805188118,1.1357957704597847
2019-07-09,0.8257820682227606,0.8767514934191543,1.2180375763880784,1.137211465400359
2019-07-10,0.8332220391825534,0.8846506788108064,1.2301755649769592,1.1426452622467158
2019-07-11,0.8299815765997057,0.8812102064171697,1.2292811986317058,1.145323910847598
2019-07-12,0.8288972970475854,0.8800590023002636,1.2363724419776658,1.1504511930977455
2019-07-15,0.8297940385819772,0.8810110930633641,1.2403335554774784,1.150834078334088
2019-07-16,0.8243631953849005,0.8752450440453589,1.2339448036299592,1.147121975006676
2019-07-17,0.8308976611089677,0.8821828340540498,1.2278756061858662,1.1393161731601062
2019-07-18,0.8390278073125153,0.8908147941074057,1.2292811986317058,1.143487016346155
2019-07-19,0.8283851272797512,0.8795152200771896,1.2202736446134514,1.1371352237646855
2019-07-22,0.8268863929516749,0.8779239799535,1.2299839948546256,1.1399282993213076
2019-07-23,0.822155033202669,0.8729005883281866,1.2380335966863854,1.1480789300886132
2019-07-24,0.8243172657647322,0.875196279529121,1.246722104175345,1.153474412610444
2019-07-25,0.820561707040045,0.8712089179149615,1.2349032636905852,1.1479639871150347
2019-07-26,0.8226786925571625,0.8734565693052055,1.2476163689457722,1.1556553620058645
2019-07-29,0.8275368655788522,0.8786146014494759,1.2433360057670124,1.1535506542461174
2019-07-30,0.8258965628046211,0.8768730549055289,1.2379697061206654,1.1507193933694289
2019-07-31,0.8188361815178572,0.869376888452555,1.2208484565552786,1.1381298481488504
2019-08-01,0.8324175089693749,0.8837964908924092,1.2147794622608383,1.1282189515291543
2019-08-02,0.8311445370558103,0.8824449478288736,1.1968915259068118,1.1197243948723308
2019-08-05,0.8309286397169823,0.88221572474263,1.1545992217946262,1.0860503607609715
2019-08-06,0.8396802187151335,0.8915074740451046,1.1707626207483444,1.101280111253446
2019-08-07,0.8466846294547296,0.8989442153026119,1.177086872581186,1.101930809748093
2019-08-08,0.8537104092218152,0.9064036445397756,1.2027051610880248,1.1235504091376438
2019-08-09,0.8524219730276148,0.9050356826998295,1.1913972419793724,1.1158976065802595
2019-08-12,0.8554482869589378,0.9082487886280716,1.177725879813212,1.1023134369755163
2019-08-13,0.8533635168019308,0.9060353410140717,1.2035356368675583,1.119456323605107
2019-08-14,0.852821334353567,0.905459693649469,1.1675683971868243,1.086356488343802
2019-08-15,0.8612828100590629,0.914443433726666,1.1662266953067046,1.0892264505583957
2019-08-16,0.8590879219178967,0.9121130713590294,1.1849447011409595,1.1052983421636886
2019-08-19,0.8805524351069225,0.9282540316754575,1.2037910975556119,1.1186141824922888
2019-08-20,0.8786905630572808,0.9244195712186069,1.1944638875591052,1.1100426101730336
2019-08-21,0.873668178482819,0.9345818296712834,1.2050688072951852,1.1190735673732242
2019-08-22,0.8759095699052276,0.9307855381363338,1.2011713812114402,1.1187287384524882
2019-08-23,0.8335982022809103,0.8944464735692826,1.1631600497269718,1.0899923500355406
2019-08-26,0.8492404604442045,0.9098498923091076,1.1807284316775724,1.1020457527216716
2019-08-27,0.8350814363464054,0.9056906687476025,1.1782368011893194,1.0977213942285984
2019-08-28,0.8367983040100225,0.9081290116349731,1.1824534769520116,1.1054510834439546
2019-08-29,0.858882783148883,0.9243918413904307,1.2005327802787193,1.1195712665786857
2019-08-30,0.8587808393535378,0.9220004009461258,1.197658009545799,1.1190735673732242
2019-09-03,0.8426522865165287,0.9071425526273179,1.1860308407581992,1.1125302031691235
2019-09-04,0.8590143083337209,0.9266504831536885,1.2031522934732384,1.1251578047053086
2019-09-05,0.8978289038386503,0.9450183075833464,1.225192507150106,1.1396219137295576
2019-09-06,0.8929327821917269,0.9355887268953833,1.223978789551079,1.1405022401624425
2019-09-09,0.8971675435501807,0.9322715829006266,1.2214231669222797,1.1410761810035772
2019-09-10,0.9039880161370654,0.9328969318105942,1.217909287382507,1.1408084967497327
2019-09-11,0.9121862709293248,0.9478648437845025,1.2293451907722521,1.1489209421969717
2019-09-12,0.9176346133937024,0.9516795553011582,1.234455826580893,1.1529003427648494
2019-09-13,0.9127951353428465,0.9417303622413394,1.2300477838455193,1.1521348303010834
2019-09-16,0.9040068711437679,0.9408112346295835,1.2245536014929062,1.1485759842717762
2019-09-17,0.9098498116605999,0.9461800132492568,1.2304312288146655,1.151484389815356
2019-09-18,0.9046953895516903,0.9545083092734232,1.2299205105882107,1.1521731446256096
2019-09-19,0.9028324874102709,0.9594162603168044,1.231964602391945,1.152096644981017
2019-09-20,0.8792371593159307,0.9459015305965162,1.2189318411585055,1.1466531728001836
2019-09-23,0.8829699167337564,0.9499173082708968,1.219469781438399,1.1463839404928229
2019-09-24,0.8750209133614568,0.9413656059492786,1.2032740816899288,1.1373884595190455
2019-09-25,0.8916688756509105,0.9592758282869687,1.2167810957871943,1.1441157840826557
2019-09-26,0.8880633065136008,0.9553968823967538,1.2122997160272582,1.1417329427078293
2019-09-27,0.8791741975031558,0.9467891918578216,1.1972567889820567,1.1355820100700882
2019-09-30,0.8833614536284844,0.9560733140373863,1.208650843543381,1.1408486171366945
2019-10-01,0.8777078444087475,0.9514698142096275,1.1987930066544716,1.1272782510091375
2019-10-02,0.8650686481291289,0.928467310892342,1.1781804271607428,1.1073652516167485
2019-10-03,0.8899667589829989,0.9369471332380283,1.1911115119930922,1.116437748252957
2019-10-04,0.8978615355534082,0.9566852858041068,1.208650843543381,1.1315452025176511
2019-10-07,0.8924078541763456,0.9508743043550755,1.2050023773588088,1.1266634157542825
2019-10-08,0.889460336442134,0.9477336788417786,1.1869503976603661,1.1091719590746252
2019-10-09,0.8891052205191774,0.9473552973600082,1.198537139667113,1.1197051732078378
2019-10-10,0.8819994250089784,0.9397839628731709,1.2078190472911061,1.1272782510091375
2019-10-11,0.8731276622312445,0.9303309630814255,1.2233743177599825,1.1389647650119266
2019-10-14,0.8737666980202631,0.9304495294761362,1.2232466382033689,1.1376965221687714
2019-10-15,0.8957947313138003,0.9387130559147986,1.2388018070974192,1.1489599015437963
2019-10-16,0.889059966880874,0.9371053809215131,1.2357291686029368,1.1471147507569337
2019-10-17,0.8909690039505427,0.9426188176502788,1.2389943929680154,1.1504973766943123
2019-10-18,0.8835046667617836,0.9417260035522155,1.2270873855340585,1.1454614296016212
2019-10-21,0.8852346519481388,0.9498429422213458,1.2379697061206654,1.1532269820567698
2019-10-22,0.8878542375894957,0.9475813365657122,1.228111462932451,1.1494595358161532
2019-10-23,0.8922479010220608,0.9602106402250884,1.230480289455751,1.1528039764334652
2019-10-24,0.9718084632719209,0.961565461167979,1.2424506795812964,1.1546876995537736
2019-10-25,1.022950299335273,0.9694686595260911,1.252372914910057,1.1594164870279566
2019-10-28,1.0279220852834579,0.9837866331602599,1.2647274610285324,1.1659512079332583
2019-10-29,1.0002832956125884,0.9616028495742176,1.2549333115556907,1.165604959963466
2019-10-30,0.9985666683903177,0.9615586667431771,1.2610146979789352,1.1691804475680725
2019-10-31,0.9935541314049773,0.9717044291663494,1.2615911351179827,1.1660666669246755
2019-11-01,0.9948945196371859,0.9906845873208141,1.2730493849695057,1.1768685973474102
2019-11-04,1.020921911236191,1.0006964527751385,1.2809230592021765,1.181597126812674
2019-11-05,1.018361669006913,1.0006875799813806,1.281627277472664,1.1802901826316137
2019-11-06,1.0285758051090268,1.0007348659339859,1.2787466153998204,1.180558769916676
2019-11-07,1.0444443953085467,1.0126840721029382,1.2830356124388127,1.1847111654649902
2019-11-08,1.045530954859812,1.0148677599035438,1.2881567104545586,1.1876326004589979
2019-11-11,1.0588646429318889,1.0147304045996768,1.286428516360505,1.1853647020577502
2019-11-12,1.0699267082779575,1.013847858625105,1.2901411778352758,1.187862873419534
2019-11-13,1.0614323414347,1.018302744620088,1.2904613416876596,1.188247693722772
2019-11-14,1.0695049887866934,1.0198741450666073,1.2894369595647885,1.189977514522677
2019-11-15,1.0584776975389265,1.03543220542854,1.2989112499097253,1.1985885622065955
2019-11-18,1.0578702209195185,1.0327241077703053,1.2999353273081178,1.1994727587732708
2019-11-19,1.0706687168238247,1.0283216225220746,1.301855802548289,1.1991267688123979
2019-11-20,1.053566636570752,1.0181330059044569,1.294046018881338,1.1946674716544952
2019-11-21,1.0551084307250997,1.015178051617752,1.2911656615329734,1.1927455632141204
2019-11-22,1.021193336557713,1.0111913777034853,1.291997356210422,1.1953977659007673
2019-11-25,1.0512389740262655,1.0255991308190566,1.3072969628415922,1.204662608186365
2019-11-26,1.02963987704959,1.0243076790830439,1.3097935704963322,1.2073918265354433
2019-11-27,1.036673254209737,1.0321639759428132,1.318947493839233,1.2127737635890072
2019-11-29,1.0299616720102625,1.0278423976978248,1.3129304042810133,1.2082757650931992
2019-12-02,1.0317022143668664,1.0156873813445606,1.2994870775998153,1.198012041276267
2019-12-03,1.0245534556371525,1.005817813209857,1.289308975283696,1.189977514522677
2019-12-04,1.0242448278366891,1.0120753489607452,1.2958385098404168,1.197320061354521
2019-12-05,1.0276677193602168,1.0197695727344689,1.2983991096357028,1.1994727587732708
2019-12-06,1.0461785531466765,1.034788598985249,1.3122898734265933,1.2104287205208684
2019-12-09,1.0445237652015846,1.0275449406300963,1.3063370807333987,1.206623217964645
2019-12-10,1.061896579805388,1.0349304375449142,1.3052484017455024,1.2052775724456795
2019-12-11,1.0723004997679326,1.0474698111071599,1.312161990720327,1.2086990287254231
2019-12-12,1.0842771796608741,1.0650219543710655,1.3219560386183427,1.219116912871678
2019-12-13,1.088617918988969,1.0720703105299683,1.326309027797881,1.2198474651268694
2019-12-16,1.1265353825731053,1.0840222464921594,1.339624167048334,1.2282273368190337
2019-12-17,1.1306849703377322,1.0926462364533163,1.3403922758845415,1.228496827135314
2019-12-18,1.1548286020326213,1.0942604385952488,1.341416759582239,1.2285734557843664
2019-12-19,1.1857921257309685,1.1089925863823011,1.349802472514106,1.2336094028770574
2019-12-20,1.1979122171531988,1.117052097322836,1.3552433280829306,1.2390179148493163
2019-12-23,1.2166640409871456,1.1248829673822034,1.3588232312597748,1.2409106682818025
2019-12-24,1.224904838503046,1.1249466258539382,1.3595291763023085,1.2409493696197078
2019-12-26,1.2345626204070952,1.1374496864216674,1.371525671158204,1.2475551719822955
2019-12-27,1.2277731074456355,1.1317176227235923,1.3703709685332361,1.2472462063013519
2019-12-30,1.1936153685670126,1.1242065323932466,1.3613894176705053,1.2403698815868065
2019-12-31,1.2064948377020575,1.1355235864396434,1.3639554009315833,1.2433831677561094
2020-01-02,1.2355170889780394,1.1596014781267432,1.3867297974526862,1.2550111137342017
2020-01-03,1.2439356108586743,1.144684500876937,1.3740275607039094,1.2455080002115673
2020-01-06,1.2585196078667389,1.1516451331615967,1.3828807209862428,1.2502594924706547
2020-01-07,1.290553318330313,1.155908400969356,1.3826882366904727,1.2467439919398013
2020-01-08,1.3235143543088264,1.1662894780136102,1.393081068189314,1.2533887536492136
2020-01-09,1.316260063241524,1.185080566520829,1.4048851803242655,1.2618871804398277
2020-01-10,1.3141027668774363,1.1895899558653127,1.401292783443791,1.2582560919130974
2020-01-13,1.3923267367063097,1.2209452708609112,1.4174591280674709,1.2669094530597922
2020-01-14,1.4002487103293426,1.2013151551894508,1.4118777945139234,1.2649782562983203
2020-01-15,1.37197253691397,1.1945874270973034,1.4124552474012335,1.2678364791070826
2020-01-16,1.3739371391205448,1.210241808586685,1.4259914134736367,1.2783827226907234
2020-01-17,1.37754244594478,1.2177919571046543,1.4330479182290146,1.2823618652496818
2020-01-21,1.4223907634859887,1.2103925068155668,1.4324068795004632,1.2798505354330099
2020-01-22,1.4539905778164135,1.2178494271246614,1.436191862251534,1.280005340784631
2020-01-23,1.4608614745685322,1.2274770617156,1.4408108759010576,1.2814734115358368
2020-01-24,1.4493353817770507,1.2199315868375444,1.4286857873151122,1.2700774155762564
2020-01-27,1.419301981808905,1.176961762947396,1.3991755577651466,1.2497184477667393
2020-01-28,1.4506702997235237,1.2126455820050996,1.4206670642305366,1.2628144644960377
2020-01-29,1.4838812412080407,1.2193954847598025,1.4229761647559933,1.2617714634394912
2020-01-30,1.55919796802243,1.2191824431810923,1.428044443862082,1.2658665810077054
2020-01-31,1.5365054072635387,1.1676731823011643,1.4053984379213769,1.2428809533945588
2020-02-03,1.6872384540663556,1.1803030104850047,1.4266329600763192,1.252114189587534
2020-02-04,1.8308816299876545,1.2192119581259646,1.4592867273494994,1.271197174286315
2020-02-05,1.6811113983996653,1.2234381217201682,1.4640981237199668,1.2858774947849947
2020-02-06,1.7072580962657395,1.2432766747280741,1.476736673052676,1.2902040463538824
2020-02-07,1.6929336516421511,1.2344639151908414,1.4703854023160483,1.2833278506437968
2020-02-10,1.7574844555681604,1.2785279585204505,1.4881555118716085,1.292908237837782
2020-02-11,1.7774569434837038,1.2760562587179913,1.4884121914575774,1.295148658289117
2020-02-12,1.7847466347879772,1.2880653731972802,1.5029107790088307,1.3034936987771668
2020-02-13,1.8216781299072324,1.2804194901838744,1.5009864439252616,1.3021026436883922
2020-02-14,1.881125617920807,1.3297999509273912,1.5052843795489652,1.304188774805945
2020-02-18,1.9717546862402675,1.3331816150560862,1.5058616292866227,1.3008276926133338
2020-02-19,2.0998083474651463,1.3835857154445061,1.5202961231225036,1.307047255623627
2020-02-20,2.059180262362755,1.3632992865098488,1.5061825041627903,1.301677573993733
2020-02-21,2.012205936845718,1.3142018407137985,1.4772496259253085,1.288272591583491
2020-02-24,1.8660265361816823,1.2187298843352874,1.4202819940641702,1.2455465725450128
2020-02-25,1.7897741299448304,1.1689282955414408,1.3816620262207289,1.2078037377752149
2020-02-26,1.7852814264498615,1.1659940435870286,1.3887825231166528,1.2033617272149097
2020-02-27,1.6212038860189484,1.058832544008056,1.3192411466619618,1.1493159538525246
2020-02-28,1.6641217525512897,1.0868628455609515,1.3202675602813583,1.1444871879220864
2020-03-02,1.7779224915529757,1.1611878129671447,1.3883978592495916,1.1940510883461242
2020-03-03,1.7462867038393821,1.140526006099201,1.3438755814016088,1.159862713454004
2020-03-04,1.8121049959299598,1.183512918638416,1.3999453933734005,1.2086151758266284
2020-03-05,1.7462001808193421,1.140469496618676,1.3574117474740117,1.1684386719248885
2020-03-06,1.6976599365230567,1.1087671359234907,1.3345093666718164,1.1491228341763775
2020-03-09,1.516725713835916,0.990596284645562,1.24180842195483,1.0593829458684387
2020-03-10,1.6116123736854626,1.0525681836197471,1.3094255649007782,1.114200294904195
2020-03-11,1.552659242347623,1.0140650104100106,1.2523936361746149,1.05988483771884
2020-03-12,1.3674733165933257,0.8931173081673219,1.137559841539208,0.9584782375926736
2020-03-13,1.4280192545248465,0.9326607672240421,1.233917784726173,1.0404148396410065
2020-03-16,1.1636223366758853,0.7599791794433968,1.0861091447917661,0.9265688554853341
2020-03-17,1.2060086111738646,0.7876622902752657,1.1684816564497629,0.9765961399285573
2020-03-18,1.0692163596861313,0.6983212216456944,1.1329411326141632,0.9271482790160056
2020-03-19,1.19427255462837,0.7799972959362729,1.139740856208746,0.9291183706220724
2020-03-20,1.1726810440389355,0.7666755542198956,1.0950904925048444,0.8890788694565172
2020-03-23,1.1999734589316773,0.785666734985734,1.0958814556769612,0.8663466711044201
2020-03-24,1.309413471082194,0.9170230039399193,1.1807434647518593,0.9448405311371614
2020-03-25,1.335506257817392,0.9415694276032754,1.1720002084315435,0.9589848381058533
2020-03-26,1.346435709200878,0.9541597565821199,1.2337183933422171,1.0149796753473768
2020-03-27,1.3084300142785792,0.9333301493514156,1.1912872364425287,0.9847480607404598
2020-03-30,1.3261638894874372,0.9459800887571459,1.2346184478777413,1.0167283953006256
2020-03-31,1.3500758462188593,0.9630369812954357,1.2240749809115508,1.001573854408147
2020-04-01,1.242828661468517,0.8865353496695777,1.1720645052965686,0.9564982126432111
2020-04-02,1.239572254652019,0.8842124874398644,1.1958517044103485,0.978569585650576
2020-04-03,1.246357307389552,0.889052405674521,1.1788793635402646,0.9644252141796542
2020-04-06,1.3559641376085585,0.9672372211418159,1.26316290397959,1.0292016430007986
2020-04-07,1.3706571450775724,0.977718046792271,1.2626484274845635,1.0302510297780993
2020-04-08,1.3958707753317223,0.995703449934962,1.2894574776796937,1.0648350613480708
2020-04-09,1.4161359399468967,1.0101590103474463,1.2913216804661147,1.08103911802231
2020-04-13,1.5310407535015422,1.0921229867358084,1.3052727797038057,1.0711691158163337
2020-04-14,1.6403538660375794,1.170098287314327,1.362040613881683,1.1027605664327815
2020-04-15,1.6544085517028064,1.1801237848402655,1.3464183040274724,1.0793293574158858
2020-04-16,1.7126648582036388,1.221679211308423,1.370976760797074,1.0845362354176584
2020-04-17,1.7140107810016132,1.22386096504595,1.3840914929153083,1.1138355992966678
2020-04-20,1.712166084822719,1.206716762785885,1.367697925405276,1.09421208591181
2020-04-21,1.6203356740717054,1.1216359071662738,1.3172304729760682,1.0609881483602888
2020-04-22,1.6861936954606487,1.1933300365513084,1.3563188023434125,1.0845362354176584
2020-04-23,1.6685269051257154,1.1672867451246425,1.3534256465669385,1.0844587037373883
2020-04-24,1.6936814136068779,1.1948990865019957,1.3747697679594197,1.0995742852830421
2020-04-27,1.8015355324002547,1.2709906034698952,1.385827508270984,1.1154284173603881
2020-04-28,1.7507776455510995,1.2351807090342792,1.3597261298904342,1.110299458052265
2020-04-29,1.8078367519797085,1.2754361393651634,1.4079435983430708,1.1393653238592458
2020-04-30,1.7680833314765705,1.24738994043843,1.407364723408193,1.1287570291304971
2020-05-01,1.6464949256083288,1.162856218338562,1.367697925405276,1.0988748231026346
2020-05-04,1.68205543137855,1.229988927800049,1.3836419227342642,1.1019060408918335
2020-05-05,1.6897864871984691,1.2408333200338768,1.3993284278786737,1.1120870728501084
2020-05-06,1.7136326014857721,1.2609928326331248,1.4079435983430708,1.1045485682440042
2020-05-07,1.7399616161855134,1.273936609410081,1.4260730796339527,1.1178765349918147
2020-05-08,1.7644040407973425,1.3220350632500875,1.4456169903805591,1.1363734524302505
2020-05-11,1.78422035959749,1.3368830615954652,1.4585395429275023,1.1366063054799804
2020-05-12,1.7530632485171982,1.3135376189614134,1.4280018840098776,1.113952219328222
2020-05-13,1.7305556478217619,1.2966730932513317,1.4101287775804856,1.0942507872497151
2020-05-14,1.771947906309957,1.327687541078019,1.4261371733493253,1.107346158956715
2020-05-15,1.8163659004385735,1.3609691162271729,1.435395007739494,1.1124365459313927
2020-05-18,1.8503328228751588,1.3864198981419371,1.4621394563451204,1.1463208573120374
2020-05-19,1.8649714452710788,1.3973883450722326,1.4584749413379985,1.1345468782855823
2020-05-20,1.9008982477053427,1.4243076285415062,1.4875979676502462,1.153820789584696
2020-05-21,1.8607815752947645,1.3942489535887246,1.471397290735289,1.1458547641991983
2020-05-22,1.8817833399764845,1.409985184439122,1.4764759304736566,1.1480309404296107
2020-05-26,1.851917638208406,1.3876073707337493,1.4724902358658882,1.162175118393843
2020-05-27,1.8330089100598193,1.3734394131481393,1.4805261250961024,1.1794672631832883
2020-05-28,1.8127844993912097,1.3582856391716367,1.478597828594309,1.1772912159573357
2020-05-29,1.8871090577821725,1.4139756455315335,1.5002631295874367,1.1825369243014732
2020-06-01,1.9510502293670478,1.461885573680584,1.5047636054147102,1.1873165395327716
2020-06-02,1.9351890839143548,1.4500011130089265,1.514857197475378,1.1971477113963829
2020-06-03,1.93061346195086,1.4465726847509728,1.521671649419769,1.2130797621673781
2020-06-04,1.9104106779626897,1.4314351152430507,1.5109995887235284,1.2098933520131792
2020-06-05,1.9506522921942335,1.4615874067736476,1.5409585758559279,1.2409020249830036
2020-06-08,2.0088438623936353,1.5051892657641894,1.5529166754274955,1.255901502514942
2020-06-09,2.0265550388252036,1.5184599201679057,1.5641670016096563,1.2465368107775485
2020-06-10,2.153376231533421,1.613484676202636,1.582939654700441,1.2395810193158376
2020-06-11,2.03295876693994,1.5232581142932013,1.5045065195294363,1.1681205469273073
2020-06-12,2.0094586473617704,1.5056499126826055,1.516464314376525,1.18210927451762
2020-06-15,2.0963443931423726,1.5707517826413033,1.534915584717011,1.1931454770391412
2020-06-16,2.075041900630646,1.5547902220327718,1.5612742521324874,1.2161111089610368
2020-06-17,2.1044101885150743,1.5767953327858004,1.5662246028652838,1.2110590363108853
2020-06-18,2.1152711226072207,1.584933228277684,1.5704674849331521,1.2115251294237241
2020-06-19,2.1148941774483876,1.586235723523857,1.5702101958982257,1.2046017180813942
2020-06-22,2.1098467480585166,1.603758900801028,1.5890415592385911,1.212329472229855
2020-06-23,2.131079064808141,1.6033149374427995,1.6025656379066688,1.2179100761513326
2020-06-24,2.051386759952946,1.5523648970728128,1.5695277146405586,1.1868430931657308
2020-06-25,2.0854883081148063,1.59405424480939,1.5844688637098439,1.1995665450154611
2020-06-26,1.9689338565158387,1.5447075047068886,1.5470515418093667,1.1710753940763732
2020-06-29,2.024661133573062,1.5884277865245322,1.5639249487986695,1.188287298091895
2020-06-30,2.1280927166647636,1.6695740079157333,1.5945797234909764,1.2035085342900305
2020-07-01,2.170943838048798,1.7031924296661498,1.6131921930807431,1.211938975730391
2020-07-02,2.2666263521700354,1.7782591959484069,1.6241403341547689,1.218613279461071
2020-07-06,2.446153810767467,1.9191056808004372,1.6640690936346205,1.2374254837989749
2020-07-07,2.466494527110763,1.9350637878148618,1.6526054603173055,1.2246624275801214
2020-07-08,2.4882227161788624,1.9521104227772859,1.6743733518849595,1.2340298284111682
2020-07-09,2.549772760089019,2.0003988985066345,1.6884772196613516,1.2270045035456876
2020-07-10,2.683657146367794,2.105436564227853,1.7000050482688653,1.2395327716479159
2020-07-13,2.587640437353353,2.0301076086608423,1.6650349686575638,1.2287996006021928
2020-07-14,2.6464987486788853,2.0762843123210715,1.6768202894496564,1.2447236530966876
2020-07-15,2.6528858689234096,2.081295264081859,1.6802335083366016,1.2561593824298507
2020-07-16,2.601962510515055,2.0413438489350537,1.6687707891927228,1.2520223384122389
2020-07-17,2.6107044129378876,2.048202221669758,1.6707026408134356,1.255652265898832
2020-07-20,2.7739184040006895,2.176250137567762,1.7181016193160379,1.26579936968421
2020-07-21,2.6868609148971574,2.107950049012663,1.700198548312898,1.268492724793496
2020-07-22,2.7217337517495133,2.1353091868618015,1.706187704793895,1.2757128463930998
2020-07-23,2.6137114163692203,2.0505613363508766,1.6616216481957924,1.260491352186045
2020-07-24,2.539088217575105,1.9920164467797845,1.645843522558093,1.252374004569338
2020-07-27,2.677198862285041,2.100369781584472,1.6752105316030266,1.2615064882793
2020-07-28,2.5958685736183833,2.0365629112583776,1.6538934291143315,1.2535053736807682
2020-07-29,2.6475168221095924,2.0770830317211924,1.6729563830585785,1.2689219226308655
2020-07-30,2.656039814523149,2.0837696607819973,1.6817153834769651,1.2643945111182493
2020-07-31,2.6028293217508462,2.0420238970822573,1.7117259706211068,1.2743861645297079
2020-08-03,2.6849585617415506,2.1064575767356772,1.734846229425638,1.2832459328118972
2020-08-04,2.6957317243972403,2.1149095545147176,1.7412864797100729,1.2882024131574228
2020-08-05,2.69882259238257,2.117334464298861,1.74560117518011,1.296203398751495
2020-08-06,2.750046065815998,2.1575213317083066,1.7687218402839464,1.304867725277263
2020-08-07,2.684749397715844,2.1062934791764043,1.748306519102822,1.3058042976545698
2020-08-10,2.672713781357636,2.0968510558818014,1.7408356906311138,1.3097077145956937
2020-08-11,2.5913511799912907,2.033018834948047,1.7078626736789864,1.2988962378429423
2020-08-12,2.8044514889403924,2.2002045661495693,1.7508180582570227,1.3170057548889464
2020-08-13,2.889008881182522,2.266543228539171,1.7548107615278032,1.3146251065899348
2020-08-14,2.9141966109082205,2.286304011769678,1.7527500114525616,1.3146641949412192
2020-08-17,3.0736320008932063,2.4113874637153354,1.773101137343487,1.318840327310115
2020-08-18,3.129512405677634,2.455227880370728,1.7901671302033864,1.3216899068200787
2020-08-19,3.1243779547835406,2.4511996979092365,1.7781242156518884,1.3161863185610327
2020-08-20,3.261578842671418,2.5588392920334835,1.8027894275638934,1.3202845322362795
2020-08-21,3.3848425381642504,2.6555446002669556,1.8152835374936553,1.3249684261584922
2020-08-24,3.375545113142209,2.6482503977936376,1.8266182723564415,1.3383941782867435
2020-08-25,3.3693578131242585,2.643396213007301,1.8409797338922387,1.3430776851955772
2020-08-26,3.500367274531835,2.746178384970152,1.8802642042490985,1.356542783684032
2020-08-27,3.5490080346068598,2.784339010261799,1.8744039462226303,1.3595091122300098
2020-08-28,3.5260404212499417,2.766319997281638,1.883935118470275,1.3682904458007112
2020-08-31,3.8074205290572407,2.987073966627419,1.8990699707332452,1.3633340944596455
2020-09-01,3.794352768817454,2.9768217851001895,1.931528003316215,1.3761744243498497
2020-09-02,3.6445025842961023,2.8592583109155085,1.9498183791318988,1.396079554470198
2020-09-03,3.334173899968138,2.6157930233331754,1.8509623046678,1.348034552554482
2020-09-04,3.381644596828428,2.65303568714897,1.8262964833068376,1.3370281500631478
2020-09-08,2.9117258906502976,2.284365632726718,1.7385173467964672,1.3004967961742437
2020-09-09,3.1288243483817273,2.4546880718519515,1.789587341095072,1.3261781009769509
2020-09-10,3.099364424726524,2.431575581298911,1.753909183369885,1.303150546914407
2020-09-11,3.0816784205342906,2.4177002023400846,1.7417374719386847,1.3038145328684012
2020-09-14,3.3652130689582305,2.6401444951310675,1.7720705591562138,1.3209870905237193
2020-09-15,3.501592299933741,2.7471394664841493,1.7971863569975253,1.3276610072410204
2020-09-16,3.406232397556792,2.67232580204219,1.768528035515435,1.3223924651075187
2020-09-17,3.3286239628089858,2.6114388752484015,1.7409002922206176,1.3107614230223938
2020-09-18,3.365582245480714,2.6404341289056883,1.718681408424352,1.295671126350838
2020-09-21,3.438419330436566,2.6975777406019064,1.7228033148741402,1.2812506208339622
2020-09-22,3.358716363521983,2.6350475693963453,1.7548107615278032,1.2942994219310162
2020-09-23,3.1167498832407587,2.4452151701306204,1.7012287202008662,1.264283567282921
2020-09-24,3.1760158092436312,2.491711663838155,1.70915043932636,1.267653421778791
2020-09-25,3.3236876104399706,2.60756610901755,1.7488859019118312,1.2881470702442184
2020-09-28,3.4010478897431193,2.6682583479215305,1.7852080440355313,1.3095428468962171
2020-09-29,3.4173334920947025,2.6810350555229117,1.777158239054119,1.302410706338118
2020-09-30,3.4972331987868364,2.7437195769672336,1.7893303567846246,1.312285739718022
2020-10-01,3.5861433001662877,2.813473114086109,1.8177310845073098,1.3207106339666161
2020-10-02,3.3810982062180646,2.6526070218215207,1.7665960823198958,1.308171271480855
2020-10-05,3.499325553805955,2.7453611133194316,1.8042703885308207,1.3313692404346418
2020-10-06,3.4632907982568506,2.717090403695148,1.7720705591562138,1.3124420931231593
2020-10-07,3.539320574985076,2.7767388100164774,1.8027260448723046,1.335287621893089
2020-10-08,3.5260275293641135,2.766309883080634,1.812321006110843,1.3471218460022163
2020-10-09,3.549791045673766,2.784953313818679,1.8400135541448166,1.3591517698766846
2020-10-12,3.6434773768869446,2.858453994623437,1.8968158221887974,1.381017509775313
2020-10-13,3.6642436583661233,2.87474597453916,1.896751830048251,1.3720046131994783
2020-10-14,3.7046629160812072,2.906456501797631,1.880908391797264,1.363383761176624
2020-10-15,3.638331034520848,2.8544164828256724,1.8682858912871043,1.3616985759197695
2020-10-16,3.580365861718659,2.808940482124654,1.8580463362010955,1.3608759144803635
2020-10-19,3.503706138895618,2.7487978578502927,1.827712436384956,1.3401860502317564
2020-10-20,3.4867335443431497,2.735482177339857,1.8316413506648428,1.345554312812594
2020-10-21,3.4741984710670857,2.7256479100801885,1.8302251944370718,1.3430073777650493
2020-10-22,3.4661134911575755,2.719304919379767,1.8301601865482628,1.3503740484308542
2020-10-23,3.4748471256765896,2.726156805612635,1.8337671086288931,1.3549589959324895
2020-10-26,3.4159997618682407,2.679988690718298,1.806267552764821,1.3299192303077918
2020-10-27,3.467089349005519,2.720070518963652,1.8203712173915605,1.3253344118106163
2020-10-28,3.291313062023574,2.582166978551685,1.7494012925802942,1.2800361728504954
2020-10-29,3.362548881613913,2.638054333406694,1.7799919735572287,1.293045498582886
2020-10-30,3.206029772830213,2.515258820917486,1.734846229425638,1.2795660805994062
2020-11-02,3.263522579276561,2.5603642312848454,1.738710542116021,1.2939073773780359
2020-11-03,3.415725241266745,2.6797733183065104,1.7687854261251874,1.3167531641568848
2020-11-04,3.505590402136101,2.750276137864009,1.84774197637593,1.3461814034911186
2020-11-05,3.6233047566056538,2.842627765705186,1.8959140408812267,1.372435617099283
2020-11-06,3.6410757473927657,2.856569820053068,1.8973310097076077,1.3721218782533313
2020-11-09,3.4878549780826034,2.7363619870437894,1.8585617268695582,1.3893639693124191
2020-11-10,3.3326065150062942,2.614563347026216,1.8252661082692168,1.387326214867248
2020-11-11,3.444651482136765,2.702467113330152,1.8660967506314654,1.3976319941380373
2020-11-12,3.4274521047713273,2.688973512615859,1.8573379533627312,1.384073625425231
2020-11-13,3.3866854617258713,2.6569904476461415,1.8736315712437197,1.4032353028444193
2020-11-16,3.4249895566565103,2.6870415449466196,1.888250220239617,1.4207513993758765
2020-11-17,3.382176201475218,2.6534527522955287,1.8822607590341411,1.4131103362243234
2020-11-18,3.3287515891370942,2.61153900321673,1.8683504928766081,1.3961035492996994
2020-11-19,3.3191594898137664,2.60401361694659,1.8829695481718105,1.4019815085007488
2020-11-20,3.3080558632272847,2.5953023769723065,1.8700892507525932,1.3923808676065932
2020-11-23,3.3182309971551884,2.6032851772516636,1.8701542586414022,1.400727456148159
2020-11-24,3.3627182855048066,2.638187237547035,1.8964286189510795,1.423298334423421
2020-11-25,3.3645766250361464,2.6396451793721782,1.9080863617613846,1.4211040975686529
2020-11-27,3.3458138829261874,2.624925056372505,1.9256679484393993,1.4250615673783842
2020-11-30,3.2634126923878277,2.5981159167418104,1.929596050120676,1.418752991290909
2020-12-01,3.350838972885815,2.63627518138938,1.9543262699214898,1.4342706797373985
2020-12-02,3.332800536604042,2.6155536119513068,1.9568382153749955,1.437288223053871
2020-12-03,3.4018930086081554,2.658063135323942,1.9596071451389487,1.436895662483052
2020-12-04,3.419910164460521,2.6868371245147014,1.9675931611294675,1.4492785425592163
2020-12-07,3.535543827197233,2.787447609600252,1.9787347006726996,1.4463006036118669
2020-12-08,3.5523654784774243,2.7787834052412093,1.9854325447165397,1.4505324659073464
2020-12-09,3.395462498775838,2.638088585152843,1.940480402203808,1.4375228821660364
2020-12-10,3.4491584742675903,2.6916162187398527,1.9482730197251203,1.4370526609104877
2020-12-11,3.409160248699188,2.656520974167935,1.9439577148061256,1.4353677336625528
2020-12-14,3.4708984774689307,2.714661625483115,1.9580615825825176,1.4289409894900067
2020-12-15,3.4617864560536864,2.7686922330007815,1.9789922944321048,1.44825992334555
2020-12-16,3.4293174259762202,2.7450239223946156,1.9898762402159318,1.4505324659073464
2020-12-17,3.504257398269137,2.8275961657128628,2.0028849282155465,1.4586437503144483
2020-12-18,3.5873129471196847,2.883811558203802,1.9968310685702195,1.4528198439820064
2020-12-21,3.571320987936032,2.8709557529222556,1.9930957559091917,1.4476249633949845
2020-12-22,3.4972839494259196,2.8114379827867917,1.9985153823393271,1.4451852310534374
2020-12-23,3.56374228918616,2.864863298939791,1.988450129655187,1.4464839189490781
2020-12-24,3.5514731210260866,2.855000214934819,1.9972251788961233,1.4521114804938806
2020-12-28,3.5459887169565105,2.850591347328662,2.017354668516141,1.4645863407497997
2020-12-29,3.533942344018439,2.8409073665816975,2.019161481525723,1.4617917171396615
2020-12-30,3.6759159641284422,2.9550387994030234,2.0192254736662694,1.4638775902482948
2020-12-31,3.6237953792419884,2.9131394872070855,2.0241939047181403,1.471315213366926
2021-01-04,3.710470133316852,2.982816613593914,1.995611764355748,1.4512848199162245
2021-01-05,3.8537746799751513,3.098017967389427,2.0120640421153606,1.4612803434614734
2021-01-06,4.036623904472662,3.245008964491562,1.9841925192375103,1.4700165254712856
2021-01-07,4.145587229261333,3.3326036907052834,2.0321939380346836,1.4918576255181142
2021-01-08,4.152188029540744,3.337910020099947,2.0583230463428035,1.5003574713577847
2021-01-11,4.035259696441275,3.243912288805136,2.0285809214644774,1.4902440377363846
2021-01-12,4.098808954421514,3.294999017891829,2.0253549049823367,1.4905585506090946
2021-01-13,4.04530754205347,3.2519896697692814,2.039032767937378,1.494572395367708
2021-01-14,4.219926760364672,3.3923646321640963,2.0281291166372557,1.489338684438321
2021-01-15,4.014147978189938,3.226940751054122,2.0120640421153606,1.4784775409685913
2021-01-19,4.143900338356886,3.3312476128945705,2.041419776354579,1.4900863942866505
2021-01-20,4.124820856210149,3.3159097731380807,2.0889045855853743,1.5107074991582459
2021-01-21,4.003760658891526,3.218590469968228,2.1056150665533497,1.5120844927609147
2021-01-22,4.001449647163354,3.216732666528414,2.0995506431260913,1.506732742750917
2021-01-25,3.886200538721205,3.124084850210909,2.1169061242408422,1.5126746881639699
2021-01-26,3.770211645575295,3.030842327016492,2.120003140693628,1.5103139065517495
2021-01-27,3.615226397601206,2.9062509529024427,2.060904265827821,1.4734010864755596
2021-01-28,3.759850134259768,3.0225127927571043,2.0730983237208,1.4860728075369565
2021-01-29,3.627938290949163,2.916469940067453,2.0294837185203107,1.456322186057972
2021-02-01,3.7201534680532062,2.990600967244207,2.080195763131162,1.480562898059386
2021-02-02,3.743623715567905,3.0094685073932026,2.1141315062866184,1.50149903182153
2021-02-03,3.8875614328493415,3.1251788618775973,2.105744879181315,1.5026794226276403
2021-02-04,3.964803444094439,3.1872730833996896,2.1306481824860826,1.5197583230452276
2021-02-05,4.1517135747887295,3.3375286098026375,2.1378740124768423,1.5257397438229439
2021-02-08,4.1746868796577274,3.3612699635985583,2.1521978913269217,1.5367589177557868
2021-02-09,4.1317958098706375,3.32304852996466,2.1517462896493527,1.5357353963726526
2021-02-10,4.0342701023502885,3.22815976303936,2.14684205388768,1.5350663792447306
2021-02-11,4.053607905968753,3.238778079811696,2.158649111692593,1.53754597396432
2021-02-12,4.070838711635795,3.2505521135786686,2.170714372705869,1.5451409825237659
2021-02-16,4.036432007883516,3.1847490743172164,2.164843347747817,1.5438028192634619
2021-02-17,4.048896861123851,3.16051300626852,2.1544554934154627,1.5441570655097547
2021-02-18,4.009338748933885,3.1255417953228535,2.1450366629256656,1.5375854493289833
2021-02-19,3.969657128675637,3.1091510439172136,2.1356806056785,1.5348697764481718
2021-02-22,4.038446099121051,3.163028568433217,2.0803243568612118,1.523063933320175
2021-02-23,4.054891999802098,3.175909476686291,2.0741307302549457,1.5249137282675862
2021-02-24,4.0851320964693505,3.199594400868273,2.091227601862029,1.5417170751592884
2021-02-25,3.9224503222289937,3.0721772986324294,2.0183222703111308,1.504568305926336
2021-02-26,3.7677072972604275,2.950978055971279,2.026773905305243,1.4968155249126962
2021-03-01,3.8930442194784365,3.0491455827686127,2.087744194770136,1.5330986742211679
2021-03-02,3.8972706981286342,3.0524558839058145,2.0542594438432906,1.5211357036612756
2021-03-03,3.90293931506317,3.0568957097366813,1.9946439594111056,1.5009870131210437
2021-03-04,3.850314029821555,3.0156780540949724,1.9619982165492005,1.482412822011257
2021-03-05,4.059696427280657,3.1796724441734536,1.9915469429583201,1.5096841067795714
2021-03-08,4.0234991288007,3.151321666081572,1.935157881307581,1.502167661936073
2021-03-09,3.9591274149155087,3.1009038655166012,2.011482830959479,1.5236147823630264
2021-03-10,4.05498272518229,3.175980535445624,2.005741618629392,1.5330986742211679
2021-03-11,4.216981475260187,3.3028626732704627,2.051936224416983,1.5486435826086509
2021-03-12,4.23686554009029,3.3184364517908396,2.035290548188164,1.5507289396994455
2021-03-15,4.156811349053958,3.2557356785092955,2.057033046049252,1.5599767533963649
2021-03-16,4.001977757889283,3.1344655017664222,2.0683234942877875,1.5580089193683426
2021-03-17,4.074828862220585,3.1915246078151496,2.0768401371707084,1.563321194013677
2021-03-18,3.9480452620598467,3.092224000731522,2.013225854978167,1.5405760307133818
2021-03-19,3.91296138474748,3.0647452865165232,2.0203222786402666,1.5377254191677405
2021-03-22,3.8939912763358753,3.0498873452739153,2.058210095135998,1.5500043216493995
2021-03-23,3.7136918355804727,2.908671573666615,2.0492306773446187,1.5378042408926076
2021-03-24,3.717331131850636,2.9115219764673417,2.014670045857987,1.5299870866535856
2021-03-25,3.6826518946629254,2.8843601881794965,2.01118156002478,1.5385938771903345
2021-03-26,3.8422953175455663,3.009397565167185,2.041349283425152,1.5633885343416323
2021-03-29,3.781849248549002,2.962054443978263,2.0407682754189227,1.5625987690394456
2021-03-30,3.7926254728720408,2.970494696629161,2.030496216388509,1.558453081723035
2021-03-31,3.7783651605627697,2.9593256048245626,2.0615695809398495,1.5647701721048497
2021-04-01,3.8787686254369547,3.037964521866404,2.0967112204327107,1.5816683372744196
2021-04-05,3.936728393987921,3.0833603001550838,2.1385720346829276,1.6043702840807206
2021-04-06,3.913638806867628,3.0652758632448798,2.1370866044236445,1.6034228753288
2021-04-07,3.9338452533340424,3.0811021404492966,2.142254122134993,1.6052783464724376
2021-04-08,3.891251415187612,3.0477414062486585,2.1646060689536646,1.6128981238881428
2021-04-09,3.8770633660038576,3.036628913027982,2.1777191758746786,1.6246239842511356
2021-04-12,3.849116223702686,3.12228489725087,2.174877315385468,1.6252162437255455
2021-04-13,3.8465307061209377,3.1863185664635685,2.200264724312209,1.6300330122412332
2021-04-14,3.792760888193864,3.127547895633436,2.173843486803754,1.6244663408014015
2021-04-15,3.8607332484137826,3.2395269558609563,2.2067894848520955,1.6419170320717986
2021-04-16,3.8444756244978673,3.2214680173145247,2.2093735484322483,1.6474048817867635
2021-04-19,3.783847711204126,3.214059581473567,2.1891538603665084,1.639311399995098
2021-04-20,3.751503895016574,3.203533690145773,2.1731972677590634,1.6273086960616228
2021-04-21,3.774359368623243,3.2174587041403084,2.1918019160872078,1.6427067973739853
2021-04-22,3.6902751610173627,3.178168368605654,2.165381491177363,1.6277034497082563
2021-04-23,3.7806738216691733,3.236206925650677,2.192642346199715,1.6453519048153495
2021-04-26,3.815238762129628,3.245721003457818,2.206918688031103,1.6487866485544405
2021-04-27,3.7877264736350678,3.23501349956848,2.1973580590838417,1.64843149927693
2021-04-28,3.8310613501636133,3.237313951878706,2.189928673141249,1.64795766589651
2021-04-29,3.86446049488434,3.247415698401854,2.197809660761411,1.6584596609504791
2021-04-30,3.789143574286577,3.218652033023582,2.1834041157510153,1.6475629122498765
2021-05-03,3.7661852265771314,3.209484912682346,2.1717762359396318,1.6511160820829576
2021-05-04,3.7124171279301486,3.158725775598666,2.1326936963373844,1.6409298899462954
2021-05-05,3.699332167288158,3.1557481580891524,2.125522716752807,1.6414434567002982
2021-05-06,3.746733208406594,3.1920102277209454,2.141543504650451,1.654551083830968
2021-05-07,3.7454225710780396,3.2130290234149608,2.158921129077328,1.6665928761157274
2021-05-10,3.697535883355067,3.1719491947523077,2.104398809583666,1.6500893355883313
2021-05-11,3.727853653681475,3.197957441922116,2.101491534906341,1.6353630895020042
2021-05-12,3.652550050701373,3.133357878761705,2.047099028040645,1.6006194794154034
2021-05-13,3.596719390380251,3.085463274453664,2.0629264174690825,1.6198470781134904
2021-05-14,3.6478175925162244,3.12929811642183,2.108469116021712,1.6447204279851955
2021-05-17,3.629476185774751,3.1135638511761194,2.095677798150302,1.6405352653041216
2021-05-18,3.629787788635555,3.1138311612103124,2.081530659497922,1.626401020683285
2021-05-19,3.6236412100923396,3.1085582888229477,2.083920512010258,1.622136649263965
2021-05-20,3.6584631385753767,3.138430450039479,2.124230684962731,1.6395875985432817
2021-05-21,3.6682068151007874,3.146789110478133,2.112474211421297,1.6382454361447276
2021-05-24,3.666649711565974,3.1454533416149744,2.1480036636008335,1.6549458374776016
2021-05-25,3.638991069345289,3.1217262404623445,2.1509757430173146,1.6512742415505304
2021-05-26,3.6287146063076334,3.112910526515137,2.158468511651496,1.654551083830968
2021-05-27,3.612510030013453,3.0990093516924633,2.1503933129635175,1.6554195418535618
2021-05-28,3.622081462414101,3.107220251668453,2.1571768861607246,1.6583807102211523
2021-06-01,3.6265154028141557,3.109070779568665,2.1500061097258,1.6569202507330678
2021-06-02,3.683900336208508,3.1015292094211486,2.154205416193201,1.6595258828097688
2021-06-03,3.6875205980819983,3.0765064857925375,2.1317892740843307,1.653366564882148
2021-06-04,3.7780069700257295,3.138444361880516,2.167965554757516,1.6684882096374072
2021-06-07,3.818010592345715,3.1630639069645246,2.1744249011092887,1.66686946167729
2021-06-08,3.7840095696608538,3.152796347232626,2.175458729691002,1.6672246109548008
2021-06-09,3.7542893511360247,3.1654066434695323,2.17597533925738,1.6647371469631704
2021-06-10,3.774069155542047,3.206058514430688,2.1986498877242657,1.672475737486245
2021-06-11,3.8068289754803812,3.2068637350273925,2.204399429190106,1.6752392710215993
2021-06-14,3.842145932321826,3.231643237441153,2.225522930059942,1.6789902046913763
2021-06-15,3.8015008787703035,3.208591544724339,2.210988181870539,1.675910868238715
2021-06-16,3.7936965342424873,3.1939575671690514,2.202912780032908,1.6665535297555236
2021-06-17,3.8991543133095896,3.228637810248929,2.2308850651384127,1.666000745645777
2021-06-18,3.87107925917309,3.1978953771463114,2.2133784406821806,1.6435257176840603
2021-06-21,3.8765353445762094,3.240268395315498,2.227135125702403,1.6670544540724772
2021-06-22,3.9331101027025386,3.264924814647834,2.2478951918438663,1.6759667271697583
2021-06-23,3.947591448920603,3.2607334516581656,2.2489946377633467,1.6739471623534026
2021-06-24,3.9689740524627144,3.274439746884619,2.262900028329219,1.6838492866698402
2021-06-25,3.951081446763962,3.264301703681816,2.2601189095861143,1.689830836452016
2021-06-28,4.050556340476845,3.287454656283034,2.2876050575731193,1.6932369412010573
2021-06-29,4.050431872153585,3.3003128964433524,2.2958840153625832,1.6941480996998066
2021-06-30,4.0449481940415355,3.2948032934017513,2.2922618570580133,1.6955741149971555
2021-07-01,4.072012223400364,3.3038507071974386,2.2931677013586342,1.7049618985328323
2021-07-02,4.142415658594763,3.3752946467957337,2.319489598687003,1.7179938000456676
2021-07-06,4.152587698872085,3.4052819850061247,2.3295152371889003,1.7148645388671087
2021-07-07,4.106332374269326,3.382235111293757,2.334429427283547,1.720925168383071
2021-07-08,4.030711448334658,3.3241812816386855,2.3203308413981207,1.706902641624321
2021-07-09,4.073460133150922,3.342806388855572,2.3348176462695274,1.7251236185234924
2021-07-12,4.136341579117588,3.400741246607582,2.343936831021846,1.7313028031379045
2021-07-13,4.103608316421079,3.383882331293217,2.343936831021846,1.7254009781118134
2021-07-14,4.036227042128946,3.3616493023903167,2.3481408099312553,1.7279753911092706
2021-07-15,3.9288009208181744,3.271357145641491,2.331648714839747,1.7220739530965585
2021-07-16,3.8265788463470005,3.1981884387563535,2.312763719991114,1.7085662831364081
2021-07-19,3.868155328669096,3.232937343829516,2.293814123552978,1.68333468788016
2021-07-20,3.8779139662647664,3.241093444406479,2.320459638277823,1.7074573608009629
2021-07-21,3.986983019106883,3.3322514729830397,2.338374999834941,1.7212814787007187
2021-07-22,4.034438974510785,3.3719143400026974,2.3538322505964726,1.7248858633042945
2021-07-23,4.133535709817491,3.4581095923431597,2.381318398583478,1.7426315877739893
2021-07-26,4.101214689867062,3.4472548058411228,2.3831946887742244,1.7469098916749553
2021-07-27,4.074267023728985,3.418052822870156,2.356936174137444,1.7389478654277077
2021-07-28,4.103278937582475,3.469717236555065,2.365990757300259,1.7382348577790334
2021-07-29,4.122011865237859,3.414332008111815,2.3701949393593207,1.7454437559906446
2021-07-30,4.089366514636011,3.387141807125812,2.3578416121387606,1.7369672599581767
2021-08-02,4.117628997145152,3.41055106519482,2.3580360263562294,1.7333230129765587
2021-08-03,4.136243579125569,3.4259691571223554,2.3723292296087775,1.7474248774780143
2021-08-04,4.176457705860969,3.459277726900834,2.3757565673965733,1.7388290523203387
2021-08-05,4.23124820044996,3.504659615315888,2.3908260054714296,1.7498404859856005
2021-08-06,4.195501013424507,3.475050923791736,2.3803485621423106,1.7527323789583407
2021-08-09,4.206338781023152,3.4840276334111593,2.3847467521195367,1.7513063636609918
2021-08-10,4.167507306430263,3.451864287192332,2.3725232375269414,1.7534847329672187
2021-08-11,4.134693417973117,3.4246851891462735,2.368448868095845,1.7578419875975113
2021-08-12,4.170193298196425,3.4540890413130994,2.376985825944019,1.7631101427176337
2021-08-13,4.203775708680037,3.4819046910295017,2.385328572724376,1.766318999647818
2021-08-16,4.088140895995279,3.499665130645019,2.386363417054352,1.770477974423576
2021-08-17,3.9767811933671138,3.469786920943748,2.3653447414052207,1.7588719592036297
2021-08-18,4.003600876992563,3.4437789194049064,2.342578775594698,1.7396211397027996
2021-08-19,4.038202462746203,3.482487577938089,2.3538968521859767,1.7423146238165452
2021-08-20,4.158341723645964,3.5459900650345877,2.3782784671830526,1.7561782170809646
2021-08-23,4.274389469164651,3.644948779836441,2.413849971340663,1.7716267591370634
2021-08-24,4.244089199252602,3.619110485820097,2.421223084829505,1.7744390563581782
2021-08-25,4.280708993438412,3.6503376996943437,2.4240040004229577,1.7781623830735829
2021-08-26,4.246042954166546,3.6207765334839928,2.4086113512509297,1.767665290189082
2021-08-27,4.300912127217652,3.6675657478983616,2.4320237392557957,1.783470271567288
2021-08-30,4.31461029241563,3.6792467402095577,2.4593170982225523,1.7913130976937872
2021-08-31,4.28777137946091,3.656360088505925,2.457311808002451,1.7886589599402452
2021-09-01,4.300809240425662,3.6674780120732495,2.4613857711342426,1.7896097228081176
2021-09-02,4.267939666281484,3.6394487660172095,2.460221926774911,1.7951156331474378
2021-09-03,4.313002298298128,3.6815149858508107,2.467788641882612,1.7946795980737054
2021-09-07,4.329317620850428,3.6738573434655852,2.4712815970081743,1.7882630452534745
2021-09-08,4.276637644957144,3.640170488505447,2.462679631271192,1.7860841599294088
2021-09-09,4.24679350170137,3.6250718576617422,2.4542070718628692,1.7784398716663634
2021-09-10,4.201078663523684,3.616020439456831,2.435580686521904,1.7644176029165328
2021-09-13,4.189814949014877,3.6084919919144465,2.4338994199975845,1.7689330170143982
2021-09-14,4.2025273548685655,3.618509284251045,2.426979533383532,1.7593868160022292
2021-09-15,4.243886212873468,3.6504879194512614,2.4450232855210468,1.7740826170360708
2021-09-16,4.237740076337574,3.6320432281334534,2.4467051614943243,1.7712701908104964
2021-09-17,4.207919242046864,3.568585269333887,2.417730942302553,1.754015973332198
2021-09-20,4.101222937339698,3.4780999630890026,2.3677727860522326,1.7247693722771997
2021-09-21,4.118774633872646,3.4929849269146938,2.370686155219133,1.7231401749558481
2021-09-22,4.2046648213169195,3.565825311927612,2.3928292641950057,1.7399491980437765
2021-09-23,4.270476667342488,3.621637976279097,2.4149079747310274,1.7610894168611408
2021-09-24,4.2432263787540805,3.60214962263054,2.4171743122546268,1.7639903401460588
2021-09-27,4.272667554473908,3.5533347042422583,2.3978799708561507,1.7589438146876737
2021-09-28,4.156030493244606,3.408489848730035,2.3300249396670925,1.7234977753180927
2021-09-29,4.1434640122173265,3.3749797608571033,2.3262053199002657,1.726398569598551
2021-09-30,4.117558010497621,3.382837481610017,2.317659220317728,1.7052978261458498
2021-10-01,4.161023495569076,3.4212371620289472,2.332032058234067,1.7255637817399347
2021-10-04,4.1340218253282845,3.3018163309363384,2.283084368355419,1.7033111574667137
2021-10-05,4.168086073507053,3.3911654454773488,2.3139035926914473,1.7210337901381252
2021-10-06,4.19747873864157,3.4310318935833526,2.3287308763804906,1.728186829418693
2021-10-07,4.251922969396439,3.4828114046254557,2.3500971410850973,1.7431281259393137
2021-10-08,4.23447718464418,3.4696603338191276,2.3383776407804238,1.7399491980437765
2021-10-11,4.2380404081867535,3.4475185679410636,2.3204427768566633,1.7273520415600767
2021-10-12,4.272454178499382,3.414931518143303,2.31234949784961,1.7231003125778057
2021-10-13,4.31436164719806,3.4512470049962998,2.3308671981264726,1.7292993638790093
2021-10-14,4.416756355013572,3.5625175664697504,2.37379373545385,1.7583872894485963
2021-10-15,4.495220702802758,3.571195119316944,2.388750222321901,1.771778855395031
2021-10-18,4.604430130364406,3.6579557480995053,2.4127714498353927,1.7770241767257895
2021-10-19,4.596022559999625,3.6512764154844684,2.4310297280059774,1.790733609660886
2021-10-20,4.580812195423483,3.6391926529000234,2.427857343032104,1.7977671908117863
2021-10-21,4.716447661053961,3.746947253817357,2.4426842204218424,1.8024563739168462
2021-10-22,4.761342350409872,3.782613510517748,2.422160011026963,1.8005883893406196
2021-10-25,5.108865528462519,4.058700750580805,2.4469570670634586,1.8102446311568992
2021-10-26,5.263861897608812,4.181836479303083,2.4546617207852264,1.8118736994737907
2021-10-27,5.285750938021105,4.199226066924037,2.4603598653889773,1.8038471709967014
2021-10-28,5.4384850717789055,4.3205645793332,2.4876824779056976,1.8212520656839106
2021-10-29,5.600050314627192,4.448918901591797,2.499919603525012,1.8249476564404832
2021-11-01,5.866275480686342,4.660419532267615,2.50846651570616,1.8280867219579782
2021-11-02,5.8426624041711435,4.641660296808817,2.518955132266168,1.8354780324755826
2021-11-03,5.968801574298418,4.741870635409622,2.545694908429786,1.846684133870508
2021-11-04,6.36765196533453,5.058734403392744,2.5783274465642774,1.8553867747208022
2021-11-05,6.342173463385176,5.0384931943788445,2.5807877920060407,1.8618242262635019
2021-11-08,6.300817287292107,5.005638083588601,2.577291586486038,1.86341394822019
2021-11-09,5.908039405448881,4.693598575997883,2.5595509336300943,1.8572543722836499
2021-11-10,5.920895239562019,4.703811799124161,2.5219335093218773,1.8423133337719484
2021-11-11,6.002146757539144,4.76836147168108,2.528925920361883,1.8429089473623104
2021-11-12,5.917237082276138,4.70090560289738,2.5555368996457983,1.8568171761697803
2021-11-15,5.824357360049553,4.6271179887559235,2.5549538601430437,1.8574526521381844
2021-11-16,5.9604213133980375,4.735212998598291,2.5731479430234296,1.8648044872911256
2021-11-17,5.964332006735088,4.73831982023882,2.5745074204981453,1.860274108675937
2021-11-18,6.230539061610542,4.949806062617578,2.6011832045212175,1.866592618106808
2021-11-19,6.474967578699114,5.143990505375714,2.6156860582151737,1.8632544987080204
2021-11-22,6.4303754797827395,5.108564639430808,2.585320060753935,1.8580093063817216
2021-11-23,6.276288974896931,4.986151745697312,2.573536365159063,1.8604729045483102
2021-11-24,6.387745476442839,5.07469754592659,2.5818238552339325,1.8654402212684493
2021-11-26,6.175747611638421,4.906277397028648,2.532876165355285,1.8238349929757072
2021-11-29,6.516509415464901,5.17699311292576,2.5878454140845077,1.8462074623919749
2021-11-30,6.470440125518966,5.1403937034011635,2.549839364491005,1.8102846225394011
2021-12-01,6.207323811126,4.931362877131174,2.5064589908398807,1.790177342430728
2021-12-02,6.246070507183137,4.962144905644842,2.5245234642419536,1.817596208300921
2021-12-03,5.906270540033526,4.692193313841543,2.4806254652761885,1.801780519552561
2021-12-06,5.825812337015459,4.628273884535663,2.5005024398781144,1.8231197922512181
2021-12-07,6.180973008183943,4.910428674991092,2.5758022963833573,1.8608306339150145
2021-12-08,6.174265234536444,4.905099733411761,2.587326773021604,1.865758088257111
2021-12-09,5.856491558625097,4.652646767141509,2.5492567312875556,1.853161060777871
2021-12-10,5.867042595511507,4.656376314247293,2.576967765939909,1.8706059468475824
2021-12-13,5.523153700247645,4.451195631081707,2.5397387637673248,1.8540357110145298
2021-12-14,5.5178383482297555,4.447248292222083,2.5134516050295383,1.841279750040959
2021-12-15,5.7747517668610815,4.6771570553232085,2.57075219917117,1.8700500666308035
2021-12-16,5.433166669609354,4.426251921163046,2.504646489640028,1.8535587815270773
2021-12-17,5.393646752215692,4.36617642774613,2.492150145064088,1.8338314195521739
2021-12-20,5.291332158202462,4.342005994679613,2.4679751332636326,1.8143314924396936
2021-12-21,5.53420401836837,4.489647821771959,2.523209492289404,1.8465525493216302
2021-12-22,5.772520444683304,4.549128562907615,2.553938924479015,1.8650154095827092
2021-12-23,5.962385156527612,4.57598465004586,2.5731930422462908,1.8766198767491393
2021-12-27,6.168912624740792,4.729287230773514,2.6157209999554087,1.9031781538687793
2021-12-28,6.09139213053732,4.668043931543059,2.6035974349918574,1.9016224890894478
2021-12-29,6.052769020519644,4.644506716082897,2.6032088097065715,1.904055255190172
2021-12-30,5.966743634603376,4.5971065653968255,2.595428787463716,1.8987914862216786
2021-12-31,5.9113016436561425,4.575384932453282,2.579221914484357,1.894006194794154
2022-01-03,6.382601638282916,4.687813381830614,2.604051677614909,1.9049726059029861
2022-01-04,6.161056892652414,4.593399764145487,2.5702756100863398,1.9043341628320092
2022-01-05,5.819014538928401,4.400104487122746,2.4913137779446313,1.8677672037122324
2022-01-06,5.816893040187951,4.409126417755096,2.4895632373887997,1.8660122270426889
2022-01-07,5.61770325551549,4.338466175259861,2.4625949178660878,1.8586352360201093
2022-01-10,5.718702106322725,4.350899928912352,2.464215239494649,1.856322186057972
2022-01-11,5.7791885090582005,4.420519278364897,2.5012327628789515,1.8732301555664779
2022-01-12,5.91162670887099,4.440662395676224,2.511151544663619,1.8782944836402995
2022-01-13,5.5618053897377395,4.285489941345932,2.4483319839117663,1.8524142539607593
2022-01-14,5.648869486271088,4.32603205833561,2.463566988953433,1.8531722841658635
2022-01-18,5.488550079611426,4.2017484079488385,2.402238343501481,1.820352517586533
2022-01-19,5.30714753289392,4.089773919972751,2.375853469780829,1.8014509131580678
2022-01-20,5.21172711486135,3.9938093074997676,2.3449948344122102,1.7815128869005001
2022-01-21,4.980591135986004,3.8961653789622606,2.2799710999304312,1.7465401648935004
2022-01-24,4.988186839971582,3.9021072678042557,2.29040913222696,1.753957663316421
2022-01-25,5.033332291757402,3.937423185425889,2.2373137358926534,1.7325434390266872
2022-01-26,5.031049555010243,3.9356374697064633,2.233813061080295,1.7281967627620887
2022-01-27,5.115164626597977,4.001438138908389,2.2113174874572867,1.7196631177539807
2022-01-28,5.057255013367541,3.956137204939463,2.280684561510109,1.762371592185942
2022-01-31,5.057634966133569,3.956434430463948,2.353616708815141,1.79411404252245
2022-02-01,5.276225980937954,4.127431551243361,2.369629573876336,1.806236462594512
2022-02-02,5.289658406870076,4.137939330630044,2.388884097942917,1.823782359156156
2022-02-03,5.267701755000516,4.120763307841502,2.2920294538555215,1.7809146932209448
2022-02-04,5.341714665813762,4.178661363079016,2.3209435407501444,1.7892887597124232
2022-02-07,5.466312133721231,4.276130183046977,2.3022726656352757,1.7835465132029615
2022-02-08,5.42400322458532,4.2430332067049585,2.3281393045923298,1.7982210285009552
2022-02-09,5.400824848394432,4.224901466036062,2.3774744008583477,1.8245400023478813
2022-02-10,5.41560707785202,4.236465155779715,2.3236661523933213,1.79176125918673
2022-02-11,5.4439089462788335,4.258604849023711,2.249955129320498,1.756429646772889
2022-02-14,5.3764937000668676,4.20586794668947,2.2527429520021363,1.7506874002634272
2022-02-15,5.313653880434737,4.1567102617909955,2.3087555773467416,1.7789206712876064
2022-02-16,5.373529213005771,4.203548918377676,2.308171725245377,1.7809146932209448
2022-02-17,5.337750939703837,4.175560660367324,2.239517706472927,1.7428716650734617
2022-02-18,5.363868169330253,4.195991376940229,2.2139757006606122,1.731586096931371
2022-02-22,5.30945995684155,4.153429482570287,2.1917391428445767,1.7130039075450838
2022-02-23,5.320995291953305,4.162453225349014,2.1355975174706163,1.6826171650753967
2022-02-24,5.195945714805234,4.0646307340350925,2.207362773171529,1.7079391924578833
2022-02-25,5.411513489979425,4.233262866149935,2.241592473874193,1.7456232011940653
2022-02-28,5.461130042867339,4.272076390550401,2.248269596653475,1.74115680879088
2022-03-01,5.515842677029242,4.314876424761849,2.2138452785836895,1.7146387810626613
2022-03-02,5.702927089836241,4.461226886428045,2.2509926145959573,1.7461815324955783
2022-03-03,5.761795047109892,4.5072775038743655,2.218837274995254,1.7374884379753008
2022-03-04,5.8691925284860185,4.591291296073064,2.186681732244898,1.723371866965441
2022-03-07,6.037641541635382,4.7230638498189315,2.1060347737354723,1.6725682336838386
2022-03-08,6.218681861351726,4.864686200784193,2.096246007728422,1.6598869662924247
2022-03-09,5.964250068150994,4.665651926154916,2.171706758758467,1.704390150767512
2022-03-10,6.13842895329296,4.801906784967378,2.1475904572075923,1.6966940027116737
2022-03-11,6.124045122048917,4.790654750062332,2.1030527399860173,1.67512045791423
2022-03-14,5.9395372329873135,4.646319824773406,2.0626643544173215,1.6628783217035812
2022-03-15,5.620179905517423,4.39649627394709,2.1273640652033188,1.6994454098278178
2022-03-16,5.59950606714913,4.380323757251467,2.2062608894562183,1.7371291605550805
2022-03-17,5.722577373467406,4.476598707298335,2.2329703963216097,1.7588621548646937
2022-03-18,5.734351867795464,4.485809537078018,2.2786745988479993,1.7781269068471697
2022-03-21,5.914593823401173,4.626807352014777,2.272339173784269,1.777606889870183
2022-03-22,5.891763660166534,4.608948007779879,2.3169969524504874,1.7984074399451988
2022-03-23,5.969973806516366,4.670129433070968,2.283698692904663,1.775246753280261
2022-03-24,5.986870589085549,4.683347273577136,2.3344572587859433,1.8020075674016052
2022-03-25,6.106390230926315,4.776843864229076,2.332510678815422,1.810807606618961
2022-03-28,5.967365364427839,4.668088927941985,2.3686000114373256,1.8236881859005867
2022-03-29,5.915101776629533,4.627204708418552,2.4093628018156297,1.8462486148146142
2022-03-30,5.986606355961215,4.683140572018448,2.3827495878855363,1.8348482327034046
2022-03-31,5.896155261380764,4.612383424207754,2.3532165039996613,1.8066076084250233
2022-04-01,5.9343445939075075,4.642257780719637,2.3487376636103816,1.8117275374209687
2022-04-04,5.91759886439918,4.629158104441372,2.397095203748436,1.827248192970031
2022-04-05,5.839324540374794,4.567926474902059,2.343869385337207,1.8041674890700972
2022-04-06,5.870536458403742,4.592342611684851,2.2929810068279615,1.7861271184144836
2022-04-07,5.912460728502247,4.625138696574425,2.2984335435018064,1.7951268565354304
2022-04-08,5.9688440886474226,4.669245689047659,2.266303191308364,1.7903269876039614
2022-04-11,5.789338360009896,4.528823802137549,2.212688544462196,1.7597264847445777
2022-04-12,5.910071364641485,4.6232695696981425,2.203340816350784,1.7532060833343008
2022-04-13,5.998352333288046,4.692329093813022,2.248128813944273,1.77328653051536
2022-04-14,6.032192888130066,4.718801533445281,2.196719966025252,1.7512059981913575
2022-04-18,6.091313760162839,4.765049998436485,2.198408139637758,1.7519261010853144
2022-04-19,6.03502682456263,4.721018435960117,2.247544352393951,1.7802068457506577
2022-04-20,6.0101146645564585,4.701530408800064,2.214765140210335,1.7788867431147095
2022-04-21,5.659062769571856,4.4269131591375235,2.168939047892429,1.752286152532293
2022-04-22,5.447938092823307,4.261756728157077,2.112143890086287,1.7042047713589459
2022-04-25,5.380267913502191,4.208820399383946,2.139275541929631,1.714085093921697
2022-04-26,5.3570010657354885,4.1906194500847285,2.0585290400904666,1.6644437908218488
2022-04-27,5.324131884190399,4.164906886319854,2.0560621938598223,1.66912420162365
2022-04-28,5.368667017128507,4.1997453700185545,2.129085555358839,1.711285052124252
2022-04-29,5.28827578736838,4.136857749330212,2.0332793666281392,1.6480433248577404
2022-05-02,5.212033448331593,4.077215680014393,2.0672268924634425,1.6579638968119128
2022-05-03,5.229377461505945,4.090783375457998,2.0694333008395462,1.6655639365452863
2022-05-04,5.313528424287286,4.156612121252064,2.1394057608569015,1.7162851359771507
2022-05-05,5.2752403454869,4.126660518525391,2.031656404054095,1.6552835711530547
2022-05-06,5.301402682130957,4.14712652095005,2.007315622137177,1.6454032485903038
2022-05-09,5.242272322489881,4.100870634090641,1.9287749192251589,1.5927222134069174
2022-05-10,5.1881213508006185,4.05850997139571,1.9522076221952778,1.596401807610489
2022-05-11,5.228356540864385,4.089984740205733,1.8943085491772997,1.5710413368990166
2022-05-12,5.16185727401952,4.03796438074773,1.889830318236978,1.5694013032030518
2022-05-13,5.167302695208425,4.042224168578292,1.9598671766941842,1.606922250302193
2022-05-16,5.194346267230214,4.063379534710129,1.9371485447527004,1.6004022359052952
2022-05-17,5.256854425951044,4.112277771337328,1.987323867981573,1.633322883972099
2022-05-18,5.163591311319792,4.039320865532504,1.8897647008992116,1.5674813298295722
2022-05-19,5.163839695858164,4.039515169223101,1.879639315917923,1.5578808179398762
2022-05-20,5.202471124115202,4.069735363815552,1.8737977476594874,1.55856131646471
2022-05-23,5.256503414940106,4.112003186070014,1.9049539972690592,1.5877218715450994
2022-05-24,5.316825321733488,4.159191184125759,1.8644508321466855,1.5756015155443923
2022-05-25,5.314219938883463,4.157153072146265,1.8905441861159604,1.5895217417666128
2022-05-26,5.333095799304087,4.171919085228044,1.9429255114216322,1.6212830267542349
2022-05-27,5.419076203197779,4.239178947315374,2.0063417227029587,1.661083611660455
2022-05-31,5.345498603361656,4.181621422651809,2.0010194049563843,1.651763684470572
2022-06-01,5.302778710030485,4.148202945839435,1.9862201559193897,1.638402950590002
2022-06-02,5.3415964087719665,4.178568854182081,2.040613678533349,1.6696040982136753
2022-06-03,5.2974163131986,4.144008105445151,1.9875186884983471,1.6422032929678378
2022-06-06,5.3095799880558285,4.153523379348537,1.9941393356742267,1.6472037638341157
2022-06-07,5.360131329799907,4.193068160718024,2.011339813604099,1.663003843042854
2022-06-08,5.28650330914269,4.1354711933754364,1.9968654008614968,1.6449233520002786
2022-06-09,5.163231396752671,4.039039315283243,1.9433799571943366,1.6058019755742956
2022-06-10,5.091657401229143,3.983049149501935,1.8748358423839042,1.5592409119583264
2022-06-13,4.857700858436421,3.8000320422303404,1.7876629044366767,1.5000393463602038
2022-06-14,4.867229464539705,3.8074859817720044,1.7909086264351126,1.4955194171062494
2022-06-15,4.788801363505807,3.746134057142372,1.8356308035411828,1.5168399841582523
2022-06-16,4.572499272168619,3.576927491765821,1.7615695504674016,1.4666385436944556
2022-06-17,4.327116535439624,3.384972019546708,1.7829894466802756,1.469800313996855
2022-06-21,4.318587971440256,3.3783003826105786,1.8279734836884542,1.5068005990967108
2022-06-22,4.3217790407786385,3.3807966593654086,1.8253069413493748,1.5040688006584388
2022-06-23,4.325942773071209,3.3840538208473796,1.8524914121023766,1.5188123333423635
2022-06-24,4.312104362229969,3.3732284517802555,1.9159643021367585,1.5671012826913426
2022-06-27,4.31824801335847,3.378034443714494,1.9019169099637692,1.5611156047664567
2022-06-28,4.276256034907884,3.3451853926347543,1.8439721282739725,1.5292174460471097
2022-06-29,4.2942633327299085,3.3592719555400925,1.845662942831961,1.5279719079888592
2022-06-30,4.274503674131595,3.3438145739504628,1.8227706179375658,1.5155581958468305
2022-07-01,4.2936048183204845,3.3587568196910547,1.8348025624078272,1.5315875159804275
2022-07-05,4.175337221871458,3.266239666173181,1.8662135616816689,1.5344803119843853
2022-07-06,4.1640460169598725,3.2574068990453133,1.8781794825148586,1.5396628081432775
2022-07-07,4.163227693847543,3.256766749695163,1.9183712192199074,1.5627224843162828
2022-07-08,4.149325211641556,3.245891259542751,1.9207767142554886,1.5614370838799898
2022-07-11,4.174042241279382,3.2652266421341625,1.8797406875945344,1.5435998952483787
2022-07-12,4.17433086491546,3.265452423650398,1.861530962190904,1.5299405160436397
2022-07-13,4.167723823254247,3.2602839353575552,1.8576938715539597,1.5219059892900497
2022-07-14,4.181421513288034,3.2709992228052234,1.8643277234572535,1.5182098825156385
2022-07-15,4.166516725955338,3.2593396597531865,1.898145233514939,1.547215503239947
2022-07-18,4.1488841114131905,3.2455462002131465,1.8820817841902642,1.5344403206018833
2022-07-19,4.126357685182513,3.227924460223775,1.9399617611409048,1.5758992578373434
2022-07-20,4.130121914564402,3.2308691026960754,1.97072288467631,1.5859430290505143
2022-07-21,4.147858354392191,3.244743781607939,1.9990128958383677,1.602092581340537
2022-07-22,4.16869895471884,3.2610467511255123,1.9639598295940084,1.5872286874957267
2022-07-25,4.158371587175102,3.252967964736281,1.9527740034265253,1.5891567881501663
2022-07-26,4.175256637559875,3.266176627510436,1.9144035033563878,1.570355420186876
2022-07-27,4.161994714484647,3.255802227337165,1.9953056178293886,1.6111320528350666
2022-07-28,4.181120241557831,3.2707635470685807,2.0148159073085017,1.6313394404044548
2022-07-29,4.16963733196571,3.2617808151837404,2.051559991260502,1.6551223155784496
2022-08-01,4.18408604487807,3.273083605049979,2.050324028774523,1.650221049141669
2022-08-02,4.150921612060218,3.2471400751697144,2.0442110525803106,1.6393339757755425
2022-08-03,4.172414298780761,3.2639531520947456,2.099880558161796,1.665004960221475
2022-08-04,4.1874784792111885,3.275737403532573,2.1097010155146405,1.663880428346408
2022-08-05,4.141235449417209,3.2395628839258848,2.0924664084431432,1.6610680021208333
2022-08-08,4.136985049988454,3.2475267708537476,2.0857029470615367,1.6591396434574743
2022-08-09,4.063044477287297,3.208378919889492,2.062095535390244,1.6525511276924842
2022-08-10,4.213715676704017,3.3128119430985006,2.1196506760464926,1.6872614546284865
2022-08-11,4.128143279908874,3.261992289698893,2.107619137875536,1.6872614546284865
2022-08-12,4.267346946420539,3.373186469900993,2.1486559771351,1.715824719060538
2022-08-15,4.327913460435428,3.436091343694125,2.1660199905352577,1.7228954534958274
2022-08-16,4.332809872341321,3.4191931239932645,2.1609473437116398,1.726270339165625
2022-08-17,4.274570133053355,3.419898225633582,2.136299196370447,1.714017237575903
2022-08-18,4.269656981207337,3.409641780935271,2.1414370542325267,1.7189988737910669
2022-08-19,4.164872234642754,3.348978177227804,2.0996847218967596,1.6958988192221804
2022-08-22,4.041992000319097,3.2722975560639354,2.044406076246737,1.6605860414594533
2022-08-23,4.093650682721524,3.3058865939854423,2.042715464838401,1.6565687135804286
2022-08-24,4.1008499590714935,3.3124387423058836,2.0486336205158397,1.6618716999046657
2022-08-25,4.14709370968231,3.3314309384502496,2.084857031908411,1.6853330959651276
2022-08-26,3.98842563539563,3.223738489917276,1.999402943171221,1.6282864208615693
2022-08-29,3.938488948787075,3.1833759926827083,1.9796976300256812,1.6175195796518687
2022-08-30,3.8591211187233605,3.1192250840216698,1.9576504076858015,1.5997630188075602
2022-08-31,3.8240779317984415,3.0909006069406217,1.9462701673008491,1.5875900289873022
2022-09-01,3.8438306694744635,3.1068662200793793,1.9471156761546695,1.5925717942069257
2022-09-02,3.7656343353928876,3.046769066720389,1.9196063691072762,1.5757786386675388
2022-09-06,3.7742972025157093,3.0579890405804346,1.9058186021902173,1.5698332101340744
2022-09-07,3.8885441119448507,3.123844180217866,1.9443197274869302,1.5980351330745504
2022-09-08,3.9317538774630427,3.139432525076532,1.9543996069460523,1.6084806241751777
2022-09-09,4.054814093454633,3.2224116952161093,1.9971268544643,1.633468659011542
2022-09-12,4.135257995015141,3.286341474294227,2.0208638756139057,1.6510246179210415
2022-09-13,3.9058604200460616,3.1040363398546904,1.91004614645932,1.5792340231201794
2022-09-14,4.0025612826665515,3.1808857301013997,1.9251990790413653,1.5852600794409464
2022-09-15,3.9747609774984896,3.1587924783666903,1.8931373914304772,1.5672622802570284
2022-09-16,3.9209151766616017,3.1160005440496144,1.8815613147804882,1.555305501911201
2022-09-19,3.9263442608941306,3.1203151054874505,1.89621409291801,1.567367031878292
2022-09-20,3.9025780840194537,3.1014278261827943,1.8810987430216826,1.5493759409262777
2022-09-21,3.8552682725471428,3.063830124716546,1.8474161243332756,1.522348732595686
2022-09-22,3.845723071464212,3.0562444335124836,1.8246785994741066,1.509561294533952
2022-09-23,3.61006629680398,2.868965034452524,1.794969791138795,1.4842686801682734
2022-09-26,3.618604495956906,2.8757504485732075,1.7875420303934226,1.4695852635625613
2022-09-27,3.675912264961463,2.9212936524811557,1.7882593518164982,1.465834071883865
2022-09-28,3.6842943797041987,2.927955024360384,1.8238312622734132,1.4946762439577537
2022-09-29,3.46835866508833,2.7563481994466956,1.771254913301315,1.4634540686071518
2022-09-30,3.3901899939230766,2.69422657454433,1.7412204560730014,1.4408239772848948
2022-10-03,3.5747873071080924,2.8409283781789485,1.7820697882032825,1.4788633933075066
2022-10-04,3.709431622626917,2.947931907076267,1.8380994781187001,1.5246886154854373
2022-10-05,3.7949727690313306,3.0159125306616326,1.8371219219907367,1.5211386707638483
2022-10-06,3.885845177416828,3.0881299751128024,1.8226584793293705,1.505446826296785
2022-10-07,3.849506116043037,3.0592508665605496,1.7532079107693592,1.4634540686071518
2022-10-10,3.7730247803109225,2.9984701883226133,1.7356823933954422,1.4522799603182281
2022-10-11,3.7573520613044935,2.9860148816530234,1.7118370934810394,1.4430828453739646
2022-10-12,3.7712129005241093,2.9970302646958364,1.7112510067334967,1.438322838820538
2022-10-13,3.9284984944968606,3.1220271019922627,1.7513834237400074,1.4762816270558474
2022-10-14,3.8157374040647953,3.032414446960764,1.6987416605797951,1.4426391990371108
2022-10-17,3.857181607151288,3.065350675761094,1.7548369678329794,1.4797106945987122
2022-10-18,3.87748978002481,3.081489835847803,1.7687139174474977,1.4970968836392675
2022-10-19,3.997907080416572,3.177186977108888,1.762263712830089,1.4864875568748412
2022-10-20,4.012025909093068,3.188407387613856,1.753272512358863,1.4740228879712372
2022-10-21,4.099499198993583,3.25792350990648,1.7943832980919474,1.5098440723095798
2022-10-24,4.11311782009198,3.268746399165702,1.8141241624266795,1.5283189299854096
2022-10-25,4.1206086112724645,3.274699425013516,1.8516507788402166,1.5527241226729207
2022-10-26,4.170567377499136,3.314402284098292,1.8107356262225165,1.541025611255381
2022-10-27,4.188085055944913,3.328323803210062,1.7777697195082276,1.5327968037855069
2022-10-28,4.2739002425640145,3.396522209996437,1.8321705555096777,1.569262752413351
2022-10-31,4.286946878509506,3.406890535469569,1.8108662514490919,1.557927517554282
2022-11-01,4.323866247271209,3.436230821592612,1.7923635842465164,1.5511102768822718
2022-11-02,4.235297880871695,3.365844428250268,1.730926456880115,1.5121835681859521
2022-11-03,4.295285546447353,3.4135173796271885,1.6971132129651327,1.496612600897613
2022-11-04,4.345828466160729,3.4536844728257794,1.7244110412242448,1.5181535075667565
2022-11-07,4.397504297220167,3.4947519049023192,1.7433699825463975,1.532675410588944
2022-11-08,4.401271095975584,3.4977454271904493,1.7560743523665259,1.540944725459159
2022-11-09,4.214839486395328,3.3495858851687474,1.7155508722788992,1.5091984049888605
2022-11-10,4.285716300996194,3.4059125800616585,1.8421387026599094,1.592134985106435
2022-11-11,4.409322753573129,3.5041441806253073,1.8760823686518147,1.6075445678157094
2022-11-14,4.407065912064681,3.5023506403288946,1.8596640168841738,1.5938694500668888
2022-11-15,4.433468781300737,3.523333332174341,1.885399421165695,1.6074638110239472
2022-11-16,4.368453657775734,3.4716649968119184,1.8596640168841738,1.595201034099749
2022-11-17,4.311753433559559,3.426604616379061,1.8555597844541556,1.5903195053452999
2022-11-18,4.291880440382945,3.4108112990640587,1.8556249954926172,1.5975405299761212
2022-11-21,4.258226884835755,3.384066395726585,1.8365360383928466,1.5917315881610028
2022-11-22,4.421762496731972,3.514030200777315,1.862987138900223,1.6131516176514222
2022-11-23,4.4212366825739915,3.5136123296608757,1.88168523606853,1.6233169110656156
2022-11-25,4.361733009509218,3.4663240132120996,1.8693067182910563,1.6229538925160643
2022-11-28,4.239879502882767,3.36948550081519,1.8418778585060638,1.5970563762389265
2022-11-29,4.331295910076331,3.442135267952652,1.827935697853084,1.5943132254082024
2022-11-30,4.479183144881911,3.559663111160047,1.9112634191772662,1.6445353065855486
2022-12-01,4.455378225595034,3.540745042773747,1.9136087819156993,1.6433249867447917
2022-12-02,4.468617192626236,3.551266216176688,1.9059866069528577,1.6414291372052732
2022-12-05,4.303861801817763,3.4203330375019543,1.8739972406182697,1.6119009194147842
2022-12-06,4.281711055595534,3.40272956122927,1.8351678254830721,1.5886657971766085
2022-12-07,4.336995341185991,3.446664677449747,1.8276750568488909,1.585963153746225
2022-12-08,4.440745137504067,3.529115943852153,1.8493054161017837,1.5983875732584076
2022-12-09,4.402199881360951,3.498483544603275,1.837513188221505,1.5864474364878793
2022-12-12,4.388122361376762,3.4872959626349886,1.860575955674371,1.6093196691809637
2022-12-13,4.418956011686328,3.5117998518574645,1.880578070462254,1.6215018183178593
2022-12-14,4.39539459846935,3.493075300803751,1.8666353003603164,1.61113476192872
2022-12-15,4.297993987904924,3.415669812076008,1.8039607884603683,1.5717235124818265
2022-12-16,4.292748284658663,3.4115009858115264,1.7867603105304959,1.5531677690097747
2022-12-19,4.224165270862997,3.3569972032324262,1.7616506071787603,1.5399974457116983
2022-12-20,4.274042517754496,3.3966352778775235,1.7602785344255878,1.5421046045561795
2022-12-21,4.349683558115603,3.4567481628286254,1.785813836299369,1.5651629906845879
2022-12-22,4.262178795890227,3.38720702908409,1.7421230499791822,1.542833866766774
2022-12-23,4.304452199205159,3.4208022337220827,1.7460420099260952,1.551708599566287
2022-12-27,4.378417172087376,3.479583126793541,1.72135587359988,1.5455895310300878
2022-12-28,4.286149526532698,3.406256869837545,1.6986290140974685,1.5263811539964938
2022-12-29,4.32669115883094,3.4384758142946756,1.7400336558029343,1.5538566528244881
2022-12-30,4.326651118133022,3.438443993449063,1.738988857139984,1.5497633413187093
2023-01-03,4.299434714787693,3.416814775827649,1.727233399346813,1.5432394567880212
2023-01-04,4.408627508692426,3.5035916607851916,1.7354617728727972,1.5551532766487737
2023-01-05,4.475770474427419,3.556951019081098,1.7082945698402603,1.5374038110497479
2023-01-06,4.708592388097385,3.741977518501567,1.755445807341605,1.5726596978457545
2023-01-09,4.724245276839678,3.7544170658111478,1.7668095926047025,1.5717677610114982
2023-01-10,4.8696859865194115,3.8700006247686445,1.7817644542755333,1.5827906760736719
2023-01-11,4.921865776568483,3.9114685593848018,1.8125893668018322,1.602809459123002
2023-01-12,4.979849370350116,3.9575488497325657,1.8223852430467207,1.6086449758568153
2023-01-13,4.987555746738073,3.963673203852863,1.8349244521993437,1.6148854375895774
2023-01-17,4.883021979519435,3.8805989059278145,1.83864676328261,1.6119276233379387
2023-01-18,4.881112184039101,3.8790811674694146,1.8147443783158468,1.5864783975582035
2023-01-19,4.922741311266571,3.912164357807531,1.7969157616603584,1.5749290152960589
2023-01-20,5.014286179060387,3.98491621419769,1.8460915885987945,1.6042686285664896
2023-01-23,4.986001551500264,3.9624380653741227,1.887104253049708,1.6235175130004245
2023-01-24,4.979689524682437,3.957421818372535,1.883251519889519,1.6217749207590106
2023-01-25,5.129850207362355,4.076756399163919,1.879071918938413,1.6223827897730425
2023-01-26,5.081806772204214,4.038575677739019,1.9157087398738786,1.64021314116829
2023-01-27,4.987915252270924,3.9639589074158024,1.934778397756659,1.6439821354624229
2023-01-30,4.763672884694994,3.7857506810495027,1.8956592912169568,1.6233553543946013
2023-01-31,4.841220942355595,3.8473790966037926,1.9240679417760906,1.6472238885298265
2023-02-01,5.082854986564656,4.039408706858563,1.9652112314535795,1.6647305677357267
2023-02-02,5.767514134664947,4.583515932301144,2.0357429624643433,1.6889639264829386
2023-02-03,5.652397527864985,4.492031318822911,1.9995626187981077,1.671011794877749
2023-02-06,5.643802785642309,4.485200969214423,1.9826481755789942,1.6607996728446903
2023-02-07,5.873178301715172,4.66748857317204,2.0237262542180217,1.6825205407350932
2023-02-08,5.751903112923167,4.57110965722279,1.9877423562657803,1.664122569717235
2023-02-09,5.682610524564127,4.5160419668247505,1.9701743806144851,1.6496958719862946
2023-02-10,5.4860445540357565,4.355312478886481,1.9572439052310935,1.6535457520766492
2023-02-13,5.636672323780449,4.476906937015286,1.9885913186636939,1.6729567951164073
2023-02-14,5.790483081251813,4.6054586133337665,2.003285336180679,1.6721867674965523
2023-02-15,5.726967692509431,4.566302411929812,2.0186320735312355,1.6776173392314173
2023-02-16,5.5548250222936675,4.429092672903515,1.980754211368478,1.654518445702668
2023-02-17,5.48440393248298,4.328312354975108,1.9667787341724836,1.6503851428143872
2023-02-21,5.377735034317807,4.244128856548713,1.9202148023165968,1.6172767932587429
2023-02-22,5.375621931748592,4.24246118799799,1.9216516798089256,1.6150481122132392
2023-02-23,5.766941453716992,4.551292036806743,1.9384357009511162,1.6236387771925276
2023-02-24,5.693227287192121,4.4931165374025905,1.9059782778171042,1.6062946436058294
2023-02-27,5.705309285533533,4.502651696252614,1.919627496671139,1.6117657227410351
2023-02-28,5.76157404566989,4.547056058047616,1.917145414216555,1.6058085548017396
2023-03-01,5.67226710445773,4.47657468180467,1.9017330595282316,1.599649107869659
2023-03-02,5.767390256318779,4.551646233519854,1.917471875708167,1.6120897819437618
2023-03-03,6.015757927950276,4.747658940631365,1.9571132800045181,1.6379439527224455
2023-03-06,5.967770842635607,4.709787351156246,1.9593337057066464,1.639078546945368
2023-03-07,5.928280803931374,4.67862166304753,1.9353006955133079,1.6139537673817383
2023-03-08,6.049333158569032,4.774156639797464,1.944966352830926,1.6165879094440294
2023-03-09,5.90250964084153,4.658282963532131,1.911268294768927,1.5867620783650491
2023-03-10,5.807787722188385,4.583528066584243,1.8844265374797395,1.5638659798469232
2023-03-13,5.830399502562894,4.601373369294954,1.8984026241246916,1.5616370407925002
2023-03-14,6.181076328551342,4.878128848507456,1.942027793107112,1.5874510911842223
2023-03-15,6.261682728726225,4.9417437248116265,1.9522151387324214,1.5775225209535493
2023-03-16,6.545029813455625,5.1653623172199365,2.0036766024114474,1.6052002987743286
2023-03-17,6.419775298053204,5.066510979279321,1.9942073908078235,1.586431310930419
2023-03-20,6.477712727395758,5.112235417946869,2.001284515252933,1.6016858302791528
2023-03-21,6.586328351967414,5.197955280226232,2.0298674682139355,1.6227167823191648
2023-03-22,6.581859824671317,5.1944287015601915,2.002265728074642,1.5950553880647653
2023-03-23,6.745377114214911,5.323477165768253,2.0260088437138233,1.599367233125249
2023-03-24,6.7228369441364535,5.305688378174401,2.0334650454105496,1.6098626489517742
2023-03-27,6.639982210710553,5.24029910875326,2.019533448539501,1.612872710009585
2023-03-28,6.589485931443741,5.200447253907867,2.008806740586731,1.6092523288530085
2023-03-29,6.737767285289255,5.317471459958898,2.0454352323864424,1.632642385447265
2023-03-30,6.828430545177498,5.389023248037888,2.064795800571643,1.6422020029232411
2023-03-31,6.938079204703545,5.480947408663779,2.0991345926377143,1.6653482410886944
2023-04-03,6.749362630564799,5.514106627392932,2.09403330171309,1.6716944864783976
2023-04-04,6.649631657009592,5.484979615527324,2.086969178845742,1.6624194528404848
2023-04-05,6.458469202392883,5.386455354406511,2.06636513163742,1.658066713366281
2023-04-06,6.469202404515953,5.4609213955395655,2.080297541107078,1.664534738965926
2023-04-10,6.517962476782105,5.498600365741662,2.079119882571375,1.666243016021064
2023-04-11,6.455855553604218,5.446206515406148,2.0657768102436993,1.6666907905006276
2023-04-12,6.378041767168362,5.380562241435553,2.0475280801067837,1.6598972866491994
2023-04-13,6.468818127837283,5.457141836938417,2.0876235238765344,1.6819451808449017
2023-04-14,6.521607536557411,5.501675364575276,2.0836984694400456,1.6778366468128803
2023-04-17,6.512622763895778,5.494095745266429,2.085464449369469,1.683857155941881
2023-04-18,6.578386356972737,5.549574388820077,2.0855954808953494,1.6849553709071723
2023-04-19,6.576711993310369,5.548161883504331,2.084614471223293,1.6846707870691089
2023-04-20,6.439253706666172,5.432201077054713,2.0687202455591738,1.6754772842497165
2023-04-21,6.438315902907046,5.431409939009459,2.0708787106172815,1.6767790682523895
2023-04-24,6.427663742432234,5.422423699261779,2.066561577351414,1.6785281107167875
2023-04-25,6.253325915840398,5.275351045733136,2.0275785810789055,1.6518834006091592
2023-04-26,6.366390208484935,5.3707329021187995,2.039875432696063,1.644886843738188
2023-04-27,6.841549616854262,5.771580821380688,2.0953411791760637,1.6776332067799584
2023-04-28,6.932498262912194,5.8483057580858695,2.1097964958513287,1.691952056782603
2023-05-01,7.11877489213776,6.005450072008722,2.1073761708911127,1.6902436507230054
2023-05-02,6.97492183873398,5.884094593992901,2.0889968155276217,1.671246711998834
2023-05-03,6.89226762525426,5.814366900700924,2.075326469109724,1.6597752484303383
2023-05-04,6.811487741411282,5.746220405469356,2.068000892639573,1.648019330028239
2023-05-05,6.938842720713612,5.853657988650494,2.111954960909436,1.6785281107167875
2023-05-08,7.003122527450043,5.907884899297768,2.1171872833599408,1.6789757561918917
2023-05-09,6.9349550180461215,5.850378294515171,2.1037787968441513,1.6716128266554175
2023-05-10,6.968754865850239,5.878892090990645,2.1266717311875043,1.6794230146536167
2023-05-11,6.9722331444325985,5.881826392001619,2.133604822528971,1.6764944844143261
2023-05-12,6.913926965084272,5.832638876695764,2.125952175118251,1.6742974094614451
2023-05-15,7.063368033543164,5.958708444695267,2.1374640564780414,1.6800741001616426
2023-05-16,7.094491784201924,5.984964666231541,2.139884178288604,1.6688467130308695
2023-05-17,7.2661801540957445,6.129802218895364,2.165785149536936,1.689104670348454
2023-05-18,7.512086699880584,6.337250762425233,2.2060112185332614,1.7053760028484184
2023-05-19,7.437075010229022,6.2803076083644935,2.20104034968556,1.702894731070853
2023-05-22,7.547012787659731,6.305729550201702,2.208431137194172,1.7035861949747604
2023-05-23,7.44786389695174,6.236316224361839,2.1804367087765426,1.6844670890272677
2023-05-24,7.434704191327115,6.252289044567228,2.1692523046566268,1.6722633961456048
2023-05-25,7.565942050615022,7.057772861739232,2.222036069423956,1.68674530778529
2023-05-26,7.732972172997099,7.278104050659126,2.278810302815888,1.7085896329436108
2023-05-30,7.855712285164431,7.393624356119787,2.28914493193928,1.7092405894471772
2023-05-31,7.665655951546047,7.214747497311013,2.2761287274025213,1.6997625027897214
2023-06-01,7.97602268075405,7.506857865550332,2.302422793228494,1.7159117970708246
2023-06-02,7.931599676979153,7.465047907298379,2.319690107394048,1.7407263209089139
2023-06-05,7.898121268099623,7.433538762066153,2.3213254620968966,1.7373903945859408
2023-06-06,7.842070588463852,7.380785089949783,2.320932976968213,1.7411733213617195
2023-06-07,7.614108667738062,7.166232322719615,2.281557292417368,1.7351529412371787
2023-06-08,7.733408087255891,7.278514323612614,2.3098791980748725,1.745648228059244
2023-06-09,7.757188034984615,7.308174003937734,2.3187086914226867,1.748780327335916
2023-06-12,7.914590876784325,7.4594090023550885,2.3578885397084943,1.7646451667834158
2023-06-13,8.209604083762898,7.608601872438301,2.376006644618835,1.776279304975573
2023-06-14,8.376766089911959,7.82022348564725,2.393273958784389,1.7783945911010144
2023-06-15,8.328740108587903,7.910241421585774,2.4217919038565827,1.8004424852967167
2023-06-16,8.408056157857462,7.902209539323618,2.406551820073603,1.7943098712922505
2023-06-20,8.742402596198556,8.052316861837252,2.4031064019667325,1.785000393463602
2023-06-21,8.427521238793144,7.9441030018067185,2.3703576622309956,1.775854493289833
2023-06-22,8.50920218057329,7.987952562906911,2.398325478044144,1.7822652409093782
2023-06-23,8.291210267099563,7.966179171258169,2.374549858460558,1.7687911121087456
2023-06-26,7.989010810827436,7.675826504208668,2.3427183394059843,1.7615642822772384
2023-06-27,8.234382102182343,7.911578777694306,2.38299905565884,1.7808767659097975
2023-06-28,8.134515860920986,7.8156274816326325,2.387649354354853,1.781775152967038
2023-06-29,8.051728991370837,7.736086013666125,2.3828682272826125,1.7887976397344056
2023-06-30,8.267569813353258,7.951201553944325,2.4196125143842653,1.8099067684769863
2023-07-03,8.563457005347564,7.948334370456055,2.425310252688711,1.8119891584652081
2023-07-05,8.594468204129898,8.055360260490357,2.425244838500597,1.8092943843068654
2023-07-06,8.482374749640512,8.002428149106395,2.406774675242426,1.7951264695220515
2023-07-07,8.490307036305666,8.020434670373348,2.398783580510594,1.7905942848444272
2023-07-10,8.383486049950246,8.039236386269256,2.399569769665877,1.7951264695220515
2023-07-11,8.408644378312736,8.117945073642318,2.411424973938439,1.8065587157348029
2023-07-12,8.591350630765549,8.411598850989531,2.4418815761447052,1.8210941642252572
2023-07-13,8.887723440199073,8.665719377991808,2.4833411698311796,1.8355480818971912
2023-07-14,8.894270908894928,8.555080068661885,2.4828176531766157,1.8344047153710104
2023-07-17,9.13353665535201,8.6726395555677,2.5060033261692607,1.8407743105679164
2023-07-18,9.281624512493195,8.789014777061743,2.526504376503752,1.8544523954193097
2023-07-19,9.207970801509779,8.806198260131122,2.5259146330624636,1.8585758939686545
2023-07-20,8.60741136637113,8.472611271509487,2.467687270206001,1.8462452606986623
2023-07-21,8.445770670670607,8.235769603296802,2.460286325214762,1.8462452606986623
2023-07-24,8.621463670684513,8.225918096385309,2.464216052093259,1.8544932898330295
2023-07-25,8.664003736805368,8.334826956407154,2.4809180007758287,1.8595561988577944
2023-07-26,8.6272886666703,8.28248863407399,2.472664842992236,1.8598416857270756
2023-07-27,8.528819886304497,8.326539210535119,2.4667704558241432,1.8475109234526237
2023-07-28,8.786732046744781,8.52386077803124,2.511701877072317,1.8655986387449415
2023-07-31,8.801082184230257,8.43185813349283,2.5130115828821635,1.869151163555724
2023-08-01,8.6755235515067,8.466215148897286,2.5071826099021846,1.8638021226393797
2023-08-02,8.351139621873825,8.152324177044084,2.4521639958073975,1.8378754513543534
2023-08-03,8.459954510611361,8.160450054114499,2.448234472078553,1.8326079412565293
2023-08-04,8.386570495787513,8.143524620903914,2.436772362383632,1.8243197917352003
2023-08-07,8.415930656886298,8.287085262059161,2.457404241094351,1.8402431992073967
2023-08-08,8.3168784150756,8.16707640268637,2.436510096182219,1.8322405365553487
2023-08-09,7.995356706327739,7.8771165409777835,2.4097219704012987,1.8199916921127963
2023-08-10,8.03175735720092,7.868591460350506,2.41417602653297,1.8206450997010966
2023-08-11,7.842487803153286,7.673545101892045,2.398783580510594,1.819583392997896
2023-08-14,8.073934280721785,8.003576800399493,2.4257035504160047,1.8296275512244458
2023-08-15,7.9766926430198675,7.965264835781958,2.399962864243518,1.808314724440024
2023-08-16,7.8094793456057525,7.823083463586048,2.374549858460558,1.7950448096990712
2023-08-17,7.686301505408205,7.6880284399397025,2.348612726574077,1.7813669828565974
2023-08-18,7.6169209744758986,7.659227849853962,2.345665228265552,1.7822242174911986
2023-08-21,8.218613048913346,8.073557139650458,2.383457767574248,1.7938197833499103
2023-08-22,8.138894696951912,7.929881813049144,2.380051557350315,1.7889610883848255
2023-08-23,8.33197166418861,8.147139734566725,2.417581627307945,1.8088858271830457
2023-08-24,8.216173389472027,8.047508385270158,2.3659040123986297,1.7838163905326208
2023-08-25,8.269127250566113,7.932281709344651,2.384243347280573,1.7963922612804724
2023-08-28,8.346517396257937,8.068821660554137,2.4021895875848744,1.8077836130795042
2023-08-29,8.84101605916705,8.34415224370037,2.4546529853501675,1.83391475643313
2023-08-30,8.879697707782109,8.344739780625742,2.4683422246857503,1.8414682255565575
2023-08-31,8.908292244196394,8.363617595718585,2.4757435759762942,1.8387733223937552
2023-09-01,8.597462624207207,8.298861178373281,2.473123351757991,1.8422030349589185
2023-09-05,8.655599147973891,8.35497854244003,2.476267092630858,1.8342412667205905
2023-09-06,8.509257192193628,8.213719239704295,2.4544569459354784,1.8219108914595177
2023-09-07,8.428012806746274,8.135296581087385,2.4369033939095126,1.8163171290831523
2023-09-08,8.339184535235768,8.057688731556393,2.4403091978341402,1.8190526686507553
2023-09-11,8.502594240528255,8.16479730664451,2.469062593353614,1.831015897219567
2023-09-12,8.39798025638005,8.083617766737438,2.441684724131406,1.8209716099885573
2023-09-13,8.548114108646413,8.242615623323166,2.450985524673084,1.8230947653860394
2023-09-14,8.587734922892992,8.24761498340468,2.4710278630921674,1.8388140878030153
2023-09-15,8.420322429457107,7.955651836299623,2.428716259762991,1.8166596359236138
2023-09-18,8.472440557233947,8.004893855524658,2.431248113882445,1.8177252127606052
2023-09-19,8.460770423711852,7.993867731529678,2.4260663756954193,1.8139553154352546
2023-09-20,8.414335255375768,7.949995060935795,2.391105539393308,1.7972791669408013
2023-09-21,8.31720024861459,7.858220392996105,2.3472898160368163,1.7675731810048674
2023-09-22,8.351163102384204,7.890309026444745,2.3476176995759963,1.7635986826064578
2023-09-25,8.459047833614969,7.992240201564849,2.3587681777039395,1.7710147619803216
2023-09-26,8.4427841064934,7.97687397875999,2.323348223187115,1.7449963685244598
2023-09-27,8.661730940686295,8.183738359321604,2.328792837024512,1.7456929926067544
2023-09-28,8.62403527068131,8.14812290292927,2.3482740761033134,1.7558135214734374
2023-09-29,8.506022728389695,8.036622814107945,2.349979111136979,1.7515525041700692
2023-10-02,8.383026861092583,7.92041440217156,2.3695911785920085,1.750855751083315
2023-10-03,8.400092093749073,7.936537899894823,2.3280060384202717,1.7274186078612737
2023-10-04,8.145209544347448,7.695720895655888,2.359687023582323,1.739997574716158
2023-10-05,8.075012560064266,7.629397691100027,2.3527342267245603,1.739341974052043
2023-10-06,7.9503034937341335,7.5115706220222815,2.3921552136479187,1.7599927499493657
2023-10-09,8.011497666496206,7.506323509385775,2.404355366030473,1.7712607734849393
2023-10-10,8.04486764879171,7.590873890442959,2.417670200556447,1.780479948191809
2023-10-11,8.192153949313713,7.744931212506303,2.4349214658994516,1.7877733443245134
2023-10-12,8.100376491256245,7.713195999724142,2.4264594702730604,1.7768740155347171
2023-10-13,7.935131129724368,7.4786159449184355,2.395959597190806,1.7680237935825442
2023-10-16,8.066837210811475,7.60752638605071,2.423048790756772,1.7866259786600822
2023-10-17,8.120609928855895,7.463287175879846,2.41511234328147,1.7865440608281828
2023-10-18,7.981364147618488,7.234370766890794,2.3834313581194193,1.7627382228603643
2023-10-19,7.922916043880521,7.178756080494216,2.3611299955642275,1.7472499474306826
2023-10-20,7.792556754772073,7.055789590224245,2.32590668991105,1.725779348192067
2023-10-23,7.591749987990257,6.8739686116554255,2.332924900956926,1.7227885087987491
2023-10-24,7.459783852935262,6.754479551609382,2.355619967538717,1.7357773228220499
2023-10-25,7.448094089205687,6.743895026423241,2.2979644709541196,1.7108648845990606
2023-10-26,7.387383546447766,6.6889245168602685,2.2541487475976285,1.6903780733699965
2023-10-27,7.0540015020280045,6.387062928602457,2.264971342186392,1.682715853487055
2023-10-30,7.01946553146717,6.355792249512158,2.2904867353942255,1.7028340989748016
2023-10-31,7.0220549768740455,6.3581368691949205,2.3014409709578274,1.7135285686826194
2023-11-01,7.011081714008076,6.348201101469765,2.3413864902840125,1.7318028244236403
2023-11-02,7.0066783906942,6.344214101595633,2.383890476334132,1.764991801766587
2023-11-03,6.971959797411621,6.31277806631486,2.4118981094791763,1.7810943964332846
2023-11-06,7.066600368257623,6.398470602872797,2.4217370534504004,1.7851918360817733
2023-11-07,7.121995021300335,6.4486278270795365,2.4446291751951432,1.7902722897130554
2023-11-08,7.196333238805956,6.515937548104126,2.4462029755532755,1.7915837490502047
2023-11-09,7.200514731680495,6.519723691063906,2.4273779098521384,1.7776117920396508
2023-11-10,7.389154702611874,6.6905282145449485,2.4819512199085847,1.8053507179743205
2023-11-13,7.363992216792682,6.667744780160785,2.4742114212969297,1.8036303144999724
2023-11-14,7.479678566964724,6.772493269130732,2.5274719782987414,1.8386217421536262
2023-11-15,7.4411639973970765,6.7376201578298796,2.5293746779443165,1.8425141937156768
2023-11-16,7.523134218324699,6.811840295036492,2.5315388311926945,1.8447679016263592
2023-11-17,7.469503525096019,6.763280252561639,2.5321289809332876,1.8470625039507615
2023-11-20,7.6011034809057705,6.882437754713649,2.562957753302985,1.8612803434614735
2023-11-21,7.5236751170007885,6.8123300530669075,2.548067899520963,1.8572239272311644
2023-11-22,7.622221112275911,6.901558765734889,2.558497399532085,1.8643943821137896
2023-11-24,7.581601950711875,6.864780046458748,2.5548898680024976,1.8655414897693012
2023-11-27,7.553889824600191,6.839688034030085,2.552659691117048,1.8621816976212868
2023-11-28,7.643102788206016,6.920466130325316,2.5593500186237446,1.8640255583635525
2023-11-29,7.528111468089053,6.816346958020213,2.556857575536881,1.8627143570353226
2023-11-30,7.471486947956479,6.765076147646173,2.550429514231598,1.8700486475817468
2023-12-01,7.401500394461137,6.701706651452809,2.5577106009278454,1.8811116830308823
2023-12-04,7.29374912548235,6.604143001174818,2.5339658600914436,1.8712370366643576
2023-12-05,7.307426455880805,6.61652717346697,2.540328507208613,1.8708680839096608
2023-12-06,7.26129824036666,6.57476026780523,2.5256355054398907,1.8633290632857178
2023-12-07,7.386996736527428,6.688574278870965,2.5609240221315295,1.8775469027964298
2023-12-08,7.481933695353533,6.781223754929929,2.572337172760191,1.8856187118388683
2023-12-11,7.404283445032809,6.678560304712628,2.594310854925856,1.8929530023852925
2023-12-12,7.4643144747798384,6.798036987363708,2.6149730029348013,1.9015984942599466
2023-12-13,7.526509765894312,6.803234420910669,2.6482277884549847,1.9278218758022465
2023-12-14,7.444520773125155,6.710593038294133,2.645932400531074,1.9340089296886993
2023-12-15,7.475756388714611,6.76551856355044,2.6587229058038737,1.9308248416147746
2023-12-18,7.585865738065947,6.8651669212980915,2.6754689379610417,1.941685727075585
2023-12-19,7.556248677174662,6.838363643497296,2.6891396906782448,1.9534929892526385
2023-12-20,7.415811358630131,6.711268639831501,2.64917974772673,1.9264229514414313
2023-12-21,7.5127688558760335,6.799014643497805,2.6800040508040714,1.9446888218925729
2023-12-22,7.503446487855743,6.790577951527379,2.684013006047054,1.9485972700076242
2023-12-26,7.504003333379948,6.79108189367519,2.700443749943499,1.9568253034507403
2023-12-27,7.4963837894600305,6.784186248183878,2.7059413858402053,1.9603632507575788
2023-12-28,7.5094857176090395,6.796043421358252,2.7046261949897406,1.9611037363561659
2023-12-29,7.46681850231948,6.7574298253437695,2.692921321460049,1.955426508094385
2024-01-02,7.395031811032907,6.692463263130969,2.647350994554675,1.9444833177882959
2024-01-03,7.327420120352235,6.631275053586895,2.6193378763690127,1.9286032558145536
2024-01-04,7.31140952958299,6.616785556681103,2.605857678025881,1.9223909170540026
2024-01-05,7.307488825888742,6.613237341323837,2.6089483968394385,1.9250238980761565
2024-01-08,7.409616182847476,6.705662039698667,2.662869799660923,1.9525054601137561
2024-01-09,7.386727332733386,6.684947755779656,2.668130766212434,1.9495432597104883
2024-01-10,7.4111851714470305,6.707081965782978,2.6862139293825398,1.960569012870775
2024-01-11,7.332666037436518,6.636022579799779,2.691803185772536,1.9597048119953506
2024-01-12,7.340845056612494,6.643424547331819,2.693183993960767,1.961062454929067
2024-01-16,7.418359317210533,6.713574528383582,2.692921321460049,1.9538629740430127
2024-01-17,7.361600391915026,6.662208012038343,2.6777310093419384,1.9430023465911217
2024-01-18,7.4742415131003925,6.764147609421313,2.715739090431966,1.9602809459123003
2024-01-19,7.6675746363743755,6.93911302649053,2.7695950790653368,1.9847182607102727
2024-01-22,7.661381413620399,6.9335081938379455,2.773211549179636,1.9889146467793393
2024-01-23,7.709760457768657,6.977290963667896,2.784719367546376,1.9947152033045783
2024-01-24,7.86066981108517,7.113863101414055,2.8001723521652044,1.9968957656866198
2024-01-25,7.901950356320296,7.151221768628431,2.8035917671165516,2.0077565221429703
2024-01-26,7.874022613766156,7.12594731466504,2.786889208985025,2.005205845966095
2024-01-29,8.035250923844378,7.271858051731157,2.8154280784714287,2.0210857789353778
2024-01-30,8.045507337388095,7.281140049781578,2.7966875230257435,2.019522631897385
2024-01-31,7.865846369505548,7.118547858416203,2.7419106570174643,1.9865694747067406
2024-02-01,8.008503434286862,7.247651720261752,2.774198043892311,2.012569936542706
2024-02-02,9.021120345798161,8.164064475890987,2.821083561648149,2.0337572419878556
2024-02-05,9.089426439031843,8.225881115940107,2.817401271046431,2.0263517409796856
2024-02-06,8.970335763496493,8.1181047072149,2.811745787869711,2.032235118368042
2024-02-07,9.240340161236771,8.362457207506338,2.8406791739813237,2.049184756317026
2024-02-08,9.214188796007225,8.338790365286897,2.8459403436824875,2.0500895935972507
2024-02-09,9.360520490360791,8.471219746757829,2.873952852419192,2.061938008196943
2024-02-12,9.37588043369081,8.485120411296764,2.8627083160021285,2.061032912907799
2024-02-13,9.280315446093311,8.39863462123111,2.8180588664716635,2.0326462555810556
2024-02-14,9.527024598582976,8.621905052232087,2.848767780546369,2.0511182751587724
2024-02-15,9.555164621876946,8.647371619101696,2.857250497437318,2.0652703223950453
2024-02-16,9.446492337610074,8.549023797380158,2.831342009651843,2.054985441846725
2024-02-20,9.225213661259097,8.348767807921972,2.8099704630562705,2.0436720087413422
2024-02-21,9.062195937798961,8.20123766155147,2.798725520339902,2.0455229647288906
2024-02-22,9.980565792340967,9.032357347111123,2.880660447646354,2.0878561651876306
2024-02-23,9.976736135868125,9.028891528990277,2.872177730755405,2.0892959839621654
2024-02-26,9.970540908420048,9.02328488210052,2.870664672143378,2.081644084435999
2024-02-27,10.000844383738082,9.05070936119587,2.8775697288327966,2.0855112511239513
2024-02-28,9.903785373134372,8.962871488497061,2.862248385188806,2.082755070842799
2024-02-29,10.05868562650135,9.103055368918175,2.8867756584867443,2.0902421026694893
2024-03-01,10.384898417566221,9.39827615713817,2.930241558141583,2.109866003067726
2024-03-04,10.529085017933468,9.528764240306911,2.919786461274242,2.1076033938493253
2024-03-05,10.490015268956876,9.493406331591023,2.8673771013165217,2.0865396746765534
2024-03-06,10.719754091331069,9.701318706837384,2.885394850298513,2.0971124931788894
2024-03-07,11.133536640151249,10.075789645930877,2.9291898523904467,2.117929426820285
2024-03-08,10.75688962338028,9.734926159833783,2.8869072994615825,2.105217327363007
2024-03-11,10.411413780125992,9.422272414946706,2.8761889206445654,2.103407007780259
2024-03-12,10.95795353112683,9.916887894484846,2.917418752074031,2.1260342610044027
2024-03-13,10.851025517015467,9.820118627695189,2.8949954997273224,2.1227018178018415
2024-03-14,10.634338371264631,9.624017948267872,2.887696535861653,2.118505431732775
2024-03-15,10.544300815049814,9.542534453312413,2.853370745373343,2.103958501845409
2024-03-18,10.721666191799573,9.703049147282789,2.8805844696763083,2.1164627751181357
2024-03-19,10.7708343779303,9.74754608628226,2.8877615437504613,2.128224369716461
2024-03-20,10.930219722889547,9.891788950015421,2.9220007924867946,2.14790877320629
2024-03-21,11.018718918326973,9.971880236897782,2.9358285798854014,2.1550071145959517
2024-03-22,11.21043189890164,10.145379433702734,2.939186643641685,2.1509216723622138
2024-03-25,11.180659564255004,10.11843563400427,2.9285192553874526,2.1449789529224024
2024-03-26,10.957782837287906,9.916733417496046,2.919037854804677,2.141017096961042
2024-03-27,10.798560789354475,9.772638336676355,2.928980201949038,2.1590101229799514
2024-03-28,10.714377611569581,9.69645302211713,2.923581499933113,2.158597437713422
2024-04-01,10.778450762311737,9.75443887240856,2.9297706572470235,2.154841859883096
2024-04-02,10.790147397720649,9.765024263354356,2.9044860420444616,2.1411410702467983
2024-04-03,10.862353671327089,9.830370545267263,2.9110045049451196,2.1434933375646796
2024-04-04,10.720405308899128,9.701908055167706,2.8664934003280256,2.1173294270782943
2024-04-05,11.02389298382119,9.976562737815414,2.900271905652426,2.139449047753581
2024-04-08,10.884531809626816,9.850441638889084,2.9011283845874827,2.1406456931216113
2024-04-09,10.74878510608484,9.727591616095346,2.911860780730524,2.143121933725249
2024-04-10,10.885348735013405,9.851180951887077,2.8864447277027767,2.121662299865706
2024-04-11,11.143888869453578,10.085158356717757,2.9325359303172314,2.137674591410625
2024-04-12,10.87454338590992,9.841402170163315,2.885786319678934,2.1081679173649035
2024-04-15,10.615867009574334,9.607301467163913,2.8383120742300703,2.0817565763248433
2024-04-16,10.698151560363637,9.681768534696882,2.838575559329399,2.0779599750763382
2024-04-17,10.431492098648617,9.440443183177564,2.8039407782195944,2.0656619799346463
2024-04-18,10.55149758503328,9.549047490708102,2.7879403052872034,2.061411540996972
2024-04-19,9.784628986539225,8.855035611622844,2.730260430744303,2.0434186439825224
2024-04-22,9.482395463973043,8.581515929984272,2.7577179346303016,2.0622370405344914
2024-04-23,9.40082310349977,8.507693390784402,2.798870975491112,2.08670867051874
2024-04-24,9.408381523589743,8.514533719544582,2.808352782373192,2.085718432286204
2024-04-25,9.551727576064724,8.644261111477148,2.794788886373219,2.077794720363483
2024-04-26,9.606571114865337,8.693894213541105,2.837916948155904,2.09747976887561
2024-04-29,9.445756785962992,8.727413219513437,2.8494397995969307,2.1049078456642247
2024-04-30,9.277039951569417,8.51631533558892,2.7957101700474323,2.0715634179473583
2024-05-01,9.127377992313994,8.448003273491326,2.7754957638726583,2.0648367384060466
2024-05-02,9.356807839764658,8.724188011534002,2.810920187681838,2.0841501250698236
2024-05-03,9.536239598667386,8.910441149169174,2.867415699750502,2.1099839131438776
2024-05-06,9.740712879862246,9.138161891125373,2.8988236517795554,2.131773153397913
2024-05-07,9.748144099661296,9.060966942037101,2.899284395191488,2.134125549720254
2024-05-08,9.687278556353572,9.03562200534938,2.8975726562192894,2.1343314408379097
2024-05-09,9.61466516279608,8.988470034569634,2.9038932513583857,2.1466295649840617
2024-05-10,9.61964601792502,8.979860347173338,2.9107414261450963,2.1493947755773917
2024-05-13,9.667199221955663,9.024250871571024,2.917457553657664,2.149683487558165
2024-05-14,9.862775046094905,9.20681929298499,2.936223299660263,2.1595466525277778
2024-05-15,10.061600562173796,9.392421275065848,2.9821170408124607,2.1862881159801693
2024-05-16,9.903140201021124,9.244499832731885,2.976059524473388,2.1817899884799017
2024-05-17,10.428081819482545,9.734528511065676,2.974611067450865,2.184926086894824
2024-05-20,10.523063653867727,9.823193271360177,2.995352240674644,2.1874434799211007
2024-05-21,10.523924912542267,9.823997249241042,3.0012124987011117,2.1928085173904464
2024-05-22,10.035835176965165,9.368369500132188,3.000619504865383,2.1864945231156643
2024-05-23,9.9137614792033,9.2544147084567,2.9871216325024816,2.1705237710067635
2024-05-24,9.960067660212562,9.297641147132227,3.015369185387161,2.1848848054677252
2024-05-28,10.347821984690087,9.659606616166375,3.0267601927036973,2.1864119602614664
2024-05-29,10.375129719986074,9.685098162206488,3.005426635093148,2.171101710986149
2024-05-30,10.067961770944192,9.39835941107324,2.973228430915761,2.15669887908025
2024-05-31,10.03987281652232,9.362740244000792,2.9676970721767355,2.1763423881563586
2024-06-03,10.305117016298958,9.57375636575749,2.98363192777136,2.1781172315126933
2024-06-04,10.387948975799455,9.663090499370027,2.991796309156798,2.1805515456669338
2024-06-05,10.70414478352786,10.004386353711437,3.0521106283936783,2.206468025599645
2024-06-06,10.681386541360839,9.951490307503159,3.0510566879963643,2.2064267441725463
2024-06-07,10.607934307103589,9.929163570687301,3.0483572354135755,2.203743967428954
2024-06-10,10.670336509634812,10.040553522335731,3.060670135853283,2.210553080820004
2024-06-11,10.681303942229396,10.009251729459258,3.08167479417639,2.21587709487117
2024-06-12,10.90617312760374,10.177732202943876,3.12203778603852,2.234076012007735
2024-06-13,11.017584325993397,10.273659003794679,3.1389599489444295,2.2385743975169223
2024-06-14,11.154311457111447,10.348601858827378,3.1552241101258014,2.2399364266022674
2024-06-17,11.225962480899517,10.381101617504696,3.1938743472674695,2.2577638108949425
2024-06-18,11.361432716254232,10.539891862669064,3.1948622640277122,2.263500123199259
2024-06-20,11.038107266788217,10.345761104553572,3.1702364631482975,2.2573509966239533
2024-06-21,10.802798064992873,10.226592131064566,3.1617425730264594,2.254324810008682
2024-06-24,10.458685472126339,9.860828539547335,3.1257468923943716,2.2469968406807825
2024-06-25,10.835368018530113,10.230073130420397,3.16149188635524,2.2556496858096384
2024-06-26,10.957005505717804,10.25637346856637,3.1680207098881774,2.258465337146705
2024-06-27,10.87438655070223,10.166422808351333,3.176198499150682,2.262025602225069
2024-06-28,10.766275794381157,10.071580337155734,3.1597108733515293,2.2531240364979417
2024-07-01,10.956066633766916,10.125782678212005,3.1782429972537214,2.257761230805749
2024-07-02,10.973193569646732,10.121642910002922,3.211613171776541,2.2729553760673507
2024-07-03,11.25599246322422,10.368931667171296,3.2383891085783088,2.283098738723398
2024-07-05,11.25892703538855,10.403280066468906,3.2721552217739047,2.296264159852006
2024-07-08,11.396738691072557,10.458403865048332,3.279937072363633,2.2989136534449996
2024-07-09,11.749630692621896,10.58673253155261,3.2827730415129204,2.3011495587402457
2024-07-10,11.928306128386607,10.790579864634386,3.317000913868712,2.32391961990126
2024-07-11,11.092680256575035,10.331922399772763,3.244258508339141,2.303881615187437
2024-07-12,11.338463728614963,10.38228183708861,3.263318008739295,2.3184137095619395
2024-07-15,11.404089099918433,10.354840666593656,3.2720891981368334,2.324789367968451
2024-07-16,11.400222155325364,10.220357314483229,3.2733422251936246,2.3385755585570593
2024-07-17,10.843578007953049,9.813654144255397,3.1772536584459115,2.305785979021295
2024-07-18,11.001953871260085,9.907723913219506,3.1622171306147644,2.2880667004658353
2024-07-19,10.637018056669458,9.731866136331048,3.13418857305551,2.2728725552042333
2024-07-22,11.163729987791887,10.071622397922365,3.180881098641447,2.296305441279105
2024-07-23,11.006954626899004,10.046226389979658,3.1696694724680925,2.2927038947736422
2024-07-24,9.95371205048443,9.422652636691502,3.0559725032882312,2.2407452845644875
2024-07-25,9.966055558870462,9.26113536040543,3.0222720074304017,2.229069606936312
2024-07-26,9.990490687147972,9.41881804410783,3.0532687845627393,2.2540350659922312
2024-07-29,10.205076915424195,9.357687747184153,3.0594018725725523,2.2553599417931878
2024-07-30,9.637261479723337,9.00280880964252,3.0173921496270326,2.243933758790041
2024-07-31,10.459176347586904,9.692655009828572,3.106688001443175,2.2804074476854663
2024-08-01,9.767399818588805,9.603036889783029,3.0314391355007166,2.2481147933284054
2024-08-02,9.463918634442432,9.425134869907158,2.9594882010173937,2.206258522357118
2024-08-05,9.035706143310037,9.005712311406953,2.8712475084964804,2.1420039810776257
2024-08-06,9.031646005588382,9.349835059124032,2.898682869070354,2.161752241774998
2024-08-07,8.888223016899625,9.06145509540021,2.8672907627141972,2.147303355276992
2024-08-08,9.126224614988645,9.530957781651601,2.9550036724378437,2.1969428523144043
2024-08-09,9.206397347323295,9.597085901382462,2.970435732642462,2.2066308292277665
2024-08-12,9.33627060977447,9.77582517847079,2.9768331183502137,2.207790579320327
2024-08-13,9.885552310413168,10.21432274165491,3.0506963005127803,2.2440988844984373
2024-08-14,9.814718056847097,10.282434084264299,3.0516856393205902,2.2511778752191463
2024-08-15,10.324316454628525,10.59371968845162,3.128780729305221,2.2897641411463594
2024-08-16,10.433991628691514,10.570183612138212,3.132803498724576,2.294897744615031
2024-08-19,10.589618959426623,10.818757745984698,3.173955930136428,2.3168398551537925
2024-08-20,10.565638425774111,10.678265503295457,3.167295668778306,2.3130726669220953
2024-08-21,10.614921778378482,10.816161578912842,3.1820681020611667,2.321021663718915
2024-08-22,10.271325329387718,10.5831909431857,3.1316171047538135,2.302805459984752
2024-08-23,10.549390864724973,10.774272286767088,3.165580476262014,2.327273477844129
2024-08-26,10.260522776516721,10.606235642805064,3.1348481999772675,2.321725770059871
2024-08-27,10.238920867958472,10.611479791716201,3.144212992659492,2.3249137282675862
2024-08-28,10.046915831643759,10.429134448317944,3.1085342254853474,2.311417023686509
2024-08-29,9.739115742615606,10.136491905140756,3.1039838764183783,2.3116234308220034
2024-08-30,9.978189045868984,10.380804431390017,3.140981491136733,2.3336906756866584
2024-09-03,9.950946286631082,10.352462439218883,3.0456183717981964,2.285665411453274
2024-09-04,9.995513025939488,10.39882742616978,3.0377042707846726,2.2809874517362063
2024-09-05,10.025587580249018,10.430115475054532,3.0405404430836125,2.275439485943029
2024-09-06,9.939857473677574,10.34092619771078,2.95909246549427,2.2371434800501055
2024-09-09,10.011350775441572,10.415304221654283,2.9971452395078537,2.262190985942384
2024-09-10,10.055995736113783,10.461750586165406,3.024844288330708,2.2720448625908998
2024-09-11,10.064256880316734,10.470345063776135,3.09052968123077,2.2953531303577166
2024-09-12,10.164353424961796,10.574480458429584,3.1208666282916973,2.314687544748422
2024-09-13,10.286362927385941,10.701412988732828,3.1348481999772675,2.3267762946565065
2024-09-16,10.32249240188191,10.739000271077096,3.120998878715493,2.330213231471412
2024-09-17,10.293180306921942,10.708505446429557,3.1226474381457554,2.3311652843838813
2024-09-18,10.213833548044336,10.62595708195313,3.1091278287700335,2.3242511613626484
2024-09-19,10.262386080808245,10.676468687310964,3.1877396340604363,2.363913066474708
2024-09-20,10.463987936120214,10.88620508570736,3.1816721633883898,2.359826463200833
2024-09-23,10.524338713423354,10.948990989400539,3.1901057180634274,2.365723773070835
2024-09-24,10.562325613733211,10.988510643844707,3.2054934916437947,2.372492895079383
2024-09-25,10.583837125889351,11.010890135723427,3.2084659773595807,2.367259958176754
2024-09-26,10.573864857241471,11.00051549057539,3.232571308829219,2.3766455486366165
2024-09-27,10.583391850552543,11.010426893729486,3.2146075976548,2.373198807482775
2024-09-30,10.565878766901573,10.99220716512587,3.223325155544071,2.3827087582417725
2024-10-01,10.662599350596922,11.092830380342162,3.1784162839073278,2.3613634223335103
2024-10-02,10.666280583055876,11.096660148854987,3.182907313275759,2.3623603687979493
2024-10-03,10.662192376005022,11.09240698451075,3.1805298528922266,2.358041041478804
2024-10-04,10.640938959935381,11.070296002778123,3.218371960716139,2.3794694562591028
2024-10-07,10.501577894087914,10.925311781366569,3.1838980741311365,2.3579579626067675
2024-10-08,10.464253032751158,10.886480878866676,3.231448297550046,2.380258447534531
2024-10-09,10.390973139535381,10.810244175319648,3.256874304910767,2.3967452174821684
2024-10-10,10.41521900010665,10.835468345327259,3.253176371785804,2.392551282497836
2024-10-11,10.514450818406951,10.938704122321594,3.258261207588574,2.406878001772521
2024-10-14,10.574498606141653,11.001174810955181,3.285602916172632,2.4265622762578904
2024-10-15,10.617213421782523,11.04561314996163,3.2416850085409195,2.4077087904928876
2024-10-16,10.74897794424647,11.182694310922397,3.242081150363348,2.418173632262467
2024-10-17,10.734226792332096,11.167347956743606,3.244326563472738,2.4183813294425587
2024-10-18,10.799667369951319,11.235429031878537,3.265592269099343,2.427683325012546
2024-10-21,11.010824301042671,11.455106049012153,3.27186634296801,2.4236968291993852
2024-10-22,11.071794809968685,11.518536690217063,3.2754324319684827,2.422409880709576
2024-10-23,10.742170548117016,11.175612239458125,3.2252404504681027,2.4002747794991275
2024-10-24,10.813853957945236,11.250188042239692,3.2513931241359155,2.4054661769657377
2024-10-25,10.898646038145975,11.349651632317949,3.2712059034476426,2.404635646254291
2024-10-28,10.724150112315831,11.357361615540308,3.271734295693867,2.4120693992391318
2024-10-29,10.690931172359825,11.535371025529738,3.3031704855246224,2.415972558171336
2024-10-30,10.578072081755893,11.442991619829302,3.2782062373240963,2.408663939512389
2024-10-31,10.170183383180188,10.938649781914387,3.195455461013093,2.3614465012055468
2024-11-01,10.253596382112494,11.032423540136602,3.219098627023231,2.3714133857607456
2024-11-04,10.151778335661911,10.9989856429555,3.2097206296135923,2.366305067166172
2024-11-05,10.475550250942979,11.259512465130562,3.250666864128129,2.394918256324121
2024-11-06,11.461565520156796,11.70305592378996,3.3389652511503605,2.4544692950035283
2024-11-07,11.756706916906554,11.918103123500797,3.3915346930342727,2.473447399076586
2024-11-08,12.188650547369972,11.815017682106546,3.3954979396054368,2.4841612194533567
2024-11-11,12.63684148262367,11.682156080293517,3.3935160115953757,2.4865287092974806
2024-11-12,12.380325204179377,11.862451341038799,3.3873739850008517,2.4788046962783503
2024-11-13,12.328982004911094,11.92900868605601,3.3830154092058686,2.4800090819139617
2024-11-14,11.993845650711624,11.876000096697398,3.3595044936195264,2.4640623246345625
2024-11-15,11.970381068242741,11.43354324025714,3.279461295877413,2.4325008675549915
2024-11-18,12.279783346568971,11.33418222235309,3.3022455451566635,2.4424677521101903
2024-11-19,12.499958524741935,11.693334611329169,3.3249643802478,2.4513958927560124
2024-11-20,12.375402183135924,11.599357648342705,3.323049085323768,2.4522266814763785
2024-11-21,12.194917810363982,11.501725357931033,3.335002614028154,2.4653908125603903
2024-11-22,12.375943622670324,11.268627626215961,3.34035235697782,2.473032520734242
2024-11-25,11.872244608810757,11.093411016847552,3.345635263691804,2.481420648711826
2024-11-26,11.905210759389108,11.212853662824063,3.363599178015876,2.494377856642504
2024-11-27,11.742539285776118,11.105734425484538,3.337115776713748,2.486819227340689
2024-11-29,12.08519011761083,11.263972475329695,3.366438803858909,2.5022680274057074
2024-12-02,12.310652713890528,11.355849633170218,3.403092079916229,2.5067529964510875
2024-12-03,12.285290849082166,11.496174806043221,3.413526861818317,2.507915584641761
2024-12-04,12.612800236921986,11.823278258777135,3.455727545437213,2.523488228988076
2024-12-05,12.813435123561165,11.885190470433296,3.4461514771163597,2.519335833439762
2024-12-06,13.027012508954694,11.95245821675883,3.4769932510638184,2.52411157853727
2024-12-09,13.009582714448138,11.775412559932665,3.4499170590756143,2.511113089179493
2024-12-10,13.166277876711138,11.589434945601658,3.438160382384528,2.5033057392794067
2024-12-11,13.709380949351829,11.905750856696946,3.4997122893046075,2.5226582142944682
2024-12-12,13.563342390998383,11.788220266090947,3.477125704637267,2.509659724936691
2024-12-13,13.812691667754814,11.616739761898764,3.503740340614928,2.5091617677223104
2024-12-16,14.402912316790287,11.659072307797128,3.5541970261125515,2.5198755880990804
2024-12-17,14.609796731497857,11.543422555046764,3.538544345385288,2.5094935671926177
2024-12-18,13.66905472382309,11.212485343344683,3.4108851037368466,2.434701941646123
2024-12-19,13.693411931563139,11.359881051459013,3.3956954010676936,2.4339542317977934
2024-12-20,13.50620556362914,11.564712115932501,3.4253485463982125,2.463188448424662
2024-12-23,13.66341485712072,11.909074672935667,3.458720346118252,2.477938560336031
2024-12-24,14.287152290755444,12.370608459032981,3.505619881200115,2.5054810124786013
2024-12-26,14.098835390330985,12.248769409704979,3.5032389672724893,2.505648202258352
2024-12-27,13.647577610746122,11.79344061670194,3.456670159824942,2.479272208440246
2024-12-30,13.347591574757686,11.65066252097342,3.4106961745599955,2.4509797243690716
2024-12-31,13.073025918370769,11.55927060568773,3.381723377415792,2.4420629361157014
2025-01-02,12.700229407060801,11.429502275409101,3.375108621579836,2.436062422677952
2025-01-03,13.336403620523056,11.509611362151238,3.4303427774559547,2.4665216656539815
2025-01-06,13.448036544442374,11.794975951397424,3.4697676242227113,2.480730474852516
2025-01-07,13.012538822626095,11.285823869146085,3.407852079424607,2.45268774341529
2025-01-08,13.02269410393303,11.285124991433115,3.4084477142058183,2.4562709712874775
2025-01-10,12.912864560384925,11.023663255138395,3.354999446925071,2.4187704068929663
2025-01-13,13.018407869011329,10.944187507736732,3.344216872817855,2.4225208245449044
2025-01-14,12.860234156391545,10.7999997453217,3.341041846898499,2.4258540417742243
2025-01-15,13.576787312393325,11.146442326206323,3.417906768326816,2.469980275218114
2025-01-16,13.256864726876797,11.026758458993182,3.3939611124840643,2.4652300730036236
2025-01-17,13.552884211816238,11.171942813418589,3.451245657803146,2.4899808686386287
2025-01-21,13.657338305387556,11.32351041852934,3.471487082881706,2.51277260254887
2025-01-22,13.640330992393409,11.493691252892138,3.5158732504624957,2.5268983328753674
2025-01-23,13.607376627837064,11.623078485014734,3.5233479387776017,2.540690715678041
2025-01-24,13.495211615473119,11.709816240863281,3.5034368350340515,2.53327347526404
2025-01-27,13.355088114354164,11.836062263985088,3.401436003948823,2.497439390479729
2025-01-28,13.448327650385247,12.034282138704041,3.451708839010909,2.5188985083214326
2025-01-29,13.265983729836798,12.026268974664193,3.4452267398980534,2.5076062319474386
2025-01-30,13.388579885826175,12.058053447674931,3.4599112093813695,2.5210650092173688
2025-01-31,13.53417033446798,12.155297730130103,3.4548836617806127,2.507648029392376
2025-02-03,13.265576745165712,12.221667823367538,3.42723377517367,2.490772440003251
2025-02-04,13.477038687956135,12.400059327084536,3.469304036715643,2.507481355630464
2025-02-05,13.242325966291348,12.255181923736385,3.485047728487239,2.517647939089254
2025-02-06,13.241800421924978,12.386093846729915,3.5032389672724893,2.526398311589632
2025-02-07,13.040691967601607,12.144704218590253,3.4590510737525673,2.5032724561288084
2025-02-10,12.870616605387607,11.986314236364601,3.500923061233673,2.5202731798438274
2025-02-11,12.484262199529624,11.626505110104153,3.492588643589069,2.522190186114734
2025-02-12,12.684857527848651,11.813318120956493,3.4946392361816843,2.514064711217067
2025-02-13,13.078872781204222,12.180261740321532,3.544912274393423,2.540607378797085
2025-02-14,13.13675046528601,12.234162818253333,3.5597958305362165,2.540481986462272
2025-02-18,12.897441315745649,12.011295899443304,3.5678661536325342,2.547940508303372
2025-02-19,12.783447259618962,11.905134041025404,3.5688583365354796,2.553941021741122
2025-02-20,12.596582185979043,11.731107919268977,3.553710279545095,2.543315440414775
2025-02-21,12.30361977739752,11.458274099696537,3.479953954099758,2.4998143625825144
2025-02-24,12.150803308345493,11.34282773580309,3.438875875460731,2.488439265345403
2025-02-25,11.924331134542559,11.224047185353927,3.395548523868916,2.476063609518981
2025-02-26,11.97980432865996,11.178865828509158,3.4037513005386817,2.47731392074224
2025-02-27,11.695660866564326,10.895698519646405,3.3092243451699495,2.4377706997330897
2025-02-28,11.822530555925814,11.02384630696634,3.361481749187579,2.4758138568850323
2025-03-03,11.925142157658218,11.119525867400437,3.2879243072520667,2.432437655369746
2025-03-04,11.921088962140953,11.11574649003084,3.2780020719233063,2.4036454080217555
2025-03-05,11.995097653782409,11.184755441894039,3.3207341950332143,2.4294793251002686
2025-03-06,11.946056421273752,11.139027244591249,3.2293828750327958,2.3863531342278503
2025-03-07,11.950810736149208,11.143460376418146,3.2531302568146807,2.3997283166079053
2025-03-10,11.834130123394086,11.034662252705926,3.1270507068642948,2.335810476968189
2025-03-11,11.839192076386887,11.039382239813742,3.1195756122498834,2.316392983705447
2025-03-12,11.804744670657968,11.00726196703179,3.154767023407614,2.3286847866330738
2025-03-13,11.876846414307556,11.0744927969034,3.0980114797837146,2.2976427015081913
2025-03-14,11.92437276180944,11.118808448947085,3.1728918322564876,2.3451018941724815
2025-03-17,12.035021940329484,11.221982598696748,3.1934639849693633,2.3631857393310085
2025-03-18,12.106971587190172,11.289071606847813,3.139023737935323,2.3376436303403008
2025-03-19,12.135638742288258,11.315802120282676,3.1810279758402245,2.363102402450053
2025-03-20,12.13196980290285,11.312381040193012,3.170245808032314,2.3562690362205823
2025-03-21,12.065418001960456,11.250325220453723,3.180697248205909,2.357046417094639
2025-03-24,12.082887415734326,11.266614468479343,3.2504958121207004,2.399257450330058
2025-03-25,12.036601256263975,11.223455222180323,3.269044797444052,2.405024981713618
2025-03-26,12.007251956943438,11.19608864753742,3.208892185330584,2.3763129751395504
2025-03-27,12.096953672778577,11.27973046382709,3.1906077008548235,2.3700023349807204
2025-03-28,12.125365922768335,11.306223292552765,3.1066061321332064,2.3222745550313673
2025-03-31,12.274437864638863,11.445224512984208,3.106473881709411,2.337863453939603
2025-04-01,12.151800583133294,11.330872129928288,3.131515123628245,2.3444664182040773
2025-04-02,12.201784674192636,11.377479489919876,3.1543704752858797,2.359303221112354
2025-04-03,12.116093741381462,11.297577503729832,2.9855055770166232,2.2430351137238813
2025-04-04,11.633194702764598,10.847301248717248,2.800079309624347,2.1117209581935246
2025-04-07,11.426389983852847,10.654467453443543,2.806836473366725,2.1079595751625133
2025-04-08,11.424421613423005,10.652632058475342,2.7562897925730314,2.074943205786624
2025-04-09,11.859488090461982,11.058307134001963,3.0871293623467606,2.292852249902279
2025-04-10,11.960245251270749,11.152257532339094,2.9558270379795384,2.19238202864673
2025-04-11,12.136234441509755,11.316357576378298,3.0102825212375186,2.2315000509567615
2025-04-14,12.173443453199331,11.35105289174751,3.030686669187754,2.253148805354201
2025-04-15,12.171259252446362,11.349016247114587,3.034065251058943,2.246837649177532
2025-04-16,12.308108657278808,11.476620637641329,2.942577414492026,2.196895378673241
2025-04-17,12.242647226290822,11.41558152669702,2.9420476001982334,2.200029671025727
2025-04-21,12.290048658581464,11.459780702315998,2.869241405677769,2.147662890706132
2025-04-22,12.369095797658233,11.533487723673698,2.94456523384201,2.2035406564004916
2025-04-23,12.245650625496745,11.418382027916952,3.0113421498251034,2.2376850407718596
2025-04-24,12.345709913269253,11.51168169880981,3.09607261949999,2.284786375064986
2025-04-25,12.233589528368048,11.407135731668344,3.130587542314803,2.3012943017440115
2025-04-28,12.302692398438056,11.471570280212624,3.1295939373642896,2.3021720480877024
2025-04-29,12.231221038818468,11.404927248074184,3.150263195611074,2.3166739554186386
2025-04-30,11.99789693727622,11.187365616666641,3.149865631741077,2.317593757216187
2025-05-01,11.936555421929445,11.130168095863421,3.19100526472482,2.3340183470142564
2025-05-02,12.142051984800792,11.3217821090383,3.238372247157149,2.3686648167427147
2025-05-05,12.283013836384141,11.453221125385047,3.219160384517599,2.3550821951914878
2025-05-06,12.548850200614915,11.701098617282407,3.1892167351839658,2.33539740468828
2025-05-07,12.30585883820735,11.474522807608672,3.2017372545685565,2.345219030221875
2025-05-08,12.261135191774985,11.432820517035156,3.234794984925788,2.3615600251300686
2025-05-09,12.34324526700955,11.509383554479419,3.232674915152008,2.358551125112395
2025-05-12,12.13229816950498,11.312687223622786,3.364374803389227,2.4364951036357327
2025-05-13,12.151776013278994,11.330849219917921,3.4156505882858426,2.452585313874301
2025-05-14,11.995192576652583,11.18484395214376,3.436120759873149,2.4557198642357068
2025-05-15,12.21901862018978,11.393549177457276,3.4398973119136405,2.4677144408882214
2025-05-16,12.211151487652383,11.386213517840364,3.454868628706326,2.4833451372413946
2025-05-19,12.415053209396891,11.576340431161016,3.458181593239748,2.486061455144504
2025-05-20,12.466656969540185,11.624458041683587,3.4466544756560187,2.4777029981926475
2025-05-21,12.449342857648375,11.608313603948025,3.398757272630592,2.435951994860462
2025-05-22,12.343416450717998,11.509543173681354,3.4051170756526257,2.43691282007619
2025-05-23,12.694707574714723,11.837102433657241,3.373583170839005,2.4202792430534323
2025-05-27,12.68797956670866,11.83082894374237,3.452947239292718,2.470598464588921
2025-05-28,12.553573921075381,11.705503221534176,3.4376443822671074,2.4563047704559144
2025-05-29,12.613358320179474,11.761248818820667,3.4444019523087905,2.466000745645777
2025-05-30,12.457780898289018,11.616181603333978,3.4389693243008934,2.4632426302977293
2025-06-02,12.493716279150009,11.649689329426959,3.4661308391431596,2.4771180919724394
2025-06-03,12.697127108872383,11.839358513484006,3.4932257208993964,2.4912440803078564
2025-06-04,12.503251311703798,11.65858021221281,3.5029643089422717,2.490575063179934
2025-06-05,11.5267594166599,10.748056317176932,3.4765979218399994,2.4785386890824816
2025-06-06,11.79779986574804,11.000786326169901,3.5105828272113677,2.50399075296033
2025-06-09,11.865399814920872,11.063819485315895,3.515750548072369,2.5062475569780447
2025-06-10,11.897755356653493,11.093989212308925,3.539003057300696,2.520457398212256
2025-06-11,11.872945305433126,11.070855231793713,3.5270781726973164,2.5132690117097347
2025-06-12,12.041642169473235,11.228155590870664,3.535358958833653,2.5232573110052416
2025-06-13,11.854626190637171,11.053773685247059,3.4909736038514736,2.4950471317793457
2025-06-16,12.037789725389256,11.167314724177087,3.539532871594488,2.5187855004147495
2025-06-17,11.78036660687327,10.93768434915053,3.505017745630022,2.4972621383521227
2025-06-18,11.942078794152689,11.061389939606835,3.504421704549506,2.496886219356603
2025-06-20,11.865275811573385,11.030572587410923,3.490112655624061,2.49102193462828
2025-06-23,11.985344694108818,11.58394042293995,3.525999448042394,2.515626955223842
2025-06-24,12.19106599448753,11.49654439354397,3.579919022517006,2.543417611946845
2025-06-25,12.482112728833526,11.303745324887926,3.5890709143633814,2.544842853217436
2025-06-26,12.57650118420452,11.332677415598063,3.622629611763746,2.5647531435161715
2025-06-27,12.655576739269407,11.255416460788343,3.6350327106491758,2.577495688025935
2025-06-30,12.70367306565223,11.298191610022982,3.6585765364792278,2.589819484059564
2025-07-01,12.352724851350773,10.986070843857021,3.627737200327599,2.5889812130805363
2025-07-02,12.463347170674325,11.084454370700286,3.6530049541090013,2.6007177808136825
2025-07-03,12.59368077258946,11.200368405960138,3.688951878824483,2.6212150414039814
2025-07-07,12.54443052411077,11.145366631356314,3.661163444154516,2.601681702136443
2025-07-08,12.6344491404458,11.15104819234961,3.663219318638097,2.6002567188747716
2025-07-09,12.854312757834432,11.32209230893595,3.68915096548396,2.6158494879167975
2025-07-10,12.85386190549984,11.256468748686652,3.683845509158545,2.6232269949572156
2025-07-11,12.799989421306643,11.19056215679573,3.675554971838887,2.6140052401611524
2025-07-14,12.797419396108113,11.188315277850595,3.6888860583370637,2.618993068590381
2025-07-15,12.962526734588115,11.332662579476331,3.692267687453041,2.60780167370386
2025-07-16,12.919721437536854,11.29523947532166,3.6960483024865822,2.6165200530982355
2025-07-17,12.967379963193968,11.336905579574795,3.725959651025464,2.6325323446431543
2025-07-18,12.958831353599018,11.329431843161604,3.7223781226513997,2.6306042439887145
2025-07-21,12.920249904759416,11.295701494867712,3.7416777459408412,2.6355923304268627
2025-07-22,12.6956098472823,11.099306916453505,3.7223114895653704,2.6359695394669793
2025-07-23,12.845662296734673,11.230492279746159,3.739290331224335,2.658395158720637
2025-07-24,13.020595305144898,11.383429804884369,3.7472489220117624,2.6592752271446023
2025-07-25,13.034644772692321,11.395712740024738,3.756268766583995,2.6705089354939
2025-07-28,13.194742406168182,11.535680239965425,3.768007159806354,2.6698383703124615
2025-07-29,13.098012286764375,11.451112637759385,3.7621710765885363,2.662796016858303
2025-07-30,13.215067494916621,11.5534497209779,3.76721203206636,2.659442932942192
2025-07-31,13.27598817142535,11.6067104382071,3.7472489220117624,2.649467018074815
2025-08-01,12.558900270734632,10.979786738472786,3.673432870568582,2.606040762829171
2025-08-04,13.006601979205536,11.37119595229664,3.741212939535858,2.6456520981930347
2025-08-05,12.835595250974976,11.221691030182493,3.7158123258817026,2.6322387304929133
2025-08-06,12.949062366151741,11.320891175068885,3.7625692499074908,2.6524008374969523
2025-08-07,12.912569179146097,11.288986517647336,3.7753030764272353,2.6501791226922715
2025-08-08,13.031892849584418,11.404595820914176,3.810519474992227,2.6708440890801595
2025-08-11,12.995480545132102,11.359196589422767,3.7992446692769364,2.6655626465006894
2025-08-12,13.11038503360393,11.572457548907096,3.8469966203008057,2.693940531524175
2025-08-13,13.009708602235554,11.450202901715492,3.8489200412109383,2.703162028311319
2025-08-14,13.056675518554519,11.47880391775883,3.845935772815306,2.7034133289987836
2025-08-15,13.018190911142696,11.452047928193572,3.8290239705416753,2.697084112197759
2025-08-18,12.926413203584449,11.371311463897511,3.8274979103518865,2.6964971419061956
2025-08-19,12.566379561694891,11.054591379607444,3.775568389873437,2.68186829418693
2025-08-20,12.52635557528593,11.019382446679561,3.753151232016304,2.674742345842896
2025-08-21,12.439153773449078,10.94267138744892,3.7357754359363,2.664011754886366
2025-08-22,12.665736953816472,11.152938332001614,3.7934085860591193,2.7049226811770883
2025-08-25,12.804241417523475,11.198951183287313,3.782465320576754,2.6930178916285135
2025-08-26,12.832571728535092,11.265933961943023,3.797653194899034,2.7042936554316683
2025-08-27,12.83710270074613,11.210469128917813,3.8034896844161565,2.710455424444023
2025-08-28,12.91525352343374,11.194305311548995,3.8272992299917146,2.7200541302712833
2025-08-29,12.739310890049396,10.90454834011442,3.7829967600677668,2.703832593492757
2025-09-02,12.568304568373561,10.781225729284293,3.751294037892895,2.6837963948413694
2025-09-03,13.136569448760607,10.778630607385479,3.7808080257114325,2.6983413896618407
2025-09-04,13.223306389435646,10.83942183421376,3.815029397278343,2.7208924012503113
2025-09-05,13.108216170483301,10.543705425583097,3.8205343465625403,2.7130122928349634
2025-09-08,13.037786758830483,10.567581882236999,3.8391704830868263,2.719676921231167
2025-09-09,13.096753451636207,10.770697935216914,3.8500479280817728,2.7259645985961733
2025-09-10,12.872935322080748,10.967561714041814,3.85130786222675,2.733844965020441
2025-09-11,12.997183275317191,10.99043721064508,3.8737246137845776,2.75656394041542
2025-09-12,13.109946203897831,11.020428042931277,3.89083509641838,2.755641558528678
2025-09-15,13.40163181920665,11.265623582613449,3.924129292971154,2.770312203692882
2025-09-16,13.281454789476822,11.16460087146327,3.920812671743986,2.7664980578378593
2025-09-17,13.06406036460913,10.98185568098518,3.912986940829312,2.7630608630140343
2025-09-18,13.357735892667144,11.228723972784191,3.9482703787796374,2.7759711133213876
2025-09-19,13.431958733958009,11.30234559058477,3.974997559664799,2.789720150625607
2025-09-22,13.502524041153544,11.475749834831433,3.998529602815004,2.8029183388869754
2025-09-23,13.349281194695019,11.294105279026326,3.9719702235428302,2.787660723431209
2025-09-24,13.494911572411123,11.146472763392595,3.9580264376926304,2.7787914088190027
2025-09-25,13.162427075593227,11.138704447939519,3.9409622731796037,2.7659714616334288
2025-09-26,13.446913454760079,11.171369925521091,3.9571630516693874,2.7818181114521128
2025-09-29,13.421907521335818,11.229685349620604,3.975489181823916,2.789636039717893
2025-09-30,13.418648587972323,11.353872995335722,3.986378815798014,2.800144226985927
2025-10-01,13.690703238682277,11.415988614568034,4.005501292590451,2.809685912842007
2025-10-02,13.363261811010094,11.484701279568801,4.021968197125046,2.8129218607087245
2025-10-03,13.259461326216465,11.438146214021314,4.005036892484773,2.8128803212727065
2025-10-06,13.75796223885432,11.493156795967613,4.035115230038032,2.82296795400217
2025-10-07,13.323714830802993,11.370509092690757,4.013867807880155,2.812501822187993
2025-10-08,13.378953102690433,11.46918575469747,4.0598824230756065,2.829272917964774
2025-10-09,13.246419031522501,11.501668720636994,4.054968639280265,2.8210764906142805
2025-10-10,12.775094870121759,11.091053418198898,3.9142034009486477,2.74482892073579
2025-10-13,13.325946348199587,11.569290427862434,3.9972680434728067,2.7869457807156395
2025-10-14,13.259622047325339,11.511709144012917,3.970642031114604,2.7835410950156545
2025-10-15,13.501625403820578,11.721811079189116,3.998662056388452,2.79589894822664
2025-10-16,13.413901497152562,11.645651133231802,3.983855290814314,2.776858147986176
2025-10-17,13.628168184157065,11.831672708450428,4.010016496767533,2.7926204288882266
2025-10-20,13.8415454608794,12.01692211743072,4.060545503541457,2.82166500895936
2025-10-21,13.602550605818855,11.8094320963311,4.059483843457347,2.8216226954965835
2025-10-22,13.580170474974809,11.790002164168472,4.020374691250619,2.8069535983858964
2025-10-23,13.772507126781306,11.956984570260229,4.054171886343052,2.823598527801106
2025-10-24,13.724570873569201,11.915367380685597,4.097463483596021,2.846674587540491
2025-10-27,14.267294435909966,12.386547914562858,4.170436057681906,2.8802588345479103
2025-10-28,14.347800401416524,12.456441404434718,4.202506480727853,2.8879087990071817
2025-10-29,14.55318575257281,12.634752401272598,4.221430277160118,2.8892958549577057
2025-10-30,14.398743388650729,12.500668973657598,4.15689044515066,2.857518960430462
2025-10-31,14.660585797699797,12.727994733304612,4.17694294105237,2.866892424471114
2025-11-03,14.916155529753846,12.94987469420538,4.196928803868051,2.872272684466702
2025-11-04,14.36978825172664,12.475530767356881,4.1117396222777565,2.838226085475775
2025-11-05,14.833084370158081,12.877754159841038,4.138498494508712,2.8480616434910155
2025-11-06,14.585183570564476,12.662532195647461,4.061409295864006,2.8175038411077873
2025-11-07,14.165520765659396,12.29819027614287,4.048594209483249,2.820277694999916
2025-11-10,14.710855205527942,12.771637515858592,4.138166141677178,2.8642865343854935
2025-11-11,14.648854578164269,12.717809949250016,4.127144054129631,2.8708433150534014
2025-11-12,14.382915566017745,12.486927609847708,4.123890409294747,2.8724406482732108
2025-11-13,13.700926621765062,11.894839966802635,4.039697067301144,2.824775306482345
2025-11-14,13.68802672599312,11.883640564015387,4.042751219177246,2.8243132125077564
2025-11-17,13.978564727177456,12.135879198946283,4.0082239042336285,2.7980004308748954
2025-11-18,13.829322433251217,12.006310356521343,3.9594208569075806,2.7745043326147787
2025-11-19,14.084019020501687,12.227432272510761,3.9830589441764053,2.7852227971520978
2025-11-20,13.850515415966697,12.02470963306512,3.8887727211459184,2.7427694935413918
2025-11-21,14.022254253886103,12.173809474961276,3.91798807897524,2.7700908320400637
2025-11-24,14.943398836846098,12.973526727894402,4.0181835190984545,2.8108624335143264
2025-11-25,15.086353953367384,13.097637182639488,4.042950305836723,2.8373011234998393
2025-11-26,15.13409874217833,13.139088147076652,4.078672953335814,2.856888644640445
2025-11-28,15.203221148526175,13.199098683905731,4.1117396222777565,2.872482703727068
2025-12-01,15.077097961892935,13.089601336571402,4.097928290001005,2.859368626373414
2025-12-02,15.083348134957085,13.095027597905053,4.129999119346256,2.8646647754612875
2025-12-03,15.482043413450858,13.441165977018006,4.14009200038314,2.8745844443842423
2025-12-04,15.568347791607069,13.51609351987279,4.136240689270519,2.8766859270324976
2025-12-05,15.63471307034893,13.573710379796166,4.153105767124068,2.8821502979358
2025-12-08,15.578646524880156,13.52503465119376,4.1451382377519295,2.873491518601798
2025-12-09,15.982193030680675,13.875384758027714,4.150250701907443,2.87101127885991
2025-12-10,16.14658898367871,14.018109670443144,4.167248639633746,2.890052595118213
2025-12-11,16.456715174043673,14.2873543358401,4.153770066487834,2.8967775976015493
2025-12-12,16.285687456133367,14.138871872530004,4.0743572421175145,2.8656312768732417
2025-12-15,16.58484948719652,14.398597698518072,4.053906166597545,2.8613018872062406
2025-12-16,16.5325086570031,14.353156553107418,4.061940329055712,2.8534839589404606
2025-12-17,16.965767091835268,14.729301896328892,3.9866441292442154,2.822085305489011
2025-12-18,16.81814581435573,14.601140384353151,4.044411358137703,2.8433958101931585
2025-12-19,17.039051582078653,14.792925861886738,4.097131537063791,2.869166773095346
2025-12-22,17.512653970381255,15.204096928798796,4.116771232871564,2.8870413730202653
2025-12-23,18.062724315380617,15.681655776085607,4.136051353794363,2.900236465174601
2025-12-24,18.119133405666457,15.730628894484553,4.148151759697527,2.9104383958553446
2025-12-26,19.134120053258535,16.611817742133013,4.147885633652715,2.910143233651587
2025-12-29,18.165338809132855,15.770743398781018,4.1278075408947865,2.8997725651375768
2025-12-30,18.561646492443845,16.11480892082461,4.118233504070459,2.896231650728166
2025-12-31,17.836200798159666,15.484993093301794,4.0841937482929085,2.8747735649221395
