date,AAPL,AMZN,GOOGL,META,MSFT,NVDA,QQQ,SPY,TSLA
2015-01-02,27.3325,15.425999999999998,26.4775,78.45,46.76,0.50325,,,14.620666666666667
2015-01-05,26.5625,15.1095,25.973000000000003,77.19,46.325,0.49474999999999997,,,14.006
2015-01-06,26.565,14.764500000000002,25.332,76.15,45.65,0.47975,,,14.085333333333333
2015-01-07,26.9375,14.921000000000001,25.2575,76.15,46.23,0.47837500000000005,,,14.063333333333333
2015-01-08,27.9725,15.023,25.3455,78.175,47.59,0.4965,,,14.041
2015-01-09,28.0025,14.8465,25.036,77.74,47.19,0.49850000000000005,,,13.777333333333333
2015-01-12,27.3125,14.570500000000001,24.853,76.72,46.6,0.49225,,,13.480666666666668
2015-01-13,27.555,14.737,25.09,76.45,46.355,0.491375,,,13.616666666666667
2015-01-14,27.45,14.663499999999999,25.2965,76.28,45.955,0.49349999999999994,,,12.846
2015-01-15,26.705,14.3475,25.200499999999998,74.05,45.48,0.49000000000000005,,,12.791333333333334
2015-01-16,26.4975,14.537,25.52275,75.18,46.24,0.499,,,12.871333333333332
2015-01-20,27.18,14.472,25.497,76.24,46.39,0.5005,,,12.795333333333334
2015-01-21,27.3875,14.8625,26.0195,76.74,45.92,0.5075000000000001,,,13.104666666666667
2015-01-22,28.1,15.516,26.865,77.65,47.13,0.51625,,,13.441333333333334
2015-01-23,28.245,15.619499999999999,27.097500000000004,77.83,47.18,0.51775,,,13.419333333333332
2015-01-26,28.275,15.483,26.836000000000002,77.495,47.01,0.5153749999999999,,,13.770000000000001
2015-01-27,27.285,15.3375,26.059500000000003,75.78,42.66,0.49074999999999996,,,13.732
2015-01-28,28.8275,15.195500000000001,25.621499999999997,76.24,41.19,0.48274999999999996,,,13.291333333333334
2015-01-29,29.725,15.588999999999999,25.6615,78.0,42.01,0.49450000000000005,,,13.68
2015-01-30,29.29,17.726499999999998,26.877499999999998,75.91,40.4,0.48012499999999997,,,13.573333333333332
2015-02-02,29.6575,18.2235,26.610000000000003,74.99,41.28,0.49050000000000005,,,14.062666666666667
2015-02-03,29.6625,18.177500000000002,26.665,75.4,41.6,0.50275,,,14.557333333333334
2015-02-04,29.89,18.2375,26.305,75.63,41.84,0.504,,,14.57
2015-02-05,29.985,18.694499999999998,26.491500000000002,75.615,42.45,0.5121249999999999,,,14.732666666666667
2015-02-06,29.7325,18.714,26.69375,74.47,42.41,0.51,,,14.490666666666668
2015-02-09,29.93,18.528,26.464,74.44,42.36,0.5095,,,14.498666666666667
2015-02-10,30.505,18.64975,27.008,75.19,42.6,0.5237499999999999,,,14.419333333333332
2015-02-11,31.22,18.756999999999998,26.9,76.51,42.38,0.52025,,,14.186666666666667
2015-02-12,31.615,18.8585,27.3005,76.23,43.09,0.5575,,,13.525333333333332
2015-02-13,31.77,19.0915,27.558,75.74,43.87,0.55775,,,13.584666666666667
2015-02-17,31.9575,18.7715,27.2505,75.6,43.58,0.559375,,,13.623333333333333
2015-02-18,32.17875,18.6685,27.1325,76.71,43.53,0.553,,,13.630666666666666
2015-02-19,32.1125,18.94975,27.3225,79.42,43.5,0.5543750000000001,,,14.113666666666667
2015-02-20,32.37375,19.183,27.089999999999996,79.895,43.855,0.5583750000000001,,,14.474
2015-02-23,33.25,19.006999999999998,26.75,78.84,44.15,0.554,,,13.822333333333335
2015-02-24,33.0425,18.929499999999997,26.932499999999997,78.45,44.09,0.55775,,,13.607333333333335
2015-02-25,32.1975,19.2685,27.366500000000002,79.56,43.99,0.5535,,,13.584
2015-02-26,32.60375,19.240000000000002,27.964499999999997,80.41,44.055,0.5549999999999999,,,13.812666666666667
2015-02-27,32.115,19.008000000000003,28.1315,78.97,43.85,0.5515,,,13.556000000000001
2015-03-02,32.2725,19.28275,28.750999999999998,79.75,43.88,0.564875,,,13.155
2015-03-03,32.34,19.2305,28.939749999999997,79.6,43.28,0.5545,,,13.304
2015-03-04,32.135,19.136000000000003,28.916500000000003,80.895,43.055,0.56075,,,13.495666666666667
2015-03-05,31.6025,19.3915,29.071749999999998,81.21,43.11,0.5715,,,13.375333333333334
2015-03-06,31.65,19.0045,28.645,80.005,42.36,0.56375,,,12.925333333333333
2015-03-09,31.785,18.928,28.705000000000002,79.44,42.85,0.56525,,,12.725333333333333
2015-03-10,31.1275,18.4755,27.9925,77.55,42.03,0.574875,,,12.687999999999999
2015-03-11,30.56,18.3185,27.7845,77.57,41.98,0.572,,,12.916
2015-03-12,31.1125,18.712,28.0585,78.93,41.02,0.5667500000000001,,,12.738
2015-03-13,30.8975,18.529,27.65,78.05,41.38,0.5675,,,12.578666666666667
2015-03-16,31.2375,18.6675,28.082,78.07,41.56,0.5742499999999999,,,13.046666666666665
2015-03-17,31.76,18.596,27.8805,79.365,41.695,0.58125,,,12.982
2015-03-18,32.1175,18.75675,28.308,80.91,42.5,0.57175,,,13.380666666666666
2015-03-19,31.87375,18.662,28.1835,82.75,42.285,0.580375,,,13.043333333333333
2015-03-20,31.475,18.924500000000002,28.247500000000002,83.8,42.88,0.58675,,,13.205333333333334
2015-03-23,31.8025,18.7555,28.2685,84.43,42.855,0.56775,,,13.308666666666666
2015-03-24,31.6725,18.7045,28.877,85.31,42.9,0.5599999999999999,,,13.448
2015-03-25,30.845,18.548,28.35,82.92,41.46,0.526,,,12.953333333333335
2015-03-26,31.06,18.3675,28.182,83.01,41.21,0.524125,,,12.693666666666667
2015-03-27,30.8125,18.528,27.877499999999998,83.3,40.97,0.5345,,,12.333333333333334
2015-03-30,31.5925,18.729499999999998,28.05675,83.195,40.96,0.53675,,,12.704666666666666
2015-03-31,31.1075,18.605,27.735000000000003,82.215,40.655,0.5231250000000001,,,12.584666666666667
2015-04-01,31.0625,18.51275,27.4745,81.665,40.72,0.52525,,,12.506
2015-04-02,31.33,18.6125,27.065499999999997,81.555,40.29,0.5265,,,12.733333333333333
2015-04-06,31.8375,18.852,27.1975,82.44,41.545,0.541625,,,13.54
2015-04-07,31.5025,18.7205,27.243000000000002,82.32,41.53,0.5465,,,13.55
2015-04-08,31.4,19.06,27.442,82.275,41.42,0.5505,,,13.844666666666665
2015-04-09,31.64,19.177,27.401,82.17,41.48,0.563125,,,14.006
2015-04-10,31.775,19.1325,27.427,82.04,41.72,0.5690000000000001,,,14.06
2015-04-13,31.7125,19.118000000000002,27.432,83.01,41.76,0.56375,,,13.985333333333333
2015-04-14,31.575,19.2555,26.988999999999997,83.515,41.65,0.5589999999999999,,,13.830666666666668
2015-04-15,31.695,19.1725,27.052,82.705,42.255,0.56575,,,13.855333333333334
2015-04-16,31.5425,19.302,27.176,82.31,42.16,0.5622499999999999,,,13.78
2015-04-17,31.1875,18.778,26.637,80.775,41.615,0.5549999999999999,,,13.786
2015-04-20,31.9,19.4755,27.226499999999998,83.09,42.905,0.55225,,,13.684666666666667
2015-04-21,31.7275,19.559,27.14625,83.62,42.635,0.551375,,,13.960666666666667
2015-04-22,32.155,19.490000000000002,27.458999999999996,84.63,42.985,0.55775,,,14.629333333333333
2015-04-23,32.4175,19.4995,27.873,82.41,43.34,0.5555,,,14.573333333333332
2015-04-24,32.57,22.255000000000003,28.683,81.53,47.87,0.5507500000000001,,,14.561666666666667
2015-04-27,33.1625,21.928,28.306,81.91,48.03,0.5549999999999999,,,15.436666666666667
2015-04-28,32.64,21.4655,28.2185,80.68,49.155,0.557625,,,15.365333333333332
2015-04-29,32.16,21.4685,28.069499999999998,80.465,49.06,0.5535,,,15.496666666666666
2015-04-30,31.2875,21.089,27.438499999999998,78.77,48.64,0.554875,,,15.07
2015-05-01,32.2375,21.1435,27.558,78.99,48.655,0.56875,,,15.068666666666667
2015-05-04,32.175,21.152,27.642000000000003,78.81,48.24,0.56525,,,15.367333333333333
2015-05-05,31.45,21.0595,27.15225,77.56,47.6,0.5507500000000001,,,15.53
2015-05-06,31.2525,20.955000000000002,26.754,78.1,46.28,0.5525,,,15.362
2015-05-07,31.315,21.344,27.101999999999997,78.425,46.7,0.5622499999999999,,,15.786666666666667
2015-05-08,31.905,21.6845,27.4475,78.51,47.75,0.520625,,,15.774000000000001
2015-05-11,31.58,21.642500000000002,27.288999999999998,78.01,47.37,0.5157499999999999,,,15.966000000000001
2015-05-12,31.46625,21.551,26.936500000000002,77.46,47.35,0.5207499999999999,,,16.316
2015-05-13,31.5025,21.3435,26.9745,78.44,47.625,0.5237499999999999,,,16.212
2015-05-14,32.2375,21.613999999999997,27.46,81.37,48.72,0.53225,,,16.273333333333333
2015-05-15,32.1925,21.3,27.3245,80.42,48.295,0.5325,,,16.589333333333332
2015-05-18,32.5475,21.262,27.333499999999997,80.88,48.01,0.53175,,,16.583333333333332
2015-05-19,32.5175,21.0855,27.464,80.63,47.58,0.526,,,16.476
2015-05-20,32.515,21.193,27.6255,80.55,47.58,0.526,,,16.29
2015-05-21,32.8475,21.5815,27.8405,80.48,47.42,0.52225,,,16.374666666666666
2015-05-22,33.135,21.3815,27.726,80.54,46.9,0.5215,,,16.515333333333334
2015-05-26,32.405,21.273500000000002,27.359500000000004,79.335,46.59,0.51825,,,16.497
2015-05-27,33.01125,21.571,27.7125,80.55,47.61,0.546,,,16.495333333333335
2015-05-28,32.945,21.3285,27.708999999999996,80.145,47.45,0.5535,,,16.763333333333332
2015-05-29,32.57,21.4615,27.266000000000002,79.19,46.86,0.55325,,,16.720000000000002
2015-06-01,32.63375,21.546,27.460500000000003,80.29,47.23,0.5595,,,16.63
2015-06-02,32.49,21.549500000000002,27.6975,80.445,46.92,0.548375,,,16.556666666666665
2015-06-03,32.53,21.8295,27.764499999999998,82.44,46.85,0.5425,,,16.599333333333334
2015-06-04,32.34,21.538999999999998,27.584500000000002,82.05,46.36,0.55225,,,16.394666666666666
2015-06-05,32.1625,21.3475,27.476499999999998,82.14,46.14,0.5565,,,16.609333333333332
2015-06-08,31.95,21.175,27.174,80.67,45.73,0.54375,,,17.086000000000002
2015-06-09,31.855,21.274,27.107999999999997,80.67,45.65,0.5465,,,17.066666666666666
2015-06-10,32.22,21.5385,27.630000000000003,82.16,46.61,0.53675,,,16.71333333333333
2015-06-11,32.1475,21.648500000000002,27.502,81.83,46.44,0.5425,,,16.760666666666665
2015-06-12,31.7925,21.496000000000002,27.3735,81.53,45.97,0.5277499999999999,,,16.712666666666667
2015-06-15,31.73,21.183500000000002,27.15,80.71,45.475,0.52675,,,16.692
2015-06-16,31.9,21.363,27.2435,81.06,45.83,0.53325,,,16.874666666666666
2015-06-17,31.825,21.3905,27.330000000000002,81.79,45.97,0.5395,,,17.360666666666667
2015-06-18,31.97,21.9695,27.808999999999997,82.905,46.72,0.5485,,,17.459333333333333
2015-06-19,31.65,21.746000000000002,27.875999999999998,82.51,46.1,0.5467500000000001,,,17.500666666666667
2015-06-22,31.9025,21.814500000000002,27.983999999999998,84.74,46.23,0.5443749999999999,,,17.319333333333336
2015-06-23,31.7575,22.299500000000002,28.1695,87.88,45.91,0.5305,,,17.84466666666667
2015-06-24,32.0275,22.041999999999998,27.928500000000003,88.86,45.635,0.52525,,,17.678
2015-06-25,31.875,22.005000000000003,27.8975,87.98,45.65,0.52925,,,17.919333333333334
2015-06-26,31.6875,21.905,27.653,88.01,45.26,0.5185,,,17.805999999999997
2015-06-29,31.1325,21.493000000000002,27.0625,85.8,44.37,0.503,,,17.468
2015-06-30,31.35625,21.7045,27.002,85.765,44.15,0.50275,,,17.884
2015-07-01,31.65,21.8695,27.165,86.91,44.445,0.51,,,17.94333333333333
2015-07-02,31.61,21.8855,27.367,87.285,44.4,0.5105000000000001,,,18.668
2015-07-06,31.5,21.802,27.281,87.55,44.39,0.5042500000000001,,,18.648000000000003
2015-07-07,31.4225,21.836000000000002,27.5015,87.22,44.3,0.49474999999999997,,,17.858666666666668
2015-07-08,30.6425,21.485,27.085,85.65,44.24,0.49124999999999996,,,16.997333333333334
2015-07-09,30.0175,21.7195,27.232499999999998,85.88,44.52,0.48525,,,17.194666666666667
2015-07-10,30.82,22.1755,27.805500000000002,87.95,44.61,0.49375,,,17.276666666666664
2015-07-13,31.415,22.7785,28.5865,90.1,45.54,0.497,,,17.477333333333334
2015-07-14,31.4025,23.2785,29.208999999999996,89.68,45.62,0.49725,,,17.709999999999997
2015-07-15,31.705,23.0595,29.198,89.76,45.76,0.49375,,,17.542666666666666
2015-07-16,32.1275,23.774,30.089,90.85,46.66,0.50475,,,17.778666666666666
2015-07-17,32.405,24.1505,34.981,94.97,46.62,0.50175,,,18.31066666666667
2015-07-20,33.0175,24.405,34.642,97.91,46.92,0.4925,,,18.817333333333334
2015-07-21,32.6875,24.4,34.7675,98.39,47.28,0.49474999999999997,,,17.784666666666666
2015-07-22,31.305,24.4135,34.755,97.04,45.54,0.48512500000000003,,,17.858
2015-07-23,31.29,24.109,33.7365,95.44,46.11,0.49124999999999996,,,17.813333333333333
2015-07-24,31.125,26.470999999999997,32.7385,96.95,45.94,0.48550000000000004,,,17.694000000000003
2015-07-27,30.6925,26.5705,32.9135,94.17,45.35,0.48274999999999996,,,16.86733333333333
2015-07-28,30.845,26.301499999999997,32.983,95.29,45.34,0.49325,,,17.654666666666667
2015-07-29,30.7475,26.45,33.0715,96.99,46.29,0.49924999999999997,,,17.588
2015-07-30,30.5925,26.838,33.227999999999994,95.21,46.88,0.5005,,,17.786
2015-07-31,30.325,26.807499999999997,32.875,94.01,46.7,0.49874999999999997,,,17.743333333333332
2015-08-03,29.61,26.7515,33.236000000000004,94.14,46.81,0.50725,,,17.332666666666668
2015-08-04,28.66,26.595,33.064,94.06,47.54,0.50925,,,17.752
2015-08-05,28.85,26.8505,33.6645,96.44,47.58,0.5145,,,18.008666666666667
2015-08-06,28.7825,26.473000000000003,33.5075,95.12,46.62,0.51125,,,16.408666666666665
2015-08-07,28.88,26.131,33.2195,94.3,46.74,0.5745,,,16.167333333333332
2015-08-10,29.93,26.2,33.157,94.15,47.33,0.5945,,,16.076
2015-08-11,28.3725,26.373,34.515,93.62,46.41,0.5915,,,15.824666666666667
2015-08-12,28.81,26.295499999999997,34.5735,94.19,46.74,0.593,,,15.877999999999998
2015-08-13,28.7875,26.482999999999997,34.3255,93.43,46.73,0.588,,,16.167333333333332
2015-08-14,28.99,26.576,34.4685,94.42,47.0,0.5885,,,16.21
2015-08-17,29.29,26.761000000000003,34.7055,93.93,47.32,0.58475,,,16.999333333333333
2015-08-18,29.125,26.750999999999998,34.4365,95.17,47.27,0.577,,,17.381333333333334
2015-08-19,28.7525,26.645999999999997,34.702,95.31,46.61,0.57475,,,17.016666666666666
2015-08-20,28.1625,25.788999999999998,33.974000000000004,90.56,45.66,0.554,,,16.145333333333333
2015-08-21,26.44,24.7235,32.201499999999996,86.06,43.07,0.53675,,,15.384666666666668
2015-08-24,25.78,23.1685,30.9055,82.09,41.68,0.51775,,,14.591333333333333
2015-08-25,25.935,23.3185,30.6235,83.0,40.47,0.507,,,14.668666666666667
2015-08-26,27.4225,25.0385,32.987,87.19,42.71,0.54525,,,14.989333333333333
2015-08-27,28.23,25.9185,33.398,89.73,43.9,0.56575,,,16.199333333333335
2015-08-28,28.3225,25.9005,32.984500000000004,91.01,43.93,0.56825,,,16.56533333333333
2015-08-31,28.19,25.6445,32.391000000000005,89.43,43.52,0.562,,,16.604
2015-09-01,26.93,24.827,31.477999999999998,87.23,41.82,0.5389999999999999,,,15.908666666666667
2015-09-02,28.085,25.5275,32.2455,89.89,43.36,0.55525,,,16.512666666666668
2015-09-03,27.5925,25.236,31.8525,88.15,43.5,0.55675,,,16.371333333333332
2015-09-04,27.3175,24.95,31.448,88.26,42.61,0.54375,,,16.128666666666668
2015-09-08,28.0775,25.877,32.194,89.53,43.89,0.567,,,16.544666666666664
2015-09-09,27.5375,25.8445,32.1705,90.44,43.07,0.55575,,,16.594
2015-09-10,28.1425,26.112000000000002,32.554,91.98,43.29,0.5645,,,16.56533333333333
2015-09-11,28.5525,26.472,32.765,92.05,43.48,0.5662499999999999,,,16.682666666666666
2015-09-14,28.8275,26.069,32.6235,92.31,43.04,0.56725,,,16.87933333333333
2015-09-15,29.07,26.1185,33.2535,92.9,43.98,0.5735,,,16.904666666666667
2015-09-16,29.1025,26.3695,33.275999999999996,93.45,44.3,0.5775,,,17.483333333333334
2015-09-17,28.48,26.9435,33.5835,94.34,44.25,0.58275,,,17.471333333333334
2015-09-18,28.3625,27.012999999999998,33.046,94.4,43.48,0.5822499999999999,,,17.374666666666666
2015-09-21,28.8025,27.4195,33.349000000000004,95.55,44.11,0.58825,,,17.613333333333333
2015-09-22,28.35,26.919999999999998,32.660000000000004,92.96,43.9,0.57225,,,17.396
2015-09-23,28.58,26.803500000000003,32.6645,93.97,43.87,0.575,,,17.404
2015-09-24,28.75,26.6875,32.7455,94.41,43.91,0.5860000000000001,,,17.541333333333334
2015-09-25,28.6775,26.2125,32.0075,92.77,43.94,0.5902499999999999,,,17.127333333333336
2015-09-28,28.11,25.203,31.2125,89.21,43.29,0.5825,,,16.562
2015-09-29,27.265,24.8035,31.1305,86.67,43.44,0.59275,,,16.443333333333335
2015-09-30,27.575,25.5945,31.9185,89.9,44.26,0.61625,,,16.56
2015-10-01,27.395,26.036,32.1,90.95,44.61,0.6042500000000001,,,15.991999999999999
2015-10-02,27.595,26.627,32.8495,92.07,45.57,0.62,,,16.504666666666665
2015-10-05,27.695,27.183999999999997,33.583999999999996,94.01,46.63,0.6355000000000001,,,16.41
2015-10-06,27.8275,26.874000000000002,33.582,92.8,46.75,0.64375,,,16.097333333333335
2015-10-07,27.695,27.097,33.5,92.4,46.8,0.6505,,,15.464
2015-10-08,27.375,26.657999999999998,33.35,92.47,47.45,0.65425,,,15.114666666666666
2015-10-09,28.03,26.99,33.562,93.24,47.11,0.65175,,,14.712666666666667
2015-10-12,27.9,27.509500000000003,33.8215,94.26,47.0,0.6587500000000001,,,14.372000000000002
2015-10-13,27.9475,27.445,34.1585,94.12,46.89,0.6599999999999999,,,14.616666666666667
2015-10-14,27.5525,27.241500000000002,34.0205,94.07,46.68,0.6839999999999999,,,14.458666666666666
2015-10-15,27.965,28.122000000000003,34.650999999999996,95.96,47.01,0.68575,,,14.754
2015-10-16,27.76,28.538,34.766000000000005,97.54,47.51,0.6965,,,15.133999999999999
2015-10-19,27.9325,28.6575,34.9975,98.47,47.62,0.6952499999999999,,,15.206666666666667
2015-10-20,28.4425,28.044,34.0,97.0,47.77,0.69425,,,14.202
2015-10-21,28.44,27.7885,33.589999999999996,97.11,47.2,0.68525,,,14.006
2015-10-22,28.875,28.1955,34.057,99.67,48.03,0.71,,,14.114666666666666
2015-10-23,29.77,29.9515,35.9665,102.19,52.87,0.71475,,,13.939333333333334
2015-10-26,28.82,30.430500000000002,36.556,103.77,54.25,0.7115,,,14.350666666666665
2015-10-27,28.6375,30.5505,36.641000000000005,103.7,53.69,0.7110000000000001,,,14.023333333333333
2015-10-28,29.8175,30.855,36.846,104.2,53.98,0.71675,,,14.197333333333335
2015-10-29,30.1325,31.327499999999997,37.2425,104.88,53.36,0.692,,,14.108666666666666
2015-10-30,29.875,31.294999999999998,36.8695,101.97,52.64,0.70925,,,13.795333333333334
2015-11-02,30.295,31.4175,37.387,103.31,53.24,0.7175,,,14.252666666666666
2015-11-03,30.6425,31.265499999999996,37.441,102.58,54.15,0.7125,,,13.889999999999999
2015-11-04,30.5,32.0475,37.765499999999996,103.94,54.4,0.70075,,,15.442
2015-11-05,30.23,32.7825,38.0335,108.76,54.38,0.69275,,,15.451333333333334
2015-11-06,30.265,32.9685,38.08,107.095,54.92,0.7887500000000001,,,15.490666666666668
2015-11-09,30.1425,32.7745,37.7385,106.49,54.16,0.78525,,,15.022
2015-11-10,29.1925,32.983999999999995,37.913,107.91,53.51,0.77025,,,14.433333333333334
2015-11-11,29.0275,33.6625,38.2625,109.01,53.65,0.76275,,,14.605333333333334
2015-11-12,28.93,33.28,37.826499999999996,108.02,53.32,0.76,,,14.196
2015-11-13,28.085,32.1175,37.0035,103.95,52.84,0.745,,,13.812666666666667
2015-11-16,28.54375,32.390499999999996,37.521,104.04,53.765,0.76,,,14.287333333333333
2015-11-17,28.4225,32.165,37.299,105.13,52.97,0.76,,,14.266666666666667
2015-11-18,29.3225,33.177,38.0005,107.77,53.85,0.77575,,,14.738
2015-11-19,29.695,33.0635,37.997,106.26,53.94,0.778,,,14.786666666666667
2015-11-20,29.825,33.4225,38.85,107.32,54.19,0.7847500000000001,,,14.667333333333334
2015-11-23,29.4375,33.9495,38.835,106.95,54.19,0.773,,,14.516666666666667
2015-11-24,29.72,33.5575,38.4815,105.74,54.25,0.77925,,,14.55
2015-11-25,29.5075,33.767,38.463,105.41,53.69,0.77825,,,15.309333333333333
2015-11-27,29.4525,33.663,38.5985,105.45,53.93,0.7847500000000001,,,15.440666666666667
2015-11-30,29.575,33.239999999999995,38.1425,104.24,54.35,0.7929999999999999,,,15.350666666666665
2015-12-01,29.335,33.952999999999996,39.189499999999995,107.12,55.22,0.81875,,,15.812666666666667
2015-12-02,29.07,33.8005,38.8925,106.07,55.21,0.8125,,,15.466000000000001
2015-12-03,28.8,33.3125,38.410000000000004,104.38,54.2,0.81075,,,15.514000000000001
2015-12-04,29.7575,33.632,38.9605,106.18,55.91,0.84375,,,15.358666666666666
2015-12-07,29.57,33.4915,38.6495,105.61,55.81,0.82775,,,15.408666666666667
2015-12-08,29.5575,33.8665,38.757,106.49,55.79,0.8390000000000001,,,15.114666666666666
2015-12-09,28.905,33.2395,38.1275,104.6,54.98,0.81775,,,14.968
2015-12-10,29.0425,33.116,38.001999999999995,105.42,55.27,0.8244999999999999,,,15.138
2015-12-11,28.295,32.0075,37.521,102.12,54.06,0.81225,,,14.468
2015-12-14,28.12,32.8955,38.126999999999995,104.66,55.14,0.81425,,,14.572000000000001
2015-12-15,27.6225,32.932,38.0045,104.55,55.2,0.8242499999999999,,,14.739333333333333
2015-12-16,27.835,33.7885,38.8295,106.79,56.13,0.82925,,,15.633999999999999
2015-12-17,27.245,33.5325,38.4915,106.22,55.7,0.8167500000000001,,,15.559333333333333
2015-12-18,26.5075,33.207,37.8425,104.04,54.13,0.8035,,,15.364
2015-12-21,26.8325,33.2255,38.04,104.77,54.83,0.8223750000000001,,,15.504
2015-12-22,26.8075,33.1575,38.3565,105.51,55.35,0.82325,,,15.33
2015-12-23,27.1525,33.185,38.4255,104.63,55.82,0.826375,,,15.313333333333333
2015-12-24,27.0075,33.1395,38.292,105.02,55.67,0.82925,,,15.371333333333332
2015-12-28,26.705,33.760000000000005,39.112,105.93,55.95,0.8285,,,15.263333333333332
2015-12-29,27.185,34.6985,39.698,107.26,56.55,0.842,,,15.812666666666667
2015-12-30,26.83,34.453500000000005,39.515,106.22,56.31,0.83475,,,15.872666666666667
2015-12-31,26.315,33.7945,38.9005,104.66,55.48,0.8240000000000001,,,16.000666666666667
2016-01-04,26.3375,31.8495,37.972,102.22,54.8,0.8092499999999999,,,14.894
2016-01-05,25.6775,31.6895,38.076499999999996,102.73,55.05,0.82225,,,14.895333333333333
2016-01-06,25.175,31.6325,37.9665,102.97,54.05,0.78825,,,14.602666666666666
2016-01-07,24.1125,30.397000000000002,37.05,97.92,52.17,0.757,,,14.376666666666667
2016-01-08,24.24,30.3525,36.5455,97.33,52.33,0.74075,,,14.066666666666666
2016-01-11,24.6325,30.887,36.6535,97.51,52.3,0.742,,,13.856666666666666
2016-01-12,24.99,30.8945,37.267,99.37,52.78,0.7545,,,13.998
2016-01-13,24.3475,29.0905,35.978500000000004,95.44,51.64,0.7315,,,13.354000000000001
2016-01-14,24.88,29.65,36.5695,98.37,53.11,0.71675,,,13.745333333333333
2016-01-15,24.2825,28.508999999999997,35.5245,94.97,50.99,0.67775,,,13.666
2016-01-19,24.165,28.724,35.954,95.26,50.56,0.6832499999999999,,,13.648
2016-01-20,24.1975,28.5885,35.928,94.35,50.79,0.687,,,13.246666666666666
2016-01-21,24.075,28.750999999999998,36.3335,94.16,50.48,0.6950000000000001,,,13.331333333333333
2016-01-22,25.355,29.819,37.273,97.94,52.29,0.7112499999999999,,,13.503333333333334
2016-01-25,24.86,29.8265,36.681,97.01,51.79,0.7105,,,13.092
2016-01-26,24.9975,30.0625,36.689499999999995,97.34,52.17,0.7175,,,12.904
2016-01-27,23.355,29.1675,35.879000000000005,94.45,51.22,0.709,,,12.538
2016-01-28,23.5225,31.767500000000002,37.415,109.11,52.055,0.70125,,,12.646666666666667
2016-01-29,24.335,29.35,38.0675,112.21,55.09,0.73225,,,12.746666666666666
2016-02-01,24.1075,28.740499999999997,38.5385,115.09,54.71,0.7325,,,13.129333333333333
2016-02-02,23.62,27.605,39.0455,114.61,53.0,0.7015,,,12.185333333333334
2016-02-03,24.0875,26.553500000000003,37.469,112.69,52.16,0.705,,,11.565333333333333
2016-02-04,24.15,26.813,36.5015,110.49,52.0,0.70525,,,11.688666666666668
2016-02-05,23.505,25.1065,35.188,104.07,50.16,0.66075,,,10.84
2016-02-08,23.7525,24.405,35.208,99.75,49.41,0.6305,,,9.866000000000001
2016-02-09,23.7475,24.1035,35.051,99.54,49.28,0.63725,,,9.883333333333333
2016-02-10,23.5675,24.524,35.3425,101.0,49.71,0.63575,,,9.578
2016-02-11,23.425,25.191,35.318,101.91,49.69,0.6325000000000001,,,10.031333333333333
2016-02-12,23.4975,25.354,35.3445,102.01,50.5,0.64325,,,10.069333333333333
2016-02-16,24.16,26.055,35.882,101.61,51.09,0.67475,,,10.344666666666665
2016-02-17,24.53,26.705000000000002,36.5985,105.2,52.42,0.6915,,,11.245333333333333
2016-02-18,24.065,26.25,35.8755,103.47,52.19,0.751,,,11.118
2016-02-19,24.01,26.744999999999997,36.1055,104.57,51.82,0.761,,,11.105333333333334
2016-02-22,24.22,27.975,36.4525,107.16,52.65,0.788,,,11.849333333333334
2016-02-23,23.6725,27.647000000000002,35.8645,105.46,51.18,0.79,,,11.814
2016-02-24,24.025,27.701999999999998,36.045,106.88,51.36,0.7955,,,11.933333333333334
2016-02-25,24.19,27.7575,36.456,108.07,52.1,0.79725,,,12.495333333333333
2016-02-26,24.2275,27.7615,36.243,107.92,51.3,0.792,,,12.689333333333334
2016-02-29,24.1725,27.625999999999998,35.861000000000004,106.92,50.88,0.784,,,12.795333333333334
2016-03-01,25.1325,28.951999999999998,37.1085,109.82,52.58,0.81875,,,12.423333333333334
2016-03-02,25.1875,29.0105,36.974000000000004,109.95,52.95,0.8234999999999999,,,12.556000000000001
2016-03-03,25.375,28.8745,36.5795,109.58,52.35,0.8162499999999999,,,13.049333333333333
2016-03-04,25.7525,28.756999999999998,36.511,108.39,52.03,0.81375,,,13.402666666666667
2016-03-07,25.4675,28.139999999999997,35.64,105.73,51.03,0.8085000000000001,,,13.686
2016-03-08,25.2575,28.012999999999998,35.6765,105.93,51.65,0.79375,,,13.506666666666666
2016-03-09,25.28,27.9735,36.2705,107.51,52.84,0.79325,,,13.914666666666667
2016-03-10,25.2925,27.946499999999997,36.6085,107.32,52.05,0.792,,,13.678666666666667
2016-03-11,25.565,28.4805,37.2435,109.41,53.07,0.8055,,,13.833333333333334
2016-03-14,25.63,28.6685,37.512,109.89,53.17,0.8074999999999999,,,14.343333333333334
2016-03-15,26.145,28.851,37.5285,110.67,53.59,0.8035,,,14.556000000000001
2016-03-16,26.4925,28.7135,37.868,112.18,54.35,0.8275,,,14.795333333333334
2016-03-17,26.45,27.972,37.924,111.02,54.66,0.8205,,,15.092
2016-03-18,26.48,27.604000000000003,37.7705,111.45,53.49,0.8452500000000001,,,15.516
2016-03-21,26.4775,27.699,38.108,111.85,53.86,0.8477499999999999,,,15.888
2016-03-22,26.68,28.024,38.0025,112.25,54.07,0.8462500000000001,,,15.616000000000001
2016-03-23,26.5325,28.4815,37.878,112.54,53.97,0.86075,,,14.838666666666667
2016-03-24,26.4175,29.1475,37.742000000000004,113.05,54.21,0.8619999999999999,,,15.183333333333334
2016-03-28,26.2975,28.9935,37.664,113.69,53.54,0.8707499999999999,,,15.350666666666665
2016-03-29,26.92,29.693,38.2945,116.14,54.71,0.88475,,,15.342
2016-03-30,27.39,29.934500000000003,38.417,114.7,55.05,0.8939999999999999,,,15.126
2016-03-31,27.2475,29.682,38.144999999999996,114.1,55.23,0.89075,,,15.318000000000001
2016-04-01,27.4975,29.925,38.4835,116.06,55.57,0.9037499999999999,,,15.839333333333334
2016-04-04,27.78,29.6595,38.256,112.55,55.43,0.8949999999999999,,,16.466
2016-04-05,27.4525,29.307,37.9285,112.22,54.56,0.89375,,,17.031333333333333
2016-04-06,27.74,30.104000000000003,38.4035,113.71,55.12,0.8949999999999999,,,17.694666666666667
2016-04-07,27.135,29.571499999999997,38.006,113.64,54.46,0.88575,,,17.146666666666665
2016-04-08,27.165,29.73,37.9735,110.63,54.42,0.8915,,,16.671333333333333
2016-04-11,27.255,29.796499999999998,37.876999999999995,108.99,54.31,0.897,,,16.66133333333333
2016-04-12,27.61,30.158499999999997,38.216,110.61,54.65,0.8960000000000001,,,16.521333333333335
2016-04-13,28.01,30.741000000000003,38.5955,110.51,55.35,0.9185000000000001,,,16.968666666666667
2016-04-14,28.025,31.0375,38.7695,110.84,55.36,0.921,,,16.790666666666667
2016-04-15,27.4625,31.2945,39.0,109.64,55.65,0.92825,,,16.967333333333332
2016-04-18,26.87,31.767500000000002,39.384,110.45,56.46,0.92425,,,16.925333333333334
2016-04-19,26.7275,31.395,38.8125,112.29,56.39,0.9077500000000001,,,16.491333333333333
2016-04-20,26.7825,31.6495,38.745999999999995,112.42,55.59,0.9112500000000001,,,16.664666666666665
2016-04-21,26.4925,31.55,39.0,113.44,55.78,0.9102499999999999,,,16.552666666666667
2016-04-22,26.42,31.025,36.8885,110.56,51.78,0.9067500000000001,,,16.916666666666668
2016-04-25,26.27,31.310000000000002,37.1105,110.1,52.11,0.9112500000000001,,,16.788
2016-04-26,26.0875,30.844,36.2685,108.76,51.44,0.9119999999999999,,,16.916
2016-04-27,24.455,30.328500000000002,36.073,108.89,50.94,0.9327500000000001,,,16.764666666666667
2016-04-28,23.7075,30.1,35.253,116.73,49.9,0.905,,,16.514
2016-04-29,23.435,32.9795,35.394,117.58,49.87,0.88825,,,16.050666666666665
2016-05-02,23.41,34.1925,35.7205,118.57,50.61,0.9,,,16.12
2016-05-03,23.795,33.566,35.422000000000004,117.43,49.78,0.88925,,,15.488
2016-05-04,23.5475,33.545,35.5685,118.06,49.87,0.869,,,14.837333333333333
2016-05-05,23.31,32.9545,35.7355,117.81,49.94,0.87425,,,14.102
2016-05-06,23.18,33.697500000000005,36.259,119.49,50.39,0.88325,,,14.328666666666667
2016-05-09,23.1975,33.9875,36.4565,119.24,50.07,0.882,,,13.927999999999999
2016-05-10,23.355,35.1535,36.969,120.5,51.02,0.899,,,13.912666666666667
2016-05-11,23.1275,35.661500000000004,36.527499999999996,119.52,51.05,0.9015000000000001,,,13.930666666666667
2016-05-12,22.585,35.896499999999996,36.4035,120.28,51.51,0.88925,,,13.818666666666667
2016-05-13,22.63,35.495999999999995,36.2415,119.81,51.08,1.0245,,,13.840666666666667
2016-05-16,23.47,35.533,36.515,118.67,51.83,1.0547499999999999,,,13.886
2016-05-17,23.3725,34.7635,36.0095,117.35,50.51,1.057,,,13.644
2016-05-18,23.64,34.8725,36.089,117.65,50.81,1.084,,,14.078
2016-05-19,23.55,34.926,35.765499999999996,116.81,50.32,1.0887499999999999,,,14.347333333333333
2016-05-20,23.805,35.14,36.0855,117.35,50.62,1.10825,,,14.685333333333334
2016-05-23,24.1075,34.8375,35.8625,115.97,50.03,1.1099999999999999,,,14.414666666666667
2016-05-24,24.475,35.21,36.6515,117.7,51.59,1.134,,,14.527333333333333
2016-05-25,24.905,35.417500000000004,36.905,117.89,52.12,1.12925,,,14.638666666666667
2016-05-26,25.1025,35.7455,36.8465,119.47,51.89,1.1412499999999999,,,15.008000000000001
2016-05-27,25.0875,35.612,37.38,119.38,52.32,1.1475,,,14.869333333333334
2016-05-31,24.965,36.1395,37.4425,118.81,53.0,1.168,,,14.882
2016-06-01,24.615,35.972,37.423,118.78,52.85,1.17025,,,14.637333333333334
2016-06-02,24.43,36.412,37.213499999999996,118.93,52.48,1.1785,,,14.597333333333333
2016-06-03,24.48,36.277,36.793,118.47,51.79,1.162,,,14.599333333333334
2016-06-06,24.6575,36.3365,36.503,118.79,52.13,1.1560000000000001,,,14.712
2016-06-07,24.7575,36.187,36.554500000000004,117.76,52.1,1.15825,,,15.489333333333333
2016-06-08,24.735,36.332,37.146499999999996,118.39,52.04,1.1545,,,15.701333333333334
2016-06-09,24.9125,36.3825,37.126,118.56,51.62,1.1845,,,15.290666666666668
2016-06-10,24.7075,35.8955,36.6595,116.62,51.48,1.155,,,14.586
2016-06-13,24.335,35.762,36.594,113.95,50.14,1.16975,,,14.524666666666667
2016-06-14,24.365,35.964999999999996,36.6625,114.94,49.83,1.1720000000000002,,,14.330666666666668
2016-06-15,24.285,35.713,36.609500000000004,114.6,49.69,1.184,,,14.513333333333332
2016-06-16,24.3875,35.8755,36.2125,114.39,50.39,1.18875,,,14.528666666666668
2016-06-17,23.8325,35.3195,35.2125,113.02,50.13,1.168,,,14.364666666666666
2016-06-20,23.775,35.7005,35.3065,113.37,50.07,1.189,,,14.646666666666667
2016-06-21,23.9775,35.791000000000004,35.444,114.38,51.19,1.18175,,,14.640666666666668
2016-06-22,23.8875,35.53,35.5235,113.91,50.99,1.18075,,,13.110666666666667
2016-06-23,24.025,36.104,35.7435,115.08,51.91,1.21225,,,13.093333333333334
2016-06-24,23.35,34.948,34.260000000000005,112.08,49.83,1.1432499999999999,,,12.876666666666667
2016-06-27,23.01,34.568,34.057,108.97,48.43,1.131,,,13.236666666666668
2016-06-28,23.3975,35.3975,34.563,112.7,49.44,1.1475,,,13.452666666666666
2016-06-29,23.6,35.78,34.7595,114.16,50.54,1.16625,,,14.012666666666666
2016-06-30,23.9,35.781,35.1765,114.28,51.17,1.17525,,,14.152
2016-07-01,23.9725,36.284,35.5125,114.19,51.16,1.1664999999999999,,,14.433333333333334
2016-07-05,23.7475,36.405,35.2445,114.0,51.17,1.18375,,,14.265333333333333
2016-07-06,23.8825,36.8805,35.4485,116.7,51.38,1.19125,,,14.296
2016-07-07,23.985,36.828500000000005,35.363,115.85,51.38,1.22225,,,14.395999999999999
2016-07-08,24.17,37.290499999999994,35.888999999999996,117.24,52.3,1.27125,,,14.452
2016-07-11,24.245,37.689,36.36,117.87,52.59,1.3005,,,14.985333333333333
2016-07-12,24.355,37.4105,36.6255,117.93,53.21,1.3199999999999998,,,14.976666666666667
2016-07-13,24.2175,37.1315,36.474000000000004,116.78,53.51,1.3195000000000001,,,14.835333333333333
2016-07-14,24.6975,37.06,36.79,117.29,53.74,1.333,,,14.768666666666666
2016-07-15,24.695,36.772000000000006,36.7815,116.86,53.7,1.3175000000000001,,,14.693333333333333
2016-07-18,24.9575,36.8035,37.660000000000004,119.37,53.96,1.32425,,,15.083333333333334
2016-07-19,24.9675,36.9975,37.6705,120.61,53.09,1.338,,,15.017333333333333
2016-07-20,24.99,37.286,37.854,121.92,55.91,1.3555,,,15.224
2016-07-21,24.8575,37.2215,37.7205,120.61,55.8,1.3305,,,14.7
2016-07-22,24.665,37.243,37.964,121.0,56.57,1.3667500000000001,,,14.818000000000001
2016-07-25,24.335,36.9805,37.876,121.63,56.73,1.392,,,15.334
2016-07-26,24.1675,36.7795,37.8825,121.22,56.76,1.41575,,,15.300666666666666
2016-07-27,25.7375,36.8335,38.0985,123.34,56.19,1.4015,,,15.232666666666667
2016-07-28,26.085,37.6305,38.292,125.0,56.21,1.4045,,,15.374
2016-07-29,26.0525,37.9405,39.567,123.94,56.68,1.4275,,,15.652666666666667
2016-08-01,26.5125,38.387,40.047000000000004,124.31,56.58,1.41825,,,15.334
2016-08-02,26.12,38.029,40.006,123.09,56.58,1.401,,,15.146666666666667
2016-08-03,26.4475,37.732,39.946,122.51,56.97,1.40475,,,15.052666666666665
2016-08-04,26.4675,38.0385,39.8625,124.36,57.39,1.43075,,,15.374
2016-08-05,26.87,38.299,40.3465,125.15,57.96,1.455,,,15.335333333333333
2016-08-08,27.0925,38.327999999999996,40.2615,125.26,58.06,1.4685000000000001,,,15.077333333333334
2016-08-09,27.2025,38.415499999999994,40.374,125.06,58.2,1.47225,,,15.272
2016-08-10,27.0,38.428,40.4245,124.88,58.02,1.46275,,,15.043333333333333
2016-08-11,26.9825,38.562,40.410000000000004,124.9,58.3,1.4925000000000002,,,14.994
2016-08-12,27.045,38.628,40.3525,124.88,57.94,1.576,,,15.040666666666668
2016-08-15,27.37,38.4245,40.298,123.9,58.12,1.5745,,,15.039333333333333
2016-08-16,27.345,38.202,40.0595,123.3,57.44,1.565,,,14.907333333333334
2016-08-17,27.305,38.2315,40.271,124.37,57.56,1.52875,,,14.882666666666667
2016-08-18,27.27,38.223,40.1375,123.91,57.6,1.5525,,,14.900666666666666
2016-08-19,27.34,37.8655,39.9825,123.56,57.62,1.5565,,,15.0
2016-08-22,27.1275,37.974000000000004,39.847500000000004,124.15,57.67,1.5630000000000002,,,14.862
2016-08-23,27.2125,38.1225,39.8295,124.37,57.89,1.5727499999999999,,,14.989333333333333
2016-08-24,27.0075,37.8625,39.68,123.48,57.95,1.5485,,,14.841333333333333
2016-08-25,26.8925,37.961,39.565,123.89,58.17,1.5382500000000001,,,14.730666666666668
2016-08-26,26.735,38.45,39.661,124.96,58.03,1.55075,,,14.666
2016-08-29,26.705,38.564499999999995,39.791000000000004,126.54,58.1,1.54975,,,14.346666666666666
2016-08-30,26.5,38.379000000000005,39.596,125.84,57.89,1.54075,,,14.089333333333334
2016-08-31,26.525,38.458,39.4925,126.12,57.46,1.5335,,,14.133999999999999
2016-09-01,26.6825,38.531,39.57,126.17,57.59,1.5787499999999999,,,13.384666666666668
2016-09-02,26.9325,38.622,39.8435,126.51,57.67,1.56325,,,13.185333333333334
2016-09-06,26.925,39.4435,40.400999999999996,129.73,57.61,1.5779999999999998,,,13.522
2016-09-07,27.09,39.224000000000004,40.3995,131.05,57.66,1.5547499999999999,,,13.447333333333335
2016-09-08,26.38,39.202999999999996,40.142,130.27,57.43,1.566,,,13.157333333333334
2016-09-09,25.7825,38.007,39.424,127.1,56.21,1.488,,,12.964666666666666
2016-09-12,26.36,38.5745,39.941,128.69,57.05,1.51875,,,13.22
2016-09-13,26.9875,38.0505,39.436,127.21,56.53,1.49675,,,13.07
2016-09-14,27.9425,38.054500000000004,39.523,127.77,56.26,1.51,,,13.094
2016-09-15,28.8925,38.484500000000004,40.0615,128.35,57.19,1.56725,,,13.361333333333333
2016-09-16,28.73,38.926,39.8985,129.07,57.25,1.5710000000000002,,,13.693333333333333
2016-09-19,28.395,38.755,39.7695,128.65,56.93,1.59175,,,13.756
2016-09-20,28.3925,39.011,39.989,128.64,56.81,1.57725,,,13.642666666666665
2016-09-21,28.3875,39.487,40.2515,129.94,57.76,1.6215,,,13.681333333333333
2016-09-22,28.655,40.235,40.7975,130.08,57.82,1.6255,,,13.762
2016-09-23,28.1775,40.2875,40.748000000000005,127.96,57.43,1.62375,,,13.83
2016-09-26,28.22,39.958,40.1325,127.31,56.9,1.6085,,,13.932666666666668
2016-09-27,28.2725,40.8055,40.536500000000004,128.69,57.95,1.6635000000000002,,,13.720666666666666
2016-09-28,28.4875,41.436,40.503,129.23,58.03,1.6695,,,13.751333333333333
2016-09-29,28.045,41.4525,40.132,128.09,57.4,1.685,,,13.379999999999999
2016-09-30,28.2625,41.8655,40.202999999999996,128.27,57.6,1.7129999999999999,,,13.602
2016-10-03,28.13,41.837,40.019,128.77,57.42,1.7112500000000002,,,14.246666666666666
2016-10-04,28.25,41.701499999999996,40.1395,128.19,57.24,1.7075,,,14.094
2016-10-05,28.2625,42.218,40.0615,128.47,57.64,1.70575,,,13.897333333333334
2016-10-06,28.4725,42.083,40.154,128.74,57.74,1.6835,,,13.4
2016-10-07,28.515,41.9715,40.0355,128.99,57.8,1.67125,,,13.107333333333335
2016-10-10,29.0125,42.0855,40.7085,130.24,58.04,1.6774999999999998,,,13.396666666666667
2016-10-11,29.075,41.55,40.478500000000004,128.88,57.19,1.6532499999999999,,,13.34
2016-10-12,29.335,41.7045,40.588499999999996,129.05,57.11,1.6607500000000002,,,13.434
2016-10-13,29.245,41.464,40.204,127.82,56.92,1.6337499999999998,,,13.349333333333334
2016-10-14,29.4075,41.148,40.230000000000004,127.88,57.42,1.6497499999999998,,,13.100666666666665
2016-10-17,29.3875,40.6475,40.342,127.54,57.22,1.64025,,,12.930666666666667
2016-10-18,29.3675,40.8825,41.0745,128.57,57.66,1.66525,,,13.273333333333333
2016-10-19,29.28,40.8845,41.3545,130.11,57.53,1.66175,,,13.570666666666666
2016-10-20,29.265,40.516000000000005,41.0815,130.0,57.25,1.6932500000000001,,,13.273333333333333
2016-10-21,29.15,40.9495,41.202999999999996,132.07,59.66,1.6885000000000001,,,13.339333333333334
2016-10-24,29.4125,41.9045,41.787,133.28,61.0,1.76775,,,13.517333333333333
2016-10-25,29.5625,41.759,41.427499999999995,132.29,60.99,1.79675,,,13.489333333333333
2016-10-26,28.8975,41.1295,41.105000000000004,131.04,60.63,1.8039999999999998,,,13.482666666666667
2016-10-27,28.62,40.918,40.8675,129.69,60.1,1.7670000000000001,,,13.600666666666665
2016-10-28,28.43,38.816,40.977999999999994,131.29,59.87,1.764,,,13.331333333333333
2016-10-31,28.385,39.491,40.495,130.99,59.92,1.779,,,13.181999999999999
2016-11-01,27.8725,39.2705,40.274,129.5,59.8,1.7262499999999998,,,12.719333333333333
2016-11-02,27.8975,38.278,39.421,127.17,59.43,1.719,,,12.534666666666668
2016-11-03,27.4575,38.3515,39.109500000000004,120.0,59.21,1.6989999999999998,,,12.494666666666665
2016-11-04,27.21,37.7525,39.055,120.75,58.71,1.68925,,,12.704
2016-11-07,27.6025,39.2465,40.1015,122.15,60.42,1.78175,,,12.880666666666666
2016-11-08,27.765,39.3875,40.599000000000004,124.22,60.47,1.779,,,12.996
2016-11-09,27.72,38.594,40.2795,123.18,60.17,1.7489999999999999,,,12.670666666666667
2016-11-10,26.9475,37.119,39.0145,120.8,58.7,1.6942499999999998,,,12.356666666666666
2016-11-11,27.1075,36.9505,38.5875,119.02,59.02,2.19925,,,12.570666666666666
2016-11-14,26.4275,35.953500000000005,37.661,115.08,58.12,2.091,,,12.096666666666666
2016-11-15,26.7775,37.162,38.757999999999996,117.2,58.87,2.15475,,,12.251333333333333
2016-11-16,27.4975,37.3245,38.999,116.34,59.65,2.29075,,,12.262
2016-11-17,27.4875,37.82,39.308,117.79,60.64,2.30975,,,12.577333333333334
2016-11-18,27.515,38.007999999999996,38.798500000000004,117.02,60.35,2.334,,,12.334666666666667
2016-11-21,27.9325,39.0,39.239999999999995,121.77,60.86,2.3245,,,12.301333333333334
2016-11-22,27.95,39.2665,39.25,121.47,61.12,2.34125,,,12.744666666666665
2016-11-23,27.8075,39.006,38.95,120.84,60.4,2.34925,,,12.876
2016-11-25,27.9475,39.0185,39.0115,120.38,60.53,2.354,,,13.110000000000001
2016-11-28,27.8925,38.338499999999996,39.2895,120.41,60.61,2.35275,,,13.074666666666667
2016-11-29,27.865,38.126,39.472,120.87,61.09,2.33125,,,12.638
2016-11-30,27.63,37.5285,38.794,118.42,60.26,2.305,,,12.626666666666667
2016-12-01,27.3725,37.1825,38.2165,115.1,59.2,2.191,,,12.125333333333334
2016-12-02,27.475,37.017,38.223,115.4,59.25,2.21125,,,12.098
2016-12-05,27.2775,37.968,38.911,117.43,60.22,2.2969999999999997,,,12.453333333333335
2016-12-06,27.4875,38.236000000000004,38.809,117.31,59.95,2.33475,,,12.389999999999999
2016-12-07,27.7575,38.521,39.5735,117.95,61.37,2.37675,,,12.876666666666667
2016-12-08,28.03,38.3665,39.7585,118.91,61.01,2.337,,,12.819333333333333
2016-12-09,28.4875,38.433,40.472500000000004,119.68,61.97,2.2954999999999997,,,12.812000000000001
2016-12-12,28.325,38.006,40.394999999999996,117.77,62.17,2.23975,,,12.828666666666667
2016-12-13,28.7975,38.717,40.767,120.31,62.98,2.27925,,,13.21
2016-12-14,28.7975,38.441,40.8945,120.21,62.68,2.41125,,,13.246
2016-12-15,28.955,38.05,40.7825,120.57,62.58,2.4677499999999997,,,13.172
2016-12-16,28.9925,37.8885,40.492000000000004,119.87,62.3,2.51025,,,13.499333333333334
2016-12-19,29.16,38.3,40.625,119.24,63.62,2.54075,,,13.515333333333333
2016-12-20,29.2375,38.561,40.760000000000005,119.09,63.54,2.62925,,,13.919333333333332
2016-12-21,29.265,38.53,40.61,119.04,63.54,2.64575,,,13.846666666666666
2016-12-22,29.0725,38.317,40.483999999999995,117.4,63.55,2.67775,,,13.896666666666667
2016-12-23,29.13,38.0295,40.39,117.27,63.24,2.7445,,,14.222666666666667
2016-12-27,29.315,38.57,40.4965,118.01,63.28,2.933,,,14.635333333333334
2016-12-28,29.19,38.6065,40.228500000000004,116.92,62.99,2.73125,,,14.649333333333335
2016-12-29,29.1825,38.2575,40.144,116.35,62.9,2.78575,,,14.312000000000001
2016-12-30,28.955,37.4935,39.6225,115.05,62.14,2.6685,,,14.246
2017-01-03,29.0375,37.683499999999995,40.4005,116.86,62.58,2.55025,,,14.466000000000001
2017-01-04,29.005,37.858999999999995,40.3885,118.69,62.3,2.60975,,,15.132666666666667
2017-01-05,29.1525,39.0225,40.650999999999996,120.67,62.3,2.5435,,,15.116666666666667
2017-01-06,29.4775,39.7995,41.2605,123.41,62.84,2.5774999999999997,,,15.267333333333333
2017-01-09,29.7475,39.846,41.358999999999995,124.9,62.64,2.682,,,15.418666666666667
2017-01-10,29.7775,39.795,41.3005,124.35,62.62,2.66175,,,15.324666666666667
2017-01-11,29.9375,39.951,41.493,126.09,63.19,2.629,,,15.315333333333333
2017-01-12,29.8125,40.682,41.4765,126.62,62.61,2.586,,,15.306000000000001
2017-01-13,29.76,40.857,41.547000000000004,128.34,62.7,2.58575,,,15.85
2017-01-17,30.0,40.486000000000004,41.373000000000005,127.87,62.53,2.52775,,,15.705333333333334
2017-01-18,29.9975,40.374,41.451,127.92,62.5,2.57375,,,15.890666666666668
2017-01-19,29.945,40.452,41.2185,127.55,62.3,2.629,,,16.250666666666667
2017-01-20,30.0,40.4165,41.4085,127.04,62.74,2.60025,,,16.31533333333333
2017-01-23,30.02,40.894,42.2215,128.93,62.96,2.62725,,,16.594666666666665
2017-01-24,29.9925,41.122,42.4765,129.37,63.52,2.68325,,,16.974
2017-01-25,30.47,41.826,42.9225,131.48,63.68,2.69475,,,16.964666666666666
2017-01-26,30.485,41.957499999999996,42.849000000000004,132.78,64.27,2.74125,,,16.834
2017-01-27,30.4875,41.7885,42.2515,132.18,65.78,2.79425,,,16.863333333333333
2017-01-30,30.4075,41.519,41.191500000000005,130.98,65.13,2.7504999999999997,,,16.708666666666666
2017-01-31,30.3375,41.174,41.0095,130.32,64.65,2.7295000000000003,,,16.795333333333335
2017-02-01,32.1875,41.6175,40.762,133.23,63.58,2.84875,,,16.616
2017-02-02,32.1325,41.9975,40.913,130.84,63.17,2.88475,,,16.77
2017-02-03,32.27,40.510000000000005,41.0065,130.98,63.68,2.8594999999999997,,,16.755333333333333
2017-02-06,32.5725,40.382,41.081,132.06,63.64,2.93275,,,17.184666666666665
2017-02-07,32.8825,40.625,41.4615,131.84,63.43,2.97825,,,17.165333333333333
2017-02-08,33.01,40.9855,41.494,134.2,63.34,2.96525,,,17.471999999999998
2017-02-09,33.105,41.068,41.503,134.14,64.06,2.9095,,,17.946666666666665
2017-02-10,33.03,41.373000000000005,41.7425,134.19,64.0,2.8405,,,17.948666666666668
2017-02-13,33.3225,41.826499999999996,41.948,134.05,64.72,2.7095,,,18.706666666666667
2017-02-14,33.755,41.8195,42.0015,133.85,64.57,2.7195,,,18.732000000000003
2017-02-15,33.8775,42.135000000000005,41.866,133.44,64.53,2.725,,,18.650666666666666
2017-02-16,33.83625,42.207,42.1085,133.84,64.52,2.68125,,,17.93
2017-02-17,33.93,42.2535,42.3275,133.53,64.62,2.68075,,,18.148666666666667
2017-02-21,34.175,42.822,42.463499999999996,133.72,64.49,2.77675,,,18.492666666666665
2017-02-22,34.2775,42.7805,42.568,136.12,64.36,2.769,,,18.233999999999998
2017-02-23,34.1325,42.609500000000004,42.55,135.36,64.62,2.51225,,,17.066
2017-02-24,34.165,42.262,42.390499999999996,135.44,64.62,2.5364999999999998,,,17.133333333333333
2017-02-27,34.2325,42.432,42.4835,136.41,64.23,2.6102499999999997,,,16.415333333333333
2017-02-28,34.2475,42.251999999999995,42.2465,135.54,63.98,2.537,,,16.666
2017-03-01,34.9475,42.654,42.8375,137.42,64.94,2.56975,,,16.668
2017-03-02,34.74,42.445499999999996,42.4925,136.76,64.01,2.475,,,16.698666666666664
2017-03-03,34.945,42.494,42.454,137.17,64.25,2.46075,,,16.771333333333335
2017-03-06,34.835,42.3305,42.3635,137.42,64.27,2.44175,,,16.747333333333334
2017-03-07,34.88,42.301,42.5575,137.3,64.4,2.4684999999999997,,,16.572666666666667
2017-03-08,34.75,42.525,42.682,137.72,64.99,2.464,,,16.458000000000002
2017-03-09,34.67,42.65,42.892,138.24,64.73,2.4635000000000002,,,16.326666666666668
2017-03-10,34.785,42.623000000000005,43.07025,138.79,64.93,2.478,,,16.246
2017-03-13,34.8,42.7295,43.229,139.6,64.71,2.5462499999999997,,,16.41133333333333
2017-03-14,34.7475,42.6265,43.2955,139.32,64.41,2.5445,,,17.2
2017-03-15,35.115,42.6485,43.4195,139.72,64.75,2.5637499999999998,,,17.048666666666666
2017-03-16,35.1725,42.671,43.5,139.99,64.64,2.59525,,,17.470000000000002
2017-03-17,34.9975,42.6155,43.6185,139.84,64.87,2.65175,,,17.433333333333334
2017-03-20,35.365,42.8485,43.3955,139.94,64.93,2.73625,,,17.461333333333336
2017-03-21,34.96,42.160000000000004,42.507,138.51,64.21,2.64775,,,16.712
2017-03-22,35.355,42.403,42.489999999999995,139.59,65.03,2.7017499999999997,,,17.000666666666667
2017-03-23,35.23,42.369,41.9825,139.53,64.87,2.67725,,,16.985333333333333
2017-03-24,35.16,42.2805,41.757,140.34,64.98,2.68675,,,17.544
2017-03-27,35.22,42.341,41.9255,140.32,65.1,2.70625,,,18.014666666666667
2017-03-28,35.95,42.8,42.0315,141.76,65.29,2.69225,,,18.496666666666666
2017-03-29,36.03,43.716,42.4935,142.65,65.47,2.6835,,,18.492
2017-03-30,35.9825,43.817,42.474000000000004,142.41,65.71,2.7350000000000003,,,18.528000000000002
2017-03-31,35.915,44.327,42.39,142.05,65.86,2.72325,,,18.553333333333335
2017-04-03,35.925,44.5755,42.8375,142.28,65.55,2.7095,,,19.901333333333334
2017-04-04,36.1925,45.3415,42.6285,141.73,65.73,2.5195,,,20.246666666666666
2017-04-05,36.005,45.464,42.445499999999996,141.85,65.56,2.50075,,,19.666666666666668
2017-04-06,35.915,44.914,42.25475,141.17,65.73,2.519,,,19.913333333333334
2017-04-07,35.835,44.744,42.105000000000004,140.78,65.68,2.50825,,,20.169333333333334
2017-04-10,35.7925,45.352,42.085,141.04,65.53,2.44425,,,20.826
2017-04-11,35.4075,45.118,41.994,139.92,65.48,2.4530000000000003,,,20.580666666666666
2017-04-12,35.45,44.8115,42.073,139.58,65.23,2.43275,,,19.78933333333333
2017-04-13,35.2625,44.2335,42.009,139.39,64.95,2.38725,,,20.266666666666666
2017-04-17,35.4575,45.0995,42.7565,141.42,65.48,2.48075,,,20.096
2017-04-18,35.3,45.189,42.6995,140.96,65.39,2.48225,,,20.016666666666666
2017-04-19,35.17,44.96,42.8255,142.27,65.04,2.492,,,20.368
2017-04-20,35.61,45.102999999999994,43.004000000000005,143.8,65.5,2.5315000000000003,,,20.167333333333332
2017-04-21,35.5675,44.9265,42.947500000000005,143.68,66.4,2.5420000000000003,,,20.373333333333335
2017-04-24,35.91,45.3705,43.9465,145.47,67.53,2.57375,,,20.53533333333333
2017-04-25,36.1325,45.381,44.442,146.49,67.92,2.6185,,,20.919333333333334
2017-04-26,35.92,45.4645,44.457,146.56,67.83,2.6005,,,20.678
2017-04-27,35.9475,45.919,44.572,147.7,68.27,2.641,,,20.575333333333333
2017-04-28,35.9125,46.2495,46.226,150.25,68.46,2.6075,,,20.938
2017-05-01,36.645,47.411500000000004,46.641000000000005,152.46,69.41,2.666,,,21.522
2017-05-02,36.8775,47.347,46.8545,152.78,69.3,2.587,,,21.259333333333334
2017-05-03,36.765,47.0515,47.4225,151.8,69.08,2.60625,,,20.734666666666666
2017-05-04,36.6325,46.8765,47.736000000000004,150.85,68.81,2.59625,,,19.697333333333333
2017-05-05,37.24,46.707499999999996,47.513999999999996,150.24,69.0,2.5965,,,20.55666666666667
2017-05-08,38.2525,47.452,47.9345,151.06,68.94,2.56925,,,20.479333333333333
2017-05-09,38.4975,47.641000000000005,47.8355,150.48,69.04,2.5735,,,21.417333333333332
2017-05-10,38.315,47.447500000000005,47.742000000000004,150.29,69.31,3.0322500000000003,,,21.681333333333335
2017-05-11,38.4875,47.381,47.7945,150.04,68.46,3.1625,,,21.540000000000003
2017-05-12,39.025,48.0675,47.757,150.33,68.38,3.19725,,,21.654
2017-05-15,38.925,47.8985,47.961,150.19,68.43,3.3577500000000002,,,21.058666666666667
2017-05-16,38.8675,48.3035,48.2305,149.78,69.41,3.4202500000000002,,,21.134
2017-05-17,37.5625,47.238,47.1085,144.85,67.48,3.193,,,20.407333333333334
2017-05-18,38.135,47.9245,47.525,147.66,67.71,3.3267499999999997,,,20.87066666666667
2017-05-19,38.265,47.992000000000004,47.7325,148.06,67.69,3.4,,,20.721999999999998
2017-05-22,38.4975,48.5335,48.203500000000005,148.24,68.45,3.4725,,,20.69
2017-05-23,38.45,48.577,48.527499999999996,148.07,68.68,3.42575,,,20.257333333333335
2017-05-24,38.335,49.0175,48.8805,150.04,68.77,3.46425,,,20.681333333333335
2017-05-25,38.4675,49.669,49.593,151.96,69.62,3.4564999999999997,,,21.122
2017-05-26,38.4025,49.789,49.6635,152.13,69.96,3.5460000000000003,,,21.676
2017-05-30,38.4175,49.835,49.808499999999995,152.38,70.41,3.62175,,,22.34
2017-05-31,38.19,49.731,49.3545,151.46,69.84,3.6087499999999997,,,22.733999999999998
2017-06-01,38.295,49.7975,49.4145,151.53,70.1,3.6090000000000004,,,22.691333333333333
2017-06-02,38.8625,50.3365,49.806,153.61,71.76,3.5909999999999997,,,22.65666666666667
2017-06-05,38.4825,50.567,50.194,153.63,72.28,3.7002499999999996,,,23.154666666666667
2017-06-06,38.6125,50.15,49.833999999999996,152.81,72.52,3.6835,,,23.523333333333333
2017-06-07,38.8425,50.5035,50.0795,153.12,72.39,3.728,,,23.976666666666667
2017-06-08,38.7475,50.5135,50.214,154.71,71.95,3.9985,,,24.666666666666668
2017-06-09,37.245,48.915499999999994,48.506,149.6,70.32,3.7399999999999998,,,23.82133333333333
2017-06-12,36.355,48.2455,48.0905,148.44,69.78,3.74925,,,23.934
2017-06-13,36.6475,49.0395,48.525,150.68,70.65,3.785,,,25.063333333333333
2017-06-14,36.29,48.8235,48.396499999999996,150.25,70.27,3.793,,,25.377333333333336
2017-06-15,36.0725,48.2085,48.009,149.8,69.9,3.80925,,,25.022666666666666
2017-06-16,35.5675,49.3855,47.931,150.64,70.0,3.7905,,,24.759999999999998
2017-06-19,36.585,49.7585,48.761,152.87,70.87,3.933,,,24.653333333333332
2017-06-20,36.2525,49.6295,48.4495,152.25,69.91,3.92725,,,24.816
2017-06-21,36.4675,50.1115,48.929500000000004,153.91,70.27,3.98675,,,25.09333333333333
2017-06-22,36.4075,50.065,48.831,153.4,70.26,3.95925,,,25.507333333333335
2017-06-23,36.57,50.187,49.304500000000004,155.07,71.21,3.8457500000000002,,,25.563333333333333
2017-06-26,36.455,49.699,48.6045,153.59,70.53,3.80375,,,25.166
2017-06-27,35.9325,48.839,47.4045,150.58,69.21,3.6645000000000003,,,24.158
2017-06-28,36.4575,49.5165,48.0505,153.24,69.8,3.79375,,,24.749333333333333
2017-06-29,35.92,48.796499999999995,46.891000000000005,151.04,68.49,3.6670000000000003,,,24.05
2017-06-30,36.005,48.4,46.483999999999995,150.98,68.93,3.614,,,24.107333333333333
2017-07-03,35.875,47.683,45.973,148.43,68.17,3.4832500000000004,,,23.508
2017-07-05,36.0225,48.57,46.613,150.34,69.08,3.5762500000000004,,,21.805999999999997
2017-07-06,35.6825,48.257,46.3845,148.82,68.57,3.5869999999999997,,,20.588666666666665
2017-07-07,36.045,48.938,47.040499999999994,151.44,69.46,3.6689999999999996,,,20.881333333333334
2017-07-10,36.265,49.8235,47.55,153.5,69.98,3.8425,,,21.07
2017-07-11,36.3825,49.7065,47.6765,155.27,69.99,3.897,,,21.814666666666668
2017-07-12,36.435,50.3255,48.382999999999996,158.9,71.15,4.062749999999999,,,21.968
2017-07-13,36.9425,50.0315,48.4425,159.26,71.77,4.01575,,,21.56066666666667
2017-07-14,37.26,50.0905,48.8455,159.97,72.78,4.123749999999999,,,21.851999999999997
2017-07-17,37.39,50.501999999999995,48.798,159.73,73.35,4.10625,,,21.304666666666666
2017-07-18,37.52,51.222500000000004,49.347500000000004,162.86,73.3,4.149,,,21.88266666666667
2017-07-19,37.755,51.34349999999999,49.6385,164.14,73.86,4.1274999999999995,,,21.684
2017-07-20,37.585,51.435,49.609500000000004,164.53,74.22,4.1875,,,21.994666666666667
2017-07-21,37.5675,51.283500000000004,49.692,164.43,73.79,4.2025,,,21.89333333333333
2017-07-24,38.0225,51.947500000000005,49.915499999999994,166.0,73.6,4.1537500000000005,,,22.834666666666667
2017-07-25,38.185,51.9935,48.451499999999996,165.28,74.19,4.13375,,,22.64
2017-07-26,38.365,52.64,48.265499999999996,165.61,74.05,4.1815,,,22.923333333333336
2017-07-27,37.64,52.3,47.6255,170.44,73.16,4.0435,,,22.29733333333333
2017-07-28,37.375,51.001999999999995,47.9165,172.45,73.04,4.10975,,,22.338
2017-07-31,37.1825,49.388999999999996,47.275,169.25,72.7,4.062749999999999,,,21.564666666666668
2017-08-01,37.5125,49.8095,47.327999999999996,169.86,72.58,4.11225,,,21.304666666666666
2017-08-02,39.285,49.7945,47.382,169.3,72.26,4.10975,,,21.726
2017-08-03,38.8925,49.346,47.015,168.59,72.15,4.162,,,23.139333333333333
2017-08-04,39.0975,49.379000000000005,47.2895,169.62,72.68,4.18025,,,23.794
2017-08-07,39.7025,49.6135,47.2875,171.98,72.4,4.30875,,,23.678
2017-08-08,40.02,49.492000000000004,47.209500000000006,171.23,72.79,4.2575,,,24.348000000000003
2017-08-09,40.265,49.1005,47.004000000000005,171.18,72.47,4.3027500000000005,,,24.235333333333333
2017-08-10,38.83,47.846,46.179500000000004,167.4,71.41,4.1185,,,23.69333333333333
2017-08-11,39.37,48.3995,46.5045,168.08,72.5,3.899,,,23.858
2017-08-14,39.9625,49.165,46.9465,170.75,73.59,4.21,,,24.253333333333334
2017-08-15,40.4,49.137,46.904,171.0,73.22,4.1745,,,24.15533333333333
2017-08-16,40.2375,48.909,47.213499999999996,170.0,73.65,4.12875,,,24.194000000000003
2017-08-17,39.465,48.0285,46.382999999999996,166.91,72.4,4.03675,,,23.461333333333336
2017-08-18,39.375,47.923500000000004,46.309,167.41,72.49,4.0375,,,23.163999999999998
2017-08-21,39.3025,47.6645,46.0435,167.78,72.15,3.9787500000000002,,,22.524
2017-08-22,39.945,48.345,47.019999999999996,169.64,73.16,4.063750000000001,,,22.756666666666668
2017-08-23,39.995,47.9,47.129000000000005,168.71,72.72,4.1450000000000005,,,23.517999999999997
2017-08-24,39.8175,47.6225,46.8445,167.74,72.69,4.12975,,,23.528666666666666
2017-08-25,39.965,47.263,46.525,166.32,72.82,4.09525,,,23.203333333333333
2017-08-28,40.3675,47.301,46.4065,167.24,72.83,4.12425,,,23.044
2017-08-29,40.7275,47.702999999999996,46.7875,168.05,73.05,4.1175,,,23.157333333333334
2017-08-30,40.8375,48.3795,47.1815,169.92,74.01,4.142,,,23.545333333333335
2017-08-31,41.0,49.03,47.762,171.97,74.77,4.236,,,23.726666666666667
2017-09-01,41.0125,48.9125,47.5995,172.02,73.94,4.2615,,,23.69333333333333
2017-09-05,40.52,48.2635,47.074,170.72,73.61,4.14775,,,23.305999999999997
2017-09-06,40.4775,48.39,47.101,172.09,73.4,4.14525,,,22.968666666666664
2017-09-07,40.315,48.9735,47.4945,173.21,74.34,4.1645,,,23.374000000000002
2017-09-08,39.6575,48.295,47.070499999999996,170.95,73.98,4.09225,,,22.89333333333333
2017-09-11,40.375,48.898,47.1645,173.51,74.76,4.225,,,24.246
2017-09-12,40.215,49.129000000000005,47.332499999999996,172.96,74.68,4.2402500000000005,,,24.183333333333334
2017-09-13,39.9125,49.980000000000004,47.522000000000006,173.05,75.21,4.25925,,,24.415333333333333
2017-09-14,39.57,49.6105,47.0065,170.96,74.77,4.235,,,25.176
2017-09-15,39.97,49.3395,46.7645,171.64,75.31,4.502750000000001,,,25.320666666666668
2017-09-18,39.6675,48.709500000000006,46.4875,170.01,75.16,4.688750000000001,,,25.666666666666668
2017-09-19,39.6825,48.493,46.843,172.52,75.44,4.68375,,,25.006666666666668
2017-09-20,39.0175,48.6605,47.376999999999995,172.17,74.94,4.646,,,24.927333333333333
2017-09-21,38.3475,48.2325,47.3775,171.11,74.21,4.519,,,24.432000000000002
2017-09-22,37.9725,47.755,47.163,170.54,74.41,4.475,,,23.406
2017-09-25,37.6375,46.9895,46.714,162.87,73.26,4.275,,,22.999333333333333
2017-09-26,38.285,46.93,46.8715,164.21,73.26,4.299,,,23.016666666666666
2017-09-27,38.5575,47.5435,47.995,167.68,73.85,4.39325,,,22.731333333333335
2017-09-28,38.32,47.82,48.2405,168.73,73.87,4.392,,,22.64
2017-09-29,38.53,48.0675,48.686,170.87,74.49,4.469250000000001,,,22.740000000000002
2017-10-02,38.4525,47.959500000000006,48.3735,169.47,74.61,4.475,,,22.768666666666665
2017-10-03,38.62,47.855000000000004,48.604,169.96,74.26,4.48425,,,23.209333333333333
2017-10-04,38.37,48.2725,48.339,168.42,74.69,4.52175,,,23.667333333333332
2017-10-05,38.8475,49.042500000000004,49.2595,171.24,75.97,4.51925,,,23.688666666666666
2017-10-06,38.825,49.479,49.682,172.23,76.0,4.532500000000001,,,23.791999999999998
2017-10-09,38.96,49.5495,49.6155,172.5,76.29,4.6347499999999995,,,22.862666666666666
2017-10-10,38.975,49.36,49.39,171.59,76.29,4.72325,,,23.706
2017-10-11,39.1375,49.75,50.2825,172.74,76.42,4.7735,,,23.64
2017-10-12,39.0,50.046499999999995,50.2825,172.55,77.12,4.77575,,,23.712
2017-10-13,39.2475,50.147000000000006,50.3935,173.74,77.49,4.86475,,,23.704666666666665
2017-10-16,39.97,50.317,50.4675,174.52,77.65,4.94825,,,23.373333333333335
2017-10-17,40.1175,50.4565,50.55,176.11,77.59,4.94375,,,23.716666666666665
2017-10-18,39.94,49.85,50.637,176.03,77.61,4.939500000000001,,,23.976666666666667
2017-10-19,38.995,49.3305,50.092,174.56,77.91,4.945,,,23.454
2017-10-20,39.0625,49.1455,50.2535,174.98,78.81,4.9225,,,23.006666666666668
2017-10-23,39.0425,48.315,49.277,171.27,78.83,4.9155,,,22.468
2017-10-24,39.275,48.795,49.4245,171.8,78.86,4.9670000000000005,,,22.48933333333333
2017-10-25,39.1025,48.6455,49.573,170.6,78.63,4.8415,,,21.722666666666665
2017-10-26,39.3525,48.6215,49.571,170.63,78.76,4.89225,,,21.744666666666667
2017-10-27,40.7625,55.0475,51.6835,177.88,83.81,5.0465,,,21.391333333333332
2017-10-30,41.68,55.5425,51.65650000000001,179.87,83.89,5.096,,,21.338666666666665
2017-10-31,42.26,55.263999999999996,51.652,180.06,83.18,5.17025,,,22.101999999999997
2017-11-01,41.7225,55.184000000000005,52.12975,182.66,83.18,5.18,,,21.40533333333333
2017-11-02,42.0275,54.711,52.1485,178.92,84.05,5.1485,,,19.950666666666667
2017-11-03,43.125,55.58,52.4995,178.92,84.14,5.21725,,,20.406
2017-11-06,43.5625,56.033,52.134,180.17,84.47,5.24075,,,20.185333333333332
2017-11-07,43.7025,56.158500000000004,52.6195,180.25,84.27,5.30075,,,20.403333333333332
2017-11-08,44.06,56.644000000000005,52.9145,179.56,84.56,5.229,,,20.292666666666666
2017-11-09,43.97,56.456500000000005,52.386,179.3,84.09,5.133,,,20.199333333333335
2017-11-10,43.6675,56.2675,52.2075,178.46,83.87,5.403499999999999,,,20.199333333333335
2017-11-13,43.4925,56.4585,52.06,178.77,83.93,5.3157499999999995,,,21.026666666666664
2017-11-14,42.835,56.842,52.08200000000001,178.07,84.05,5.3545,,,20.58
2017-11-15,42.27,56.334500000000006,51.8205,177.95,82.98,5.249499999999999,,,20.753333333333334
2017-11-16,42.775,56.8645,52.423500000000004,179.59,83.2,5.29025,,,20.833333333333332
2017-11-17,42.5375,56.49400000000001,51.794500000000006,179.0,82.4,5.284000000000001,,,21.003333333333334
2017-11-20,42.495,56.3155,51.733000000000004,178.74,82.53,5.352,,,20.582666666666668
2017-11-21,43.285,56.9745,52.515,181.86,83.72,5.40125,,,21.187333333333335
2017-11-22,43.74,57.80800000000001,52.596000000000004,180.87,83.11,5.3732500000000005,,,20.84
2017-11-24,43.7425,59.3,52.826,182.78,83.26,5.424,,,21.03666666666667
2017-11-27,43.5225,59.7915,53.6005,183.03,83.87,5.3534999999999995,,,21.12066666666667
2017-11-28,43.2675,59.67999999999999,53.1645,182.42,84.88,5.26775,,,21.17
2017-11-29,42.37,58.0635,51.86900000000001,175.13,83.34,4.9105,,,20.502666666666666
2017-11-30,42.9625,58.8375,51.8085,177.18,84.17,5.01775,,,20.59
2017-12-01,42.7625,58.11749999999999,51.253499999999995,175.1,84.26,4.942,,,20.435333333333332
2017-12-04,42.45,56.697500000000005,50.5935,171.47,81.08,4.6665,,,20.346666666666668
2017-12-05,42.41,57.0785,50.980000000000004,172.83,81.59,4.6935,,,20.246666666666666
2017-12-06,42.2525,57.61749999999999,51.636,176.06,82.78,4.7315,,,20.884
2017-12-07,42.33,57.9895,52.2285,180.14,82.49,4.79975,,,20.749333333333333
2017-12-08,42.3425,58.1,52.46900000000001,179.0,84.16,4.78725,,,21.008666666666667
2017-12-11,43.1675,58.446000000000005,52.5985,179.04,85.23,4.8665,,,21.927333333333333
2017-12-12,42.925,58.254,52.4385,176.96,85.58,4.771,,,22.735333333333333
2017-12-13,43.0675,58.206500000000005,52.569500000000005,178.3,85.35,4.6545000000000005,,,22.601999999999997
2017-12-14,43.055,58.713,52.8735,178.39,84.69,4.66175,,,22.526
2017-12-15,43.4925,58.95700000000001,53.6,180.18,86.85,4.789,,,22.896666666666665
2017-12-18,44.105,59.528999999999996,54.25449999999999,180.82,86.38,4.9475,,,22.591333333333335
2017-12-19,43.635,59.36900000000001,53.989,179.51,85.83,4.90275,,,22.073333333333334
2017-12-20,43.5875,58.88099999999999,53.678,177.89,85.52,4.92,,,21.932000000000002
2017-12-21,43.7525,58.738,53.5425,177.45,85.5,4.89725,,,22.110666666666667
2017-12-22,43.7525,58.41799999999999,53.443,177.2,85.51,4.88175,,,21.68
2017-12-26,42.6425,58.838,53.2925,175.99,85.4,4.936,,,21.15266666666667
2017-12-27,42.65,59.113,53.010000000000005,177.62,85.71,4.92925,,,20.776
2017-12-28,42.77,59.30499999999999,52.7975,177.92,85.72,4.9350000000000005,,,21.024
2017-12-29,42.3075,58.4735,52.67,176.46,85.54,4.8375,,,20.756666666666668
2018-01-02,43.065,59.4505,53.6605,181.42,85.95,4.98375,,,21.368666666666666
2018-01-03,43.0575,60.21,54.576,184.67,86.35,5.31175,,,21.15
2018-01-04,43.2575,60.479499999999994,54.788,184.33,87.11,5.33975,,,20.974666666666668
2018-01-05,43.75,61.45700000000001,55.5145,186.85,88.19,5.385,,,21.10533333333333
2018-01-08,43.5875,62.34349999999999,55.7105,188.28,88.28,5.55,,,22.427333333333333
2018-01-09,43.5825,62.635000000000005,55.6395,187.87,88.22,5.5485,,,22.246
2018-01-10,43.5725,62.716499999999996,55.507000000000005,187.84,87.82,5.5920000000000005,,,22.32
2018-01-11,43.82,63.834,55.6025,187.77,88.08,5.602,,,22.529999999999998
2018-01-12,44.2725,65.26,56.532500000000006,179.37,89.6,5.5745,,,22.41466666666667
2018-01-16,44.0475,65.243,56.535000000000004,178.39,88.35,5.502750000000001,,,22.670666666666666
2018-01-17,44.775,64.75,56.955,177.6,90.14,5.618,,,23.144000000000002
2018-01-18,44.815,64.666,56.798500000000004,179.8,90.1,5.611,,,22.971333333333334
2018-01-19,44.615,64.729,57.175,181.29,90.0,5.752750000000001,,,23.334666666666667
2018-01-22,44.25,66.3655,58.208000000000006,185.37,91.61,5.84225,,,23.437333333333335
2018-01-23,44.26,68.127,58.8085,189.35,91.9,5.97275,,,23.519333333333336
2018-01-24,43.555,67.8755,58.564499999999995,186.55,91.82,5.8950000000000005,,,23.05933333333333
2018-01-25,42.7775,68.89750000000001,59.107000000000006,187.48,92.33,5.9087499999999995,,,22.509333333333334
2018-01-26,42.8775,70.10249999999999,59.378,190.0,94.06,6.0832500000000005,,,22.85666666666667
2018-01-29,41.99,70.884,59.324,185.98,93.92,6.17125,,,23.302
2018-01-30,41.7425,71.89099999999999,58.8685,187.12,92.74,6.068,,,23.054666666666666
2018-01-31,41.8575,72.5445,59.111000000000004,186.89,95.01,6.1450000000000005,,,23.62066666666667
2018-02-01,41.945,69.5,59.079499999999996,193.09,94.26,6.0125,,,23.283333333333335
2018-02-02,40.125,71.4975,55.96,190.28,91.78,5.838,,,22.916666666666668
2018-02-05,39.1225,69.5,53.1195,181.26,88.0,5.342499999999999,,,22.208666666666666
2018-02-06,40.7575,72.142,54.221500000000006,185.31,91.33,5.6395,,,22.264666666666667
2018-02-07,39.885,70.839,52.770500000000006,180.18,89.61,5.720000000000001,160.2100067138672,267.6700134277344,23.0
2018-02-08,38.7875,67.525,50.3855,171.58,85.01,5.438000000000001,153.4499969482422,257.6300048828125,21.015333333333334
2018-02-09,39.1025,66.97999999999999,52.3135,176.11,88.18,5.8020000000000005,156.10000610351562,261.5,20.694666666666667
2018-02-12,40.6775,69.3115,52.727999999999994,176.41,89.13,5.70075,158.8699951171875,265.3399963378906,21.04866666666667
2018-02-13,41.085,70.7255,52.70700000000001,173.15,89.83,5.8157499999999995,159.69000244140625,266.0,21.577333333333335
2018-02-14,41.8425,72.5525,53.635000000000005,179.52,90.81,6.0355,162.67999267578125,269.5899963378906,21.487333333333332
2018-02-15,43.2475,73.088,54.568,179.96,92.66,6.1625,165.6999969482422,273.0299987792969,22.271
2018-02-16,43.1075,72.4345,54.775,177.36,92.0,6.096,164.9600067138672,273.1099853515625,22.366
2018-02-20,42.9625,73.41749999999999,55.1795,176.01,92.72,6.227,165.2899932861328,271.3999938964844,22.317999999999998
2018-02-21,42.7675,74.146,55.6875,177.91,91.49,6.03775,164.82000732421875,270.04998779296875,22.220000000000002
2018-02-22,43.125,74.267,55.495000000000005,178.99,91.73,6.05375,164.8000030517578,270.3999938964844,23.078
2018-02-23,43.875,75.0,56.4045,183.29,94.06,6.14825,168.1699981689453,274.7099914550781,23.470000000000002
2018-02-26,44.7425,76.0975,57.185,184.93,95.42,6.1645,170.39999389648438,277.8999938964844,23.828
2018-02-27,44.5975,75.599,55.8755,181.46,94.2,6.1515,168.2899932861328,274.42999267578125,23.399333333333335
2018-02-28,44.53,75.6225,55.196000000000005,178.32,93.77,6.05,167.2100067138672,271.6499938964844,22.87066666666667
2018-03-01,43.75,74.6725,53.5705,175.94,92.85,5.80525,164.47999572753906,267.70001220703125,22.062
2018-03-02,44.0525,75.0125,54.20700000000001,176.62,93.05,5.9135,165.99000549316406,269.0799865722656,22.341333333333335
2018-03-05,44.205,76.1805,54.738,180.4,93.64,5.89125,167.8300018310547,272.19000244140625,22.223333333333336
2018-03-06,44.1675,76.882,55.045,179.78,93.32,6.054,168.5399932861328,272.8800048828125,21.88
2018-03-07,43.7575,77.25,55.751999999999995,183.71,93.86,6.046,168.92999267578125,272.7799987792969,22.153333333333332
2018-03-08,44.235,77.59299999999999,56.46900000000001,182.34,94.43,6.0295000000000005,169.86000061035156,274.1000061035156,21.94
2018-03-09,44.995,78.9445,58.041999999999994,185.23,96.54,6.13325,173.16000366210938,278.8699951171875,21.811333333333334
2018-03-12,45.43,79.9195,58.2965,184.76,96.77,6.244,174.0800018310547,278.5199890136719,23.034
2018-03-13,44.9925,79.409,56.99550000000001,181.88,94.41,6.19275,171.7100067138672,276.7200012207031,22.78933333333333
2018-03-14,44.61,79.55,57.444500000000005,184.19,93.85,6.218500000000001,171.67999267578125,275.29998779296875,21.775333333333332
2018-03-15,44.6625,79.116,57.530499999999996,183.86,94.18,6.2335,171.52999877929688,275.0,21.706666666666667
2018-03-16,44.505,78.584,56.721000000000004,185.09,94.6,6.262,171.02000427246094,274.20001220703125,21.423333333333336
2018-03-19,43.825,77.2465,55.003499999999995,172.56,92.89,6.025,167.10000610351562,270.489990234375,20.904
2018-03-20,43.81,79.3255,54.79,168.15,93.13,6.2395000000000005,167.64999389648438,270.95001220703125,20.703333333333333
2018-03-21,42.8175,79.09299999999999,54.7,169.39,92.48,6.214,166.9199981689453,270.42999267578125,21.101999999999997
2018-03-22,42.2125,77.24600000000001,52.657500000000006,164.89,89.79,6.04625,162.8000030517578,263.6700134277344,20.60666666666667
2018-03-23,41.235,74.77799999999999,51.3275,159.39,87.18,5.82425,158.50999450683594,258.04998779296875,20.102666666666668
2018-03-26,43.1925,77.79299999999999,52.704499999999996,160.06,93.78,6.112,164.39999389648438,265.1099853515625,20.278666666666666
2018-03-27,42.085,74.85249999999999,50.347,152.22,89.47,5.638,159.0800018310547,260.6000061035156,18.612000000000002
2018-03-28,41.62,71.571,50.259,153.03,89.39,5.5337499999999995,157.25,259.8299865722656,17.185333333333332
2018-03-29,41.945,72.36699999999999,51.857000000000006,159.79,91.27,5.78975,160.1300048828125,263.1499938964844,17.742
2018-04-02,41.67,68.5995,50.6315,155.39,88.52,5.52625,155.50999450683594,257.4700012207031,16.832
2018-04-03,42.0975,69.60249999999999,50.934,156.11,89.71,5.63375,157.25999450683594,260.7699890136719,17.83533333333333
2018-04-04,42.9025,70.5285,51.4855,155.1,92.33,5.656000000000001,159.74000549316406,263.5599975585937,19.12933333333333
2018-04-05,43.2,72.5875,51.632000000000005,159.34,92.38,5.5344999999999995,160.64999389648438,265.6400146484375,20.381333333333334
2018-04-06,42.095,70.2615,50.4975,157.2,90.23,5.35625,156.6300048828125,259.7200012207031,19.953333333333333
2018-04-09,42.5125,70.304,51.0045,157.93,90.77,5.38525,157.72999572753906,261.0,19.31066666666667
2018-04-10,43.3125,71.811,51.825,165.04,92.88,5.69775,161.2100067138672,265.1499938964844,20.313333333333333
2018-04-11,43.11,71.35249999999999,51.253,166.32,91.86,5.656000000000001,160.27999877929688,263.760009765625,20.062
2018-04-12,43.535,72.425,51.8645,163.87,93.58,5.865,162.2100067138672,265.92999267578125,19.60533333333333
2018-04-13,43.6825,71.5395,51.802,164.52,93.08,5.7875,161.3699951171875,265.1499938964844,20.022666666666666
2018-04-16,43.955,72.075,52.30499999999999,164.83,94.17,5.78725,162.60000610351562,267.3299865722656,19.413999999999998
2018-04-17,44.56,75.19149999999999,53.967999999999996,168.66,96.07,5.9384999999999994,166.10000610351562,270.19000244140625,19.179333333333332
2018-04-18,44.46,76.392,53.76950000000001,166.36,96.44,5.90925,166.44000244140625,270.3900146484375,19.55666666666667
2018-04-19,43.2,77.8455,54.472500000000004,168.1,96.11,5.726,164.91000366210938,268.8900146484375,20.005333333333333
2018-04-20,41.43,76.3745,53.866,166.28,95.0,5.7177500000000006,162.3000030517578,266.6099853515625,19.349333333333334
2018-04-23,41.31,75.893,53.6905,165.84,95.35,5.5969999999999995,161.88999938964844,266.57000732421875,18.891333333333332
2018-04-24,40.735,73.0045,51.132,159.69,93.12,5.529999999999999,158.4600067138672,262.9800109863281,18.897333333333332
2018-04-25,40.9125,73.0085,51.1495,159.69,92.31,5.4165,158.64999389648438,263.6300048828125,18.712666666666667
2018-04-26,41.055,75.898,52.165499999999994,174.16,94.26,5.6305,161.99000549316406,266.3099975585937,19.032
2018-04-27,40.58,78.631,51.572500000000005,173.59,95.82,5.658250000000001,162.08999633789062,266.5599975585937,19.605
2018-04-30,41.315,78.3065,50.929,172.0,93.52,5.6225000000000005,160.94000244140625,264.510009765625,19.59333333333333
2018-05-01,42.275,79.113,52.0375,173.86,95.0,5.6785,162.77999877929688,264.9800109863281,19.994666666666667
2018-05-02,44.1425,78.48400000000001,51.302499999999995,176.07,93.51,5.65775,161.82000732421875,263.20001220703125,20.076666666666664
2018-05-03,44.2225,78.60375,51.315,174.02,94.07,5.82475,161.8000030517578,262.6199951171875,18.96333333333333
2018-05-04,45.9575,79.0475,52.55,176.61,95.16,5.9765,164.8699951171875,266.0199890136719,19.605999999999998
2018-05-07,46.29,80.007,52.973,177.97,96.22,6.2170000000000005,166.24000549316406,266.9200134277344,20.184666666666665
2018-05-08,46.5125,79.6195,52.9295,178.92,95.81,6.26,166.07000732421875,266.9200134277344,20.131333333333334
2018-05-09,46.84,80.4,54.447500000000005,182.66,96.94,6.3945,167.8800048828125,269.5,20.456666666666667
2018-05-10,47.51,80.454,55.2735,185.53,97.91,6.5032499999999995,169.6199951171875,272.0199890136719,20.334666666666667
2018-05-11,47.1475,80.1455,55.169000000000004,186.99,97.7,6.36325,169.4600067138672,272.8500061035156,20.070666666666668
2018-05-14,47.0375,80.077,55.33,186.64,98.03,6.384,169.75,272.9800109863281,19.46466666666667
2018-05-15,46.61,78.806,54.2435,184.32,97.32,6.139,167.8699951171875,271.1000061035156,18.945333333333334
2018-05-16,47.045,79.364,54.204499999999996,183.2,97.15,6.15025,168.97999572753906,272.239990234375,19.098666666666666
2018-05-17,46.7475,79.088,54.063,183.76,96.18,6.19275,168.3300018310547,272.010009765625,18.969333333333335
2018-05-18,46.5775,78.71849999999999,53.482000000000006,182.68,96.36,6.1485,167.4600067138672,271.3299865722656,18.454666666666665
2018-05-21,46.9075,79.273,54.2005,184.49,97.6,6.106,168.39999389648438,273.3699951171875,18.966
2018-05-22,46.79,79.07000000000001,53.765499999999996,183.8,97.5,6.0675,168.17999267578125,272.6099853515625,18.334
2018-05-23,47.09,80.09299999999999,54.298,186.9,98.66,6.1884999999999994,169.60000610351562,273.3599853515625,18.604666666666667
2018-05-24,47.0375,80.1535,54.2725,185.93,98.31,6.19225,169.5500030517578,272.79998779296875,18.523333333333333
2018-05-25,47.145,80.50750000000001,54.20399999999999,184.92,98.36,6.232,169.72000122070312,272.1499938964844,18.59
2018-05-29,46.975,80.64349999999999,53.403499999999994,185.74,98.01,6.21475,168.97000122070312,269.0199890136719,18.917333333333332
2018-05-30,46.875,81.2445,53.8735,187.67,98.95,6.32475,170.17999267578125,272.6099853515625,19.448
2018-05-31,46.7175,81.481,55.0,191.78,98.84,6.30475,170.07000732421875,270.94000244140625,18.982000000000003
2018-06-01,47.56,82.077,56.75,193.99,100.79,6.4405,172.74000549316406,273.6000061035156,19.454666666666665
2018-06-04,47.9575,83.2635,57.652,193.28,101.67,6.621250000000001,174.3000030517578,274.8999938964844,19.782666666666668
2018-06-05,48.3275,84.8175,57.551,192.94,102.19,6.6267499999999995,174.83999633789062,275.1000061035156,19.408666666666665
2018-06-06,48.495,84.7875,57.347500000000004,191.34,102.49,6.628749999999999,175.86000061035156,277.3999938964844,21.3
2018-06-07,48.365,84.465,56.721000000000004,188.18,100.88,6.5725,174.42999267578125,277.3699951171875,21.072666666666667
2018-06-08,47.925,84.1995,56.6355,189.1,101.63,6.5569999999999995,174.44000244140625,278.19000244140625,21.177333333333333
2018-06-11,47.8075,84.45599999999999,57.045,191.54,101.05,6.5155,174.91000366210938,278.5599975585937,22.14
2018-06-12,48.07,84.9375,57.4095,192.4,101.31,6.5645,175.8300018310547,278.9200134277344,22.851333333333333
2018-06-13,47.675,85.243,57.2115,192.41,100.85,6.56,175.82000732421875,278.0299987792969,22.985333333333333
2018-06-14,47.7,86.193,58.0055,196.81,101.42,6.672750000000001,177.60000610351562,278.7300109863281,23.848000000000003
2018-06-15,47.21,85.7985,57.963499999999996,195.85,100.13,6.6315,176.97999572753906,277.1300048828125,23.878
2018-06-18,47.185,86.1895,59.178999999999995,198.31,100.86,6.627249999999999,176.5,276.5599975585937,24.721999999999998
2018-06-19,46.4225,86.739,58.9345,197.49,100.86,6.504250000000001,176.0,275.5,23.503333333333334
2018-06-20,46.625,87.50399999999999,59.2035,202.0,101.87,6.55775,177.25,275.9700012207031,24.148000000000003
2018-06-21,46.365,86.511,58.472,201.5,101.14,6.4277500000000005,175.7100067138672,274.239990234375,23.167333333333332
2018-06-22,46.23,85.7835,58.4645,201.74,100.41,6.27375,175.32000732421875,274.739990234375,22.242
2018-06-25,45.5425,83.1575,56.964,196.35,98.39,5.978,171.3699951171875,271.0,22.200666666666667
2018-06-26,46.1075,84.55449999999999,56.63099999999999,199.0,99.08,6.04975,172.07000732421875,271.6000061035156,22.8
2018-06-27,46.04,83.0255,55.847,195.84,97.54,5.893,169.72999572753906,269.3500061035156,22.966666666666665
2018-06-28,46.375,85.0725,56.339,196.23,98.63,6.0215000000000005,171.19000244140625,270.8900146484375,23.328666666666667
2018-06-29,46.2775,84.99,56.459500000000006,194.32,98.61,5.9225,171.64999389648438,271.2799987792969,22.863333333333333
2018-07-02,46.795,85.689,57.10549999999999,197.36,100.01,6.056,172.8000030517578,271.8599853515625,22.338
2018-07-03,45.98,84.69800000000001,55.814,192.73,99.05,5.921,170.8000030517578,270.8999938964844,20.724
2018-07-05,46.35,84.9865,57.064499999999995,198.45,99.76,6.06825,172.9199981689453,273.1099853515625,20.610666666666667
2018-07-06,46.9925,85.53150000000001,57.754,203.23,101.16,6.18325,175.61000061035156,275.4200134277344,20.59333333333333
2018-07-09,47.645,86.951,58.364,204.74,101.85,6.23125,177.19000244140625,277.8999938964844,21.233999999999998
2018-07-10,47.5875,87.1535,58.357000000000006,203.54,102.12,6.33125,177.32000732421875,278.8999938964844,21.498
2018-07-11,46.97,87.75,58.573,202.54,101.98,6.18825,176.4199981689453,276.8599853515625,21.264
2018-07-12,47.7575,89.83099999999999,60.063,206.92,104.19,6.280749999999999,179.4600067138672,279.3699951171875,21.113999999999997
2018-07-13,47.8325,90.6515,60.221000000000004,207.32,105.43,6.233,179.61000061035156,279.5899963378906,21.258
2018-07-16,47.7275,91.1245,59.8255,207.23,104.91,6.205,179.17999267578125,279.3399963378906,20.673333333333336
2018-07-17,47.8625,92.1965,60.653999999999996,209.99,105.95,6.34225,180.2700042724609,280.4700012207031,21.512666666666668
2018-07-18,47.6,92.146,60.645500000000006,209.36,105.12,6.2924999999999995,179.92999267578125,281.0599975585937,21.59
2018-07-19,47.97,90.6485,59.955,208.09,104.4,6.30075,179.02999877929688,280.0,21.348666666666666
2018-07-20,47.86,90.685,59.894000000000005,209.94,106.27,6.27225,178.99000549316406,279.67999267578125,20.90533333333333
2018-07-23,47.9025,90.1,60.55,210.91,107.97,6.23525,179.55999755859375,280.20001220703125,20.21333333333333
2018-07-24,48.25,91.462,62.907500000000006,214.67,107.66,6.2177500000000006,180.3000030517578,281.6099853515625,19.828666666666667
2018-07-25,48.705,93.1805,63.797000000000004,217.5,110.83,6.29675,182.82000732421875,284.010009765625,20.582666666666668
2018-07-26,48.5525,90.4,64.275,176.26,109.62,6.371,180.0500030517578,283.3399963378906,20.44333333333333
2018-07-27,47.745,90.8635,62.64450000000001,174.89,107.68,6.3005,177.6199951171875,281.4200134277344,19.812
2018-07-30,47.4775,88.961,61.501999999999995,171.06,105.37,6.10325,175.11000061035156,279.95001220703125,19.34466666666667
2018-07-31,47.5725,88.872,61.361000000000004,172.58,106.08,6.1215,176.4499969482422,281.3299865722656,19.875999999999998
2018-08-01,50.375,89.8585,61.6495,171.65,106.28,6.16175,177.1199951171875,280.8599853515625,20.055999999999997
2018-08-02,51.8475,91.7165,62.05650000000001,176.37,107.57,6.2655,179.52999877929688,282.3900146484375,23.302666666666667
2018-08-03,51.9975,91.1645,61.908,177.78,108.04,6.3025,180.0800018310547,283.6000061035156,23.211333333333336
2018-08-06,52.2675,92.3875,61.883500000000005,185.69,108.13,6.35075,181.13999938964844,284.6400146484375,22.799333333333333
2018-08-07,51.7775,93.124,62.791999999999994,183.81,108.88,6.42375,181.8000030517578,285.5799865722656,25.304666666666666
2018-08-08,51.8125,94.326,63.0665,185.18,109.49,6.460500000000001,182.0200042724609,285.4599914550781,24.68933333333333
2018-08-09,52.22,94.926,63.223,183.09,109.67,6.411499999999999,181.91000366210935,285.07000732421875,23.496666666666666
2018-08-10,51.8825,94.315,62.6255,180.26,109.0,6.36975,180.5200042724609,283.1600036621094,23.699333333333335
2018-08-13,52.2175,94.81,62.432,180.05,108.21,6.4030000000000005,180.32000732421875,282.1000061035156,23.76066666666667
2018-08-14,52.4375,95.9825,62.907000000000004,181.11,109.56,6.53575,181.4499969482422,283.8999938964844,23.176
2018-08-15,52.56,94.131,61.611000000000004,179.53,107.66,6.476999999999999,179.22999572753906,281.7799987792969,22.579333333333334
2018-08-16,53.33,94.326,61.202999999999996,174.7,107.64,6.436,179.82000732421875,284.0599975585937,22.363333333333333
2018-08-17,54.395,94.111,60.7925,173.8,107.58,6.1205,179.86000061035156,285.0599975585937,20.366666666666667
2018-08-20,53.865,93.8355,61.097500000000004,172.5,106.87,6.196,179.6999969482422,285.6700134277344,20.562666666666665
2018-08-21,53.76,94.171,60.87050000000001,172.62,105.98,6.333,180.3600006103516,286.3399963378906,21.459999999999997
2018-08-22,53.7625,95.245,61.0875,173.64,107.06,6.5705,181.05999755859372,286.1700134277344,21.442666666666664
2018-08-23,53.8725,95.14500000000001,61.05800000000001,172.9,107.56,6.670999999999999,180.8000030517578,285.7900085449219,21.34
2018-08-24,54.04,95.26950000000001,61.8375,174.645,108.4,6.8055,182.47999572753903,287.510009765625,21.521333333333335
2018-08-27,54.485,96.384,62.8135,177.46,109.6,6.897499999999999,184.33999633789065,289.7799987792969,21.284666666666666
2018-08-28,54.925,96.64099999999999,62.29299999999999,176.26,110.26,6.8595,184.6100006103516,289.9200134277344,20.790666666666667
2018-08-29,55.745,99.905,63.2325,175.9,112.02,6.96225,186.7400054931641,291.4800109863281,20.334
2018-08-30,56.2575,100.119,62.722,177.64,111.95,6.94525,186.41000366210935,290.29998779296875,20.209999999999997
2018-08-31,56.9075,100.63550000000001,61.589999999999996,175.73,112.33,7.017,186.6499938964844,290.3099975585937,20.110666666666667
2018-09-04,57.09,101.9755,60.5655,171.16,111.71,7.092499999999999,185.8500061035156,289.8099975585937,19.263333333333332
2018-09-05,56.7175,99.741,59.955,167.18,108.49,6.960500000000001,183.4499969482422,289.0299987792969,18.716
2018-09-06,55.775,97.9155,59.1995,162.53,108.74,6.8180000000000005,181.80999755859372,288.1600036621094,18.73
2018-09-07,55.325,97.6035,58.87949999999999,163.04,108.21,6.7965,181.1100006103516,287.6000061035156,17.549333333333333
2018-09-10,54.5825,96.9505,58.753,164.18,109.38,6.868250000000001,181.72000122070312,288.1000061035156,19.033333333333335
2018-09-11,55.9625,99.3575,59.4995,165.94,111.24,6.82,183.1199951171875,289.04998779296875,18.62933333333333
2018-09-12,55.2675,99.5,58.58,162.0,111.71,6.705,182.5800018310547,289.1199951171875,19.369333333333334
2018-09-13,56.6025,99.4935,59.107000000000006,161.36,112.91,6.783499999999999,184.52999877929688,290.8299865722656,19.29733333333333
2018-09-14,55.96,98.5095,58.899,162.32,113.37,6.91075,183.9900054931641,290.8800048828125,19.68
2018-09-17,54.47,95.4015,57.991499999999995,160.58,112.14,6.84825,181.33999633789065,289.3399963378906,19.656
2018-09-18,54.56,97.0525,58.35549999999999,160.3,113.21,6.775499999999999,182.83999633789065,290.9100036621094,18.997333333333334
2018-09-19,54.5925,96.321,58.713499999999996,163.06,111.7,6.7995,182.6999969482422,291.2200012207031,19.934666666666665
2018-09-20,55.0075,97.215,59.5785,166.02,113.57,6.656999999999999,184.72000122070312,293.5799865722656,19.888666666666666
2018-09-21,54.415,95.7505,58.605999999999995,162.93,114.26,6.58625,183.7100067138672,291.989990234375,19.94
2018-09-24,55.1975,96.71799999999999,58.977999999999994,165.41,114.67,6.6425,183.88999938964844,291.0199890136719,19.978666666666665
2018-09-25,55.5475,98.72749999999999,59.694500000000005,164.91,114.45,6.71025,184.13999938964844,290.75,20.066
2018-09-26,55.105,98.74249999999999,59.702999999999996,166.95,113.98,6.673,184.2700042724609,289.8800048828125,20.638666666666666
2018-09-27,56.2375,100.649,60.367999999999995,168.84,114.41,6.685,185.8300018310547,290.69000244140625,20.50133333333333
2018-09-28,56.435,100.15,60.354,164.46,114.37,7.025499999999999,185.7899932861328,290.7200012207031,17.651333333333334
2018-10-01,56.815,100.21799999999999,60.4265,162.44,115.61,7.234,186.1699981689453,291.7300109863281,20.71333333333333
2018-10-02,57.32,98.5655,60.382000000000005,159.33,115.15,7.162000000000001,185.75,291.5599975585937,20.067999999999998
2018-10-03,58.0175,97.638,60.576499999999996,162.43,115.17,7.1682500000000005,185.9499969482422,291.7200012207031,19.653333333333332
2018-10-04,56.9975,95.471,58.8535,158.85,112.79,6.9822500000000005,182.3800048828125,289.44000244140625,18.788666666666664
2018-10-05,56.0725,94.4825,58.39149999999999,157.33,112.13,6.7465,180.1499938964844,287.82000732421875,17.46333333333333
2018-10-08,55.9425,93.221,57.79600000000001,157.25,110.85,6.6442499999999995,179.0500030517578,287.82000732421875,16.704
2018-10-09,56.7175,93.51599999999999,57.258500000000005,157.9,112.26,6.6385000000000005,179.6300048828125,287.3999938964844,17.52
2018-10-10,54.09,87.7625,54.608000000000004,151.38,106.16,6.14225,171.72999572753906,278.29998779296875,17.125333333333334
2018-10-11,53.6125,85.96799999999999,54.537,153.35,105.91,5.8782499999999995,169.60000610351562,272.1700134277344,16.81533333333333
2018-10-12,55.5275,89.4305,56.027,153.74,109.57,6.1635,174.32000732421875,275.95001220703125,17.252
2018-10-15,54.34,88.0475,55.122,153.52,107.6,5.8845,172.2100067138672,274.3999938964844,17.305999999999997
2018-10-16,55.5375,90.998,56.653999999999996,158.78,111.0,6.1457500000000005,177.22000122070312,280.3999938964844,18.43933333333333
2018-10-17,55.2975,91.5865,56.37949999999999,159.42,110.71,6.0765,177.2899932861328,280.45001220703125,18.118666666666666
2018-10-18,54.005,88.536,54.895500000000006,154.92,108.5,5.98825,173.17999267578125,276.3999938964844,17.594
2018-10-19,54.8275,88.2015,55.259,154.05,108.66,5.7292499999999995,173.02000427246094,276.25,17.333333333333332
2018-10-22,55.1625,89.465,55.56849999999999,154.78,109.63,5.7805,173.91000366210938,275.010009765625,17.396666666666665
2018-10-23,55.6825,88.435,55.74550000000001,154.39,108.1,5.5265,173.27000427246094,273.6099853515625,19.609333333333332
2018-10-24,53.7725,83.21000000000001,52.855999999999995,146.04,102.32,4.98525,165.33999633789062,265.32000732421875,19.233333333333334
2018-10-25,54.95,89.1085,55.1795,150.95,108.3,5.196,171.05999755859375,270.0799865722656,20.990666666666666
2018-10-26,54.075,82.1405,54.1875,145.37,106.96,4.95725,166.66000366210938,265.3299865722656,22.06
2018-10-29,53.06,76.944,51.7365,142.09,103.85,4.6405,163.22999572753906,263.8599853515625,22.323333333333334
2018-10-30,53.325,76.521,52.4755,146.22,103.73,5.075,165.9199981689453,267.7699890136719,21.993333333333332
2018-10-31,54.715,79.9005,54.528999999999996,151.79,106.81,5.2707500000000005,169.82000732421875,270.6300048828125,22.488
2018-11-01,55.555,83.2765,54.299,151.75,105.92,5.45275,172.05999755859375,273.510009765625,22.951999999999998
2018-11-02,51.87,83.2765,53.5745,150.35,106.16,5.372999999999999,169.3800048828125,271.8900146484375,23.094
2018-11-05,50.3975,81.39,52.786500000000004,148.68,107.51,5.29425,168.9600067138672,273.3900146484375,22.759999999999998
2018-11-06,50.9425,82.1405,53.4785,149.94,107.72,5.2765,170.24000549316406,275.1199951171875,22.737333333333332
2018-11-07,52.4875,87.7745,55.412,151.53,111.96,5.3447499999999994,175.5800018310547,281.010009765625,23.21066666666667
2018-11-08,52.1225,87.7455,54.731500000000004,147.87,111.75,5.14975,174.4600067138672,280.5,23.426666666666666
2018-11-09,51.1175,85.6215,53.851,144.96,109.57,5.14175,171.52000427246094,277.760009765625,23.36733333333333
2018-11-12,48.5425,81.8425,52.467999999999996,141.55,106.87,4.7385,166.3300018310547,272.57000732421875,22.08533333333333
2018-11-13,48.0575,81.55850000000001,52.3985,142.16,106.94,4.98275,166.47000122070312,272.0599975585937,22.582
2018-11-14,46.7,79.9505,52.729,144.22,104.97,4.92975,165.1999969482422,270.20001220703125,22.933333333333334
2018-11-15,47.8525,80.97200000000001,53.552499999999995,143.85,107.28,5.059749999999999,168.08999633789062,273.0199890136719,23.229333333333333
2018-11-16,48.3825,79.6705,53.4135,139.53,108.29,4.11075,167.5,273.7300109863281,23.62066666666667
2018-11-19,46.465,75.61449999999999,51.371,131.55,104.62,3.6174999999999997,162.05999755859375,269.1000061035156,23.564666666666668
2018-11-20,44.245,74.773,51.5225,132.43,101.71,3.7270000000000003,159.16000366210938,264.1199951171875,23.166
2018-11-21,44.195,75.8365,52.1715,134.82,103.11,3.61775,160.3699951171875,265.0199890136719,22.546
2018-11-23,43.0725,75.103,51.504999999999995,131.73,103.07,3.625,159.2100067138672,263.25,21.721999999999998
2018-11-26,43.655,79.06649999999999,52.797000000000004,136.38,106.47,3.8262500000000004,162.88999938964844,267.5,23.066666666666666
2018-11-27,43.56,79.071,52.614,135.0,107.14,3.84325,163.44000244140625,268.3999938964844,22.928
2018-11-28,45.235,83.8875,54.5895,136.76,111.12,4.0017499999999995,168.6999969482422,274.5799865722656,23.191333333333333
2018-11-29,44.8875,83.6785,54.729,138.68,110.19,3.934,168.14999389648438,273.9800109863281,22.744666666666667
2018-11-30,44.645,84.5085,55.4825,140.61,110.89,4.08575,169.3699951171875,275.6499938964844,23.365333333333336
2018-12-03,46.205,88.618,55.818,141.09,112.09,4.2509999999999994,172.3300018310547,279.29998779296875,23.899333333333335
2018-12-04,44.1725,83.42,53.1235,137.93,108.52,3.9277500000000005,165.72000122070312,270.25,23.98
2018-12-06,43.68,84.9595,53.903999999999996,139.63,109.19,3.9572499999999997,166.88999938964844,269.8399963378906,24.204
2018-12-07,42.1225,81.4565,52.32899999999999,137.42,104.82,3.6902500000000003,161.3800048828125,263.57000732421875,23.86433333333333
2018-12-10,42.4,82.0515,52.659000000000006,141.85,107.59,3.7965000000000004,163.07000732421875,264.07000732421875,24.34333333333333
2018-12-11,42.1575,82.162,53.0825,142.08,108.59,3.7047499999999998,163.61000061035156,264.1300048828125,24.450666666666667
2018-12-12,42.275,83.17699999999999,53.6865,144.5,109.08,3.7225,165.0500030517578,265.4599914550781,24.44
2018-12-13,42.7375,82.91900000000001,53.677,145.01,109.45,3.72225,165.10000610351562,265.3699951171875,25.119333333333334
2018-12-14,41.37,79.5955,52.5855,144.06,106.03,3.66125,161.0800018310547,260.4700012207031,24.380666666666666
2018-12-17,40.985,76.0455,51.282500000000006,140.19,102.89,3.5895,157.42999267578125,255.3600006103516,23.228
2018-12-18,41.5175,77.574,52.170500000000004,143.66,103.97,3.6734999999999998,158.4199981689453,255.0800018310547,22.468666666666664
2018-12-19,40.2225,74.75399999999999,51.773,133.24,103.69,3.4627499999999998,154.52999877929688,251.25999450683597,22.198
2018-12-20,39.2075,73.0415,51.179,133.4,101.51,3.3775,152.2899932861328,247.1699981689453,21.025333333333332
2018-12-21,37.6825,68.8725,49.5625,124.95,98.23,3.2392499999999997,147.57000732421875,240.6999969482422,21.317999999999998
2018-12-24,36.7075,67.19800000000001,49.2335,124.06,94.13,3.177,143.5,234.33999633789065,19.692666666666664
2018-12-26,39.2925,73.545,52.3925,134.18,100.56,3.3274999999999997,152.4600067138672,246.17999267578125,21.73933333333333
2018-12-27,39.0375,73.08200000000001,52.645,134.52,101.18,3.2792499999999998,153.0500030517578,248.07000732421875,21.075333333333333
2018-12-28,39.0575,73.901,52.334,133.2,100.39,3.34125,152.97000122070312,247.75,22.258
2018-12-31,39.435,75.0985,52.248000000000005,131.09,101.57,3.3375,154.25999450683594,249.9199981689453,22.186666666666667
2019-01-02,39.48,76.9565,52.734,135.68,101.12,3.4055,154.8800048828125,250.17999267578125,20.674666666666667
2019-01-03,35.5475,75.014,51.2735,131.74,97.4,3.19975,149.82000732421875,244.2100067138672,20.024
2019-01-04,37.065,78.76950000000001,53.903499999999994,137.95,101.93,3.40475,156.22999572753906,252.38999938964844,21.179333333333332
2019-01-07,36.9825,81.4755,53.79600000000001,138.05,102.06,3.585,158.08999633789062,254.3800048828125,22.330666666666666
2019-01-08,37.6875,82.829,54.268499999999996,142.53,102.8,3.49575,159.52000427246094,256.7699890136719,22.35666666666667
2019-01-09,38.3275,82.971,54.0825,144.23,104.27,3.5645000000000002,160.82000732421875,257.9700012207031,22.568666666666665
2019-01-10,38.45,82.811,53.9415,144.2,103.6,3.63075,161.27999877929688,258.8800048828125,22.998
2019-01-11,38.0725,82.02799999999999,53.2235,143.8,102.8,3.7207500000000002,160.69000244140625,258.9800109863281,23.150666666666666
2019-01-14,37.5,80.8605,52.5755,145.39,102.05,3.761,159.27000427246094,257.3999938964844,22.293333333333333
2019-01-15,38.2675,83.728,54.3255,148.95,105.01,3.74675,162.3800048828125,260.3500061035156,22.962
2019-01-16,38.735,84.189,54.4755,147.54,105.38,3.721,162.35000610351562,260.9800109863281,23.07
2019-01-17,38.965,84.661,54.955999999999996,148.3,106.12,3.793,163.6300048828125,262.9599914550781,23.154
2019-01-18,39.205,84.81,55.364999999999995,150.04,107.71,3.9232500000000003,165.25,266.4599914550781,20.150666666666666
2019-01-22,38.325,81.6085,53.93150000000001,147.57,105.68,3.71925,161.94000244140625,262.8599853515625,19.928
2019-01-23,38.48,82.001,54.2205,144.3,106.71,3.7322499999999996,162.14999389648438,263.4100036621094,19.172666666666665
2019-01-24,38.175,82.7465,54.2,145.83,106.2,3.946,163.1999969482422,263.54998779296875,19.434
2019-01-25,39.44,83.5285,55.0755,149.01,107.17,4.00375,165.14999389648438,265.7799987792969,19.802666666666667
2019-01-28,39.075,81.89450000000001,53.992999999999995,147.47,105.08,3.4502499999999996,163.11000061035156,263.760009765625,19.758666666666667
2019-01-29,38.67,79.694,53.503,144.19,102.94,3.29,161.57000732421875,263.4100036621094,19.830666666666666
2019-01-30,41.3125,83.5215,54.8995,150.42,106.38,3.4347499999999997,165.67999267578125,267.5799865722656,20.584666666666667
2019-01-31,41.61,85.9365,56.294500000000006,166.69,104.43,3.59375,168.16000366210938,269.92999267578125,20.468
2019-02-01,41.63,81.3115,55.931,165.71,102.78,3.6182499999999997,167.4499969482422,270.0599975585937,20.814
2019-02-04,42.8125,81.6655,57.071000000000005,169.25,105.74,3.7295000000000003,169.52999877929688,271.9599914550781,20.859333333333332
2019-02-05,43.545,82.9405,57.59349999999999,171.16,107.22,3.74875,171.02999877929688,273.1000061035156,21.423333333333336
2019-02-06,43.56,82.013,56.14450000000001,170.49,106.03,3.825,170.52000427246094,272.739990234375,21.148000000000003
2019-02-07,42.735,80.71849999999999,55.295500000000004,166.38,105.27,3.6854999999999998,168.22999572753906,270.1400146484375,20.500666666666667
2019-02-08,42.6025,79.411,55.11900000000001,167.33,105.67,3.7042499999999996,168.55999755859375,270.4700012207031,20.386666666666667
2019-02-11,42.3575,79.55,55.105999999999995,165.79,105.25,3.66125,168.39999389648438,270.6199951171875,20.855999999999998
2019-02-12,42.7225,81.9005,56.379,165.04,106.89,3.7792499999999998,170.88999938964844,274.1000061035156,20.787333333333333
2019-02-13,42.545,82.0,56.43150000000001,164.07,106.81,3.822,171.00999450683594,274.989990234375,20.544666666666668
2019-02-14,42.7,81.13250000000001,56.46,163.95,106.9,3.86325,171.22000122070312,274.3800048828125,20.25133333333333
2019-02-15,42.605,80.39750000000001,55.981500000000004,162.5,108.22,3.9335,171.94000244140625,277.3699951171875,20.525333333333332
2019-02-19,42.7325,81.37899999999999,56.3255,162.29,108.17,3.9159999999999995,172.27999877929688,277.8500061035156,20.375999999999998
2019-02-20,43.0075,81.10499999999999,56.0295,162.56,107.15,3.96375,172.25,278.4100036621094,20.170666666666666
2019-02-21,42.765,80.97200000000001,55.2105,160.04,109.41,3.8942500000000004,171.6199951171875,277.4200134277344,19.415333333333333
2019-02-22,43.2425,81.578,55.827999999999996,161.89,110.97,3.97975,172.88999938964844,279.1400146484375,19.647333333333332
2019-02-25,43.5575,81.65,55.866499999999995,164.62,111.59,3.96725,173.52000427246094,279.5199890136719,19.918
2019-02-26,43.5825,81.82000000000001,56.1005,164.13,112.36,3.9274999999999998,173.6999969482422,279.32000732421875,19.857333333333333
2019-02-27,43.7175,82.05449999999999,56.14450000000001,162.81,112.17,3.88525,173.58999633789062,279.20001220703125,20.982666666666667
2019-02-28,43.2875,81.9915,56.3275,161.45,112.03,3.8564999999999996,173.19000244140625,278.67999267578125,21.325333333333333
2019-03-01,43.7425,83.5865,57.426,162.28,112.53,3.91125,174.38999938964844,280.4200134277344,19.65266666666667
2019-03-04,43.9625,84.80850000000001,57.67100000000001,167.37,112.26,3.9195,174.4199981689453,279.3999938964844,19.024
2019-03-05,43.8825,84.6215,58.459500000000006,171.26,111.7,3.9130000000000003,174.5500030517578,279.0199890136719,18.436
2019-03-06,43.63,83.4475,58.247,172.51,111.75,3.8012500000000005,173.55999755859375,277.3299865722656,18.416
2019-03-07,43.125,81.2975,57.5425,169.13,110.39,3.7314999999999996,171.42999267578125,275.010009765625,18.43933333333333
2019-03-08,43.2275,81.03999999999999,57.4985,169.6,110.51,3.7659999999999996,171.1699981689453,274.4599914550781,18.942666666666664
2019-03-11,44.725,83.53099999999999,58.963,172.07,112.83,4.028499999999999,174.72999572753906,278.44000244140625,19.39466666666667
2019-03-12,45.2275,83.655,59.8625,171.92,113.62,4.063000000000001,175.69000244140625,279.489990234375,18.890666666666668
2019-03-13,45.4275,84.5405,59.952999999999996,173.37,114.5,4.2155000000000005,177.00999450683594,281.3399963378906,19.264
2019-03-14,45.9325,84.311,59.6265,170.17,114.59,4.139,176.7100067138672,281.1600036621094,19.330666666666666
2019-03-15,46.53,85.618,59.515,165.98,115.91,4.24525,178.35000610351562,281.3099975585937,18.362000000000002
2019-03-18,47.005,87.1075,59.427499999999995,160.47,117.57,4.22375,178.4499969482422,282.3299865722656,17.966
2019-03-19,46.6325,88.0925,60.123000000000005,161.57,117.65,4.39275,179.0500030517578,282.3999938964844,17.831333333333337
2019-03-20,47.04,89.8635,61.3215,165.44,117.52,4.36,179.75999450683594,281.54998779296875,18.240000000000002
2019-03-21,48.7725,90.963,61.80650000000001,166.08,120.22,4.5985,182.57000732421875,284.7300109863281,18.267999999999997
2019-03-22,47.7625,88.2385,60.38250000000001,164.34,117.05,4.4375,178.55999755859375,279.25,17.63533333333333
2019-03-25,47.185,88.713,59.86900000000001,166.29,117.66,4.3445,178.22000122070312,279.0400085449219,17.361333333333334
2019-03-26,46.6975,89.188,59.492,167.68,117.91,4.42175,179.0500030517578,281.1199951171875,17.851333333333333
2019-03-27,47.1175,88.285,58.9005,165.87,116.77,4.4125,177.89999389648438,279.6499938964844,18.322
2019-03-28,47.18,88.671,58.6135,165.55,116.93,4.43125,178.30999755859375,280.7099914550781,18.574666666666666
2019-03-29,47.4875,89.0375,58.844500000000004,166.69,117.94,4.489,179.66000366210938,282.4800109863281,18.657333333333334
2019-04-01,47.81,90.7095,59.949,168.7,119.02,4.557,182.0399932861328,285.8299865722656,19.278666666666666
2019-04-02,48.505,90.699,60.277,174.2,119.19,4.575,182.72999572753903,285.9700012207031,19.058666666666667
2019-04-03,48.8375,91.035,60.540499999999994,173.54,119.97,4.7155000000000005,183.77999877929688,286.4200134277344,19.454
2019-04-04,48.9225,90.943,60.972500000000004,176.02,119.36,4.7065,183.7100067138672,287.17999267578125,17.851999999999997
2019-04-05,49.25,91.864,60.572500000000005,175.72,119.89,4.77375,184.66000366210935,288.57000732421875,18.330666666666666
2019-04-08,50.025,92.493,60.414,174.93,119.93,4.79475,185.1300048828125,288.7900085449219,18.21333333333333
2019-04-09,49.875,91.792,60.1345,177.58,119.28,4.7315,184.47999572753903,287.3099975585937,18.154
2019-04-10,50.155,92.3665,60.322500000000005,177.82,120.19,4.8025,185.47000122070312,288.2900085449219,18.404
2019-04-11,49.7375,92.20349999999999,60.479499999999994,177.51,120.33,4.7885,185.02999877929688,288.2099914550781,17.89466666666667
2019-04-12,49.7175,92.15299999999999,61.1365,179.1,120.95,4.750249999999999,185.8300018310547,290.1600036621094,17.846666666666668
2019-04-15,49.8075,92.2435,61.326499999999996,179.65,121.05,4.6175,185.8600006103516,289.9700012207031,17.758666666666667
2019-04-16,49.8125,93.152,61.5955,178.87,120.77,4.70525,186.5,290.1600036621094,18.224
2019-04-17,50.7825,93.241,62.007000000000005,178.78,121.77,4.68225,187.1499938964844,289.45001220703125,18.082
2019-04-18,50.965,93.0845,62.0735,178.28,123.37,4.657500000000001,187.38999938964844,290.0199890136719,18.217333333333332
2019-04-22,51.1325,94.3655,62.688,181.44,123.76,4.71175,187.9199981689453,290.2699890136719,17.516666666666666
2019-04-23,51.87,96.1885,63.5295,183.78,125.44,4.76675,190.30999755859372,292.8800048828125,17.59333333333333
2019-04-24,51.79,95.0875,63.0025,182.58,125.01,4.779249999999999,189.7100067138672,292.2300109863281,17.244000000000003
2019-04-25,51.32,95.1125,63.367,193.26,129.15,4.67275,190.47999572753903,292.04998779296875,16.508666666666667
2019-04-26,51.075,97.53150000000001,63.871,191.49,129.89,4.45225,190.6499938964844,293.4100036621094,15.675999999999998
2019-04-29,51.1525,96.92150000000001,64.81,194.78,129.77,4.48325,191.0200042724609,293.8699951171875,16.098
2019-04-30,50.1675,96.326,59.948,193.4,130.6,4.525,189.5399932861328,294.0199890136719,15.912666666666667
2019-05-01,52.63,95.576,58.666,193.03,127.88,4.51175,188.92999267578125,291.8099975585937,15.600666666666665
2019-05-02,52.2875,95.041,58.3255,192.53,126.21,4.57975,188.1100006103516,291.17999267578125,16.273333333333333
2019-05-03,52.9375,98.123,59.4775,195.47,128.9,4.57525,191.1100006103516,294.0299987792969,17.002
2019-05-06,52.12,97.5275,59.673,193.88,128.15,4.49625,189.94000244140625,292.82000732421875,17.022666666666666
2019-05-07,50.715,96.05,58.943,189.77,125.52,4.32775,186.2400054931641,287.92999267578125,16.470666666666666
2019-05-08,50.725,95.8885,58.539,189.54,125.51,4.348,185.7700042724609,287.5299987792969,16.322666666666667
2019-05-09,50.18,94.9935,58.3985,188.65,125.5,4.25475,184.7700042724609,286.6600036621094,16.131999999999998
2019-05-10,49.295,94.499,58.382000000000005,188.34,127.13,4.2204999999999995,185.0,288.1000061035156,15.968
2019-05-13,46.43,91.134,56.829499999999996,181.54,123.35,3.9612499999999997,178.5800018310547,280.8599853515625,15.133999999999999
2019-05-14,47.165,92.006,56.242999999999995,180.73,124.73,4.051,180.5399932861328,283.3999938964844,15.487333333333334
2019-05-15,47.73,93.5575,58.54,186.27,126.02,3.9895000000000005,183.08999633789065,285.0599975585937,15.463333333333333
2019-05-16,47.52,95.3785,59.225,186.99,128.93,4.00475,184.92999267578125,287.70001220703125,15.222000000000001
2019-05-17,47.25,93.45,58.439,185.3,128.07,3.91325,183.0399932861328,285.8399963378906,14.068666666666667
2019-05-20,45.7725,92.9485,57.233000000000004,182.72,126.22,3.79375,179.9499969482422,283.95001220703125,13.690666666666667
2019-05-21,46.65,92.876,57.722,184.82,126.9,3.8765,181.8300018310547,286.510009765625,13.672
2019-05-22,45.695,92.98400000000001,57.7925,185.32,127.67,3.8049999999999997,181.0200042724609,285.6300048828125,12.848666666666666
2019-05-23,44.915,90.774,57.266999999999996,180.87,126.18,3.683,178.25,282.1400146484375,13.032666666666668
2019-05-24,44.7425,91.164,56.930499999999995,181.06,126.24,3.62875,178.16000366210938,282.7799987792969,12.708666666666666
2019-05-28,44.5575,91.8215,56.977999999999994,184.31,126.16,3.5832500000000005,177.49000549316406,280.1499938964844,12.58
2019-05-29,44.345,90.9595,55.997,182.19,124.94,3.5085,176.02999877929688,278.2699890136719,12.657333333333334
2019-05-30,44.575,90.816,56.0705,183.01,125.73,3.4777500000000003,176.77000427246094,279.0299987792969,12.548
2019-05-31,43.7675,88.7535,55.325,177.47,123.68,3.3865000000000003,173.9499969482422,275.2699890136719,12.344
2019-06-03,43.325,84.6345,51.937,164.15,119.84,3.3445,170.1199951171875,274.57000732421875,11.931333333333333
2019-06-04,44.91,86.478,52.7245,167.5,123.16,3.575,174.91000366210938,280.5299987792969,12.906666666666666
2019-06-05,45.635,86.925,52.232000000000006,168.17,125.83,3.532,176.2100067138672,282.9599914550781,13.106
2019-06-06,46.305,87.71799999999999,52.388,168.33,127.82,3.5945,177.61000061035156,284.79998779296875,13.729999999999999
2019-06-07,47.5375,90.2015,53.418499999999995,173.35,131.4,3.6375,181.0399932861328,287.6499938964844,13.633333333333333
2019-06-10,48.145,93.03150000000001,54.138,174.82,132.6,3.71075,183.1499938964844,288.9700012207031,14.192
2019-06-11,48.7025,93.185,54.052,178.1,132.1,3.76875,183.3999938964844,288.8999938964844,14.473333333333333
2019-06-12,48.5475,92.76599999999999,53.955,175.04,131.49,3.655,182.33999633789065,288.3900146484375,13.950666666666667
2019-06-13,48.5375,93.515,54.5505,177.47,132.32,3.7064999999999997,183.4199981689453,289.5799865722656,14.260666666666667
2019-06-14,48.185,93.4835,54.315,181.33,132.45,3.6159999999999997,182.63999938964844,289.260009765625,14.328
2019-06-17,48.4725,94.3015,54.694500000000005,189.01,132.85,3.62575,183.7400054931641,289.3699951171875,15.002
2019-06-18,49.6125,95.0685,55.262,188.47,135.16,3.822,186.41000366210935,292.3999938964844,14.982666666666667
2019-06-19,49.4675,95.4395,55.2255,187.48,135.69,3.8280000000000003,187.1100006103516,293.0599975585937,15.095333333333334
2019-06-20,49.865,95.90950000000001,55.660000000000004,189.53,136.95,3.8525,188.8500061035156,295.8599853515625,14.641333333333334
2019-06-21,49.695,95.565,56.268499999999996,191.14,136.97,3.7939999999999996,188.57000732421875,294.0,14.790666666666668
2019-06-24,49.645,95.69500000000001,55.835,192.6,137.78,3.8165,188.16000366210935,293.6400146484375,14.909333333333333
2019-06-25,48.8925,93.9135,54.379,188.84,133.43,3.787,184.92999267578125,290.760009765625,14.650666666666666
2019-06-26,49.95,94.8915,54.016,187.66,133.93,3.9814999999999996,185.7899932861328,290.4700012207031,14.618
2019-06-27,49.935,95.214,53.831500000000005,189.5,134.15,4.08075,186.5,291.5,14.856
2019-06-28,49.48,94.6815,54.14,193.0,133.96,4.10575,186.7400054931641,293.0,14.897333333333334
2019-07-01,50.3875,96.1095,55.0,193.0,135.68,4.154249999999999,189.25999450683597,295.6600036621094,15.144666666666666
2019-07-02,50.6825,96.71549999999999,55.629999999999995,195.0,136.58,4.05575,190.00999450683597,296.42999267578125,14.97
2019-07-03,51.1025,96.95,56.1495,197.2,137.46,4.06875,191.44000244140625,298.79998779296875,15.66
2019-07-05,51.0575,97.1455,56.63325,196.4,137.06,4.00575,191.0500030517578,298.4599914550781,15.54
2019-07-08,50.005,97.616,55.8395,195.76,136.96,3.93025,189.7100067138672,296.82000732421875,15.356
2019-07-09,50.31,99.41499999999999,56.2145,199.21,136.46,3.93275,190.66000366210935,297.19000244140625,15.337333333333333
2019-07-10,50.8075,100.8705,57.045500000000004,202.73,137.85,4.0015,192.55999755859372,298.6099853515625,15.927999999999999
2019-07-11,50.4375,100.0535,57.20399999999999,201.23,138.4,4.157,192.4199981689453,299.3099975585937,15.906666666666666
2019-07-12,50.825,100.55,57.266999999999996,204.87,138.9,4.190250000000001,193.52999877929688,300.6499938964844,16.33866666666667
2019-07-15,51.3025,101.0495,57.5255,203.91,138.9,4.18175,194.1499938964844,300.75,16.9
2019-07-16,51.125,100.495,57.673,203.84,137.08,4.1770000000000005,193.1499938964844,299.7799987792969,16.825333333333333
2019-07-17,50.8375,99.6015,57.337,201.8,136.27,4.24275,192.1999969482422,297.739990234375,16.990666666666666
2019-07-18,51.415,98.89500000000001,57.362,200.78,136.42,4.2545,192.4199981689453,298.8299865722656,16.902666666666665
2019-07-19,50.6475,98.226,56.5775,198.36,136.62,4.211,191.00999450683597,297.1700134277344,17.212
2019-07-22,51.805,99.28150000000001,56.9605,202.32,138.43,4.2829999999999995,192.52999877929688,297.8999938964844,17.045333333333335
2019-07-23,52.21,99.7245,57.402499999999996,202.36,139.29,4.3915,193.7899932861328,300.0299987792969,17.34466666666667
2019-07-24,52.1675,100.0405,56.9865,204.66,140.72,4.4665,195.1499938964844,301.44000244140625,17.658666666666665
2019-07-25,51.755,98.691,56.797000000000004,200.71,140.19,4.3345,193.3000030517578,300.0,15.254666666666667
2019-07-26,51.935,97.1525,62.261,199.75,141.34,4.3767499999999995,195.2899932861328,302.010009765625,15.202666666666666
2019-07-29,52.42,95.6225,62.092,195.94,141.03,4.3705,194.6199951171875,301.4599914550781,15.718
2019-07-30,52.195,94.9265,61.4,197.04,140.35,4.3862499999999995,193.77999877929688,300.7200012207031,16.150666666666666
2019-07-31,53.26,93.339,60.910000000000004,194.23,136.27,4.218,191.1000061035156,297.42999267578125,16.107333333333333
2019-08-01,52.1075,92.76599999999999,60.589,192.73,138.06,4.122999999999999,190.1499938964844,294.8399963378906,15.59
2019-08-02,51.005,91.162,59.815999999999995,189.02,136.9,4.02975,187.3500061035156,292.6199951171875,15.622666666666667
2019-08-05,48.335,88.2565,57.7375,181.73,132.21,3.7697499999999997,180.72999572753903,283.82000732421875,15.221333333333332
2019-08-06,49.25,89.3915,58.553999999999995,184.51,134.69,3.80875,183.25999450683597,287.79998779296875,15.383333333333333
2019-08-07,49.76,89.67,58.795500000000004,185.15,135.28,3.84725,184.25,287.9700012207031,15.561333333333332
2019-08-08,50.8575,91.64450000000001,60.3095,190.16,138.89,3.9564999999999997,188.25999450683597,293.6199951171875,15.886666666666667
2019-08-09,50.2475,90.37899999999999,59.44500000000001,187.85,137.71,3.8545000000000003,186.4900054931641,291.6199951171875,15.667333333333334
2019-08-12,50.12,89.24600000000001,58.725,185.37,135.79,3.78625,184.3500061035156,288.07000732421875,15.267333333333333
2019-08-13,52.2425,91.217,59.8365,188.45,138.6,3.90125,188.38999938964844,292.54998779296875,15.666666666666666
2019-08-14,50.6875,88.148,58.2125,179.71,133.98,3.75175,182.75999450683597,283.8999938964844,14.641333333333334
2019-08-15,50.435,88.806,58.465999999999994,182.59,133.68,3.71925,182.5500030517578,284.6499938964844,14.376
2019-08-16,51.625,89.6285,58.9605,183.7,136.13,3.989,185.47999572753903,288.8500061035156,14.662666666666667
2019-08-19,52.5875,90.806,60.022000000000006,186.17,138.41,4.2695,188.42999267578125,292.3299865722656,15.122000000000002
2019-08-20,52.59,90.069,59.1765,183.81,137.26,4.19675,186.97000122070312,290.0899963378906,15.057333333333334
2019-08-21,53.16,91.17699999999999,59.57899999999999,183.55,138.79,4.280749999999999,188.6300048828125,292.45001220703125,14.722000000000001
2019-08-22,53.115,90.28,59.576,182.04,137.78,4.287,188.0200042724609,292.3599853515625,14.81
2019-08-23,50.66,87.481,57.678999999999995,177.75,133.39,4.061,182.07000732421875,284.8500061035156,14.093333333333334
2019-08-26,51.6225,88.4435,58.559000000000005,180.36,135.45,4.1362499999999995,184.82000732421875,288.0,14.333333333333334
2019-08-27,51.04,88.0915,58.541,181.3,135.74,4.045,184.42999267578125,286.8699951171875,14.272
2019-08-28,51.3825,88.2125,58.6875,181.76,135.56,4.0305,185.08999633789065,288.8900146484375,14.372666666666667
2019-08-29,52.2525,89.32000000000001,59.712,185.57,138.12,4.175,187.9199981689453,292.5799865722656,14.780666666666667
2019-08-30,52.185,88.8145,59.5265,185.67,137.86,4.187749999999999,187.47000122070312,292.45001220703125,15.040666666666668
2019-09-03,51.425,89.49199999999999,58.4775,182.39,136.04,4.1042499999999995,185.6499938964844,290.739990234375,15.000666666666666
2019-09-04,52.2975,90.03099999999999,59.1135,187.14,137.63,4.218999999999999,188.3300018310547,294.0400085449219,14.712
2019-09-05,53.32,92.036,60.609500000000004,190.9,140.05,4.4935,191.77999877929688,297.82000732421875,15.305333333333333
2019-09-06,53.315,91.6755,60.315999999999995,187.49,139.1,4.4662500000000005,191.58999633789065,298.04998779296875,15.163333333333332
2019-09-09,53.5425,91.5675,60.2635,188.76,137.52,4.5125,191.19000244140625,298.20001220703125,15.452666666666666
2019-09-10,54.175,91.0275,60.285000000000004,186.17,136.08,4.5795,190.63999938964844,298.1300048828125,15.702666666666666
2019-09-11,55.8975,91.1495,61.0,188.49,136.12,4.60825,192.42999267578125,300.25,16.473333333333333
2019-09-12,55.77125,92.1775,61.7485,187.47,137.52,4.60675,193.22999572753903,301.2900085449219,16.391333333333332
2019-09-13,54.6875,91.967,62.0015,187.19,137.32,4.5485,192.5399932861328,301.0899963378906,16.346666666666668
2019-09-16,54.975,90.392,61.581500000000005,186.22,136.33,4.50525,191.67999267578125,300.1600036621094,16.187333333333335
2019-09-17,55.175,91.1275,61.49400000000001,188.08,137.39,4.52675,192.6000061035156,300.9200134277344,16.319333333333333
2019-09-18,55.6925,90.873,61.63250000000001,188.14,138.52,4.499499999999999,192.5200042724609,301.1000061035156,16.232666666666667
2019-09-19,55.24,91.075,61.9375,190.14,141.07,4.4235,192.83999633789065,301.0799865722656,16.44
2019-09-20,54.4325,89.708,61.492,189.93,139.44,4.31725,190.8000030517578,298.2799987792969,16.041333333333334
2019-09-23,54.68,89.265,61.734500000000004,186.82,139.14,4.371,190.5,298.2099914550781,16.082
2019-09-24,54.42,87.0805,60.9165,181.28,137.38,4.31325,187.97000122070312,295.8699951171875,14.880666666666666
2019-09-25,55.2575,88.4165,62.297000000000004,182.8,139.36,4.45575,190.0800018310547,297.6199951171875,15.246666666666666
2019-09-26,54.9725,86.99199999999999,62.1145,180.11,139.54,4.4335,189.3800048828125,297.0,16.170666666666666
2019-09-27,54.705,86.27250000000001,61.2975,177.1,137.73,4.294,187.02999877929688,295.3999938964844,16.142
2019-09-30,55.9925,86.7955,61.057,178.08,139.03,4.35175,188.80999755859372,296.7699890136719,16.058
2019-10-01,56.1475,86.7825,60.3,175.81,137.07,4.35,187.2700042724609,293.239990234375,16.312666666666665
2019-10-02,54.74,85.6615,58.896,174.6,134.65,4.326,184.0500030517578,288.0599975585937,16.208666666666666
2019-10-03,55.205,86.221,59.471500000000006,179.38,136.28,4.53275,186.07000732421875,290.4200134277344,15.535333333333334
2019-10-04,56.7525,86.9825,60.548,180.45,138.12,4.54925,188.80999755859372,294.3500061035156,15.428666666666667
2019-10-07,56.765,86.63300000000001,60.4125,179.68,137.12,4.60825,188.2400054931641,293.0799865722656,15.848
2019-10-08,56.1,85.2755,59.5065,177.75,135.67,4.43075,185.4199981689453,288.5299987792969,16.003333333333334
2019-10-09,56.7575,86.0995,60.120000000000005,179.85,138.24,4.51775,187.22999572753903,291.2699890136719,16.302
2019-10-10,57.5225,86.013,60.4735,180.03,139.1,4.57575,188.67999267578125,293.239990234375,16.316
2019-10-11,59.0525,86.596,60.7855,184.19,139.68,4.64975,191.1100006103516,296.2799987792969,16.526
2019-10-14,58.9675,86.8215,60.8885,183.28,139.55,4.66325,191.08999633789065,295.95001220703125,17.130666666666666
2019-10-15,58.83,88.369,62.112,188.89,141.575,4.90925,193.5200042724609,298.8800048828125,17.192666666666664
2019-10-16,58.5925,88.8715,62.15,189.55,140.41,4.85525,193.0399932861328,298.3999938964844,17.316666666666666
2019-10-17,58.82,89.374,62.64,190.39,139.69,4.85725,193.5500030517578,299.2799987792969,17.46466666666667
2019-10-18,59.1025,87.8755,62.2205,185.85,137.41,4.76225,191.69000244140625,297.9700012207031,17.13
2019-10-21,60.1275,89.283,62.214,189.76,138.43,4.90025,193.38999938964844,299.989990234375,16.9
2019-10-22,59.99,88.2865,62.06,182.34,136.37,4.89025,191.8500061035156,299.010009765625,17.038666666666668
2019-10-23,60.795,88.1085,62.8815,186.15,137.24,4.87725,192.22000122070312,299.8800048828125,16.978666666666665
2019-10-24,60.895,89.039,62.955499999999994,186.38,139.94,4.9215,194.08999633789065,300.3699951171875,19.978666666666665
2019-10-25,61.645,88.06649999999999,63.214999999999996,187.89,140.73,5.1135,195.63999938964844,301.6000061035156,21.875333333333334
2019-10-28,62.2625,88.854,64.449,189.4,144.19,5.16975,197.57000732421875,303.29998779296875,21.84733333333333
2019-10-29,60.8225,88.13550000000001,63.033,189.31,142.83,5.0729999999999995,196.0399932861328,303.2099914550781,21.081333333333337
2019-10-30,60.815,88.9995,63.035000000000004,188.25,144.61,5.075,196.9900054931641,304.1400146484375,21.000666666666667
2019-10-31,62.19,88.833,62.94,191.65,143.37,5.0255,197.0800018310547,303.3299865722656,20.994666666666667
2019-11-01,63.955,89.572,63.6125,193.62,143.72,5.06475,198.8699951171875,306.1400146484375,20.887333333333334
2019-11-04,64.375,90.233,64.48049999999999,194.72,144.55,5.2625,200.1000061035156,307.3699951171875,21.16466666666667
2019-11-05,64.2825,90.0855,64.572,194.32,144.46,5.2402500000000005,200.2100067138672,307.0299987792969,21.148000000000003
2019-11-06,64.31,89.7885,64.5505,191.55,144.06,5.1907499999999995,199.75999450683597,307.1000061035156,21.772
2019-11-07,64.8575,89.41,65.34700000000001,190.42,144.26,5.2085,200.42999267578125,308.17999267578125,22.369333333333334
2019-11-08,65.035,89.29400000000001,65.45,190.84,145.96,5.1945,201.22999572753903,308.94000244140625,22.476
2019-11-11,65.55,88.58250000000001,64.914,189.61,146.11,5.2045,200.9600067138672,308.3500061035156,23.005999999999997
2019-11-12,65.49,88.9,64.8605,194.47,147.07,5.2402500000000005,201.5399932861328,309.0,23.328666666666667
2019-11-13,66.1175,87.65549999999999,64.809,193.19,147.31,5.21425,201.58999633789065,309.1000061035156,23.074
2019-11-14,65.66,87.72999999999999,65.45750000000001,193.15,148.06,5.24475,201.42999267578125,309.54998779296875,23.290000000000003
2019-11-15,66.44,86.9745,66.67699999999999,195.1,149.97,5.10475,202.91000366210935,311.7900085449219,23.478
2019-11-18,66.775,87.6265,65.99199999999999,197.4,150.34,5.307,203.07000732421875,312.0199890136719,23.332666666666668
2019-11-19,66.5725,87.6395,65.6295,199.32,150.39,5.19975,203.3699951171875,311.92999267578125,23.968
2019-11-20,65.7975,87.2765,65.09299999999999,197.51,149.62,5.2795000000000005,202.1499938964844,310.7699890136719,23.481333333333335
2019-11-21,65.5025,86.7355,65.007,197.93,149.48,5.2545,201.6999969482422,310.2699890136719,23.65533333333333
2019-11-22,65.445,87.286,64.68350000000001,198.82,149.59,5.27225,201.8300018310547,310.9599914550781,22.20266666666667
2019-11-25,66.5925,88.692,65.28200000000001,199.79,151.23,5.5302500000000006,204.22000122070312,313.3699951171875,22.422666666666665
2019-11-26,66.0725,89.84700000000001,65.65,198.97,152.03,5.425,204.6100006103516,314.0799865722656,21.928
2019-11-27,66.96,90.9255,65.60650000000001,202.0,152.32,5.456,206.0399932861328,315.4800109863281,22.086000000000002
2019-11-29,66.8125,90.03999999999999,65.2045,201.64,151.38,5.4185,205.1000061035156,314.3099975585937,21.996
2019-12-02,66.04,89.08,64.443,199.7,149.55,5.23125,203.0,311.6400146484375,22.324666666666666
2019-12-03,64.8625,88.498,64.737,198.82,149.31,5.1915,201.41000366210935,309.54998779296875,22.413333333333334
2019-12-04,65.435,88.03450000000001,65.947,198.71,149.85,5.2355,202.42999267578125,311.4599914550781,22.201999999999998
2019-12-05,66.395,87.024,66.348,199.36,149.93,5.218500000000001,202.8300018310547,312.0199890136719,22.02466666666667
2019-12-06,67.6775,87.58,66.96950000000001,201.05,151.75,5.30425,205.0,314.8699951171875,22.392666666666667
2019-12-09,66.73,87.4755,67.1495,201.34,151.36,5.30425,204.07000732421875,313.8800048828125,22.63533333333333
2019-12-10,67.12,86.9605,67.14450000000001,200.87,151.13,5.3495,203.8999938964844,313.5299987792969,23.255999999999997
2019-12-11,67.6925,87.436,67.2125,202.26,151.7,5.4335,204.97999572753903,314.4200134277344,23.513333333333332
2019-12-12,67.865,88.0165,67.4245,196.75,153.24,5.60175,206.50999450683597,317.1300048828125,23.978666666666665
2019-12-13,68.7875,88.047,67.34349999999999,194.11,154.53,5.59975,207.19000244140625,317.32000732421875,23.892666666666667
2019-12-16,69.965,88.4605,68.035,197.92,155.53,5.62875,209.2700042724609,319.5,25.433333333333334
2019-12-17,70.1025,89.533,67.7445,198.39,154.69,5.70725,209.38999938964844,319.57000732421875,25.266000000000002
2019-12-18,69.935,89.2015,67.5955,202.5,154.37,5.73775,209.5500030517578,319.5899963378906,26.209999999999997
2019-12-19,70.005,89.614,67.822,206.06,155.71,5.8865,210.8600006103516,320.8999938964844,26.936
2019-12-20,69.86,89.325,67.561,206.3,157.41,5.98425,211.7100067138672,320.7300109863281,27.03933333333333
2019-12-23,71.0,89.65,67.53150000000001,206.18,157.41,5.9704999999999995,211.80999755859372,321.2200012207031,27.948
2019-12-24,71.0675,89.4605,67.2215,205.12,157.38,5.9655000000000005,211.9199981689453,321.2300109863281,28.35
2019-12-26,72.4775,93.4385,68.1235,207.79,158.67,5.97975,213.7899932861328,322.94000244140625,28.729333333333333
2019-12-27,72.45,93.49,67.732,208.1,158.96,5.92175,213.6100006103516,322.8599853515625,28.692
2019-12-30,72.88,92.34450000000001,66.9855,204.41,157.59,5.808,212.2100067138672,321.0799865722656,27.646666666666665
2019-12-31,73.4125,92.392,66.96950000000001,205.25,157.7,5.8825,212.6100006103516,321.8599853515625,27.888666666666666
2020-01-02,75.0875,94.9005,68.434,209.78,160.62,5.99775,216.16000366210935,324.8699951171875,28.684
2020-01-03,74.3575,93.7485,68.076,208.67,158.62,5.90175,214.17999267578125,322.4100036621094,29.534
2020-01-06,74.95,95.144,69.8905,212.6,159.03,5.9265,215.55999755859372,323.6400146484375,30.102666666666668
2020-01-07,74.5975,95.34299999999999,69.7555,213.06,157.58,5.9982500000000005,215.52999877929688,322.7300109863281,31.270666666666667
2020-01-08,75.7975,94.5985,70.252,215.22,160.09,6.0095,217.1499938964844,324.45001220703125,32.809333333333335
2020-01-09,77.4075,95.0525,70.98949999999999,218.3,162.09,6.0755,218.9900054931641,326.6499938964844,32.08933333333333
2020-01-10,77.5825,94.158,71.44800000000001,218.06,161.34,6.108,218.42999267578125,325.7099914550781,31.876666666666665
2020-01-13,79.24,94.565,72.0015,221.91,163.28,6.2995,220.9499969482422,327.95001220703125,34.99066666666667
2020-01-14,78.17,93.47200000000001,71.5295,219.06,162.13,6.182,220.0800018310547,327.45001220703125,35.86133333333333
2020-01-15,77.835,93.101,71.96000000000001,221.15,163.18,6.13925,220.1699981689453,328.19000244140625,34.56666666666667
2020-01-16,78.81,93.897,72.50800000000001,221.77,166.17,6.22325,222.27999877929688,330.9200134277344,34.23266666666667
2020-01-17,79.6825,93.236,73.976,222.14,167.1,6.232,223.3800048828125,331.95001220703125,34.03333333333333
2020-01-21,79.1425,94.6,74.1125,221.44,166.5,6.1985,223.27999877929688,331.29998779296875,36.480000000000004
2020-01-22,79.425,94.373,74.2085,221.32,165.7,6.251250000000001,223.8699951171875,331.3399963378906,37.970666666666666
2020-01-23,79.8075,94.229,74.2345,219.76,166.72,6.3215,224.58999633789065,331.7200012207031,38.14666666666667
2020-01-24,79.5775,93.08200000000001,73.30850000000001,217.94,165.04,6.262,222.6999969482422,328.7699890136719,37.65466666666667
2020-01-27,77.2375,91.417,71.5865,214.87,162.28,6.005,218.1000061035156,323.5,37.20133333333333
2020-01-28,79.4225,92.6625,72.525,217.79,165.46,6.19925,221.4499969482422,326.8900146484375,37.79333333333333
2020-01-29,81.085,92.9,72.83500000000001,223.23,168.04,6.1385,221.80999755859372,326.6199951171875,38.73266666666667
2020-01-30,80.9675,93.534,72.7125,209.53,172.78,6.14525,222.6000061035156,327.67999267578125,42.720666666666666
2020-01-31,77.3775,100.436,71.639,201.91,170.23,5.91075,219.07000732421875,321.7300109863281,43.37133333333334
2020-02-03,77.165,100.21000000000001,74.13,204.19,174.38,6.00825,222.3800048828125,324.1199951171875,52.0
2020-02-04,79.7125,102.4835,72.2705,209.83,180.12,6.17825,227.47000122070312,329.0599975585937,59.13733333333333
2020-02-05,80.3625,101.9935,72.3025,210.11,179.9,6.269,228.22000122070312,332.8599853515625,48.980000000000004
2020-02-06,81.3025,102.5115,73.7985,210.85,183.63,6.3561250000000005,230.19000244140625,333.9800109863281,49.93066666666667
2020-02-07,80.0075,103.96400000000001,73.9555,212.33,183.89,6.28975,229.1999969482422,332.20001220703125,49.87133333333334
2020-02-10,80.3875,106.6955,75.433,213.06,188.7,6.574250000000001,231.97000122070312,334.67999267578125,51.41866666666667
2020-02-11,79.9025,107.54,75.503,207.19,184.44,6.6972499999999995,232.00999450683597,335.260009765625,51.62533333333333
2020-02-12,81.8,108.0,75.9315,210.76,184.71,6.8135,234.2700042724609,337.4200134277344,51.15266666666666
2020-02-13,81.2175,107.4935,75.6695,213.14,183.71,6.769499999999999,233.97000122070312,337.0599975585937,53.6
2020-02-14,81.2375,106.7435,75.9365,214.18,185.35,7.244750000000001,234.63999938964844,337.6000061035156,53.33533333333333
2020-02-18,79.75,107.7835,75.97200000000001,217.8,187.23,7.41425,234.72999572753903,336.7300109863281,57.22666666666667
2020-02-19,80.905,108.511,76.2435,217.49,187.28,7.8675,236.97999572753903,338.3399963378906,61.16133333333333
2020-02-20,80.075,107.655,75.8495,214.58,184.42,7.717499999999999,234.77999877929688,336.95001220703125,59.96066666666666
2020-02-21,78.2625,104.79849999999999,74.173,210.18,178.59,7.35175,230.2700042724609,333.4800109863281,60.06666666666667
2020-02-24,74.545,100.4645,70.993,200.72,170.89,6.831999999999999,221.38999938964844,322.4200134277344,55.586
2020-02-25,72.02,98.637,69.316,196.77,168.07,6.5512500000000005,215.3699951171875,312.6499938964844,53.32733333333333
2020-02-26,73.1625,98.9795,69.5235,197.2,170.17,6.691249999999999,216.47999572753903,311.5,51.919999999999995
2020-02-27,68.38,94.215,65.7475,189.75,158.18,6.3149999999999995,205.63999938964844,297.510009765625,45.266666666666666
2020-02-28,68.34,94.1875,66.9625,192.47,162.01,6.7517499999999995,205.8000030517578,296.260009765625,44.532666666666664
2020-03-02,74.7025,97.6975,69.316,196.44,172.79,6.91075,216.4199981689453,309.0899963378906,49.574666666666666
2020-03-03,72.33,95.4495,66.886,185.89,164.51,6.64725,209.47999572753903,300.239990234375,49.70066666666666
2020-03-04,75.685,98.7915,69.08,191.76,170.55,7.11275,218.22000122070312,312.8599853515625,49.96666666666667
2020-03-05,73.23,96.2015,65.738,185.17,166.27,6.83225,211.58999633789065,302.4599914550781,48.30266666666667
2020-03-06,72.2575,95.05449999999999,64.787,181.09,161.57,6.651000000000001,208.0200042724609,297.4599914550781,46.89866666666667
2020-03-09,66.5425,90.03049999999999,60.7895,169.5,150.62,6.136,193.57000732421875,274.2300109863281,40.53333333333333
2020-03-10,71.335,94.591,63.758500000000005,178.19,160.92,6.526999999999999,204.1100006103516,288.4200134277344,43.022000000000006
2020-03-11,68.8575,91.04299999999999,60.545,170.24,153.63,6.16175,195.22000122070312,274.3599853515625,42.282000000000004
2020-03-12,62.0575,83.8305,55.5775,154.47,139.06,5.40775,177.32000732421875,248.1100006103516,37.37
2020-03-13,69.4925,89.25,60.713499999999996,170.28,158.83,6.021,192.33999633789065,269.32000732421875,36.44133333333333
2020-03-16,60.5525,84.45750000000001,53.65,146.01,135.42,4.91,169.3000030517578,239.8500061035156,29.671333333333333
2020-03-17,63.215,90.392,55.903,149.42,146.57,5.43175,182.13999938964844,252.8000030517578,28.68
2020-03-18,61.6675,91.5,54.5595,146.96,140.4,5.0705,176.60000610351562,240.0,24.081333333333337
2020-03-19,61.195,94.04650000000001,55.5835,153.13,142.71,5.32425,177.66000366210938,240.50999450683597,28.509333333333334
2020-03-20,57.31,92.30449999999999,53.4105,149.73,137.35,5.14375,170.6999969482422,228.8000030517578,28.502
2020-03-23,56.0925,95.1415,52.706500000000005,148.1,135.98,5.31725,170.4600067138672,222.9499969482422,28.95266666666667
2020-03-24,61.72,97.005,56.5005,160.98,148.34,6.2295,183.66000366210935,243.1499938964844,33.666666666666664
2020-03-25,61.38,94.292,55.080999999999996,156.21,146.92,6.1405,182.3000030517578,246.7899932861328,35.95
2020-03-26,64.61,97.7745,58.146,163.34,156.11,6.431,191.8999938964844,261.20001220703125,35.21066666666666
2020-03-27,61.935,95.005,55.513,156.79,149.7,6.31825,185.3000030517578,253.4199981689453,34.29066666666667
2020-03-30,63.7025,98.1975,57.3155,165.95,160.23,6.639749999999999,192.0399932861328,261.6499938964844,33.47533333333333
2020-03-31,63.5725,97.486,58.097500000000004,166.8,157.71,6.590000000000001,190.3999938964844,257.75,34.93333333333333
2020-04-01,60.2275,95.385,55.105,159.6,152.11,6.07675,182.30999755859372,246.1499938964844,32.104
2020-04-02,61.2325,95.94149999999999,55.8515,158.19,155.26,6.38675,186.00999450683597,251.8300018310547,30.298000000000002
2020-04-03,60.3525,95.3295,54.635000000000005,154.18,153.83,6.09775,183.3699951171875,248.19000244140625,32.00066666666667
2020-04-06,65.6175,99.8795,59.1595,165.55,165.27,6.709999999999999,196.47999572753903,264.8599853515625,34.416000000000004
2020-04-07,64.8575,100.58,59.128,168.83,163.49,6.47575,196.3999938964844,265.1300048828125,36.36333333333334
2020-04-08,66.5175,102.15,60.35,174.28,165.13,6.67375,200.57000732421875,274.0299987792969,36.589333333333336
2020-04-09,66.9975,102.138,60.3285,175.19,165.14,6.5737499999999995,200.8600006103516,278.20001220703125,38.2
2020-04-13,68.3125,108.4435,60.520500000000006,174.79,165.51,6.746250000000001,203.02999877929688,275.6600036621094,43.39666666666667
2020-04-14,71.7625,114.16600000000001,63.2615,178.17,173.7,7.09875,211.8600006103516,283.7900085449219,47.326
2020-04-15,71.1075,115.38399999999999,62.864999999999995,176.97,171.88,7.020999999999999,209.42999267578125,277.760009765625,48.65533333333334
2020-04-16,71.6725,120.40950000000001,62.871500000000005,176.25,177.04,7.3675,213.25,279.1000061035156,49.68066666666667
2020-04-17,70.7,118.75,63.95,179.24,178.6,7.308,215.2899932861328,286.6400146484375,50.25933333333333
2020-04-20,69.2325,119.68050000000001,63.057500000000005,178.24,175.06,7.1762500000000005,212.7400054931641,281.5899963378906,49.757333333333335
2020-04-21,67.0925,116.40599999999999,60.608000000000004,170.8,167.82,6.73775,204.88999938964844,273.0400085449219,45.781333333333336
2020-04-22,69.025,118.1745,62.920500000000004,182.28,173.52,7.15375,210.97000122070312,279.1000061035156,48.80733333333333
2020-04-23,68.7575,119.9725,63.5585,185.13,171.42,7.10025,210.5200042724609,279.0799865722656,47.042
2020-04-24,70.7425,120.511,63.83,190.07,174.55,7.239749999999999,213.83999633789065,282.9700012207031,48.343333333333334
2020-04-27,70.7925,118.8,63.54299999999999,187.5,174.05,7.427,215.55999755859372,287.04998779296875,53.25
2020-04-28,69.645,115.704,61.62949999999999,182.91,169.81,7.284000000000001,211.5,285.7300109863281,51.27466666666667
2020-04-29,71.9325,118.63550000000001,67.10900000000001,194.19,177.43,7.461499999999999,219.0,293.2099914550781,53.367333333333335
2020-04-30,73.45,123.7,67.33500000000001,204.71,179.21,7.3069999999999995,218.91000366210935,290.4800109863281,52.12533333333333
2020-05-01,72.2675,114.30199999999999,65.866,202.27,174.57,7.0695,212.7400054931641,282.7900085449219,46.75466666666667
2020-05-04,73.29,115.7995,66.14500000000001,205.26,178.84,7.282125000000001,215.22000122070312,283.57000732421875,50.746
2020-05-05,74.39,115.89000000000001,67.451,207.07,180.76,7.343500000000001,217.66000366210935,286.19000244140625,51.214000000000006
2020-05-06,75.1575,117.56300000000002,67.2715,208.47,182.54,7.444750000000001,219.0,284.25,52.172000000000004
2020-05-07,75.935,118.38050000000001,68.464,211.26,183.6,7.6217500000000005,221.82000732421875,287.67999267578125,52.00266666666666
2020-05-08,77.5325,118.9805,69.217,212.35,184.68,7.8125,224.8600006103516,292.44000244140625,54.628
2020-05-11,78.7525,120.45,70.17949999999999,213.18,186.74,8.0655,226.8699951171875,292.5,54.086
2020-05-12,77.8525,117.8475,68.759,210.1,182.51,7.8025,222.1199951171875,286.6700134277344,53.96066666666666
2020-05-13,76.9125,118.396,67.4165,205.1,179.75,7.779999999999999,219.33999633789065,281.6000061035156,52.73066666666667
2020-05-14,77.385,119.4425,67.84299999999999,206.81,180.53,8.0305,221.8300018310547,284.9700012207031,53.55533333333334
2020-05-15,76.9275,120.489,68.65299999999999,210.88,183.16,8.49075,223.2700042724609,286.2799987792969,53.278
2020-05-18,78.74,121.31300000000002,69.259,213.19,184.91,8.75025,227.42999267578125,295.0,54.242
2020-05-19,78.285,122.4665,68.72,216.88,183.63,8.8055,226.8600006103516,291.9700012207031,53.867333333333335
2020-05-20,79.8075,124.897,70.458,229.97,185.66,8.97,231.38999938964844,296.92999267578125,54.370666666666665
2020-05-21,79.2125,122.33699999999999,70.3375,231.39,183.43,8.77525,228.8699951171875,294.8800048828125,55.17333333333333
2020-05-22,79.7225,121.84400000000001,70.662,234.91,183.51,9.026250000000001,229.66000366210935,295.44000244140625,54.458666666666666
2020-05-26,79.1825,121.093,71.0685,232.2,181.57,8.717749999999999,229.0399932861328,299.0799865722656,54.59133333333333
2020-05-27,79.5275,120.5195,71.014,229.14,181.81,8.52525,230.2899932861328,303.5299987792969,54.682
2020-05-28,79.5625,120.05499999999999,70.912,225.46,181.4,8.487,229.9900054931641,302.9700012207031,53.720666666666666
2020-05-29,79.485,122.1185,71.676,225.09,183.25,8.875499999999999,233.3600006103516,304.32000732421875,55.666666666666664
2020-06-01,80.4625,123.55199999999999,71.7435,231.91,182.83,8.80625,234.05999755859372,305.54998779296875,59.873333333333335
2020-06-02,80.835,123.62049999999999,72.1155,232.72,184.91,8.82525,235.6300048828125,308.0799865722656,58.77066666666666
2020-06-03,81.28,123.92,71.9625,230.16,185.36,8.769499999999999,236.69000244140625,312.17999267578125,58.864000000000004
2020-06-04,80.58,123.03,70.715,226.29,182.92,8.7665,235.02999877929688,311.3599853515625,57.62533333333333
2020-06-05,82.875,124.15,72.001,230.77,187.2,8.92,239.69000244140625,319.3399963378906,59.044
2020-06-08,83.365,126.203,72.402,231.4,188.36,8.805,241.5500030517578,323.20001220703125,63.327999999999996
2020-06-09,85.9975,130.043,72.604,238.67,189.8,9.046,243.3000030517578,320.7900085449219,62.71133333333333
2020-06-10,88.21,132.3725,73.235,236.73,196.84,9.36675,246.22000122070312,319.0,68.33666666666666
2020-06-11,83.975,127.898,70.095,224.43,186.27,8.79625,234.0200042724609,300.6099853515625,64.85600000000001
2020-06-12,84.7,127.251,70.646,228.58,187.74,8.932500000000001,235.8800048828125,304.2099914550781,62.352
2020-06-15,85.7475,128.634,71.037,232.5,188.94,9.17375,238.75,307.04998779296875,66.06
2020-06-16,88.02,130.7635,72.3235,235.65,193.57,9.0685,242.8500061035156,312.9599914550781,65.47533333333334
2020-06-17,87.8975,132.049,72.627,235.53,194.24,9.236,243.6199951171875,311.6600036621094,66.11933333333333
2020-06-18,87.9325,132.699,71.70599999999999,235.94,196.32,9.218,244.27999877929688,311.7799987792969,66.93066666666667
2020-06-19,87.43,133.75050000000002,71.232,238.79,195.15,9.26125,244.2400054931641,308.6400146484375,66.72666666666666
2020-06-22,89.7175,135.691,72.533,239.22,200.57,9.52675,246.7400054931641,310.6199951171875,66.288
2020-06-23,91.6325,138.2205,73.199,242.24,201.91,9.45,248.83999633789065,312.04998779296875,66.78533333333333
2020-06-24,90.015,136.72,71.635,234.02,197.84,9.2355,243.7100067138672,304.0899963378906,64.05666666666667
2020-06-25,91.21,137.72899999999998,72.05499999999999,235.68,200.34,9.49,246.02999877929688,307.3500061035156,65.732
2020-06-26,88.4075,134.6435,68.127,216.08,196.33,9.155,240.22000122070312,300.04998779296875,63.98266666666667
2020-06-29,90.445,134.019,69.8585,220.64,198.44,9.2,242.83999633789065,304.4599914550781,67.29
2020-06-30,91.2,137.941,70.9025,227.07,203.51,9.49775,247.6000061035156,308.3599853515625,71.98733333333332
2020-07-01,91.0275,143.935,72.1,237.55,204.7,9.53,250.4900054931641,310.5199890136719,74.64200000000001
2020-07-02,91.0275,144.51500000000001,73.4965,233.42,206.26,9.61225,252.19000244140625,312.2300109863281,80.57733333333334
2020-07-06,93.4625,152.852,74.9825,240.28,210.7,9.83925,258.3900146484375,317.04998779296875,91.43866666666666
2020-07-07,93.1725,150.006,74.49600000000001,240.86,208.25,9.87175,256.6099853515625,313.7799987792969,92.65733333333333
2020-07-08,95.3425,154.0555,75.17999999999999,243.58,212.83,10.216,259.989990234375,316.17999267578125,91.05866666666667
2020-07-09,95.6825,159.13150000000002,75.933,244.5,214.32,10.509,262.17999267578125,314.3800048828125,92.952
2020-07-10,95.92,160.0,76.9505,245.07,213.67,10.47925,263.9700012207031,317.5899963378906,102.97666666666667
2020-07-13,95.4775,155.2,75.6115,239.0,207.07,10.052249999999999,258.5400085449219,314.8399963378906,99.804
2020-07-14,97.0575,154.2,76.04299999999999,239.73,208.35,10.376999999999999,260.3699951171875,318.9200134277344,101.11999999999999
2020-07-15,97.725,150.4435,75.84400000000001,240.28,208.04,10.22725,260.8999938964844,321.8500061035156,103.06733333333334
2020-07-16,96.5225,149.995,75.74600000000001,240.93,203.92,10.13475,259.1199951171875,320.7900085449219,100.04266666666668
2020-07-17,96.3275,148.0985,75.8425,242.03,202.88,10.2015,259.4200134277344,321.7200012207031,100.056
2020-07-20,98.3575,159.842,78.192,245.42,211.6,10.51075,266.7799987792969,324.32000732421875,109.53333333333333
2020-07-21,97.0,156.9145,77.796,241.75,208.75,10.3285,264.0,325.010009765625,104.55733333333333
2020-07-22,97.2725,154.9955,78.24249999999999,239.87,211.75,10.43875,264.92999267578125,326.8599853515625,106.15533333333333
2020-07-23,92.845,149.32750000000001,75.8375,232.6,202.54,10.12975,258.010009765625,322.9599914550781,100.87133333333333
2020-07-24,92.615,150.44549999999998,75.4105,230.71,201.3,10.1945,255.55999755859372,320.8800048828125,94.46666666666667
2020-07-27,94.81,152.7605,76.4715,233.5,203.85,10.4215,260.1199951171875,323.2200012207031,102.64
2020-07-28,93.2525,150.0165,75.1825,230.12,202.02,10.2155,256.8099975585937,321.1700134277344,98.43266666666666
2020-07-29,95.04,151.6765,76.1755,233.29,204.06,10.4655,259.7699890136719,325.1199951171875,99.94066666666666
2020-07-30,96.19,152.594,76.9185,234.5,203.9,10.614,261.1300048828125,323.9599914550781,99.166
2020-07-31,106.26,158.23399999999998,74.39750000000001,253.67,205.01,10.614749999999999,265.7900085449219,326.5199890136719,95.384
2020-08-03,108.9375,155.59449999999998,74.138,251.96,216.54,11.010250000000001,269.3800048828125,328.7900085449219,99.0
2020-08-04,109.665,156.9415,73.66499999999999,249.83,213.29,11.22775,270.3800048828125,330.0599975585937,99.13333333333334
2020-08-05,110.0625,160.25150000000002,73.9545,249.12,212.94,11.286750000000001,271.04998779296875,332.1099853515625,99.00133333333333
2020-08-06,113.9025,161.25,75.2475,265.28,216.35,11.3355,274.6400146484375,334.3299865722656,99.30533333333332
2020-08-07,111.1125,158.373,74.9185,268.44,212.48,11.1995,271.4700012207031,334.57000732421875,96.84733333333334
2020-08-10,112.7275,157.408,74.841,263.0,208.25,11.165000000000001,270.3099975585937,335.57000732421875,94.57133333333333
2020-08-11,109.375,154.0335,74.027,256.13,203.38,10.85,265.19000244140625,332.79998779296875,91.626
2020-08-12,113.01,158.112,75.362,259.89,209.19,11.44025,271.8599853515625,337.44000244140625,103.65066666666667
2020-08-13,115.01,158.051,75.83250000000001,261.3,208.7,11.443000000000001,272.4800109863281,336.8299865722656,108.06666666666666
2020-08-14,114.9075,157.401,75.23150000000001,261.24,208.9,11.564,272.1600036621094,336.8399963378906,110.04733333333334
2020-08-17,114.6075,159.1205,75.812,261.16,210.28,12.337,275.32000732421875,337.9100036621094,122.376
2020-08-18,115.5625,165.62449999999998,77.789,262.34,211.49,12.26075,277.9700012207031,338.6400146484375,125.806
2020-08-19,115.7075,163.024,77.23049999999999,262.59,209.7,12.1385,276.1000061035156,337.2300109863281,125.23533333333333
2020-08-20,118.275,164.86849999999998,78.8125,269.01,214.58,12.141,279.92999267578125,338.2799987792969,133.45533333333333
2020-08-21,124.37,164.236,78.7785,267.01,213.02,12.683499999999999,281.8699951171875,339.4800109863281,136.66533333333334
2020-08-24,125.8575,165.373,79.25750000000001,271.39,213.69,12.72025,283.6300048828125,342.9200134277344,134.28
2020-08-25,124.825,167.3245,80.29249999999999,280.82,216.47,12.75,285.8599853515625,344.1199951171875,134.88933333333333
2020-08-26,126.5225,172.0925,82.2065,303.91,221.15,12.773,291.9599914550781,347.57000732421875,143.54466666666667
2020-08-27,125.01,170.0,81.426,293.22,226.58,12.62825,291.04998779296875,348.3299865722656,149.25
2020-08-28,124.8075,170.09,81.9715,293.66,228.91,13.147749999999998,292.5299987792969,350.5799865722656,147.56
2020-08-31,129.04,172.548,81.4765,293.2,225.53,13.374500000000001,294.8800048828125,349.3099975585937,166.10666666666665
2020-09-01,134.18,174.956,82.75399999999999,295.44,227.27,13.821000000000002,299.9200134277344,352.6000061035156,158.35
2020-09-02,131.4,176.5725,85.8695,302.5,231.65,14.3465,302.760009765625,357.70001220703125,149.12333333333333
2020-09-03,120.88,168.4,81.4755,291.12,217.3,13.0155,287.4100036621094,345.3900146484375,135.66666666666666
2020-09-04,120.96,164.731,79.0605,282.73,214.25,12.622499999999999,283.5799865722656,342.57000732421875,139.44
2020-09-08,112.82,157.49200000000002,76.17999999999999,271.16,202.66,11.913,269.95001220703125,333.2099914550781,110.07
2020-09-09,117.32,163.4305,77.3615,273.72,211.29,12.715,277.8800048828125,339.7900085449219,122.09333333333332
2020-09-10,113.49,158.7555,76.3025,268.09,205.37,12.31175,272.3399963378906,333.8900146484375,123.77999999999999
2020-09-11,112.0,155.81099999999998,75.788,266.61,204.03,12.1645,270.45001220703125,334.0599975585937,124.24000000000001
2020-09-14,115.355,155.14849999999998,75.44149999999999,266.15,205.41,12.87225,275.1600036621094,338.4599914550781,139.87333333333333
2020-09-15,115.54,157.8065,76.756,272.42,208.78,12.991,279.0599975585937,340.1700134277344,149.92
2020-09-16,112.13,153.905,75.6045,263.52,205.05,12.5145,274.6099853515625,338.82000732421875,147.25333333333333
2020-09-17,110.34,150.4365,74.352,254.82,202.91,12.4635,270.32000732421875,335.8399963378906,141.14333333333335
2020-09-18,106.84,147.7455,72.55449999999999,252.53,200.39,12.18925,266.8699951171875,330.6499938964844,147.38333333333333
2020-09-21,110.08,148.02349999999998,71.507,248.15,202.54,12.51725,267.510009765625,326.9700012207031,149.79666666666665
2020-09-22,111.81,156.4495,72.991,254.75,207.42,12.63775,272.4800109863281,330.29998779296875,141.41
2020-09-23,107.12,149.993,70.46950000000001,249.02,200.59,12.12375,264.1600036621094,322.6400146484375,126.78666666666668
2020-09-24,108.22,150.9895,71.143,249.53,203.19,12.348,265.3900146484375,323.5,129.26333333333335
2020-09-25,112.28,154.75650000000002,71.953,254.82,207.82,12.873750000000001,271.5599975585937,328.7300109863281,135.78
2020-09-28,114.96,158.70250000000001,72.933,256.82,209.44,13.035,277.20001220703125,334.19000244140625,140.4
2020-09-29,114.09,157.244,73.301,261.79,207.26,13.22575,275.95001220703125,332.3699951171875,139.69
2020-09-30,115.81,157.4365,73.28,261.9,210.33,13.5305,277.8399963378906,334.8900146484375,143.00333333333333
2020-10-01,116.79,161.06300000000002,74.39500000000001,266.63,212.46,13.614500000000001,282.25,337.0400085449219,149.38666666666668
2020-10-02,113.02,156.25,72.78,259.94,206.19,13.06225,274.3099975585937,333.8399963378906,138.36333333333332
2020-10-05,116.5,159.95999999999998,74.1415,264.65,210.38,13.642500000000002,280.1600036621094,339.760009765625,141.89333333333335
2020-10-06,113.16,154.998,72.551,258.66,205.91,13.736500000000001,275.1600036621094,334.92999267578125,137.99333333333334
2020-10-07,115.08,159.7845,72.95700000000001,258.12,209.83,13.963999999999999,279.9200134277344,340.760009765625,141.76666666666668
2020-10-08,114.97,159.5275,74.17150000000001,263.76,210.58,13.83875,281.4100036621094,343.7799987792969,141.97333333333333
2020-10-09,116.97,164.3325,75.52250000000001,264.45,215.81,13.76275,285.7099914550781,346.8500061035156,144.66666666666666
2020-10-12,124.4,172.1465,78.2295,275.75,221.4,14.225999999999999,294.5299987792969,352.42999267578125,147.43333333333334
2020-10-13,121.1,172.1815,78.3535,276.14,222.86,14.248249999999999,294.5199890136719,350.1300048828125,148.88333333333333
2020-10-14,121.19,168.1855,78.172,271.82,220.86,14.095249999999998,292.0599975585937,347.92999267578125,153.76666666666668
2020-10-15,120.71,166.9325,77.7735,266.72,219.66,13.969999999999999,290.1000061035156,347.5,149.62666666666667
2020-10-16,119.02,163.6355,78.385,265.93,219.66,13.8115,288.510009765625,347.2900085449219,146.55666666666667
2020-10-19,115.98,160.3605,76.4975,261.4,214.22,13.49775,283.79998779296875,342.010009765625,143.60999999999999
2020-10-20,117.51,160.8505,77.554,267.56,214.65,13.645500000000002,284.4100036621094,343.3800048828125,140.64666666666668
2020-10-21,116.87,159.247,79.2995,278.73,214.8,13.524750000000001,284.19000244140625,342.7300109863281,140.88
2020-10-22,115.75,158.82,80.333,278.12,214.89,13.361,284.17999267578125,344.6099853515625,141.93
2020-10-23,115.04,160.22,81.649,284.79,216.23,13.590250000000001,284.739990234375,345.7799987792969,140.21
2020-10-26,115.05,160.352,79.2145,277.11,210.08,13.14125,280.4700012207031,339.3900146484375,140.09333333333333
2020-10-27,116.6,164.3165,79.944,283.29,213.25,13.39675,282.6600036621094,338.2200012207031,141.56
2020-10-28,111.2,158.139,75.53999999999999,267.67,202.68,12.626999999999999,271.6400146484375,326.6600036621094,135.34
2020-10-29,115.32,160.5505,77.84400000000001,280.83,204.72,13.024000000000001,276.3900146484375,329.9800109863281,136.94333333333333
2020-10-30,108.86,151.8075,80.8055,263.11,202.47,12.534,269.3800048828125,326.5400085449219,129.34666666666666
2020-11-02,108.77,150.224,81.216,261.36,202.33,12.58075,269.9800109863281,330.20001220703125,133.50333333333333
2020-11-03,110.44,152.4205,82.283,265.3,206.43,13.019499999999999,274.6499938964844,336.0299987792969,141.29999999999998
2020-11-04,114.95,162.058,87.29249999999999,287.38,216.39,13.79425,286.9100036621094,343.5400085449219,140.32666666666668
2020-11-05,119.03,166.1,88.125,294.68,223.29,14.16,294.3900146484375,350.239990234375,146.03
2020-11-06,118.69,165.5685,87.9865,293.41,223.72,14.562000000000001,294.6099853515625,350.1600036621094,143.31666666666666
2020-11-09,116.32,157.18699999999998,88.071,278.77,218.39,13.63075,288.5899963378906,354.5599975585937,140.42
2020-11-10,115.97,151.751,86.886,272.43,211.01,12.77,283.4200134277344,354.0400085449219,136.78666666666666
2020-11-11,119.49,156.8695,87.3615,276.48,216.55,13.418000000000001,289.760009765625,356.6700134277344,139.04333333333332
2020-11-12,119.21,155.514,87.14099999999999,275.08,215.44,13.45675,288.3999938964844,353.2099914550781,137.25333333333333
2020-11-13,119.26,156.4405,88.613,276.95,216.51,13.297,290.92999267578125,358.1000061035156,136.16666666666666
2020-11-16,120.3,156.553,88.7015,278.96,217.23,13.51525,293.20001220703125,362.5700073242188,136.03
2020-11-17,119.39,156.783,88.083,275.0,214.46,13.42225,292.2699890136719,360.6199951171875,147.20333333333335
2020-11-18,118.03,155.273,87.03200000000001,271.97,211.08,13.428749999999999,290.1099853515625,356.2799987792969,162.21333333333334
2020-11-19,118.64,155.851,87.9285,272.94,212.42,13.44025,292.3800048828125,357.7799987792969,166.42333333333332
2020-11-20,117.34,154.97,86.819,269.7,210.39,13.08775,290.3800048828125,355.3299865722656,163.20333333333335
2020-11-23,113.85,154.9195,86.378,268.43,210.11,13.14,290.3900146484375,357.4599914550781,173.95000000000002
2020-11-24,115.17,155.903,88.19500000000001,276.92,213.86,12.957749999999999,294.4700012207031,363.2200012207031,185.12666666666667
2020-11-25,116.03,159.2535,88.2065,275.59,213.87,13.23475,296.2799987792969,362.6600036621094,191.33333333333334
2020-11-27,116.59,159.767,89.351,277.81,215.23,13.26125,299.010009765625,363.6700134277344,195.25333333333333
2020-11-30,119.05,158.402,87.72,276.97,214.07,13.401499999999999,299.6199951171875,362.05999755859375,189.20000000000002
2020-12-01,122.72,161.004,89.768,286.55,216.21,13.39,303.4599914550781,366.0199890136719,194.92
2020-12-02,123.08,160.1765,91.2485,287.52,215.37,13.5445,303.8500061035156,366.7900085449219,189.60666666666668
2020-12-03,122.94,159.3365,91.092,281.85,214.24,13.396,304.2799987792969,366.6900024414063,197.79333333333332
2020-12-04,122.25,158.129,91.188,279.7,214.36,13.558250000000001,305.5199890136719,369.8500061035156,199.67999999999998
2020-12-07,123.75,157.9,90.8515,285.58,214.29,13.60675,307.25,369.0899963378906,213.92
2020-12-08,124.38,158.8645,90.56649999999999,283.4,216.01,13.35,308.2900085449219,370.1700134277344,216.62666666666667
2020-12-09,121.78,155.20999999999998,88.893,277.92,211.8,12.93075,301.3099975585937,366.8500061035156,201.49333333333334
2020-12-10,123.24,155.0745,88.38250000000001,277.12,210.52,12.972249999999999,302.5199890136719,366.7300109863281,209.02333333333334
2020-12-11,122.41,155.821,88.74,273.55,213.26,13.01325,301.8500061035156,366.2999877929688,203.33
2020-12-14,121.78,157.8485,87.613,274.19,214.2,13.30875,304.0400085449219,364.6600036621094,213.27666666666667
2020-12-15,127.88,158.256,88.054,275.55,214.13,13.360499999999998,307.2900085449219,369.5899963378906,211.08333333333334
2020-12-16,127.81,162.048,87.8595,275.67,219.28,13.242500000000001,308.9800109863281,370.1700134277344,207.59
2020-12-17,128.7,161.804,87.0255,274.48,219.42,13.341249999999999,311.0,372.239990234375,218.63333333333333
2020-12-18,126.655,160.0825,86.311,276.4,218.59,13.272,310.0599975585937,369.1799926757813,231.66666666666666
2020-12-21,128.23,160.309,86.728,272.79,222.59,13.332249999999998,308.9200134277344,367.8599853515625,216.62
2020-12-22,131.88,160.326,86.011,267.09,223.94,13.27825,309.760009765625,367.239990234375,213.4466666666667
2020-12-23,130.96,159.2635,86.4115,268.11,221.02,13.00925,308.20001220703125,367.5700073242188,215.32666666666668
2020-12-24,131.97,158.6345,86.708,267.4,222.75,12.99375,309.5599975585937,369.0,220.59
2020-12-28,136.69,164.198,88.69800000000001,277.0,224.96,12.9,312.67999267578125,372.1700134277344,221.23000000000002
2020-12-29,134.87,166.1,87.888,276.78,224.15,12.94325,312.9599914550781,371.4599914550781,221.99666666666667
2020-12-30,133.72,164.2925,86.8125,271.87,221.68,13.145750000000001,312.9700012207031,371.989990234375,231.59333333333333
2020-12-31,132.69,162.8465,87.632,273.16,222.42,13.055000000000001,313.739990234375,373.8800048828125,235.22333333333333
2021-01-04,129.41,159.3315,86.3065,268.94,217.69,13.113499999999998,309.3099975585937,368.7900085449219,243.25666666666666
2021-01-05,131.01,160.9255,87.0025,270.97,217.9,13.404750000000002,311.8599853515625,371.3299865722656,245.03666666666666
2021-01-06,126.6,156.919,86.144,263.31,212.25,12.6145,307.5400085449219,373.5499877929688,251.99333333333334
2021-01-07,130.92,158.108,88.717,268.74,218.29,13.344,314.9800109863281,379.1000061035156,272.0133333333333
2021-01-08,132.05,159.135,89.8915,267.57,219.62,13.276750000000002,319.0299987792969,381.260009765625,293.34
2021-01-11,128.98,155.7105,87.8145,256.84,217.49,13.621500000000001,314.4200134277344,378.6900024414063,270.3966666666667
2021-01-12,128.8,156.04149999999998,86.8715,251.09,214.93,13.48475,313.9200134277344,378.7699890136719,283.1466666666667
2021-01-13,130.89,158.2945,87.3625,251.64,216.34,13.531749999999999,316.0400085449219,379.7900085449219,284.80333333333334
2021-01-14,128.91,156.37349999999998,86.546,245.64,213.02,13.20025,314.3500061035156,378.4599914550781,281.6666666666667
2021-01-15,127.14,155.2125,86.381,251.36,212.65,12.8595,311.8599853515625,375.7000122070313,275.38666666666666
2021-01-19,127.83,156.038,89.2235,261.1,216.44,13.02525,316.4100036621094,378.6499938964844,281.51666666666665
2021-01-20,132.03,163.169,94.0035,267.48,224.34,13.36575,323.7699890136719,383.8900146484375,283.48333333333335
2021-01-21,136.87,165.34949999999998,94.20750000000001,272.87,224.97,13.867500000000001,326.3599853515625,384.239990234375,281.66333333333336
2021-01-22,139.07,164.6115,94.628,274.5,225.95,13.7125,325.4200134277344,382.8800048828125,282.2133333333333
2021-01-25,142.92,164.7,94.714,278.01,229.53,13.65325,328.1099853515625,384.3900146484375,293.59999999999997
2021-01-26,143.16,166.3065,95.39750000000001,282.05,232.33,13.43525,328.5899963378906,383.7900085449219,294.36333333333334
2021-01-27,142.06,161.629,90.947,272.14,232.9,12.917750000000002,319.42999267578125,374.4100036621094,288.05333333333334
2021-01-28,137.09,161.881,92.66,265.0,238.93,13.050999999999998,321.32000732421875,377.6300048828125,278.47666666666663
2021-01-29,131.96,160.31,91.368,258.33,231.96,12.98975,314.5599975585937,370.0700073242188,264.51
2021-02-01,134.14,167.144,94.6535,262.01,239.65,13.237,322.4200134277344,376.2300109863281,279.93666666666667
2021-02-02,134.99,169.0,95.95599999999999,267.08,239.51,13.55675,327.67999267578125,381.5499877929688,290.93
2021-02-03,133.94,165.62650000000002,102.944,266.65,243.0,13.5305,326.3800048828125,381.8500061035156,284.8966666666667
2021-02-04,137.39,166.55,102.6815,266.49,242.01,13.664250000000001,330.239990234375,386.1900024414063,283.33
2021-02-05,136.76,167.60750000000002,104.44149999999999,268.1,242.2,13.591,331.3599853515625,387.7099914550781,284.07666666666665
2021-02-08,136.91,166.147,104.226,266.58,242.47,14.438749999999999,333.5799865722656,390.510009765625,287.8066666666667
2021-02-09,136.01,165.25,103.7695,269.45,243.77,14.26325,333.510009765625,390.25,283.15333333333336
2021-02-10,135.39,164.329,104.324,271.87,242.82,14.76425,332.75,390.0799865722656,268.27333333333337
2021-02-11,135.13,163.1065,104.4375,270.39,244.49,15.25075,334.5799865722656,390.7099914550781,270.55333333333334
2021-02-12,135.37,163.8855,104.75150000000001,270.5,244.99,14.961250000000001,336.45001220703125,392.6400146484375,272.04
2021-02-16,133.19,163.4475,105.535,273.97,243.7,15.330250000000001,335.5400085449219,392.2999877929688,265.4066666666667
2021-02-17,130.84,165.432,105.931,273.57,244.2,14.906,333.92999267578125,392.3900146484375,266.05
2021-02-18,129.71,166.4115,105.2905,269.39,243.79,14.828999999999999,332.4700012207031,390.7200012207031,262.46
2021-02-19,129.87,162.495,104.4405,261.56,240.97,14.926499999999999,331.0199890136719,390.0299987792969,260.43333333333334
2021-02-22,126.0,159.03699999999998,102.71300000000001,260.33,234.51,14.35575,322.44000244140625,387.0299987792969,238.16666666666666
2021-02-23,125.86,159.725,103.006,265.855,233.27,14.142,321.4800109863281,387.5,232.9466666666667
2021-02-24,125.35,157.97650000000002,104.1905,264.31,234.55,14.499,324.1300048828125,391.7699890136719,247.34
2021-02-25,120.99,152.858,100.7975,254.69,228.99,13.3075,312.8299865722656,382.3299865722656,227.40666666666667
2021-02-26,121.26,154.6465,101.0955,257.62,232.38,13.714500000000001,314.1400146484375,380.3599853515625,225.16666666666666
2021-03-01,127.79,157.307,103.48299999999999,264.91,236.94,13.84175,323.5899963378906,389.5799865722656,239.47666666666666
2021-03-02,125.12,154.72650000000002,103.224,259.0,233.87,13.40625,318.3999938964844,386.5400085449219,228.81333333333336
2021-03-03,122.06,150.25,100.57050000000001,255.41,227.56,12.804750000000002,309.1600036621094,381.4200134277344,217.73333333333335
2021-03-04,120.13,148.8785,101.6965,257.64,226.73,12.37025,304.1000061035156,376.7000122070313,207.14666666666668
2021-03-05,121.42,150.023,104.85350000000001,264.28,231.6,12.4615,308.67999267578125,383.6300048828125,199.3166666666667
2021-03-08,116.36,147.5975,100.375,255.31,227.39,11.593250000000001,299.94000244140625,381.7200012207031,187.66666666666666
2021-03-09,121.085,153.14249999999998,102.018,265.74,233.78,12.52025,311.7699890136719,387.1700134277344,224.52666666666667
2021-03-10,119.98,152.882,101.8095,264.9,232.42,12.468250000000001,310.8800048828125,389.5799865722656,222.68666666666664
2021-03-11,121.96,155.67950000000002,105.027,273.88,237.13,12.993500000000001,318.0400085449219,393.5299987792969,233.20000000000002
2021-03-12,121.03,154.47449999999998,102.5,268.4,235.75,12.856,315.4599914550781,394.05999755859375,231.24333333333334
2021-03-15,123.99,154.084,102.72200000000001,273.75,234.81,13.19125,318.8299865722656,396.4100036621094,235.98000000000002
2021-03-16,125.57,154.59300000000002,104.19449999999999,279.28,237.71,13.29125,320.5799865722656,395.9100036621094,225.62666666666667
2021-03-17,124.76,156.7865,104.11099999999999,284.01,237.04,13.341249999999999,321.8999938964844,397.260009765625,233.93666666666664
2021-03-18,120.53,151.3995,101.067,278.62,230.72,12.7225,312.0400085449219,391.4800109863281,217.72
2021-03-19,119.99,153.748,101.348,290.11,230.35,12.84575,313.1400146484375,389.4800109863281,218.29
2021-03-22,123.39,155.5435,101.53450000000001,293.54,235.99,13.186250000000001,318.6099853515625,392.5899963378906,223.33333333333334
2021-03-23,122.54,156.875,102.06649999999999,290.63,237.58,13.07075,317.2200012207031,389.5,220.72
2021-03-24,120.09,154.3535,101.6265,282.14,235.46,12.643,311.8699951171875,387.5199890136719,210.09
2021-03-25,120.59,152.31300000000002,101.623,278.74,232.34,12.535250000000001,311.3299865722656,389.7000122070313,213.46333333333334
2021-03-26,121.21,152.60150000000002,101.2365,283.02,236.48,12.839250000000002,316.0,395.9800109863281,206.23666666666668
2021-03-29,121.39,153.7865,102.2895,290.82,235.24,12.948249999999998,315.9100036621094,395.7799987792969,203.76333333333332
2021-03-30,119.9,152.7645,102.3235,288.0,231.85,12.87175,314.32000732421875,394.7300109863281,211.87333333333333
2021-03-31,122.15,154.704,103.126,294.53,235.77,13.348249999999998,319.1300048828125,396.3299865722656,222.64333333333332
2021-04-01,123.0,158.05,106.489,298.66,242.35,13.81175,324.57000732421875,400.6099853515625,220.58333333333334
2021-04-05,125.9,161.3365,110.94800000000001,308.91,249.07,13.9875,331.04998779296875,406.3599853515625,230.35
2021-04-06,126.21,161.191,110.46300000000001,306.26,247.86,13.861500000000001,330.82000732421875,406.1199951171875,230.54
2021-04-07,127.9,163.96949999999998,111.95150000000001,313.09,249.9,14.1435,331.6199951171875,406.5899963378906,223.65666666666667
2021-04-08,130.36,164.965,112.52149999999999,313.02,253.25,14.316999999999998,335.0799865722656,408.5199890136719,227.9333333333333
2021-04-09,132.995,168.60999999999999,113.5335,312.46,255.85,14.4,337.1099853515625,411.489990234375,225.67333333333332
2021-04-12,131.24,168.96949999999998,112.231,311.54,255.91,15.209,336.6700134277344,411.6400146484375,233.99333333333334
2021-04-13,134.43,170.0,112.72149999999999,309.76,258.49,15.679499999999999,340.6000061035156,412.8599853515625,254.10666666666668
2021-04-14,132.03,166.65,112.09549999999999,302.82,255.59,15.277000000000001,336.510009765625,411.4500122070313,244.07666666666668
2021-04-15,134.5,168.9545,114.2625,307.82,259.5,16.13725,341.6099853515625,415.8699951171875,246.28333333333333
2021-04-16,134.16,169.972,114.1375,306.18,260.74,15.9125,342.010009765625,417.260009765625,246.59333333333333
2021-04-19,134.84,168.6005,114.48800000000001,302.24,258.74,15.36175,338.8800048828125,415.2099914550781,238.21
2021-04-20,133.11,166.7345,113.9505,302.65,258.26,15.17125,336.4100036621094,412.1700134277344,239.66333333333333
2021-04-21,133.5,168.101,113.91749999999999,301.47,260.58,15.360499999999998,339.2900085449219,416.0700073242188,248.04
2021-04-22,131.94,165.452,112.626,296.52,257.17,14.850249999999999,335.20001220703125,412.2699890136719,239.89666666666668
2021-04-23,134.32,167.044,114.9965,301.13,261.15,15.26525,339.4200134277344,416.739990234375,243.13333333333333
2021-04-26,134.72,170.45,115.4965,303.04,261.55,15.478,341.6300048828125,417.6099853515625,246.0666666666667
2021-04-27,134.39,170.8715,114.549,303.57,261.97,15.38175,340.1499938964844,417.5199890136719,234.91333333333333
2021-04-28,133.58,172.925,117.952,307.1,254.56,15.276750000000002,339.0,417.3999938964844,231.46666666666667
2021-04-29,133.48,173.5655,119.638,329.51,252.51,15.32475,340.2200012207031,420.05999755859375,225.66666666666666
2021-04-30,131.46,173.371,117.675,325.08,252.18,15.0095,337.989990234375,417.2999877929688,236.48000000000002
2021-05-03,132.54,169.3245,117.154,322.58,251.86,14.83675,336.19000244140625,418.2000122070313,228.29999999999998
2021-05-04,127.85,165.5935,115.3415,318.36,247.79,14.351249999999999,330.1400146484375,415.6199951171875,224.53333333333333
2021-05-05,128.1,163.527,115.7385,315.02,246.47,14.4585,329.0299987792969,415.75,223.64666666666668
2021-05-06,129.74,165.3185,116.86749999999999,320.02,249.73,14.523,331.510009765625,419.0700073242188,221.17999999999998
2021-05-07,130.21,164.5805,117.59649999999999,319.08,252.46,14.81225,334.20001220703125,422.1199951171875,224.12333333333333
2021-05-10,126.85,159.5245,114.5875,305.97,247.18,14.26575,325.760009765625,417.9400024414063,209.67999999999998
2021-05-11,125.91,161.19549999999998,113.503,306.53,246.23,14.30625,325.3099975585937,414.2099914550781,205.73333333333335
2021-05-12,122.77,157.597,110.0125,302.55,239.0,13.758500000000002,316.8900146484375,405.4100036621094,196.63
2021-05-13,124.97,158.0735,111.452,305.26,243.03,13.66525,319.3399963378906,410.2799987792969,190.56333333333336
2021-05-14,127.45,161.145,113.91900000000001,315.94,248.15,14.243,326.3900146484375,416.5799865722656,196.58
2021-05-17,126.27,163.5195,114.446,315.46,245.18,14.1655,324.4100036621094,415.5199890136719,192.27666666666667
2021-05-18,124.85,161.614,113.12349999999999,309.96,243.08,14.01575,322.2200012207031,411.9400024414063,192.62333333333333
2021-05-19,124.69,161.59,113.575,313.59,243.12,14.06575,322.5899963378906,410.8599853515625,187.82000000000002
2021-05-20,127.31,162.384,115.3475,318.61,246.48,14.6125,328.8299865722656,415.2799987792969,195.59333333333333
2021-05-21,125.43,160.154,114.7065,316.23,245.17,14.99175,327.010009765625,414.9400024414063,193.62666666666667
2021-05-24,127.1,162.24949999999998,118.05199999999999,324.63,250.78,15.612,332.510009765625,419.1700134277344,202.14666666666668
2021-05-25,126.9,162.95250000000001,118.14349999999999,327.79,251.72,15.647749999999998,332.9700012207031,418.239990234375,201.56333333333336
2021-05-26,126.85,163.25799999999998,119.0155,327.66,251.49,15.7,334.1300048828125,419.0700073242188,206.37666666666667
2021-05-27,125.28,161.5055,118.13399999999999,332.75,249.31,15.488,332.8800048828125,419.2900085449219,210.28333333333333
2021-05-28,124.61,161.1535,117.8425,328.73,249.68,16.2445,333.92999267578125,420.0400085449219,208.40666666666667
2021-06-01,124.28,160.9325,119.059,329.13,247.4,16.2645,332.82000732421875,419.6700134277344,207.96666666666667
2021-06-02,125.06,161.6995,118.52950000000001,329.15,247.3,16.77825,333.4700012207031,420.3299865722656,201.70666666666668
2021-06-03,123.54,159.3505,117.37899999999999,326.04,245.71,16.969749999999998,330.0,418.7699890136719,190.9466666666667
2021-06-04,125.89,160.31099999999998,119.67850000000001,330.35,250.79,17.57825,335.6000061035156,422.6000061035156,199.6833333333333
2021-06-07,125.9,159.90050000000002,120.11500000000001,336.58,253.81,17.619,336.6000061035156,422.1900024414063,201.71
2021-06-08,126.74,163.2055,119.922,333.68,252.57,17.457,336.760009765625,422.2799987792969,201.1966666666667
2021-06-09,127.13,164.0575,120.397,330.25,253.59,17.35825,336.8399963378906,421.6499938964844,199.59333333333333
2021-06-10,126.11,167.48250000000002,121.7565,332.46,257.24,17.425,340.3500061035156,423.6099853515625,203.37333333333333
2021-06-11,127.35,167.3415,121.50999999999999,331.26,257.89,17.82525,341.239990234375,424.30999755859375,203.29666666666665
2021-06-14,130.48,169.1935,122.4455,336.77,259.89,18.01875,344.510009765625,425.260009765625,205.89666666666668
2021-06-15,129.64,169.1565,121.4195,336.75,258.36,17.7885,342.260009765625,424.4800109863281,199.78666666666666
2021-06-16,130.15,170.7625,120.7725,331.08,257.38,17.81025,341.010009765625,422.1099853515625,201.62333333333333
2021-06-17,131.79,174.462,121.7435,336.51,260.9,18.657249999999998,345.3399963378906,421.9700012207031,205.53333333333333
2021-06-18,130.46,174.345,120.11099999999999,329.66,259.43,18.638749999999998,342.6300048828125,414.9200134277344,207.76999999999998
2021-06-21,132.3,172.698,121.8125,332.29,262.63,18.42725,344.3599853515625,420.8599853515625,206.94333333333336
2021-06-22,133.98,175.272,122.3305,339.03,265.51,18.88675,347.57000732421875,423.1099853515625,207.90333333333334
2021-06-23,133.7,175.191,122.127,340.59,265.275,19.05725,347.739990234375,422.6000061035156,218.85666666666668
2021-06-24,133.41,172.454,122.5,343.18,266.69,19.2055,349.8900146484375,425.1000061035156,226.60666666666668
2021-06-25,133.11,170.073,122.5085,341.37,265.02,19.031,349.4599914550781,426.6099853515625,223.95666666666668
2021-06-28,134.78,172.1945,122.53599999999999,355.64,268.72,19.985,353.7099914550781,427.4700012207031,229.57333333333335
2021-06-29,136.33,172.40699999999998,122.2725,351.89,271.4,20.02675,354.989990234375,427.7000122070313,226.92
2021-06-30,136.96,172.00799999999998,122.0895,347.71,270.9,20.0025,354.42999267578125,428.05999755859375,226.5666666666667
2021-07-01,137.27,171.64849999999998,122.44449999999999,354.39,271.6,20.212,354.57000732421875,430.4299926757813,225.97333333333333
2021-07-02,139.96,175.549,125.25750000000001,354.7,277.65,20.487000000000002,358.6400146484375,433.7200012207031,226.29999999999998
2021-07-06,142.02,183.78699999999998,126.19000000000001,352.78,277.66,20.698500000000003,360.19000244140625,432.9299926757813,219.86
2021-07-07,144.57,184.829,126.474,350.49,279.93,20.37175,360.9500122070313,434.4599914550781,214.88333333333333
2021-07-08,143.24,186.57049999999998,125.04400000000001,345.65,277.42,19.90275,358.7699890136719,430.9200134277344,217.60333333333332
2021-07-09,145.11,185.967,125.51849999999999,350.42,277.94,20.05025,361.010009765625,435.5199890136719,218.98333333333335
2021-07-12,144.5,185.9275,126.97550000000001,353.16,277.32,20.5125,362.4200134277344,437.0799865722656,228.5666666666667
2021-07-13,145.64,183.868,127.3415,352.09,280.98,20.25,362.4200134277344,435.5899963378906,222.84666666666666
2021-07-14,149.15,184.084,128.237,347.63,282.51,19.8415,363.0700073242188,436.239990234375,217.79333333333332
2021-07-15,148.48,181.56,127.005,344.46,281.03,18.96625,360.5199890136719,434.75,216.86666666666667
2021-07-16,146.39,178.6815,126.97,341.16,280.75,18.161,357.6000061035156,431.3399963378906,214.74
2021-07-19,142.45,177.4795,124.578,336.95,277.01,18.77975,354.6700134277344,424.9700012207031,215.40666666666667
2021-07-20,146.15,178.6595,126.2095,341.66,279.32,18.612000000000002,358.7900085449219,431.05999755859375,220.16666666666666
2021-07-21,145.4,179.26,127.549,346.23,281.4,19.41,361.55999755859375,434.5499877929688,218.42999999999998
2021-07-22,146.8,181.9015,128.42149999999998,351.19,286.14,19.594,363.9500122070313,435.4599914550781,216.42
2021-07-23,148.56,182.832,133.01500000000001,369.79,289.67,19.558,368.2000122070313,439.9400024414063,214.46
2021-07-26,148.99,184.991,134.035,372.46,289.05,19.294,368.489990234375,441.0199890136719,219.20666666666668
2021-07-27,146.77,181.3195,131.9,367.81,286.54,19.208000000000002,364.4299926757813,439.010009765625,214.92666666666665
2021-07-28,144.98,181.51600000000002,136.094,373.28,286.22,19.503,365.8299865722656,438.8299865722656,215.66
2021-07-29,145.64,179.996,135.7775,358.32,286.5,19.662,366.4800109863281,440.6499938964844,225.78333333333333
2021-07-30,145.86,166.3795,134.72650000000002,356.3,284.91,19.499000000000002,364.5700073242188,438.510009765625,229.0666666666667
2021-08-02,145.52,166.574,134.8545,351.95,284.82,19.75,364.6000061035156,437.5899963378906,236.55666666666664
2021-08-03,147.36,168.31199999999998,135.63,351.24,287.12,19.815,366.80999755859375,441.1499938964844,236.58
2021-08-04,146.95,167.736,135.12550000000002,358.92,286.51,20.274,367.3399963378906,438.9800109863281,236.97333333333333
2021-08-05,147.06,168.7995,136.25150000000002,362.97,289.52,20.637,369.6700134277344,441.760009765625,238.21
2021-08-06,146.14,167.247,135.7385,363.51,289.46,20.366,368.0499877929688,442.489990234375,233.03333333333333
2021-08-09,146.09,167.0935,136.913,361.61,288.33,20.294999999999998,368.7300109863281,442.1300048828125,237.92
2021-08-10,145.6,166.034,136.807,361.13,286.44,19.936,366.8399963378906,442.6799926757813,236.66333333333333
2021-08-11,145.86,164.6055,136.279,359.96,286.95,19.699,366.2099914550781,443.7799987792969,235.94000000000003
2021-08-12,148.89,165.175,137.19400000000002,362.65,289.81,19.905,367.5299987792969,445.1099853515625,240.75
2021-08-13,149.1,164.6985,137.72750000000002,363.18,292.85,20.188,368.8200073242188,445.9200134277344,239.05666666666664
2021-08-16,151.12,164.9495,138.3095,366.56,294.6,19.95,368.9800109863281,446.9700012207031,228.72333333333333
2021-08-17,150.19,162.098,136.6615,358.45,293.08,19.458000000000002,365.7300109863281,444.0400085449219,221.90333333333334
2021-08-18,146.36,160.06099999999998,135.449,355.45,290.73,19.04,362.2099914550781,439.1799926757813,229.66333333333333
2021-08-19,146.7,159.3875,135.68,355.12,296.77,19.798,363.9599914550781,439.8599853515625,224.49
2021-08-20,148.19,159.9975,137.42950000000002,359.37,304.36,20.816,367.7300109863281,443.3599853515625,226.75333333333333
2021-08-23,149.71,163.2935,140.04149999999998,363.35,304.65,21.958000000000002,373.2300109863281,447.260009765625,235.4333333333333
2021-08-24,149.62,165.28900000000002,141.2615,365.51,302.62,21.793,374.3699951171875,447.9700012207031,236.16333333333333
2021-08-25,148.36,164.959,142.079,368.39,302.01,22.213,374.7999877929688,448.9100036621094,237.0666666666667
2021-08-26,147.54,165.8,141.4405,364.38,299.09,22.068,372.4200134277344,446.260009765625,233.72
2021-08-27,148.6,167.4815,144.004,372.63,299.72,22.636000000000003,376.0400085449219,450.25,237.30666666666664
2021-08-30,153.12,171.07850000000002,144.5905,380.66,303.59,22.688,380.260009765625,452.2300109863281,243.63666666666666
2021-08-31,151.83,173.5395,144.6975,379.38,301.88,22.384999999999998,379.9500122070313,451.55999755859375,245.24
2021-09-01,152.51,173.95,145.2155,382.05,301.83,22.441,380.5799865722656,451.7999877929688,244.6966666666667
2021-09-02,153.65,173.156,143.28699999999998,375.28,301.15,22.396,380.3999938964844,453.1900024414063,244.13
2021-09-03,154.3,173.9025,143.7395,376.26,301.14,22.843,381.5700073242188,453.0799865722656,244.52333333333334
2021-09-07,156.69,175.4645,144.28050000000002,382.18,300.18,22.662,382.1099853515625,451.4599914550781,250.97333333333333
2021-09-08,155.11,176.275,143.691,377.57,300.21,22.339,380.7799987792969,450.9100036621094,251.29
2021-09-09,154.07,174.208,143.541,378.0,297.25,22.177,379.4700012207031,448.9800109863281,251.62
2021-09-10,148.97,173.4575,140.876,378.69,295.71,22.478,376.5899963378906,445.4400024414063,245.42333333333332
2021-09-13,149.55,172.8585,142.3325,376.51,296.99,22.152,376.3299865722656,446.5799865722656,247.66666666666666
2021-09-14,148.12,172.5,142.5445,376.53,299.79,22.241999999999997,375.260009765625,444.1700134277344,248.16333333333333
2021-09-15,149.03,173.7895,144.42950000000002,373.92,304.82,22.341,378.0499877929688,447.8800048828125,251.94333333333336
2021-09-16,148.79,174.41199999999998,143.60999999999999,373.06,305.22,22.241999999999997,378.30999755859375,447.1700134277344,252.33
2021-09-17,146.06,173.126,140.8,364.72,299.87,21.9,373.8299865722656,441.3999938964844,253.16333333333333
2021-09-20,142.94,167.7865,138.71949999999998,355.7,294.3,21.113,365.7000122070313,434.0400085449219,243.39
2021-09-21,143.43,167.1815,139.033,357.48,294.8,21.246000000000002,366.1499938964844,433.6300048828125,246.46
2021-09-22,145.85,169.0025,140.2835,343.21,298.58,21.941,369.5700073242188,437.8599853515625,250.64666666666668
2021-09-23,146.83,170.8,141.216,345.96,299.56,22.482,372.9800109863281,443.1799926757813,251.21333333333334
2021-09-24,146.92,171.276,142.215,352.96,299.35,22.081,373.3299865722656,443.9100036621094,258.13
2021-09-27,145.37,170.29000000000002,141.072,353.58,294.17,21.66,370.3500061035156,442.6400146484375,263.7866666666667
2021-09-28,141.91,165.798,135.82999999999998,340.65,283.52,20.699,359.8699951171875,433.7200012207031,259.18666666666667
2021-09-29,142.83,165.05599999999998,134.3535,339.61,284.0,20.517,359.2799987792969,434.4500122070313,260.43666666666667
2021-09-30,141.5,164.252,133.676,339.39,281.92,20.716,357.9599914550781,429.1400146484375,258.49333333333334
2021-10-01,142.65,164.163,136.543,343.01,289.1,20.741999999999997,360.17999267578125,434.239990234375,258.4066666666667
2021-10-04,139.14,159.489,133.6595,326.23,283.11,19.732,352.6199951171875,428.6400146484375,260.51
2021-10-05,141.11,161.05,136.023,332.96,288.76,20.451,357.3800048828125,433.1000061035156,260.19666666666666
2021-10-06,142.0,163.1005,137.565,333.64,293.11,20.7,359.6700134277344,434.8999938964844,260.9166666666667
2021-10-07,143.29,165.1215,139.225,329.22,294.85,21.075,362.9700012207031,438.6600036621094,264.5366666666667
2021-10-08,142.9,164.43099999999998,139.7855,330.05,294.85,20.831,361.1600036621094,437.8599853515625,261.83
2021-10-11,142.81,162.315,138.91400000000002,325.45,294.23,20.695,358.3900146484375,434.6900024414063,263.98
2021-10-12,141.51,162.3665,136.449,323.77,292.88,20.671,357.1400146484375,433.6199951171875,268.5733333333333
2021-10-13,140.91,164.214,137.582,324.54,296.31,20.939,360.0,435.1799926757813,270.36
2021-10-14,143.76,164.993,141.151,328.53,302.75,21.746000000000002,366.6300048828125,442.5,272.77333333333337
2021-10-15,144.84,170.451,141.368,324.76,304.21,21.862000000000002,368.9400024414063,445.8699951171875,281.01
2021-10-18,146.55,172.337,142.778,335.34,307.29,22.222,372.6499938964844,447.1900024414063,290.0366666666667
2021-10-19,148.76,172.2075,143.237,339.99,308.23,22.29,375.4700012207031,450.6400146484375,288.09
2021-10-20,149.26,170.753,141.769,340.78,307.41,22.103,374.9800109863281,452.4100036621094,288.59999999999997
2021-10-21,149.48,171.75050000000002,141.886,341.88,310.76,22.692,377.2699890136719,453.5899963378906,298.0
2021-10-22,148.69,166.7775,137.5665,324.61,309.16,22.726,374.1000061035156,453.1199951171875,303.22666666666663
2021-10-25,148.64,166.0185,137.447,328.69,308.13,23.166,377.9299926757813,455.5499877929688,341.61999999999995
2021-10-26,149.32,168.8035,139.3085,315.81,310.11,24.717,379.1199951171875,455.9599914550781,339.47666666666663
2021-10-27,148.85,169.62449999999998,146.2175,312.22,323.17,24.451,380.0,453.9400024414063,345.9533333333333
2021-10-28,152.57,172.32850000000002,145.849,316.92,324.35,24.941,384.2200012207031,458.3200073242188,359.0133333333333
2021-10-29,149.8,168.6215,148.046,323.57,331.62,25.567,386.1099853515625,459.25,371.3333333333333
2021-11-01,148.96,165.90550000000002,143.497,329.98,329.37,25.826999999999998,387.4299926757813,460.0400085449219,402.8633333333333
2021-11-02,150.02,165.6375,145.4325,328.08,333.13,26.401,389.0499877929688,461.8999938964844,390.6666666666667
2021-11-03,151.49,169.2,146.598,331.62,334.0,26.598000000000003,393.1799926757813,464.7200012207031,404.61999999999995
2021-11-04,150.96,173.85,148.26749999999998,335.85,336.44,29.801,398.2200012207031,466.9100036621094,409.97
2021-11-05,151.28,175.9495,148.852,341.13,336.06,29.752,398.6000061035156,468.5299987792969,407.3633333333333
2021-11-08,150.44,174.449,149.031,338.62,336.99,30.804000000000002,398.05999755859375,468.9299926757813,387.6466666666667
2021-11-09,150.81,178.8115,148.9185,335.37,335.95,30.657,395.3200073242188,467.3800048828125,341.1666666666667
2021-11-10,147.92,174.10250000000002,145.8935,327.64,330.8,29.458999999999996,389.510009765625,463.6199951171875,355.98333333333335
2021-11-11,147.87,173.625,145.7665,327.74,332.43,30.389999999999997,390.5899963378906,463.7699890136719,354.50333333333333
2021-11-12,149.99,176.2575,148.678,340.89,336.72,30.389999999999997,394.7000122070313,467.2699890136719,344.47333333333336
2021-11-15,150.0,177.284,148.452,347.56,336.07,30.025,394.6099853515625,467.4299926757813,337.7966666666667
2021-11-16,151.0,177.035,147.876,342.96,339.51,30.202999999999996,397.4200134277344,469.2799987792969,351.57666666666665
2021-11-17,153.49,177.45,148.047,340.77,339.12,29.261000000000003,397.6300048828125,468.1400146484375,363.00333333333333
2021-11-18,157.87,184.803,149.8385,338.69,341.27,31.675,401.75,469.7300109863281,365.46000000000004
2021-11-19,160.55,183.82850000000002,148.9265,345.3,343.11,32.985,403.989990234375,468.8900146484375,379.02
2021-11-22,161.02,178.6285,146.302,341.01,339.83,31.956,399.2999877929688,467.5700073242188,385.6233333333333
2021-11-23,161.41,179.002,145.78199999999998,337.25,337.68,31.746,397.4800109863281,468.1900024414063,369.6766666666667
2021-11-24,161.94,179.0205,146.12,341.06,337.91,32.674,398.760009765625,469.4400024414063,372.0
2021-11-26,156.81,175.228,142.183,333.12,329.68,31.502999999999997,391.2000122070313,458.9700012207031,360.64000000000004
2021-11-29,160.24,178.07850000000002,145.53050000000002,338.03,336.63,33.376,399.6900024414063,464.6000061035156,378.99666666666667
2021-11-30,165.3,175.3535,141.89749999999998,324.46,330.59,32.676,393.8200073242188,455.55999755859375,381.58666666666664
2021-12-01,164.77,172.18599999999998,141.0515,310.6,330.08,31.435000000000002,387.1199951171875,450.5,365.0
2021-12-02,163.76,171.868,142.966,310.39,329.49,32.126,389.9100036621094,457.3999938964844,361.5333333333333
2021-12-03,161.84,169.4895,142.00150000000002,306.84,323.01,30.693,383.1300048828125,453.4200134277344,338.3233333333333
2021-12-06,165.32,171.36849999999998,143.155,317.87,326.19,30.037,386.2000122070313,458.7900085449219,336.33666666666664
2021-12-07,171.18,176.1645,147.2695,322.81,334.92,32.427,397.8299865722656,468.2799987792969,350.5833333333333
2021-12-08,175.08,176.158,148.1865,330.56,334.97,31.826,399.6099853515625,469.5199890136719,356.32
2021-12-09,174.56,174.171,147.6385,329.82,333.1,30.49,393.7300109863281,466.3500061035156,334.59999999999997
2021-12-10,179.45,172.212,148.00150000000002,329.75,342.54,30.198,398.010009765625,470.739990234375,339.01
2021-12-13,175.74,169.5675,145.8265,334.49,339.4,28.161,392.260009765625,466.5700073242188,322.13666666666666
2021-12-14,174.33,169.0915,143.90699999999998,333.74,328.34,28.337,388.2000122070313,463.3599853515625,319.50333333333333
2021-12-15,179.3,173.315,146.441,341.66,334.65,30.458999999999996,397.0499877929688,470.6000061035156,325.33
2021-12-16,172.26,168.871,144.445,334.9,324.9,28.387,386.8399963378906,466.4500122070313,308.9733333333333
2021-12-17,171.14,170.01749999999998,141.725,333.79,323.8,27.801,384.9100036621094,459.8699951171875,310.8566666666667
2021-12-20,169.75,167.079,141.607,325.45,319.91,27.719,380.6900024414063,454.9800109863281,299.98
2021-12-21,172.99,170.417,143.4725,334.2,327.29,29.075,389.2099914550781,463.05999755859375,312.8433333333333
2021-12-22,175.64,171.03699999999998,146.41500000000002,330.45,333.2,29.4,393.9500122070313,467.6900024414063,336.29
2021-12-23,176.28,171.0685,146.91649999999998,335.24,334.69,29.639999999999997,396.9200134277344,470.6000061035156,355.6666666666667
2021-12-27,180.33,169.6695,147.9065,346.18,342.45,30.945,403.4800109863281,477.260009765625,364.6466666666667
2021-12-28,179.29,170.661,146.68699999999998,346.22,341.25,30.322000000000003,401.6099853515625,476.8699951171875,362.8233333333333
2021-12-29,179.38,169.201,146.655,342.94,341.95,30.000999999999998,401.5499877929688,477.4800109863281,362.06333333333333
2021-12-30,178.2,168.6445,146.2005,344.36,339.32,29.586000000000002,400.3500061035156,476.1600036621094,356.78
2021-12-31,177.57,166.717,144.852,336.35,336.32,29.411,397.8500061035156,474.9599914550781,352.26
2022-01-03,182.01,170.4045,144.9915,338.54,334.75,30.121,401.6799926757813,477.7099914550781,399.9266666666667
2022-01-04,179.7,167.522,144.3995,336.53,329.01,29.29,396.4700012207031,477.5499877929688,383.19666666666666
2022-01-05,174.92,164.357,137.775,324.17,316.38,27.604000000000003,384.2900085449219,468.3800048828125,362.70666666666665
2022-01-06,172.0,163.254,137.7475,332.46,313.88,28.177999999999997,384.0199890136719,467.9400024414063,354.90000000000003
2022-01-07,172.17,162.554,137.017,331.79,314.04,27.247000000000003,379.8599853515625,466.0899963378906,342.32
2022-01-10,172.19,161.486,138.6695,328.07,314.27,27.4,380.1099853515625,465.510009765625,352.70666666666665
2022-01-11,175.08,165.362,139.736,334.37,314.98,27.817,385.8200073242188,469.75,354.8
2022-01-12,175.53,165.207,141.4305,333.26,318.27,27.999000000000002,387.3500061035156,471.0199890136719,368.74
2022-01-13,172.19,161.214,138.587,326.48,304.8,26.575,377.6600036621094,464.5299987792969,343.8533333333333
2022-01-14,173.07,162.138,139.4805,331.9,310.2,26.942,380.010009765625,464.7200012207031,349.86999999999995
2022-01-18,169.8,158.9175,135.998,318.15,302.65,25.903,370.5499877929688,456.489990234375,343.50333333333333
2022-01-19,166.23,156.299,135.1165,319.59,303.33,25.067,366.4800109863281,451.75,331.8833333333333
2022-01-20,164.51,151.6675,133.3075,316.56,301.6,24.15,361.7200012207031,446.75,332.09
2022-01-21,162.41,142.643,130.35150000000002,303.17,296.03,23.374000000000002,351.69000244140625,437.9800109863281,314.6333333333333
2022-01-24,161.62,144.544,130.804,308.71,296.37,23.372,353.29998779296875,439.8399963378906,310.0
2022-01-25,159.78,139.986,126.93499999999999,300.15,288.49,22.324,345.1099853515625,434.4700012207031,306.1333333333333
2022-01-26,159.69,138.8725,129.233,294.63,296.71,22.772,344.57000732421875,433.3800048828125,312.46999999999997
2022-01-27,159.22,139.6375,129.005,294.64,299.84,21.944,341.1000061035156,431.239990234375,276.3666666666667
2022-01-28,170.33,143.978,133.351,301.71,308.26,22.84,351.79998779296875,441.9500122070313,282.1166666666667
2022-01-31,174.78,149.5735,135.3035,313.26,310.98,24.486,363.0499877929688,449.9100036621094,312.24
2022-02-01,174.61,151.1935,137.644,319.0,308.76,24.637999999999998,365.5199890136719,452.9500122070313,310.4166666666667
2022-02-02,175.84,150.6125,148.0,323.0,313.46,25.241999999999997,368.489990234375,457.3500061035156,301.88666666666666
2022-02-03,172.9,138.8455,143.09,237.76,301.25,23.948,353.54998779296875,446.6000061035156,297.0466666666667
2022-02-04,172.39,157.6395,143.293,237.09,305.94,24.319,358.010009765625,448.7000122070313,307.77333333333337
2022-02-07,171.66,157.9355,139.201,224.91,300.95,24.728,355.1300048828125,447.260009765625,302.44666666666666
2022-02-08,174.83,161.4135,139.399,220.18,304.56,25.108,359.1199951171875,450.9400024414063,307.3333333333333
2022-02-09,176.28,161.1895,141.592,232.0,311.21,26.705000000000002,366.7300109863281,457.5400085449219,310.6666666666667
2022-02-10,172.12,159.0035,138.62,228.07,302.38,25.824,358.42999267578125,449.3200073242188,301.51666666666665
2022-02-11,168.64,153.2935,134.2825,219.55,295.04,23.949,347.0599975585937,440.4599914550781,286.6666666666667
2022-02-14,168.88,155.167,135.526,217.7,295.0,24.267,347.489990234375,439.0199890136719,291.92
2022-02-15,172.79,156.5105,136.6085,221.0,300.47,26.494999999999997,356.1300048828125,446.1000061035156,307.47666666666663
2022-02-16,172.55,158.1005,137.738,216.54,299.5,26.511000000000003,356.0400085449219,446.6000061035156,307.7966666666667
2022-02-17,168.88,154.6525,132.53900000000002,207.71,290.73,24.506999999999998,345.45001220703125,437.05999755859375,292.1166666666667
2022-02-18,167.3,152.60150000000002,130.403,206.16,287.93,23.642,341.510009765625,434.2300109863281,285.66
2022-02-22,164.32,150.1975,129.8135,202.08,287.72,23.39,338.0799865722656,429.5700073242188,273.8433333333333
2022-02-23,160.07,144.827,127.58800000000001,198.45,280.27,22.387,329.4200134277344,421.9500122070313,254.67999999999998
2022-02-24,162.74,151.358,132.691,207.6,294.59,23.747999999999998,340.489990234375,428.2999877929688,266.92333333333335
2022-02-25,164.85,153.7885,134.4595,210.48,297.31,24.157,345.7699890136719,437.75,269.95666666666665
2022-02-28,165.12,153.56300000000002,135.057,211.03,298.79,24.384999999999998,346.79998779296875,436.6300048828125,290.1433333333333
2022-03-01,163.2,151.142,134.0615,203.49,294.95,23.477,341.489990234375,429.9800109863281,288.12333333333333
2022-03-02,166.56,152.0525,134.5715,208.11,300.19,24.22,347.2200012207031,437.8900146484375,293.2966666666667
2022-03-03,166.23,147.89849999999998,133.8995,202.97,295.92,23.714,342.260009765625,435.7099914550781,279.7633333333333
2022-03-04,163.17,145.64100000000002,131.9065,200.06,289.86,22.936,337.29998779296875,432.1700134277344,279.43
2022-03-07,159.3,137.453,126.3785,187.47,278.91,21.352,324.8599853515625,419.4299926757813,268.1933333333333
2022-03-08,157.44,136.0145,127.1045,190.29,275.85,21.514,323.3500061035156,416.25,274.8
2022-03-09,162.95,139.279,133.42000000000002,198.5,288.5,23.014,334.989990234375,427.4100036621094,286.3233333333333
2022-03-10,158.52,146.8175,132.42950000000002,195.21,285.59,22.658,331.2699890136719,425.4800109863281,279.43333333333334
2022-03-11,154.73,145.5245,129.8705,187.61,280.07,22.1,324.3999938964844,420.0700073242188,265.1166666666667
2022-03-14,150.62,141.853,125.951,186.63,276.44,21.330000000000002,318.1700134277344,417.0,255.45666666666668
2022-03-15,155.09,147.3665,129.198,192.03,287.15,22.973,328.1499938964844,426.1700134277344,267.2966666666667
2022-03-16,159.59,153.10399999999998,133.28050000000002,203.63,294.39,24.496000000000002,340.32000732421875,435.6199951171875,280.07666666666665
2022-03-17,160.62,157.239,133.839,207.84,295.22,24.766,344.44000244140625,441.0700073242188,290.53333333333336
2022-03-18,163.98,161.25050000000002,136.12550000000002,216.49,300.43,26.452999999999996,351.489990234375,444.5199890136719,301.7966666666667
2022-03-21,165.38,161.4915,136.10150000000002,211.49,299.16,26.733999999999998,350.0799865722656,444.3900146484375,307.05333333333334
2022-03-22,168.82,164.889,139.868,216.65,304.06,26.524,356.9599914550781,449.5899963378906,331.32666666666665
2022-03-23,170.21,163.408,138.27550000000002,213.46,299.49,25.633999999999997,351.8299865722656,443.7999877929688,333.0366666666667
2022-03-24,174.07,163.6495,141.572,219.57,304.1,28.15,359.6499938964844,450.489990234375,337.9733333333333
2022-03-25,174.72,164.77349999999998,141.673,221.82,303.68,27.692,359.3500061035156,452.6900024414063,336.88
2022-03-28,175.6,168.9905,141.4555,223.59,310.7,28.219,364.9100036621094,455.9100036621094,363.94666666666666
2022-03-29,178.96,169.315,142.5055,229.86,315.41,28.656,371.1900024414063,461.5499877929688,366.5233333333333
2022-03-30,177.77,166.301,141.9385,227.85,313.86,27.689999999999998,367.0899963378906,458.7000122070313,364.66333333333336
2022-03-31,174.61,162.9975,139.0675,222.36,308.31,27.286,362.5400085449219,451.6400146484375,359.2
2022-04-01,174.31,163.56,140.15050000000002,224.85,309.42,26.712,361.8500061035156,452.9200134277344,361.53
2022-04-04,178.44,168.3465,142.9715,233.89,314.97,27.360000000000003,369.2999877929688,456.7999877929688,381.81666666666666
2022-04-05,175.06,164.055,140.591,231.84,310.88,25.931,361.1000061035156,451.0299987792969,363.75333333333333
2022-04-06,171.83,158.756,136.548,223.3,299.5,24.407,353.260009765625,446.5199890136719,348.58666666666664
2022-04-07,172.14,157.7845,135.8885,222.95,301.37,24.208000000000002,354.1000061035156,448.7699890136719,352.42
2022-04-08,170.09,154.4605,133.2875,222.33,296.97,23.119,349.1499938964844,447.5700073242188,341.83
2022-04-11,165.75,151.122,128.8235,216.46,285.26,21.916999999999998,340.8900146484375,439.9200134277344,325.31
2022-04-12,167.66,150.7875,127.7145,214.14,282.06,21.503999999999998,339.45001220703125,438.2900085449219,328.98333333333335
2022-04-13,170.4,155.541,129.894,214.99,287.62,22.203,346.3500061035156,443.30999755859375,340.79
2022-04-14,165.29,151.7065,126.72999999999999,210.18,279.83,21.258000000000003,338.42999267578125,437.7900085449219,328.3333333333333
2022-04-18,165.07,152.785,127.6765,210.77,280.52,21.783,338.69000244140625,437.9700012207031,334.7633333333333
2022-04-19,167.4,158.1155,130.009,217.31,285.3,22.198,346.260009765625,445.0400085449219,342.7166666666667
2022-04-20,167.23,153.998,128.04000000000002,200.42,286.36,21.482,341.2099914550781,444.7099914550781,325.73333333333335
2022-04-21,166.42,148.296,124.8145,188.07,280.81,20.183,334.1499938964844,438.05999755859375,336.26
2022-04-22,161.79,144.35,119.63550000000001,184.11,274.03,19.515,325.3999938964844,426.0400085449219,335.01666666666665
2022-04-25,162.88,146.074,123.074,186.99,280.72,19.902,329.5799865722656,428.510009765625,332.67333333333335
2022-04-26,156.8,139.39100000000002,118.65,180.95,270.22,18.788,317.1400146484375,416.1000061035156,292.14
2022-04-27,156.57,138.167,114.2945,174.95,283.22,18.415,316.760009765625,417.2699890136719,293.83666666666664
2022-04-28,163.64,144.5965,118.5225,205.73,289.63,19.782,328.010009765625,427.80999755859375,292.50333333333333
2022-04-29,157.65,124.28150000000001,114.1095,200.47,277.52,18.547,313.25,412.0,290.25333333333333
2022-05-02,157.96,124.5,116.583,211.13,284.47,19.533,318.4800109863281,414.4800109863281,300.98
2022-05-03,159.48,124.2535,117.33399999999999,212.03,281.78,19.602,318.82000732421875,416.3800048828125,303.0833333333333
2022-05-04,166.02,125.92850000000001,122.261,223.41,289.98,20.334,329.6000061035156,429.05999755859375,317.54
2022-05-05,156.77,116.407,116.50550000000001,208.28,277.35,18.844,313.0,413.80999755859375,291.0933333333333
2022-05-06,157.28,114.7725,115.7465,203.77,274.73,18.675,309.25,411.3399963378906,288.55
2022-05-09,152.06,108.78900000000002,112.511,196.21,264.58,16.95,297.1499938964844,398.1700134277344,262.37
2022-05-10,154.51,108.859,114.39500000000001,197.65,269.5,17.595,300.760009765625,399.0899963378906,266.68
2022-05-11,146.5,105.372,113.6025,188.74,260.55,16.630000000000003,291.8399963378906,392.75,244.66666666666666
2022-05-12,142.56,106.93050000000001,112.84400000000001,191.24,255.35,16.175,291.1499938964844,392.3399963378906,242.66666666666666
2022-05-13,147.11,113.05499999999999,116.05050000000001,198.62,261.12,17.706,301.94000244140625,401.7200012207031,256.53000000000003
2022-05-16,145.54,110.8105,114.44500000000001,200.04,261.5,17.264,298.44000244140625,400.0899963378906,241.45666666666668
2022-05-17,149.24,115.3685,116.473,202.62,266.82,18.177,306.1700134277344,408.3200073242188,253.87
2022-05-18,140.82,107.1125,111.89949999999999,192.24,254.08,16.938,291.1400146484375,391.8599853515625,236.60333333333332
2022-05-19,137.35,107.319,110.38399999999999,191.29,253.14,17.124000000000002,289.5799865722656,389.4599914550781,236.47333333333333
2022-05-20,137.59,107.59100000000001,108.90799999999999,193.54,252.56,16.694,288.67999267578125,389.6300048828125,221.29999999999998
2022-05-23,143.11,107.55699999999999,111.48800000000001,196.23,260.65,16.898,293.4800109863281,396.9200134277344,224.96666666666667
2022-05-24,140.36,104.1,105.97,181.28,259.62,16.154,287.239990234375,393.8900146484375,209.38666666666666
2022-05-25,140.52,106.775,105.80499999999999,183.83,262.52,16.975,291.260009765625,397.3699951171875,219.6
2022-05-26,143.78,111.07750000000001,107.79249999999999,191.63,265.9,17.851,299.3299865722656,405.30999755859375,235.91
2022-05-27,149.64,115.14649999999999,112.31649999999999,195.13,273.24,18.811,309.1000061035156,415.260009765625,253.21
2022-05-31,148.84,120.2095,113.76199999999999,193.64,271.87,18.672,308.2799987792969,412.9299926757813,252.75333333333333
2022-06-01,148.71,121.684,113.89200000000001,188.64,272.42,18.32,306.0,409.5899963378906,246.79
2022-06-02,151.21,125.511,117.62249999999999,198.86,274.58,19.592,314.3800048828125,417.3900146484375,258.3333333333333
2022-06-03,145.38,122.35,114.54100000000001,190.78,270.02,18.72,306.20001220703125,410.5400085449219,234.51666666666665
2022-06-06,146.14,124.79,116.8205,194.25,268.75,18.786,307.2200012207031,411.7900085449219,238.28
2022-06-07,148.71,123.0,117.14949999999999,195.65,272.5,18.926,309.8699951171875,415.739990234375,238.88666666666666
2022-06-08,147.96,121.18,117.194,196.64,270.41,18.648,307.6400146484375,411.2200012207031,241.86666666666667
2022-06-09,142.64,116.15,114.8355,184.0,264.79,18.048,299.3999938964844,401.4400024414063,239.70666666666668
2022-06-10,137.13,109.65,111.1615,175.57,252.99,16.974,288.8399963378906,389.7999877929688,232.23000000000002
2022-06-13,131.88,103.67,106.3925,164.26,242.26,15.647,275.4100036621094,375.0,215.73666666666668
2022-06-14,132.76,102.31,106.71549999999999,163.73,244.49,15.836000000000002,275.9100036621094,373.8699951171875,220.89
2022-06-15,135.43,107.67,109.7645,169.35,251.76,16.527,282.79998779296875,379.2000122070313,233.0
2022-06-16,130.06,103.66,106.0335,160.87,244.97,15.600999999999999,271.3900146484375,366.6499938964844,213.1
2022-06-17,131.56,106.22,107.14349999999999,163.74,247.65,15.88,274.69000244140625,365.8599853515625,216.76
2022-06-21,135.87,108.68,111.54400000000001,157.05,253.74,16.566,281.0799865722656,375.0700073242188,237.03666666666666
2022-06-22,135.35,108.95,111.4875,155.85,253.13,16.36,280.6700134277344,374.3900146484375,236.08666666666667
2022-06-23,138.27,112.44,112.242,158.75,258.86,16.225,284.8500061035156,378.05999755859375,235.07000000000002
2022-06-24,141.66,116.46,117.975,170.16,267.7,17.125999999999998,294.6099853515625,390.0799865722656,245.70666666666668
2022-06-27,141.66,113.22,115.8335,169.49,264.89,16.869,292.45001220703125,388.5899963378906,244.92
2022-06-28,137.44,107.4,112.00750000000001,160.68,256.48,15.982,283.5400085449219,380.6499938964844,232.66333333333333
2022-06-29,139.23,108.92,111.70150000000001,163.94,260.26,15.541999999999998,283.79998779296875,380.3399963378906,228.49
2022-06-30,136.72,106.21,108.96300000000001,161.25,256.83,15.159,280.2799987792969,377.25,224.47333333333333
2022-07-01,138.93,109.56,108.7375,160.03,259.58,14.523,282.1300048828125,381.239990234375,227.26333333333332
2022-07-05,141.56,113.5,113.263,168.19,262.85,14.963999999999999,286.9599914550781,381.9599914550781,233.0666666666667
2022-07-06,142.92,114.33,114.572,169.77,266.21,15.13,288.79998779296875,383.25,231.73333333333335
2022-07-07,146.35,116.33,118.78299999999999,172.19,268.4,15.858,294.9800109863281,388.989990234375,244.54333333333332
2022-07-08,147.04,115.54,119.35350000000001,170.88,267.66,15.838,295.3500061035156,388.6700134277344,250.76333333333332
2022-07-11,144.87,111.75,115.6765,162.88,264.51,15.152000000000001,289.0400085449219,384.2300109863281,234.34333333333333
2022-07-12,145.86,109.22,114.0205,163.27,253.67,15.081999999999999,286.239990234375,380.8299865722656,233.07000000000002
2022-07-13,145.49,110.4,111.35350000000001,163.49,252.72,15.163999999999998,285.6499938964844,378.8299865722656,237.04
2022-07-14,148.47,110.63,110.36749999999999,158.05,254.08,15.372,286.6700134277344,377.9100036621094,238.31333333333336
2022-07-15,150.17,113.55,111.7775,164.7,256.72,15.762,291.8699951171875,385.1300048828125,240.0666666666667
2022-07-18,147.07,113.76,109.03,167.23,254.25,16.101,289.3999938964844,381.9500122070313,240.54666666666665
2022-07-19,151.0,118.21,113.81,175.78,259.53,16.991999999999997,298.29998779296875,392.2699890136719,245.53
2022-07-20,153.04,122.77,113.9,183.09,262.27,17.807,303.0299987792969,394.7699890136719,247.5
2022-07-21,155.35,124.63,114.34,183.17,264.84,18.05,307.3800048828125,398.7900085449219,271.70666666666665
2022-07-22,154.09,122.42,107.9,169.27,260.36,17.319,301.989990234375,395.0899963378906,272.24333333333334
2022-07-25,152.95,121.14,107.51,166.65,258.83,17.024,300.2699890136719,395.5700073242188,268.43333333333334
2022-07-26,151.6,114.81,105.02,159.15,251.9,16.533,294.3699951171875,390.8900146484375,258.86
2022-07-27,156.79,120.97,113.06,169.58,268.74,17.79,306.8099975585937,401.0400085449219,274.82
2022-07-28,157.35,122.28,114.22,160.72,276.41,17.984,309.8099975585937,406.0700073242188,280.90000000000003
2022-07-29,162.51,134.95,116.32,159.1,280.74,18.163,315.4599914550781,411.989990234375,297.15000000000003
2022-08-01,161.51,135.39,114.86,159.93,278.01,18.441,315.2699890136719,410.7699890136719,297.2766666666667
2022-08-02,160.01,134.16,115.13,160.19,274.82,18.526,314.3299865722656,408.05999755859375,300.58666666666664
2022-08-03,166.13,139.52,118.08,168.8,282.47,18.893,322.8900146484375,414.4500122070313,307.3966666666667
2022-08-04,165.81,142.57,118.19,170.57,283.65,19.215,324.3999938964844,414.1700134277344,308.6333333333333
2022-08-05,165.35,140.8,117.47,167.11,282.91,18.988999999999997,321.75,413.4700012207031,288.17
2022-08-08,164.87,139.41,117.3,170.25,280.32,17.793,320.7099914550781,412.989990234375,290.42333333333335
2022-08-09,164.92,137.83,116.63,168.53,282.3,17.086000000000002,317.0799865722656,411.3500061035156,283.3333333333333
2022-08-10,169.24,142.69,119.7,178.34,289.16,18.097,325.92999267578125,419.989990234375,294.3566666666667
2022-08-11,168.49,140.64,118.84,177.49,287.02,17.942,324.0799865722656,419.989990234375,286.63
2022-08-12,172.1,143.55,121.68,180.5,291.91,18.709,330.3900146484375,427.1000061035156,300.03000000000003
2022-08-15,173.19,143.18,122.08,180.89,293.47,19.032,333.0599975585937,428.8599853515625,309.32
2022-08-16,173.03,144.78,121.7,179.47,292.71,18.878999999999998,332.2799987792969,429.7000122070313,306.56333333333333
2022-08-17,174.55,142.1,119.55,174.85,291.32,18.335,328.489990234375,426.6499938964844,303.99666666666667
2022-08-18,174.15,142.3,120.17,174.66,290.17,18.773,329.2799987792969,427.8900146484375,302.87
2022-08-19,171.52,138.23,117.21,167.96,286.15,17.849,322.8599853515625,422.1400146484375,296.6666666666667
2022-08-22,167.57,133.22,114.24,163.05,277.75,17.034,314.3599853515625,413.3500061035156,289.91333333333336
2022-08-23,167.23,133.62,113.86,161.11,276.44,17.181,314.1000061035156,412.3500061035156,296.4533333333333
2022-08-24,167.53,133.8,113.69,163.26,275.79,17.222,315.010009765625,413.6700134277344,297.09666666666664
2022-08-25,170.03,137.28,116.65,168.78,278.85,17.913,320.5799865722656,419.510009765625,296.07
2022-08-26,163.62,130.75,110.34,161.78,268.09,16.259999999999998,307.44000244140625,405.30999755859375,288.09
2022-08-29,161.38,129.79,109.42,159.17,265.23,15.800999999999998,304.4100036621094,402.6300048828125,284.82
2022-08-30,158.91,128.73,108.94,157.16,262.97,15.468,301.0199890136719,398.2099914550781,277.7
2022-08-31,157.22,126.77,108.22,162.93,261.47,15.094,299.2699890136719,395.1799926757813,275.61
2022-09-01,157.96,127.82,109.74,165.36,260.4,13.937000000000001,299.3999938964844,396.4200134277344,277.16
2022-09-02,155.81,127.51,107.85,160.32,256.06,13.647,295.1700134277344,392.239990234375,270.21
2022-09-06,154.53,126.11,106.81,158.54,253.25,13.465,293.04998779296875,390.760009765625,274.42
2022-09-07,155.96,129.48,109.45,160.39,258.09,13.713999999999999,298.9700012207031,397.7799987792969,283.7
2022-09-08,154.46,129.82,108.38,162.06,258.52,13.99,300.5199890136719,400.3800048828125,289.26
2022-09-09,157.37,133.27,110.65,169.15,264.46,14.387,307.0899963378906,406.6000061035156,299.68
2022-09-12,163.43,136.45,110.86,168.96,266.65,14.505,310.739990234375,410.9700012207031,304.42
2022-09-13,153.84,126.82,104.32,153.13,251.99,13.131,293.70001220703125,393.1000061035156,292.13
2022-09-14,155.31,128.55,105.0,151.47,252.22,13.128,296.0299987792969,394.6000061035156,302.61
2022-09-15,152.37,126.28,102.91,149.55,245.38,12.928999999999998,291.1000061035156,390.1199951171875,303.75
2022-09-16,150.7,123.53,102.8,146.29,244.74,13.197999999999999,289.32000732421875,385.55999755859375,303.35
2022-09-19,154.48,124.66,103.07,148.02,244.52,13.382,291.04998779296875,388.5499877929688,309.07
2022-09-20,156.9,122.19,101.14,146.09,242.45,13.175999999999998,288.7300109863281,384.0899963378906,308.73
2022-09-21,153.72,118.54,99.28,142.12,238.95,13.261000000000001,283.5599975585937,377.3900146484375,300.8
2022-09-22,152.74,117.31,100.14,142.82,240.98,12.561,280.07000732421875,374.2200012207031,288.59
2022-09-23,150.43,113.78,98.74,140.41,237.92,12.516,275.510009765625,367.9500122070313,275.33
2022-09-26,150.77,115.15,98.17,136.37,237.45,12.228,274.3699951171875,364.30999755859375,276.01
2022-09-27,151.76,114.41,97.5,134.4,236.41,12.413,274.4800109863281,363.3800048828125,282.94
2022-09-28,149.84,118.01,100.05,141.61,241.07,12.736,279.94000244140625,370.5299987792969,287.81
2022-09-29,142.48,114.8,97.42,136.41,237.5,12.22,271.8699951171875,362.7900085449219,268.21
2022-09-30,138.2,113.0,95.65,135.68,232.9,12.139,267.260009765625,357.17999267578125,265.25
2022-10-03,142.45,115.88,98.64,138.61,240.74,12.512,273.5299987792969,366.6099853515625,242.4
2022-10-04,146.1,121.09,101.64,140.28,248.88,13.166999999999998,282.1300048828125,377.9700012207031,249.44
2022-10-05,146.4,120.95,101.43,138.98,249.2,13.209,281.9800109863281,377.0899963378906,240.81
2022-10-06,145.43,120.3,101.42,139.07,246.79,13.13,279.760009765625,373.2000122070313,238.13
2022-10-07,140.09,114.56,98.68,133.45,234.24,12.076,269.1000061035156,362.7900085449219,223.07
2022-10-10,140.42,113.67,97.86,133.79,229.25,11.67,266.4100036621094,360.0199890136719,222.96
2022-10-11,138.98,112.21,97.18,128.54,225.41,11.586,262.75,357.739990234375,216.5
2022-10-12,138.34,112.9,97.56,127.5,225.75,11.5,262.6600036621094,356.5599975585937,217.24
2022-10-13,142.99,112.53,99.06,130.29,234.24,11.959999999999999,268.82000732421875,365.9700012207031,221.72
2022-10-14,138.38,106.9,96.56,126.76,228.56,11.227,260.739990234375,357.6300048828125,204.99
2022-10-17,142.41,113.79,99.97,134.04,237.53,11.888,269.3500061035156,366.8200073242188,219.35
2022-10-18,143.75,116.36,100.77,132.8,238.5,11.967,271.4800109863281,371.1300048828125,220.19
2022-10-19,143.86,115.07,99.63,133.23,236.48,12.051,270.489990234375,368.5,222.04
2022-10-20,143.39,115.25,99.97,131.53,236.15,12.193999999999999,269.1099853515625,365.4100036621094,207.28
2022-10-21,147.27,119.32,101.13,130.01,242.12,12.466,275.4200134277344,374.2900085449219,214.44
2022-10-24,149.45,119.82,102.52,129.72,247.25,12.599,278.45001220703125,378.8699951171875,211.25
2022-10-25,152.34,120.6,104.48,137.51,250.66,13.261000000000001,284.2099914550781,384.9200134277344,222.415
2022-10-26,149.35,115.66,94.93,129.82,231.32,12.896,277.92999267578125,382.0199890136719,224.64
2022-10-27,144.8,110.96,92.22,97.94,226.75,13.175999999999998,272.8699951171875,379.9800109863281,225.09
2022-10-28,155.74,103.41,96.29,99.2,235.87,13.834,281.2200012207031,389.0199890136719,228.52
2022-10-31,153.34,102.44,94.51,93.16,232.13,13.497,277.95001220703125,386.2099914550781,227.54
2022-11-01,150.65,96.79,90.47,95.2,228.17,13.543000000000001,275.1099853515625,384.5199890136719,227.82
2022-11-02,145.03,92.12,86.97,90.54,220.1,13.219,265.67999267578125,374.8699951171875,214.98
2022-11-03,138.88,89.3,83.43,88.91,214.25,13.421000000000001,260.489990234375,371.010009765625,215.31
2022-11-04,138.38,90.98,86.58,90.79,221.39,14.156,264.67999267578125,376.3500061035156,207.47
2022-11-07,138.92,90.53,88.49,96.72,227.87,14.300999999999998,267.5899963378906,379.9500122070313,197.08
2022-11-08,139.5,89.98,88.9,96.47,228.87,14.602,269.5400085449219,382.0,191.3
2022-11-09,134.87,86.14,87.32,101.47,224.51,13.776,263.32000732421875,374.1300048828125,177.59
2022-11-10,146.87,96.63,93.94,111.87,242.98,15.75,282.75,394.6900024414063,190.72
2022-11-11,149.7,100.79,96.41,113.02,247.11,16.327,287.9599914550781,398.510009765625,195.97
2022-11-14,148.28,98.49,95.7,114.22,241.55,16.294999999999998,285.44000244140625,395.1199951171875,190.95
2022-11-15,150.04,98.94,98.44,117.08,241.97,16.666,289.3900146484375,398.489990234375,194.42
2022-11-16,148.79,97.12,98.85,113.23,241.73,15.91,285.44000244140625,395.4500122070313,186.92
2022-11-17,150.72,94.85,98.36,111.45,241.68,15.677000000000001,284.8099975585937,394.239990234375,183.17
2022-11-18,151.29,94.14,97.43,112.05,241.22,15.409,284.82000732421875,396.0299987792969,180.19
2022-11-21,148.01,92.46,95.6,109.86,242.05,15.316999999999998,281.8900146484375,394.5899963378906,167.87
2022-11-22,150.18,93.2,97.05,111.44,245.03,16.038,285.95001220703125,399.8999938964844,169.91
2022-11-23,151.07,94.13,98.46,112.24,247.58,16.519,288.82000732421875,402.4200134277344,183.2
2022-11-25,148.11,93.41,97.46,111.41,247.49,16.27,286.9200134277344,402.3299865722656,182.86
2022-11-28,144.22,93.95,96.05,108.78,241.76,15.827000000000002,282.7099914550781,395.9100036621094,182.92
2022-11-29,141.17,92.42,95.19,109.46,240.33,15.639,280.57000732421875,395.2300109863281,180.83
2022-11-30,148.03,96.54,100.99,118.1,255.14,16.923,293.3599853515625,407.6799926757813,194.7
2022-12-01,148.31,95.5,100.99,120.44,254.69,17.134999999999998,293.7200012207031,407.3800048828125,194.7
2022-12-02,147.81,94.13,100.44,123.49,255.02,16.875999999999998,292.54998779296875,406.9100036621094,194.86
2022-12-05,146.63,91.01,99.48,122.43,250.2,16.61,287.6400146484375,399.5899963378906,182.45
2022-12-06,142.91,88.25,96.98,114.12,245.12,15.987,281.67999267578125,393.8299865722656,179.82
2022-12-07,140.94,88.46,94.94,113.93,244.37,16.119999999999997,280.5299987792969,393.1600036621094,174.04
2022-12-08,142.65,90.35,93.71,115.33,247.4,17.169,283.8500061035156,396.239990234375,173.44
2022-12-09,142.16,89.09,92.83,115.9,245.42,17.000999999999998,282.0400085449219,393.2799987792969,179.05
2022-12-12,144.49,90.55,93.31,114.71,252.51,17.535,285.5799865722656,398.9500122070313,167.82
2022-12-13,145.47,92.49,95.63,120.15,256.92,18.072,288.6499938964844,401.9700012207031,160.95
2022-12-14,143.21,91.58,95.07,121.59,257.22,17.674,286.510009765625,399.3999938964844,156.8
2022-12-15,136.5,88.45,90.86,116.15,249.01,16.952,276.8900146484375,389.6300048828125,157.67
2022-12-16,134.51,87.86,90.26,119.43,244.69,16.571,274.25,383.2699890136719,150.23
2022-12-19,132.37,84.92,88.44,114.48,240.45,16.253999999999998,269.75,380.0199890136719,149.87
2022-12-20,132.3,85.19,89.02,117.09,241.8,16.085,269.5400085449219,380.5400085449219,137.8
2022-12-21,135.45,86.77,89.58,119.76,244.43,16.500999999999998,273.45001220703125,386.2300109863281,137.57
2022-12-22,132.23,83.79,87.76,117.12,238.19,15.338999999999999,266.760009765625,380.7200012207031,125.35
2022-12-23,131.86,85.25,89.23,118.04,238.73,15.206,267.3599853515625,382.9100036621094,123.15
2022-12-27,130.03,83.04,87.39,116.88,236.96,14.121,263.5799865722656,381.3999938964844,109.1
2022-12-28,126.04,81.82,86.02,115.62,234.53,14.036000000000001,260.1000061035156,376.6600036621094,112.71
2022-12-29,129.61,84.18,88.45,120.26,241.01,14.603,266.44000244140625,383.4400024414063,121.82
2022-12-30,129.93,84.0,88.23,120.34,239.82,14.613999999999999,266.2799987792969,382.4299926757813,123.18
2023-01-03,125.07,85.82,89.12,124.74,239.58,14.315000000000001,264.4800109863281,380.8200073242188,108.1
2023-01-04,126.36,85.14,88.08,127.37,229.1,14.749,265.739990234375,383.760009765625,113.64
2023-01-05,125.02,83.12,86.2,126.94,222.31,14.265,261.5799865722656,379.3800048828125,110.34
2023-01-06,129.62,86.08,87.34,130.02,224.93,14.859,268.79998779296875,388.0799865722656,113.06
2023-01-09,130.15,87.36,88.02,129.47,227.12,15.628,270.5400085449219,387.8599853515625,119.77
2023-01-10,130.73,89.87,88.42,132.99,228.85,15.909,272.8299865722656,390.5799865722656,118.85
2023-01-11,133.49,95.09,91.52,132.89,235.77,16.000999999999998,277.54998779296875,395.5199890136719,123.22
2023-01-12,133.41,95.27,91.13,136.71,238.51,16.511000000000003,279.04998779296875,396.9599914550781,123.56
2023-01-13,134.76,98.12,92.12,136.98,239.23,16.899,280.9700012207031,398.5,122.4
2023-01-17,135.94,96.05,91.29,135.36,240.35,17.702,281.5400085449219,397.7699890136719,131.49
2023-01-18,135.21,95.46,91.12,133.02,235.81,17.377000000000002,277.8800048828125,391.489990234375,128.78
2023-01-19,135.27,93.68,93.05,136.15,231.93,16.765,275.1499938964844,388.6400146484375,127.17
2023-01-20,137.87,97.25,98.02,139.37,240.22,17.839,282.67999267578125,395.8800048828125,133.42
2023-01-23,141.11,97.52,99.79,143.27,242.58,19.193,288.9599914550781,400.6300048828125,143.75
2023-01-24,142.53,96.32,97.7,143.14,242.04,19.265,288.3699951171875,400.2000122070313,143.89
2023-01-25,141.86,97.18,95.22,141.5,240.61,19.323,287.7300109863281,400.3500061035156,144.43
2023-01-26,143.96,99.22,97.52,147.3,248.0,19.802,293.3399963378906,404.75,160.27
2023-01-27,145.93,102.24,99.37,151.74,248.16,20.365000000000002,296.260009765625,405.6799926757813,177.9
2023-01-30,143.0,100.55,96.94,147.06,242.71,19.162,290.2699890136719,400.5899963378906,166.66
2023-01-31,144.29,103.13,98.84,148.97,247.81,19.537,294.6199951171875,406.4800109863281,173.22
2023-02-01,145.43,105.15,100.43,153.12,252.75,20.943,300.9200134277344,410.7999877929688,181.41
2023-02-02,150.82,112.91,107.74,188.77,264.6,21.709,311.7200012207031,416.7799987792969,188.27
2023-02-03,154.5,103.39,104.78,186.53,258.35,21.1,306.17999267578125,412.3500061035156,189.98
2023-02-06,151.73,102.18,102.9,186.06,256.77,21.089,303.5899963378906,409.8299865722656,194.76
2023-02-07,154.65,102.11,107.64,191.62,267.56,22.173,309.8800048828125,415.1900024414063,196.81
2023-02-08,151.92,100.05,99.37,183.43,266.73,22.205000000000002,304.3699951171875,410.6499938964844,201.29
2023-02-09,150.87,98.24,95.01,177.92,263.62,22.337,301.67999267578125,407.0899963378906,207.32
2023-02-10,151.01,97.61,94.57,174.15,263.1,21.265,299.70001220703125,408.0400085449219,196.89
2023-02-13,153.85,99.54,94.61,179.43,271.32,21.788,304.5,412.8299865722656,194.64
2023-02-14,153.2,99.7,94.68,179.48,272.17,22.971,306.75,412.6400146484375,209.25
2023-02-15,155.33,101.16,96.94,177.16,269.32,22.764,309.1000061035156,413.9800109863281,214.24
2023-02-16,153.71,98.15,95.51,172.44,262.15,22.002000000000002,303.29998779296875,408.2799987792969,202.04
2023-02-17,152.55,97.2,94.35,172.88,258.06,21.387999999999998,301.1600036621094,407.260009765625,208.31
2023-02-21,148.48,94.58,91.79,172.08,252.67,20.655,294.0299987792969,399.0899963378906,197.37
2023-02-22,148.91,95.79,91.65,171.12,251.51,20.753999999999998,294.25,398.5400085449219,200.86
2023-02-23,149.4,95.82,90.89,172.04,254.77,23.663999999999998,296.82000732421875,400.6600036621094,202.07
2023-02-24,146.71,93.5,89.13,170.39,249.22,23.286,291.8500061035156,396.3800048828125,196.88
2023-02-27,147.92,93.76,89.87,169.54,250.16,23.500999999999998,293.94000244140625,397.7300109863281,207.63
2023-02-28,147.41,94.23,90.06,174.94,249.42,23.216,293.5599975585937,396.260009765625,205.71
2023-03-01,145.31,92.17,90.36,173.42,246.27,22.698,291.20001220703125,394.739990234375,202.77
2023-03-02,145.91,92.13,92.0,174.53,251.11,23.314,293.6099853515625,397.80999755859375,190.9
2023-03-03,151.03,94.9,93.65,185.25,255.29,23.89,299.67999267578125,404.1900024414063,197.79
2023-03-06,153.83,93.75,95.13,184.9,256.87,23.554,300.0199890136719,404.4700012207031,193.81
2023-03-07,151.6,93.55,93.86,184.51,254.15,23.288,296.3399963378906,398.2699890136719,187.71
2023-03-08,152.87,93.92,94.25,184.97,253.7,24.181,297.82000732421875,398.9200134277344,182.0
2023-03-09,150.59,92.25,92.32,181.69,252.32,23.436,292.6600036621094,391.55999755859375,172.92
2023-03-10,148.5,90.73,90.63,179.51,248.59,22.965,288.54998779296875,385.9100036621094,173.44
2023-03-13,150.47,92.43,91.11,180.9,253.92,22.966,290.69000244140625,385.3599853515625,174.48
2023-03-14,152.59,94.88,93.97,194.02,260.79,24.063,297.3699951171875,391.7300109863281,183.26
2023-03-15,152.99,96.2,96.11,197.75,265.44,24.228,298.92999267578125,389.2799987792969,180.45
2023-03-16,155.85,100.04,100.32,204.93,276.2,25.541,306.8099975585937,396.1099853515625,184.13
2023-03-17,155.0,98.95,101.62,195.61,279.43,25.725,305.3599853515625,389.989990234375,180.13
2023-03-20,157.4,97.71,101.22,197.81,272.23,25.9,305.9700012207031,393.739990234375,183.25
2023-03-21,159.28,100.61,104.92,202.16,273.78,26.199,310.3399963378906,398.9100036621094,197.58
2023-03-22,157.83,98.7,103.37,199.81,272.29,26.468,306.1199951171875,392.1099853515625,191.15
2023-03-23,158.93,98.71,105.6,204.28,277.66,27.191000000000003,309.75,393.1700134277344,192.22
2023-03-24,160.25,98.13,105.44,206.01,280.57,26.779000000000003,310.8900146484375,395.75,190.41
2023-03-27,158.28,98.04,102.46,202.84,276.38,26.531,308.760009765625,396.489990234375,191.81
2023-03-28,157.65,97.24,101.03,200.68,275.23,26.410000000000004,307.1199951171875,395.6000061035156,189.19
2023-03-29,160.77,100.25,101.39,205.35,280.51,26.983999999999998,312.7200012207031,401.3500061035156,193.88
2023-03-30,162.36,102.0,100.89,207.84,284.05,27.383,315.67999267578125,403.7000122070313,195.28
2023-03-31,164.9,103.29,103.73,211.94,288.3,27.776999999999997,320.92999267578125,409.3900146484375,207.46
2023-04-03,166.17,102.41,104.36,213.07,287.23,27.964999999999996,320.1499938964844,410.9500122070313,194.77
2023-04-04,165.63,103.95,104.72,214.72,287.18,27.452999999999996,319.07000732421875,408.6700134277344,192.58
2023-04-05,163.76,101.1,104.47,211.48,284.34,26.881,315.9200134277344,407.6000061035156,185.52
2023-04-06,164.66,102.06,108.42,216.1,291.6,27.037,318.04998779296875,409.1900024414063,185.06
2023-04-10,162.03,102.17,106.44,214.75,289.39,27.579,317.8699951171875,409.6099853515625,184.51
2023-04-11,160.8,99.92,105.35,213.85,282.83,27.169,315.8299865722656,409.7200012207031,186.79
2023-04-12,160.1,97.83,104.64,214.0,283.49,26.494999999999997,313.0400085449219,408.0499877929688,180.54
2023-04-13,165.56,102.4,107.43,220.35,289.84,26.463,319.1700134277344,413.4700012207031,185.9
2023-04-14,165.21,102.51,108.87,221.49,286.14,26.758,318.57000732421875,412.4599914550781,185.0
2023-04-17,165.23,102.74,105.97,218.86,288.8,27.002,318.8399963378906,413.9400024414063,187.04
2023-04-18,166.47,102.3,104.5,217.89,288.37,27.667,318.8599853515625,414.2099914550781,184.31
2023-04-19,167.63,104.3,104.18,215.7,288.45,27.931,318.7099914550781,414.1400146484375,180.59
2023-04-20,166.65,103.81,105.29,213.07,286.11,27.104000000000003,316.2799987792969,411.8800048828125,162.99
2023-04-21,165.02,106.96,105.41,212.89,285.76,27.119,316.6099853515625,412.2000122070313,165.08
2023-04-24,165.33,106.21,105.97,212.79,281.77,27.042,315.95001220703125,412.6300048828125,162.55
2023-04-25,163.77,102.57,103.85,207.55,275.42,26.241000000000003,309.989990234375,406.0799865722656,160.67
2023-04-26,163.76,104.98,103.71,209.4,295.37,26.956,311.8699951171875,404.3599853515625,153.75
2023-04-27,168.41,109.82,107.59,238.56,304.83,27.226,320.3500061035156,412.4100036621094,160.19
2023-04-28,169.68,105.45,107.34,240.32,307.26,27.749000000000002,322.5599975585937,415.9299926757813,164.31
2023-05-01,169.59,102.05,107.2,243.18,305.56,28.910000000000004,322.19000244140625,415.510009765625,161.83
2023-05-02,168.54,103.63,105.32,239.24,305.41,28.21,319.3800048828125,410.8399963378906,160.31
2023-05-03,167.45,103.65,105.41,237.03,304.4,27.802,317.2900085449219,408.0199890136719,160.61
2023-05-04,165.79,104.0,104.69,233.52,305.41,27.562,316.1700134277344,405.1300048828125,161.2
2023-05-05,173.57,105.655,105.57,232.78,310.65,28.68,322.8900146484375,412.6300048828125,170.06
2023-05-08,173.5,105.83,107.77,233.27,308.65,29.151,323.69000244140625,412.739990234375,171.79
2023-05-09,171.77,106.62,107.35,233.37,307.0,28.570999999999998,321.6400146484375,410.9299926757813,169.15
2023-05-10,173.555,110.19,111.75,233.08,312.31,28.885,325.1400146484375,412.8500061035156,168.54
2023-05-11,173.75,112.18,116.57,235.79,310.11,28.577999999999996,326.20001220703125,412.1300048828125,172.08
2023-05-12,172.57,110.26,117.51,233.81,308.97,28.339999999999996,325.0299987792969,411.5899963378906,167.98
2023-05-15,172.07,111.2,116.51,238.86,309.46,28.952999999999996,326.7900085449219,413.010009765625,166.35
2023-05-16,172.07,113.4,119.51,238.82,311.74,29.213,327.1600036621094,410.25,166.52
2023-05-17,172.69,115.5,120.84,242.485,314.0,30.177999999999997,331.1199951171875,415.2300109863281,173.86
2023-05-18,175.05,118.15,122.83,246.85,318.52,31.677999999999997,337.2699890136719,419.2300109863281,176.89
2023-05-19,175.16,116.25,122.76,245.64,318.34,31.264,336.510009765625,418.6199951171875,180.14
2023-05-22,174.2,115.01,125.05,248.32,321.18,31.176,337.6400146484375,418.7900085449219,188.87
2023-05-23,171.56,114.99,122.56,246.74,315.26,30.688,333.3599853515625,414.0899963378906,185.77
2023-05-24,171.84,116.75,120.9,249.21,313.85,30.538,331.6499938964844,411.0899963378906,182.9
2023-05-25,172.99,115.0,123.48,252.69,325.92,37.980000000000004,339.7200012207031,414.6499938964844,184.47
2023-05-26,175.43,120.11,124.61,262.04,332.89,38.946,348.3999938964844,420.0199890136719,193.17
2023-05-30,177.3,121.66,123.67,262.52,331.21,40.111000000000004,349.9800109863281,420.1799926757813,201.16
2023-05-31,177.25,120.58,122.87,264.72,328.39,37.833999999999996,347.989990234375,417.8500061035156,203.93
2023-06-01,180.09,122.77,123.72,272.61,332.58,39.769999999999996,352.010009765625,421.8200073242188,207.52
2023-06-02,180.95,124.25,124.67,272.61,335.4,39.327,354.6499938964844,427.9200134277344,213.97
2023-06-05,179.58,125.3,126.01,271.39,335.94,39.171,354.8999938964844,427.1000061035156,217.61
2023-06-06,179.21,126.61,127.31,271.12,333.68,38.654,354.8399963378906,428.0299987792969,221.31
2023-06-07,177.82,121.23,122.5,263.6,323.38,37.475,348.82000732421875,426.5499877929688,224.57
2023-06-08,180.57,124.25,122.14,264.58,325.26,38.510000000000005,353.1499938964844,429.1300048828125,234.86
2023-06-09,180.96,123.43,122.23,264.95,326.79,38.769999999999996,354.5,429.8999938964844,244.4
2023-06-12,183.79,126.57,123.64,271.05,331.85,39.482,360.489990234375,433.7999877929688,249.83
2023-06-13,183.31,126.66,123.83,271.32,334.29,41.022000000000006,363.260009765625,436.6600036621094,258.71
2023-06-14,183.95,126.42,123.67,273.35,337.34,42.997,365.8999938964844,437.1799926757813,256.79
2023-06-15,186.01,127.11,125.09,281.83,348.1,42.653,370.260009765625,442.6000061035156,255.9
2023-06-16,184.92,125.49,123.53,281.0,342.33,42.692,367.9299926757813,439.4599914550781,260.54
2023-06-20,185.01,125.78,123.1,284.33,338.05,43.808,366.8999938964844,437.1799926757813,274.45
2023-06-21,183.96,124.83,120.55,281.64,333.56,43.045,361.8999938964844,434.9400024414063,259.46
2023-06-22,187.0,130.15,123.15,284.88,339.71,43.025,366.1700134277344,436.510009765625,264.61
2023-06-23,186.68,129.33,122.34,288.73,335.02,42.208999999999996,362.5400085449219,433.2099914550781,256.6
2023-06-26,185.27,127.33,118.34,278.47,328.6,40.632,357.67999267578125,431.4400024414063,241.05
2023-06-27,188.06,129.18,118.33,287.05,334.57,41.876,363.8299865722656,436.1700134277344,250.21
2023-06-28,189.25,129.04,120.18,285.29,335.85,41.117000000000004,364.5400085449219,436.3900146484375,256.24
2023-06-29,189.59,127.9,119.1,281.53,335.05,40.822,363.80999755859375,438.1099853515625,257.5
2023-06-30,193.97,130.36,119.7,286.98,340.54,42.302,369.4200134277344,443.2799987792969,261.77
2023-07-03,192.46,130.22,119.9,286.02,337.99,42.413,370.2900085449219,443.7900085449219,279.82
2023-07-05,191.33,130.38,121.75,294.37,338.15,42.317,370.2799987792969,443.1300048828125,282.48
2023-07-06,191.81,128.36,120.11,291.99,341.27,42.102999999999994,367.4599914550781,439.6600036621094,276.54
2023-07-07,190.68,129.78,119.48,290.53,337.22,42.503,366.239990234375,438.5499877929688,274.43
2023-07-10,188.61,127.13,116.45,294.1,331.83,42.18,366.3599853515625,439.6600036621094,269.61
2023-07-11,188.08,128.78,117.14,298.29,332.47,42.405,368.1700134277344,442.4599914550781,269.79
2023-07-12,189.77,130.8,118.93,309.34,337.2,43.902,372.8200073242188,446.0199890136719,271.99
2023-07-13,190.54,134.3,124.54,313.41,342.66,45.977,379.1499938964844,449.55999755859375,277.9
2023-07-14,190.69,134.68,125.42,308.87,345.24,45.469,379.0700073242188,449.2799987792969,281.38
2023-07-17,193.99,133.56,124.65,310.62,345.73,46.461,382.6099853515625,450.8399963378906,290.38
2023-07-18,193.73,132.83,123.76,312.05,359.49,47.494,385.739990234375,454.1900024414063,293.34
2023-07-19,195.1,135.36,122.03,316.01,355.08,47.077,385.6499938964844,455.2000122070313,291.26
2023-07-20,193.13,129.96,119.2,302.52,346.87,45.519999999999996,376.760009765625,452.1799926757813,262.9
2023-07-21,191.94,130.0,120.02,294.26,343.77,44.309,375.6300048828125,452.1799926757813,260.02
2023-07-24,192.75,128.8,121.53,291.61,345.11,44.612,376.2300109863281,454.2000122070313,269.06
2023-07-25,193.62,129.13,122.21,294.47,350.98,45.679,378.7799987792969,455.4400024414063,265.28
2023-07-26,194.5,128.15,129.27,298.57,337.77,45.452,377.5199890136719,455.510009765625,264.35
2023-07-27,193.22,128.25,129.4,311.71,330.72,45.9,376.6199951171875,452.489990234375,255.71
2023-07-28,195.83,132.21,132.58,325.48,338.37,46.75,383.4800109863281,456.9200134277344,266.44
2023-07-31,196.45,133.68,132.72,318.6,335.92,46.729,383.6799926757813,457.7900085449219,267.43
2023-08-01,195.605,131.69,131.55,322.71,336.34,46.507,382.7900085449219,456.4800109863281,261.07
2023-08-02,192.58,128.21,128.38,314.31,327.5,44.269,374.3900146484375,450.1300048828125,254.11
2023-08-03,191.17,128.91,128.45,313.19,326.66,44.515,373.7900085449219,448.8399963378906,259.32
2023-08-04,181.99,139.57,128.11,310.73,327.78,44.68,372.0400085449219,446.80999755859375,253.86
2023-08-07,178.85,142.22,131.53,316.56,330.11,45.4165,375.1900024414063,450.7099914550781,251.45
2023-08-08,179.8,139.94,131.4,312.64,326.05,44.664,372.0,448.75,249.7
2023-08-09,178.19,137.85,129.66,305.21,322.23,42.554,367.9100036621094,445.75,242.19
2023-08-10,177.97,138.56,129.69,305.74,322.93,42.388,368.5899963378906,445.9100036621094,245.34
2023-08-11,177.79,138.41,129.56,301.64,321.01,40.855000000000004,366.239990234375,445.6499938964844,242.65
2023-08-14,179.46,140.57,131.33,306.19,324.04,43.753,370.3500061035156,448.1099853515625,239.76
2023-08-15,177.45,137.67,129.78,301.95,321.86,43.94,366.4200134277344,442.8900146484375,232.96
2023-08-16,176.57,135.07,128.7,294.29,320.4,43.486000000000004,362.5400085449219,439.6400146484375,225.6
2023-08-17,174.0,133.98,129.92,285.09,316.88,43.3435,358.5799865722656,436.2900085449219,219.22
2023-08-18,174.49,133.22,127.46,283.25,316.48,43.299,358.1300048828125,436.5,215.49
2023-08-21,175.84,134.68,128.37,289.9,321.88,46.967,363.8999938964844,439.3399963378906,231.28
2023-08-22,177.23,134.25,129.08,287.6,322.46,45.668,363.3800048828125,438.1499938964844,233.19
2023-08-23,181.12,135.52,132.37,294.24,327.0,47.116,369.1099853515625,443.0299987792969,236.86
2023-08-24,176.38,131.84,129.78,286.75,319.97,47.163,361.2200012207031,436.8900146484375,230.04
2023-08-25,178.61,133.26,129.88,285.5,322.98,46.018,364.0199890136719,439.9700012207031,238.59
2023-08-28,180.19,133.14,131.01,290.26,323.7,46.835,366.760009765625,442.760009765625,238.82
2023-08-29,184.12,134.91,134.57,297.99,328.41,48.784,374.7699890136719,449.1600036621094,257.18
2023-08-30,187.65,135.07,135.88,295.1,328.79,49.263999999999996,376.8599853515625,451.010009765625,256.9
2023-08-31,187.87,138.01,136.17,295.89,327.76,49.355000000000004,377.989990234375,450.3500061035156,258.08
2023-09-01,189.46,138.12,135.66,296.38,328.66,48.509,377.5899963378906,451.1900024414063,245.01
2023-09-05,189.7,137.27,135.77,300.15,333.55,48.548,378.0700073242188,449.239990234375,256.49
2023-09-06,182.91,135.36,134.46,299.17,332.88,47.061,374.739990234375,446.2200012207031,251.92
2023-09-07,177.56,137.85,135.26,298.67,329.91,46.241,372.05999755859375,444.8500061035156,251.49
2023-09-08,178.18,138.23,136.38,297.89,334.27,45.572,372.5799865722656,445.5199890136719,248.5
2023-09-11,179.36,143.1,136.92,307.56,337.94,45.178,376.9700012207031,448.4500122070313,273.58
2023-09-12,176.3,141.23,135.34,301.66,331.77,44.87,372.7900085449219,445.989990234375,267.48
2023-09-13,174.21,144.85,136.71,305.06,336.06,45.485,374.2099914550781,446.510009765625,271.3
2023-09-14,175.74,144.72,138.1,311.72,338.7,45.581,377.2699890136719,450.3599853515625,276.04
2023-09-15,175.01,140.39,137.4,300.31,330.22,43.9,370.80999755859375,443.3699951171875,274.39
2023-09-18,177.97,139.98,138.21,302.55,329.06,43.966,370.6600036621094,443.6300048828125,265.28
2023-09-19,179.07,137.63,138.04,305.07,328.65,43.519999999999996,369.8699951171875,442.7099914550781,266.5
2023-09-20,175.49,135.29,133.74,299.67,320.77,42.239,364.5400085449219,438.6400146484375,262.59
2023-09-21,173.93,129.33,130.44,295.73,319.53,41.017,357.8599853515625,431.3900146484375,255.7
2023-09-22,174.79,129.12,130.25,299.08,317.01,41.61,357.9100036621094,430.4200134277344,244.88
2023-09-25,176.08,131.27,131.11,300.83,317.54,42.222,359.6099853515625,432.2300109863281,246.99
2023-09-26,171.96,125.98,128.565,298.96,312.14,41.911,354.2099914550781,425.8800048828125,244.12
2023-09-27,170.43,125.98,130.54,297.74,312.79,42.468,355.0400085449219,426.0499877929688,240.5
2023-09-28,170.69,125.98,132.31,303.96,313.64,43.089,358.010009765625,428.5199890136719,246.38
2023-09-29,171.21,127.12,130.86,300.21,315.75,43.499,358.2699890136719,427.4800109863281,250.22
2023-10-02,173.75,129.46,134.17,306.82,321.8,44.782,361.260009765625,427.30999755859375,251.6
2023-10-03,172.4,124.72,132.43,300.94,313.39,43.517,354.9200134277344,421.5899963378906,246.53
2023-10-04,173.66,127.0,135.24,305.58,318.955,44.041000000000004,359.75,424.6600036621094,261.16
2023-10-05,174.91,125.96,135.07,304.79,319.36,44.688,358.69000244140625,424.5,260.05
2023-10-06,177.49,127.96,137.58,315.43,327.26,45.762,364.7000122070313,429.5400085449219,260.53
2023-10-09,178.99,128.26,138.42,318.36,329.82,45.273,366.55999755859375,432.2900085449219,259.67
2023-10-10,178.39,129.48,138.06,321.84,328.39,45.798,368.5899963378906,434.5400085449219,263.62
2023-10-11,179.8,131.83,140.55,327.82,332.42,46.806,371.2200012207031,436.3200073242188,262.99
2023-10-12,180.71,132.33,138.97,324.16,331.16,46.945,369.9299926757813,433.6600036621094,258.87
2023-10-13,178.85,129.79,137.36,314.69,327.73,45.461,365.2799987792969,431.5,251.12
2023-10-16,178.72,132.55,139.095,321.15,332.64,46.095,369.4100036621094,436.0400085449219,253.92
2023-10-17,177.15,131.47,139.72,324.0,332.06,43.938,368.2000122070313,436.0199890136719,254.85
2023-10-18,175.84,128.13,137.96,316.97,330.11,42.196,363.3699951171875,430.2099914550781,242.68
2023-10-19,175.46,128.4,137.75,312.81,331.32,42.101,359.9700012207031,426.4299926757813,220.11
2023-10-20,172.88,125.17,135.6,308.65,326.67,41.387,354.6000061035156,421.1900024414063,211.99
2023-10-23,173.0,126.56,136.5,314.01,329.32,42.975,355.6700134277344,420.4599914550781,212.08
2023-10-24,173.44,128.56,138.81,312.55,330.53,43.663,359.1300048828125,423.6300048828125,216.52
2023-10-25,171.1,121.39,125.61,299.53,340.67,41.779,350.3399963378906,417.5499877929688,212.42
2023-10-26,166.89,119.57,122.28,288.35,327.89,40.326,343.6600036621094,412.5499877929688,205.76
2023-10-27,168.22,127.74,122.17,296.73,329.81,40.5,345.3099975585937,410.6799926757813,207.3
2023-10-30,170.29,132.71,124.46,302.66,337.31,41.161,349.20001220703125,415.5899963378906,197.36
2023-10-31,170.77,133.09,124.08,301.27,338.11,40.78,350.8699951171875,418.2000122070313,200.84
2023-11-01,173.97,137.0,126.45,311.85,346.07,42.325,356.9599914550781,422.6600036621094,205.66
2023-11-02,177.57,138.07,127.49,310.87,348.32,43.506,363.4400024414063,430.760009765625,218.51
2023-11-03,176.65,138.6,129.1,314.6,352.8,45.005,367.7099914550781,434.6900024414063,219.96
2023-11-06,179.23,139.74,130.25,315.8,356.53,45.751,369.2099914550781,435.6900024414063,219.27
2023-11-07,181.82,142.71,130.97,318.82,360.53,45.955,372.7000122070313,436.9299926757813,222.18
2023-11-08,182.89,142.08,131.84,319.78,363.2,46.574,372.9400024414063,437.25,222.11
2023-11-09,182.41,140.6,130.24,320.55,360.69,46.95,370.0700073242188,433.8399963378906,209.98
2023-11-10,186.4,143.56,132.59,328.77,369.67,48.335,378.3900146484375,440.6099853515625,214.65
2023-11-13,184.8,142.59,132.09,329.19,366.68,48.62,377.2099914550781,440.1900024414063,223.71
2023-11-14,187.44,145.8,133.62,336.31,370.27,49.656,385.3299865722656,448.7300109863281,237.41
2023-11-15,188.01,143.2,134.62,332.71,369.67,48.888,385.6199951171875,449.6799926757813,242.84
2023-11-16,189.71,142.83,136.93,334.19,376.17,49.480000000000004,385.9500122070313,450.2300109863281,233.59
2023-11-17,189.69,145.18,135.31,335.04,369.85,49.298,386.0400085449219,450.7900085449219,234.3
2023-11-20,191.45,146.13,136.25,339.97,377.44,50.409,390.739990234375,454.260009765625,235.6
2023-11-21,190.64,143.9,136.97,336.98,373.07,49.944,388.4700012207031,453.2699890136719,241.2
2023-11-22,191.31,146.71,138.49,341.49,377.85,48.716,390.05999755859375,455.0199890136719,234.21
2023-11-24,189.97,146.74,136.69,338.23,377.43,47.775999999999996,389.510009765625,455.2999877929688,235.45
2023-11-27,189.79,147.73,136.41,334.7,378.61,48.242000000000004,389.1700134277344,454.4800109863281,236.08
2023-11-28,190.4,147.03,137.2,338.99,382.7,47.821,390.1900024414063,454.9299926757813,246.72
2023-11-29,189.37,146.32,134.99,332.2,378.85,48.14,389.80999755859375,454.6099853515625,244.14
2023-11-30,189.95,146.09,132.53,327.15,378.91,46.769999999999996,388.8299865722656,456.3999938964844,240.08
2023-12-01,191.24,147.03,131.86,324.82,374.51,46.765,389.9400024414063,459.1000061035156,238.83
2023-12-04,189.43,144.84,129.27,320.02,369.14,45.510000000000005,386.3200073242188,456.6900024414063,235.58
2023-12-05,193.42,146.88,130.99,318.29,372.52,46.566,387.2900085449219,456.6000061035156,238.72
2023-12-06,192.32,144.52,130.02,317.45,368.8,45.503,385.0499877929688,454.760009765625,239.37
2023-12-07,194.27,146.88,136.93,326.59,370.95,46.596,390.4299926757813,458.2300109863281,242.64
2023-12-08,195.71,147.42,134.99,332.75,374.23,47.506,392.1700134277344,460.2000122070313,243.84
2023-12-11,193.18,145.89,133.29,325.28,371.3,46.626999999999995,395.5199890136719,461.989990234375,239.74
2023-12-12,194.71,147.48,132.52,334.22,374.38,47.657,398.6700134277344,464.1000061035156,237.01
2023-12-13,197.96,148.84,132.57,334.74,374.37,48.088,403.739990234375,470.5,239.29
2023-12-14,198.11,147.42,131.94,333.17,365.93,48.35,403.3900146484375,472.010009765625,251.05
2023-12-15,197.57,149.97,132.6,334.92,370.73,48.89,405.3399963378906,469.3299865722656,253.5
2023-12-18,195.89,154.07,135.8,344.62,372.65,50.077,407.0799865722656,471.9700012207031,252.08
2023-12-19,196.94,153.79,136.65,350.36,373.26,49.604,409.1600036621094,474.8399963378906,257.22
2023-12-20,194.83,152.12,138.34,349.28,370.62,48.111000000000004,403.0799865722656,468.260009765625,247.14
2023-12-21,194.68,153.84,140.42,354.09,373.54,48.989999999999995,407.7699890136719,472.7000122070313,254.5
2023-12-22,193.6,153.42,141.49,353.39,374.58,48.83,408.3800048828125,473.6499938964844,252.54
2023-12-26,193.05,153.41,141.52,354.83,374.66,49.279,410.8800048828125,475.6499938964844,256.61
2023-12-27,193.15,153.34,140.37,357.83,374.07,49.417,411.5,476.510009765625,261.44
2023-12-28,193.58,153.38,140.23,358.32,375.28,49.522000000000006,411.2999877929688,476.6900024414063,253.18
2023-12-29,192.53,151.94,139.69,353.96,376.04,49.522000000000006,409.5199890136719,475.30999755859375,248.48
2024-01-02,185.64,149.93,138.17,346.29,370.87,48.168,402.5899963378906,472.6499938964844,248.42
2024-01-03,184.25,148.47,138.92,344.47,370.6,47.569,398.3299865722656,468.7900085449219,238.45
2024-01-04,181.91,144.57,136.39,347.12,367.94,47.998000000000005,396.2799987792969,467.2799987792969,237.93
2024-01-05,181.18,145.24,135.73,351.95,367.75,49.097,396.75,467.9200134277344,237.49
2024-01-08,185.56,149.1,138.84,358.66,374.69,52.253,404.9500122070313,474.6000061035156,240.45
2024-01-09,185.14,151.37,140.95,357.43,375.79,53.14,405.75,473.8800048828125,234.96
2024-01-10,186.19,153.73,142.28,370.47,382.77,54.35,408.5,476.55999755859375,233.94
2024-01-11,185.59,155.18,142.08,369.67,384.63,54.822,409.3500061035156,476.3500061035156,227.22
2024-01-12,185.92,154.62,142.65,374.49,388.47,54.71,409.55999755859375,476.6799926757813,218.89
2024-01-16,183.63,153.16,142.49,367.46,390.27,56.382000000000005,409.5199890136719,474.9299926757813,219.91
2024-01-17,182.68,151.71,141.47,368.37,389.47,56.053,407.2099914550781,472.2900085449219,215.55
2024-01-18,188.63,153.5,143.48,376.13,393.87,57.107000000000006,412.989990234375,476.489990234375,211.88
2024-01-19,191.56,155.34,146.38,383.45,398.67,59.491,421.1799926757813,482.4299926757813,212.19
2024-01-22,193.89,154.78,145.99,381.78,396.51,59.653999999999996,421.7300109863281,483.4500122070313,208.8
2024-01-23,195.18,156.02,147.04,385.2,398.9,59.873000000000005,423.4800109863281,484.8599853515625,209.14
2024-01-24,194.5,156.87,148.7,390.7,402.56,61.362,425.8299865722656,485.3900146484375,207.83
2024-01-25,194.17,157.75,151.87,393.18,404.87,61.617,426.3500061035156,488.0299987792969,182.63
2024-01-26,192.42,159.12,152.185,394.14,403.93,61.03099999999999,423.80999755859375,487.4100036621094,183.25
2024-01-29,191.73,161.26,153.51,401.02,409.72,62.464999999999996,428.1499938964844,491.2699890136719,190.93
2024-01-30,188.04,159.0,151.46,400.06,408.59,62.774,425.2999877929688,490.8900146484375,191.59
2024-01-31,184.4,155.2,140.1,390.14,397.58,61.527,416.9700012207031,482.8800048828125,187.29
2024-02-01,186.86,159.28,141.16,394.78,403.78,63.027,421.8800048828125,489.2000122070313,188.86
2024-02-02,185.85,171.81,142.38,474.99,411.22,66.16,429.010009765625,494.3500061035156,187.91
2024-02-05,187.68,170.31,143.68,459.41,405.65,69.33200000000001,428.4500122070313,492.5499877929688,181.06
2024-02-06,189.3,169.15,144.1,454.72,405.49,68.223,427.5899963378906,493.9800109863281,185.1
2024-02-07,189.41,170.53,145.54,469.59,414.05,70.099,431.989990234375,498.1000061035156,187.58
2024-02-08,188.32,169.84,145.91,470.0,414.11,69.64099999999999,432.7900085449219,498.3200073242188,189.56
2024-02-09,188.85,174.45,149.0,468.11,420.55,72.13300000000001,437.0499877929688,501.2000122070313,193.57
2024-02-12,187.15,172.34,147.53,468.9,415.26,72.248,435.3399963378906,500.9800109863281,188.13
2024-02-13,185.04,168.64,145.14,460.12,406.32,72.128,428.5499877929688,494.0799865722656,184.02
2024-02-14,184.15,170.98,145.94,473.28,409.49,73.9,433.2200012207031,498.5700073242188,188.71
2024-02-15,183.86,169.8,142.77,484.03,406.56,72.658,434.510009765625,502.010009765625,200.45
2024-02-16,182.31,169.51,140.52,473.32,404.06,72.613,430.5700073242188,499.510009765625,199.95
2024-02-20,181.56,167.08,141.12,471.75,402.79,69.452,427.3200073242188,496.760009765625,193.76
2024-02-21,182.32,168.59,142.55,468.03,402.18,67.47200000000001,425.6099853515625,497.2099914550781,194.77
2024-02-22,184.37,174.58,144.09,486.13,411.65,78.538,438.0700073242188,507.5,197.41
2024-02-23,182.52,174.99,143.96,484.03,410.34,78.817,436.7799987792969,507.8500061035156,191.97
2024-02-26,181.16,174.73,137.57,481.74,407.54,79.092,436.5499877929688,505.989990234375,199.4
2024-02-27,182.63,173.54,138.88,487.05,407.48,78.701,437.6000061035156,506.9299926757813,199.73
2024-02-28,181.42,173.16,136.38,484.02,407.72,77.663,435.2699890136719,506.260009765625,202.04
2024-02-29,180.75,176.76,138.46,490.13,413.64,79.112,439.0,508.0799865722656,201.88
2024-03-01,179.66,178.22,137.14,502.3,415.5,82.279,445.6099853515625,512.8499755859375,202.64
2024-03-04,175.1,177.58,133.35,498.19,414.92,85.237,444.0199890136719,512.2999877929688,188.14
2024-03-05,170.12,174.12,132.67,490.22,402.65,85.964,436.0499877929688,507.1799926757813,180.74
2024-03-06,169.12,173.51,131.4,496.09,402.09,88.7,438.7900085449219,509.75,176.54
2024-03-07,169.0,176.82,134.38,512.19,409.14,92.66900000000001,445.4500122070313,514.8099975585938,178.65
2024-03-08,170.73,175.35,135.41,505.95,406.22,87.52799999999999,439.0199890136719,511.7200012207031,175.34
2024-03-11,172.75,171.96,137.67,483.59,404.52,85.774,437.3900146484375,511.2799987792969,177.77
2024-03-12,173.23,175.39,138.5,499.75,415.28,91.913,443.6600036621094,516.780029296875,177.54
2024-03-13,171.13,176.555,139.79,495.57,415.1,90.888,440.25,515.969970703125,169.48
2024-03-14,173.0,178.75,143.1,491.83,425.22,87.944,439.1400146484375,514.9500122070312,162.5
2024-03-15,172.62,174.42,141.18,484.1,416.42,87.8365,433.9200134277344,509.8299865722656,163.57
2024-03-18,173.72,174.48,147.68,496.98,417.32,88.455,437.4800109863281,512.8599853515625,173.8
2024-03-19,176.08,175.9,147.03,496.24,421.41,89.398,438.5700073242188,515.7100219726562,171.32
2024-03-20,178.67,178.15,148.74,505.52,425.23,90.372,443.7699890136719,520.47998046875,175.66
2024-03-21,171.37,178.15,147.6,507.76,429.37,91.435,445.8699951171875,522.2000122070312,172.82
2024-03-22,172.28,178.87,150.77,509.58,428.74,94.289,446.3800048828125,521.2100219726562,170.83
2024-03-25,170.85,179.71,150.07,503.02,422.86,95.002,444.760009765625,519.77001953125,172.63
2024-03-26,169.71,178.3,150.67,495.89,421.65,92.561,443.3200073242188,518.8099975585938,177.67
2024-03-27,173.31,179.83,150.87,493.86,421.43,90.25,444.8299865722656,523.1699829101562,179.83
2024-03-28,171.48,180.38,150.93,485.58,420.72,90.356,444.010009765625,523.0700073242188,175.79
2024-04-01,170.03,180.97,155.49,491.35,424.57,90.363,444.9500122070313,522.1599731445312,175.22
2024-04-02,168.84,180.69,154.56,497.37,421.44,89.452,441.1099853515625,518.8400268554688,166.63
2024-04-03,169.65,182.41,154.92,506.74,420.45,88.964,442.1000061035156,519.4099731445312,168.38
2024-04-04,168.82,180.0,150.53,510.92,417.88,85.905,435.3399963378906,513.0700073242188,171.11
2024-04-05,169.58,185.07,152.5,527.34,425.52,88.00800000000001,440.4700012207031,518.4299926757812,164.9
2024-04-08,168.45,185.19,154.85,519.25,424.59,87.13300000000001,440.6000061035156,518.719970703125,172.98
2024-04-09,169.67,185.67,156.6,516.9,426.28,85.354,442.2300109863281,519.3200073242188,176.88
2024-04-10,167.78,185.95,156.14,519.83,423.26,87.039,438.3699951171875,514.1199951171875,171.76
2024-04-11,175.04,189.05,159.41,523.16,427.93,90.616,445.3699951171875,518.0,174.6
2024-04-12,176.55,186.13,157.73,511.9,421.9,88.186,438.2699890136719,510.8500061035156,171.05
2024-04-15,172.69,183.62,154.86,500.23,413.64,86.001,431.05999755859375,504.4500122070313,161.48
2024-04-16,169.38,183.32,154.4,499.76,414.58,87.41499999999999,431.1000061035156,503.5299987792969,157.11
2024-04-17,168.0,181.28,155.47,494.17,411.84,84.035,425.8399963378906,500.5499877929688,155.45
2024-04-18,167.04,179.22,156.01,501.8,404.27,84.671,423.4100036621094,499.5199890136719,149.93
2024-04-19,165.0,174.63,154.09,481.07,399.12,76.2,414.6499938964844,495.1600036621094,147.05
2024-04-22,165.84,177.23,156.28,481.73,400.96,79.518,418.8200073242188,499.7200012207031,142.05
2024-04-23,166.9,179.54,158.26,496.1,407.57,82.423,425.0700073242188,505.6499938964844,144.68
2024-04-24,169.02,176.59,159.13,493.5,409.06,79.67699999999999,426.510009765625,505.4100036621094,162.13
2024-04-25,169.89,173.67,156.0,441.38,399.04,82.632,424.4500122070313,503.489990234375,170.18
2024-04-26,169.3,179.62,171.95,443.29,406.32,87.735,431.0,508.260009765625,168.29
2024-04-29,173.5,180.96,166.15,432.62,402.25,87.757,432.75,510.05999755859375,194.05
2024-04-30,170.33,175.0,162.78,430.17,389.33,86.402,424.5899963378906,501.9800109863281,183.28
2024-05-01,169.3,179.0,163.86,439.19,394.94,83.041,421.5199890136719,500.3500061035156,179.99
2024-05-02,173.03,184.72,166.62,441.68,397.84,85.817,426.8999938964844,505.0299987792969,180.01
2024-05-03,183.38,186.21,167.24,451.96,406.66,88.789,435.4800109863281,511.2900085449219,181.19
2024-05-06,181.71,188.7,168.1,465.68,413.54,92.14,440.25,516.5700073242188,184.76
2024-05-07,182.4,188.76,171.25,468.24,409.34,90.554,440.3200073242188,517.1400146484375,177.81
2024-05-08,182.74,188.0,169.38,472.6,410.54,90.412,440.05999755859375,517.1900024414062,174.72
2024-05-09,184.57,189.5,169.96,475.42,412.32,88.747,441.0199890136719,520.1699829101562,171.97
2024-05-10,183.05,187.48,168.65,476.2,414.74,89.878,442.05999755859375,520.8400268554688,168.47
2024-05-13,186.28,186.57,169.14,468.01,413.72,90.399,443.0799865722656,520.9099731445312,171.89
2024-05-14,187.43,187.07,170.34,471.85,416.56,91.356,445.9299926757813,523.2999877929688,177.55
2024-05-15,189.72,185.99,172.51,481.54,423.08,94.63,452.8999938964844,529.780029296875,173.99
2024-05-16,189.84,183.63,174.18,473.23,420.99,94.35900000000001,451.9800109863281,528.6900024414062,174.84
2024-05-17,189.87,184.7,176.06,471.91,420.21,92.479,451.760009765625,529.4500122070312,177.46
2024-05-20,191.04,183.54,176.92,468.84,425.34,94.78,454.9100036621094,530.0599975585938,174.95
2024-05-21,192.35,183.15,177.85,464.63,429.04,95.386,455.7999877929688,531.3599853515625,186.6
2024-05-22,190.9,183.13,176.38,467.78,430.52,94.95,455.7099914550781,529.8300170898438,180.11
2024-05-23,186.88,181.05,173.55,465.78,427.0,103.799,453.6600036621094,525.9600219726562,173.74
2024-05-24,189.98,180.75,174.99,478.22,430.16,106.46900000000001,457.9500122070313,529.4400024414062,179.24
2024-05-28,189.99,182.15,176.4,479.92,430.32,113.901,459.6799926757813,529.8099975585938,176.75
2024-05-29,190.29,182.02,175.9,474.36,429.17,114.825,456.4400024414063,526.0999755859375,176.19
2024-05-30,191.29,179.32,172.11,467.05,414.67,110.5,451.5499877929688,522.6099853515625,178.79
2024-05-31,192.25,176.44,172.5,466.83,415.13,109.633,450.7099914550781,527.3699951171875,178.08
2024-06-03,194.03,178.34,173.17,477.49,413.52,115.0,453.1300048828125,527.7999877929688,176.29
2024-06-04,194.35,179.34,173.79,476.99,416.07,116.43699999999998,454.3699951171875,528.3900146484375,174.77
2024-06-05,195.87,181.28,175.41,495.06,424.01,122.44000000000001,463.5299987792969,534.6699829101562,175.0
2024-06-06,194.48,185.0,176.73,493.76,424.52,120.998,463.3699951171875,534.6599731445312,177.94
2024-06-07,196.89,184.3,174.46,492.96,423.85,120.888,462.9599914550781,534.010009765625,177.48
2024-06-10,193.12,187.06,175.01,502.6,427.87,121.79,464.8299865722656,535.6599731445312,173.79
2024-06-11,207.15,187.23,176.62,507.47,432.68,120.91,468.0199890136719,536.9500122070312,170.66
2024-06-12,213.07,186.89,177.79,508.84,441.06,125.2,474.1499938964844,541.3599853515625,177.29
2024-06-13,214.24,183.83,175.16,504.1,441.58,129.61,476.7200012207031,542.4500122070312,182.47
2024-06-14,212.49,183.66,176.79,504.16,442.57,131.88,479.1900024414063,542.780029296875,178.01
2024-06-17,216.67,184.06,177.24,506.63,448.37,130.98,485.05999755859375,547.0999755859375,187.44
2024-06-18,214.29,182.81,175.09,499.49,446.34,135.58,485.2099914550781,548.489990234375,184.86
2024-06-20,209.68,186.1,176.3,501.7,445.7,130.78,481.4700012207031,547.0,181.57
2024-06-21,207.49,189.08,179.63,494.78,449.78,126.57,480.1799926757813,544.510009765625,183.01
2024-06-24,208.14,185.57,179.22,498.91,447.67,118.11,473.9599914550781,542.739990234375,182.58
2024-06-25,209.07,186.34,184.03,510.6,450.95,126.09,479.3800048828125,544.8300170898438,187.35
2024-06-26,213.25,193.61,183.88,513.12,452.16,126.4,480.3699951171875,545.510009765625,196.37
2024-06-27,214.1,197.85,185.41,519.56,452.85,123.99,481.6099853515625,546.3699951171875,197.42
2024-06-28,210.62,193.25,182.15,504.22,446.95,123.54,479.1099853515625,544.219970703125,197.88
2024-07-01,216.75,197.2,182.99,504.68,456.73,124.3,481.9200134277344,545.3400268554688,209.86
2024-07-02,220.27,200.0,185.24,509.5,459.28,122.67,486.9800109863281,549.010009765625,231.26
2024-07-03,221.55,197.59,185.82,509.96,460.77,128.28,491.0400085449219,551.4600219726562,246.39
2024-07-05,226.34,200.0,190.6,539.91,467.56,125.83,496.1600036621094,554.6400146484375,251.52
2024-07-08,227.82,199.29,189.03,529.32,466.24,128.2,497.3399963378906,555.280029296875,252.94
2024-07-09,228.68,199.34,188.98,530.0,459.54,131.38,497.7699890136719,555.8200073242188,262.33
2024-07-10,232.98,199.79,191.18,534.69,466.25,134.91,502.9599914550781,561.3200073242188,263.26
2024-07-11,227.57,195.05,185.57,512.7,454.7,127.4,491.9299926757813,556.47998046875,241.03
2024-07-12,230.54,194.49,185.07,498.87,453.55,129.24,494.8200073242188,559.989990234375,248.23
2024-07-15,234.4,192.72,186.53,496.16,453.96,128.44,496.1499938964844,561.530029296875,252.64
2024-07-16,234.82,193.02,183.92,489.79,449.52,126.36,496.3399963378906,564.8599853515625,256.56
2024-07-17,228.88,187.93,181.02,461.99,443.52,117.99,481.7699890136719,556.9400024414062,248.5
2024-07-18,224.18,183.75,177.69,475.85,440.37,121.09,479.489990234375,552.6599731445312,249.23
2024-07-19,224.31,183.13,177.66,476.79,437.11,117.93,475.239990234375,548.989990234375,239.2
2024-07-22,223.96,182.55,181.67,487.4,442.94,123.54,482.3200073242188,554.6500244140625,251.51
2024-07-23,225.01,186.41,181.79,488.69,444.85,122.59,480.6199951171875,553.780029296875,246.38
2024-07-24,218.54,180.83,172.63,461.27,428.9,114.25,463.3800048828125,541.22998046875,215.99
2024-07-25,217.49,179.85,167.28,453.41,418.4,112.28,458.2699890136719,538.4099731445312,220.25
2024-07-26,217.96,182.5,167.0,465.7,425.27,113.06,462.9700012207031,544.4400024414062,219.8
2024-07-29,218.24,183.2,169.53,465.71,426.73,111.59,463.8999938964844,544.760009765625,232.1
2024-07-30,218.8,181.71,170.29,463.19,422.92,103.73,457.5299987792969,542.0,222.62
2024-07-31,222.08,186.98,171.54,474.83,418.35,117.02,471.0700073242188,550.8099975585938,232.07
2024-08-01,218.36,184.07,170.76,497.74,417.11,109.21,459.6600036621094,543.010009765625,216.86
2024-08-02,219.86,167.9,166.66,488.14,408.49,107.27,448.75,532.9000244140625,207.67
2024-08-05,209.27,161.02,159.25,475.73,395.15,100.45,435.3699951171875,517.3800048828125,198.88
2024-08-06,207.23,161.93,158.29,494.09,399.61,104.25,439.5299987792969,522.1500244140625,200.64
2024-08-07,209.82,162.77,158.94,488.92,398.43,98.91,434.7699890136719,518.6599731445312,191.76
2024-08-08,213.31,165.8,162.03,509.63,402.69,104.97,448.0700073242188,530.6500244140625,198.84
2024-08-09,216.24,166.94,163.67,517.77,406.02,104.75,450.4100036621094,532.989990234375,200.0
2024-08-12,217.53,166.8,162.29,515.95,406.81,109.02,451.3800048828125,533.27001953125,197.49
2024-08-13,221.27,170.23,164.16,528.54,414.01,116.14,462.5799865722656,542.0399780273438,207.83
2024-08-14,221.72,170.1,160.37,526.76,416.86,118.08,462.7300109863281,543.75,201.38
2024-08-15,224.72,177.59,161.3,537.33,421.03,122.86,474.4200134277344,553.0700073242188,214.14
2024-08-16,226.05,177.06,162.96,527.42,418.47,124.58,475.0299987792969,554.3099975585938,216.12
2024-08-19,225.89,178.22,166.67,529.28,421.53,130.0,481.2699890136719,559.6099853515625,222.72
2024-08-20,226.51,178.88,167.18,526.73,424.8,127.25,480.260009765625,558.7000122070312,221.1
2024-08-21,226.4,180.11,165.85,535.16,424.14,128.5,482.5,560.6199951171875,223.27
2024-08-22,224.53,176.13,163.8,531.93,415.55,123.74,474.8500061035156,556.219970703125,210.66
2024-08-23,226.84,177.04,165.62,528.0,416.79,129.37,480.0,562.1300048828125,220.32
2024-08-26,227.18,175.5,166.16,521.12,413.49,126.46,475.3399963378906,560.7899780273438,213.21
2024-08-27,228.03,173.12,164.68,519.1,413.84,128.3,476.760009765625,561.5599975585938,209.21
2024-08-28,226.49,170.8,162.85,516.78,410.6,125.61,471.3500061035156,558.2999877929688,205.75
2024-08-29,229.79,172.12,161.78,518.22,413.12,117.59,470.6600036621094,558.3499755859375,206.28
2024-08-30,229.0,178.5,163.38,521.31,417.14,119.37,476.2699890136719,563.6799926757812,214.11
2024-09-03,222.77,176.25,157.36,511.76,409.44,108.0,461.80999755859375,552.0800170898438,210.6
2024-09-04,220.85,173.33,156.45,512.74,408.9,106.21,460.6099853515625,550.9500122070312,219.41
2024-09-05,222.38,177.89,157.24,516.86,408.39,107.21,461.0400085449219,549.6099853515625,230.17
2024-09-06,220.82,171.39,150.92,500.27,401.7,102.83,448.6900024414063,540.3599853515625,210.73
2024-09-09,220.91,175.4,148.71,504.79,405.72,106.47,454.4599914550781,546.4099731445312,216.27
2024-09-10,220.11,179.55,148.66,504.79,414.2,108.1,458.6600036621094,548.7899780273438,226.17
2024-09-11,222.66,184.52,151.16,511.83,423.04,116.91,468.6199951171875,554.4199829101562,228.13
2024-09-12,222.77,187.0,154.69,525.6,427.0,119.14,473.2200012207031,559.0900268554688,229.81
2024-09-13,222.5,186.49,157.46,524.62,430.59,119.1,475.3399963378906,562.010009765625,230.29
2024-09-16,216.32,184.89,158.06,533.28,431.34,116.78,473.239990234375,562.8400268554688,226.78
2024-09-17,216.79,186.88,159.32,536.315,435.15,115.59,473.489990234375,563.0700073242188,227.87
2024-09-18,220.69,186.43,159.81,537.95,430.81,113.37,471.4400024414063,561.4000244140625,227.2
2024-09-19,228.87,189.87,162.14,559.1,438.69,117.87,483.3599853515625,570.97998046875,243.92
2024-09-20,228.2,191.6,163.59,561.35,435.27,116.0,482.4400024414063,568.25,238.25
2024-09-23,226.47,193.88,161.85,564.41,433.51,116.26,483.0400085449219,569.6699829101562,250.0
2024-09-24,227.37,193.96,162.29,563.33,429.17,120.87,485.3699951171875,571.2999877929688,254.27
2024-09-25,226.37,192.53,161.49,568.31,432.11,123.51,485.8200073242188,570.0399780273438,257.02
2024-09-26,227.52,191.16,162.73,567.84,431.31,124.04,489.4700012207031,572.2999877929688,254.22
2024-09-27,227.79,187.97,163.95,567.36,428.02,121.4,486.75,571.469970703125,260.46
2024-09-30,233.0,186.33,165.85,572.44,430.3,121.44,488.0700073242188,573.760009765625,261.63
2024-10-01,226.21,185.13,166.99,576.47,420.69,117.0,481.2699890136719,568.6199951171875,258.02
2024-10-02,226.78,184.76,165.86,572.81,417.13,118.85,481.9500122070313,568.8599853515625,249.02
2024-10-03,225.67,181.96,165.86,582.77,416.54,122.85,481.5899963378906,567.8200073242188,240.66
2024-10-04,226.8,186.51,167.06,595.94,416.06,124.92,487.3200073242188,572.97998046875,250.08
2024-10-07,221.69,180.8,162.98,584.78,409.54,127.72,482.1000061035156,567.7999877929688,240.83
2024-10-08,225.77,182.72,164.38,592.89,414.71,132.89,489.2999877929688,573.1699829101562,244.5
2024-10-09,229.54,185.17,161.86,590.51,417.46,132.65,493.1499938964844,577.1400146484375,241.05
2024-10-10,229.04,186.65,162.08,583.83,415.84,134.81,492.5899963378906,576.1300048828125,238.77
2024-10-11,227.55,188.82,163.24,589.95,416.32,134.8,493.3599853515625,579.5800170898438,217.8
2024-10-14,231.3,187.54,164.96,590.42,419.14,138.07,497.5,584.3200073242188,219.16
2024-10-15,233.85,187.69,165.46,586.27,418.74,131.6,490.8500061035156,579.780029296875,219.57
2024-10-16,231.78,186.89,165.16,576.79,416.12,135.72,490.9100036621094,582.2999877929688,221.33
2024-10-17,232.15,187.53,162.93,576.93,416.72,136.93,491.25,582.3499755859375,220.89
2024-10-18,235.0,188.99,163.42,576.47,418.16,138.0,494.4700012207031,584.5900268554688,220.7
2024-10-21,236.48,189.07,164.07,575.16,418.78,143.71,495.4200134277344,583.6300048828125,218.85
2024-10-22,235.86,189.7,165.14,582.01,427.51,143.59,495.9599914550781,583.3200073242188,217.97
2024-10-23,230.76,184.71,162.78,563.69,424.6,139.56,488.3599853515625,577.989990234375,213.65
2024-10-24,230.57,186.38,162.72,567.78,424.73,140.41,492.3200073242188,579.239990234375,260.48
2024-10-25,231.41,187.83,165.27,573.25,428.15,141.54,495.3200073242188,579.0399780273438,269.19
2024-10-28,233.4,188.39,166.72,578.16,426.59,140.52,495.3999938964844,580.8300170898438,262.51
2024-10-29,233.67,190.83,169.68,593.28,431.95,141.25,500.1600036621094,581.77001953125,259.52
2024-10-30,230.1,192.73,174.46,591.8,432.53,139.335,496.3800048828125,580.010009765625,257.55
2024-10-31,225.91,186.4,171.11,567.58,406.35,132.76,483.8500061035156,568.6400146484375,249.85
2024-11-01,222.91,197.93,171.29,567.16,410.37,135.4,487.4299926757813,571.0399780273438,248.98
2024-11-04,222.01,195.78,169.24,560.68,408.46,136.05,486.010009765625,569.8099975585938,242.84
2024-11-05,223.45,199.5,169.74,572.43,411.46,139.91,492.2099914550781,576.7000122070312,251.44
2024-11-06,222.72,207.09,176.51,572.05,420.18,145.61,505.5799865722656,591.0399780273438,288.53
2024-11-07,227.48,210.05,180.75,591.7,425.43,148.88,513.5399780273438,595.6099853515625,296.91
2024-11-08,226.96,208.18,178.35,589.34,422.54,147.63,514.1400146484375,598.1900024414062,321.22
2024-11-11,224.23,206.84,180.35,583.17,418.01,145.26,513.8400268554688,598.760009765625,350.0
2024-11-12,224.23,208.91,181.62,584.82,423.03,148.29,512.9099731445312,596.9000244140625,328.49
2024-11-13,225.12,214.1,178.88,580.0,425.2,146.27,512.25,597.1900024414062,330.24
2024-11-14,228.22,211.48,175.58,577.16,426.89,146.76,508.6900024414063,593.3499755859375,311.18
2024-11-15,225.0,202.61,172.49,554.08,415.0,141.98,496.5700073242188,585.75,320.72
2024-11-18,228.02,201.7,175.3,554.4,415.76,140.15,500.0199890136719,588.1500244140625,338.74
2024-11-19,228.28,204.61,178.12,561.09,417.79,147.01,503.4599914550781,590.2999877929688,346.0
2024-11-20,229.0,202.88,175.98,565.52,415.49,145.89,503.1700134277344,590.5,342.03
2024-11-21,228.52,198.38,167.63,563.09,412.87,146.67,504.9800109863281,593.6699829101562,339.64
2024-11-22,229.87,197.12,164.76,559.14,417.0,141.95,505.7900085449219,595.510009765625,352.56
2024-11-25,232.87,201.45,167.65,565.11,418.79,136.02,506.5899963378906,597.530029296875,338.59
2024-11-26,235.06,207.86,169.12,573.54,427.99,136.92,509.30999755859375,600.6500244140625,338.23
2024-11-27,234.93,205.74,169.23,569.2,422.99,135.34,505.2999877929688,598.8300170898438,332.89
2024-11-29,237.33,207.89,168.95,574.32,423.46,138.25,509.739990234375,602.5499877929688,345.16
2024-12-02,239.59,210.71,171.49,592.83,430.98,138.63,515.2899780273438,603.6300048828125,357.09
2024-12-03,242.65,213.44,171.34,613.65,431.2,140.26,516.8699951171875,603.9099731445312,351.42
2024-12-04,243.01,218.16,174.37,613.78,437.42,145.14,523.260009765625,607.6599731445312,357.93
2024-12-05,243.04,220.55,172.64,608.93,442.62,145.06,521.8099975585938,606.6599731445312,369.49
2024-12-06,242.84,227.03,174.71,623.77,443.57,142.44,526.47998046875,607.8099975585938,389.22
2024-12-09,246.75,226.09,175.37,613.57,446.02,138.81,522.3800048828125,604.6799926757812,389.79
2024-12-10,247.77,225.04,185.17,619.32,443.33,135.07,520.5999755859375,602.7999877929688,400.99
2024-12-11,246.49,230.26,195.4,632.68,448.99,139.31,529.9199829101562,607.4600219726562,424.77
2024-12-12,247.96,228.97,191.96,630.79,449.56,137.34,526.5,604.3300170898438,418.1
2024-12-13,248.13,227.46,189.82,620.35,447.27,134.25,530.530029296875,604.2100219726562,436.23
2024-12-16,251.04,232.93,196.66,624.24,451.59,132.0,538.1699829101562,606.7899780273438,463.02
2024-12-17,253.48,231.15,195.42,619.44,454.46,130.39,535.7999877929688,604.2899780273438,479.86
2024-12-18,248.05,220.52,188.4,597.19,437.39,128.91,516.469970703125,586.280029296875,440.13
2024-12-19,249.79,223.29,188.51,595.57,437.03,130.68,514.1699829101562,586.0999755859375,436.17
2024-12-20,254.49,224.92,191.41,585.25,436.6,134.7,518.6599731445312,591.1500244140625,421.06
2024-12-23,255.27,225.06,194.63,599.85,435.25,139.67,522.8699951171875,594.6900024414062,430.6
2024-12-24,258.2,229.05,196.11,607.75,439.33,140.22,529.9600219726562,601.2999877929688,462.28
2024-12-26,259.02,227.05,195.6,603.35,438.11,139.93,529.5999755859375,601.3400268554688,454.13
2024-12-27,255.59,223.75,192.76,599.81,430.53,137.01,522.5599975585938,595.010009765625,431.66
2024-12-30,252.2,221.3,191.24,591.24,424.83,137.49,515.6099853515625,588.219970703125,417.41
2024-12-31,250.42,219.39,189.3,585.51,421.5,134.29,511.2300109863281,586.0800170898438,403.84
2025-01-02,243.85,220.22,189.43,599.24,418.58,138.31,510.2300109863281,584.6400146484375,379.28
2025-01-03,243.36,224.19,191.79,604.63,423.35,144.47,518.5800170898438,591.9500122070312,410.44
2025-01-06,245.0,227.61,196.87,630.2,427.85,149.43,524.5399780273438,595.3599853515625,411.05
2025-01-07,242.21,222.11,195.49,617.89,422.37,140.14,515.1799926757812,588.6300048828125,394.36
2025-01-08,242.7,222.13,193.95,610.72,424.56,140.11,515.27001953125,589.489990234375,394.94
2025-01-10,236.85,218.94,192.04,615.86,418.95,135.91,507.1900024414063,580.489990234375,394.74
2025-01-13,234.4,218.46,191.01,608.33,417.19,133.23,505.55999755859375,581.3900146484375,403.31
2025-01-14,233.28,217.76,189.66,594.25,415.67,131.76,505.0799865722656,582.1900024414062,396.36
2025-01-15,237.87,223.35,195.55,617.12,426.31,136.24,516.7000122070312,592.780029296875,428.22
2025-01-16,228.26,220.66,192.91,611.3,424.58,133.57,513.0800170898438,591.6400146484375,413.82
2025-01-17,229.98,225.94,196.0,612.77,429.03,137.71,521.739990234375,597.5800170898438,426.5
2025-01-21,222.64,230.71,198.05,616.46,428.5,140.83,524.7999877929688,603.0499877929688,424.07
2025-01-22,223.83,235.01,198.37,623.5,446.2,147.07,531.510009765625,606.4400024414062,415.11
2025-01-23,223.66,235.42,197.98,636.45,446.71,147.22,532.6400146484375,609.75,412.38
2025-01-24,222.78,234.85,200.21,647.49,444.06,142.62,529.6300048828125,607.969970703125,406.58
2025-01-27,229.86,235.42,191.81,659.88,434.56,118.42,514.2100219726562,599.3699951171875,397.15
2025-01-28,238.26,238.15,195.3,674.33,447.2,128.99,521.8099975585938,604.52001953125,398.09
2025-01-29,239.36,237.07,195.41,676.49,442.33,123.7,520.8300170898438,601.8099975585938,389.1
2025-01-30,237.59,234.64,200.87,687.0,414.99,124.65,523.0499877929688,605.0399780273438,400.28
2025-01-31,236.0,237.68,204.02,689.18,415.06,120.07,522.2899780273438,601.8200073242188,404.6
2025-02-03,228.01,237.42,201.23,697.46,410.92,116.66,518.1099853515625,597.77001953125,383.68
2025-02-04,232.8,242.06,206.38,704.19,412.37,118.65,524.469970703125,601.780029296875,392.21
2025-02-05,232.47,236.17,191.33,704.87,413.29,124.83,526.8499755859375,604.219970703125,378.17
2025-02-06,233.22,238.83,191.6,711.99,415.82,128.68,529.5999755859375,606.3200073242188,374.32
2025-02-07,227.63,229.15,185.34,714.52,409.75,129.84,522.9199829101562,600.77001953125,361.62
2025-02-10,227.65,233.14,186.47,717.4,412.22,133.57,529.25,604.8499755859375,350.73
2025-02-11,232.62,232.76,185.32,719.8,411.44,132.8,527.989990234375,605.3099975585938,328.5
2025-02-12,236.87,228.93,183.61,725.38,409.04,131.14,528.2999877929688,603.3599853515625,336.51
2025-02-13,241.53,230.37,186.14,728.56,410.54,135.29,535.9000244140625,609.72998046875,355.94
2025-02-14,244.6,228.68,185.23,736.67,408.43,138.85,538.1500244140625,609.7000122070312,355.84
2025-02-18,244.47,226.65,183.77,716.37,409.64,139.4,539.3699951171875,611.489990234375,354.11
2025-02-19,244.87,226.63,185.27,703.77,414.77,139.23,539.52001953125,612.9299926757812,360.56
2025-02-20,245.83,222.88,184.56,694.84,416.13,140.11,537.22998046875,610.3800048828125,354.4
2025-02-21,245.55,216.58,179.66,683.55,408.21,134.43,526.0800170898438,599.9400024414062,337.8
2025-02-24,247.1,212.71,179.25,668.13,404.0,130.28,519.8699951171875,597.2100219726562,330.53
2025-02-25,247.04,212.8,175.42,657.5,397.9,126.63,513.3200073242188,594.239990234375,302.8
2025-02-26,240.36,214.35,172.73,673.7,399.73,131.28,514.5599975585938,594.5399780273438,290.8
2025-02-27,237.3,208.74,168.5,658.24,392.53,120.15,500.2699890136719,585.0499877929688,281.95
2025-02-28,241.84,212.28,170.28,668.2,396.99,124.92,508.1700134277344,594.1799926757812,292.98
2025-03-03,238.03,205.02,167.01,655.05,388.49,114.06,497.0499877929688,583.77001953125,284.65
2025-03-04,235.93,203.8,170.92,640.0,388.61,115.99,495.5499877929688,576.8599853515625,272.04
2025-03-05,235.74,208.36,173.02,656.47,401.02,117.3,502.010009765625,583.0599975585938,279.1
2025-03-06,235.33,200.7,172.35,627.93,396.89,110.57,488.2000122070313,572.7100219726562,263.45
2025-03-07,239.07,199.25,173.86,625.66,393.31,112.69,491.7900085449219,575.9199829101562,262.67
2025-03-10,227.48,194.54,165.87,597.99,380.16,106.98,472.7300109863281,560.5800170898438,222.15
2025-03-11,220.84,196.59,164.04,605.71,380.45,108.76,471.6000061035156,555.9199829101562,230.58
2025-03-12,216.98,198.89,167.11,619.56,383.27,115.74,476.9200134277344,558.8699951171875,248.09
2025-03-13,209.68,193.89,162.76,590.64,378.77,115.58,468.3399963378906,551.4199829101562,240.68
2025-03-14,213.49,197.95,165.49,607.6,388.56,121.67,479.6600036621094,562.8099975585938,249.98
2025-03-17,214.0,195.74,164.29,604.9,388.7,119.53,482.7699890136719,567.1500244140625,238.01
2025-03-18,212.69,192.82,160.67,582.36,383.52,115.43,474.5400085449219,561.02001953125,225.31
2025-03-19,215.24,195.54,163.89,584.06,387.82,117.52,480.8900146484375,567.1300048828125,235.86
2025-03-20,214.1,194.95,162.8,586.0,386.84,118.53,479.260009765625,565.489990234375,236.26
2025-03-21,218.27,196.21,163.99,596.25,391.26,117.7,480.8399963378906,563.97998046875,248.71
2025-03-24,220.73,203.26,167.68,618.85,393.08,121.41,490.6600036621094,574.0800170898438,278.39
2025-03-25,223.75,205.71,170.56,626.31,395.16,120.69,493.4599914550781,575.4600219726562,288.14
2025-03-26,221.53,201.13,165.06,610.98,389.97,113.76,484.3800048828125,568.5900268554688,272.06
2025-03-27,223.85,201.36,162.24,602.58,390.58,111.43,481.6199951171875,567.0800170898438,273.13
2025-03-28,217.9,192.72,154.33,576.74,378.8,109.67,468.9400024414063,555.6599731445312,263.55
2025-03-31,222.13,190.26,154.64,576.36,375.39,108.38,468.9200134277344,559.3900146484375,259.16
2025-04-01,223.19,192.17,157.07,586.0,382.19,110.15,472.7000122070313,560.969970703125,268.46
2025-04-02,223.89,196.01,157.04,583.93,382.14,110.42,476.1499938964844,564.52001953125,282.76
2025-04-03,203.19,178.41,150.72,531.62,373.11,101.8,450.6600036621094,536.7000122070312,267.28
2025-04-04,188.38,171.0,145.6,504.73,359.84,94.31,422.6700134277344,505.2799987792969,239.43
2025-04-07,181.46,175.26,146.75,516.25,357.86,97.64,423.6900024414063,504.3800048828125,233.29
2025-04-08,172.42,170.66,144.7,510.45,354.56,96.3,416.05999755859375,496.4800109863281,221.86
2025-04-09,198.85,191.1,158.71,585.77,390.49,114.33,466.0,548.6199951171875,272.2
2025-04-10,190.42,181.22,152.82,546.29,381.35,107.57,446.1799926757813,524.5800170898438,252.4
2025-04-11,198.15,184.87,157.14,543.57,388.45,110.93,454.3999938964844,533.9400024414062,252.31
2025-04-14,202.52,182.12,159.07,531.48,387.81,110.71,457.4800109863281,539.1199951171875,252.35
2025-04-15,202.14,179.59,156.31,521.52,385.73,112.2,457.989990234375,537.6099853515625,254.11
2025-04-16,194.27,174.33,153.33,502.31,371.61,104.49,444.1799926757813,525.6599731445312,241.55
2025-04-17,196.98,172.61,151.16,501.48,367.78,101.49,444.1000061035156,526.4099731445312,241.37
2025-04-21,193.16,167.32,147.67,484.66,359.12,96.91,433.1099853515625,513.8800048828125,227.5
2025-04-22,199.74,173.18,151.47,500.28,366.82,98.89,444.4800109863281,527.25,237.97
2025-04-23,204.6,180.6,155.35,520.27,374.39,102.71,454.55999755859375,535.4199829101562,250.74
2025-04-24,208.37,186.54,159.28,533.15,387.3,106.43,467.3500061035156,546.6900024414062,259.51
2025-04-25,209.28,188.99,161.96,547.27,391.85,111.01,472.55999755859375,550.6400146484375,284.95
2025-04-28,210.14,187.7,160.61,549.74,391.16,108.73,472.4100036621094,550.8499755859375,285.88
2025-04-29,211.21,187.39,160.16,554.44,394.04,109.02,475.5299987792969,554.3200073242188,292.03
2025-04-30,212.5,184.42,158.8,549.0,395.26,108.92,475.4700012207031,554.5399780273438,282.16
2025-05-01,213.32,190.2,161.3,572.21,425.4,111.61,481.6799926757813,558.469970703125,280.52
2025-05-02,205.35,189.98,164.03,597.02,435.28,114.5,488.8299865722656,566.760009765625,287.21
2025-05-05,198.89,186.35,164.21,599.27,436.17,113.82,485.9299926757813,563.510009765625,280.26
2025-05-06,198.51,185.01,163.23,587.31,433.31,113.54,481.4100036621094,558.7999877929688,275.35
2025-05-07,196.25,188.71,151.38,596.81,433.35,117.06,483.2999877929688,561.1500244140625,276.22
2025-05-08,197.49,192.08,154.28,598.01,438.17,117.37,488.2900085449219,565.0599975585938,284.82
2025-05-09,198.53,193.06,152.75,592.49,438.73,116.65,487.9700012207031,564.3400268554688,298.26
2025-05-12,210.79,208.64,158.46,639.43,449.26,123.0,507.8500061035156,582.989990234375,318.38
2025-05-13,212.93,211.37,159.53,656.03,449.14,129.93,515.5900268554688,586.8400268554688,334.07
2025-05-14,212.33,210.25,165.37,659.36,452.94,135.34,518.6799926757812,587.5900268554688,347.68
2025-05-15,211.45,205.17,163.96,643.88,453.13,134.83,519.25,590.4600219726562,342.82
2025-05-16,211.26,205.59,166.19,640.34,454.27,135.4,521.510009765625,594.2000122070312,349.98
2025-05-19,208.78,206.16,166.54,640.43,458.87,135.57,522.010009765625,594.8499755859375,342.09
2025-05-20,206.86,204.07,163.98,637.1,458.17,134.38,520.27001953125,592.8499755859375,343.82
2025-05-21,202.09,201.12,168.56,635.5,452.57,131.8,513.0399780273438,582.8599853515625,334.62
2025-05-22,201.36,203.1,170.87,636.57,454.86,132.83,514.0,583.0900268554688,341.04
2025-05-23,195.27,200.99,168.47,627.06,450.18,131.29,509.239990234375,579.1099853515625,339.34
2025-05-27,200.21,206.02,172.9,642.32,460.69,135.5,521.219970703125,591.1500244140625,362.89
2025-05-28,200.42,204.72,172.36,643.58,457.36,134.81,518.9099731445312,587.72998046875,356.9
2025-05-29,199.95,205.7,171.86,645.05,458.68,139.19,519.9299926757812,590.0499877929688,358.43
2025-05-30,200.85,205.01,171.74,647.49,460.36,135.13,519.1099853515625,589.3900146484375,346.46
2025-06-02,201.7,206.65,169.03,670.9,461.97,137.38,523.2100219726562,592.7100219726562,342.69
2025-06-03,203.27,205.71,166.18,666.85,462.97,141.22,527.2999877929688,596.0900268554688,344.27
2025-06-04,202.82,207.23,168.05,687.95,463.87,141.92,528.77001953125,595.9299926757812,332.05
2025-06-05,200.63,207.91,168.21,684.62,467.68,139.99,524.7899780273438,593.0499877929688,284.7
2025-06-06,203.92,213.57,173.68,697.71,470.38,141.72,529.9199829101562,599.1400146484375,295.14
2025-06-09,201.45,216.98,176.09,694.06,472.75,142.63,530.7000122070312,599.6799926757812,308.58
2025-06-10,202.67,217.61,178.6,702.4,470.92,143.96,534.2100219726562,603.0800170898438,326.09
2025-06-11,198.78,213.2,177.35,694.14,472.62,142.83,532.4099731445312,601.3599853515625,326.43
2025-06-12,199.2,213.24,175.7,693.36,478.87,145.0,533.6599731445312,603.75,319.11
2025-06-13,196.45,212.1,174.67,682.87,474.96,141.97,526.9600219726562,597.0,325.31
2025-06-16,198.42,216.1,176.77,702.12,479.14,144.69,534.2899780273438,602.6799926757812,329.13
2025-06-17,195.64,214.82,175.95,697.23,478.04,144.12,529.0800170898438,597.530029296875,316.35
2025-06-18,196.58,212.52,173.32,695.77,480.24,145.48,528.989990234375,597.4400024414062,322.05
2025-06-20,201.0,209.69,166.64,682.35,477.4,143.85,526.8300170898438,594.280029296875,322.16
2025-06-23,201.5,208.47,165.19,698.53,486.0,144.17,531.6500244140625,600.1500244140625,348.68
2025-06-24,200.3,212.77,166.77,712.2,490.11,147.9,539.780029296875,606.780029296875,340.47
2025-06-25,201.56,211.99,170.68,708.68,492.27,154.31,541.1599731445312,607.1199951171875,327.55
2025-06-26,201.0,217.12,173.54,726.09,497.45,155.02,546.219970703125,611.8699951171875,325.78
2025-06-27,201.08,223.3,178.53,733.63,495.94,157.75,548.0900268554688,614.9099731445312,323.63
2025-06-30,205.17,219.39,176.23,738.09,497.41,157.99,551.6400146484375,617.8499755859375,317.66
2025-07-01,207.82,220.46,175.84,719.22,492.05,153.3,546.989990234375,617.6500244140625,300.71
2025-07-02,212.44,219.92,178.64,713.57,491.09,157.25,550.7999877929688,620.4500122070312,315.65
2025-07-03,213.55,223.41,179.53,719.01,498.84,159.34,556.219970703125,625.3400268554688,315.35
2025-07-07,209.95,223.47,176.79,718.35,497.72,158.24,552.030029296875,620.6799926757812,293.94
2025-07-08,210.01,219.36,174.36,720.67,496.62,160.0,552.3400268554688,620.3400268554688,297.81
2025-07-09,211.14,222.54,176.62,732.78,503.51,162.88,556.25,624.0599975585938,295.88
2025-07-10,212.41,222.26,177.62,727.24,501.48,164.1,555.4500122070312,625.8200073242188,309.87
2025-07-11,211.16,225.02,180.19,717.51,503.32,164.92,554.2000122070312,623.6199951171875,313.51
2025-07-14,208.62,225.69,181.56,720.92,503.02,164.07,556.2100219726562,624.8099975585938,316.9
2025-07-15,209.11,226.35,182.0,710.39,505.82,170.7,556.719970703125,622.1400146484375,310.78
2025-07-16,210.16,223.19,182.97,702.91,505.62,171.37,557.2899780273438,624.219970703125,321.67
2025-07-17,210.02,223.88,183.58,701.41,511.7,173.0,561.7999877929688,628.0399780273438,319.41
2025-07-18,211.18,226.13,185.06,704.28,510.05,172.41,561.260009765625,627.5800170898438,329.65
2025-07-21,212.48,229.3,190.1,712.965,510.06,171.38,564.1699829101562,628.77001953125,328.49
2025-07-22,214.4,227.47,191.34,704.81,505.27,167.03,561.25,628.8599853515625,332.11
2025-07-23,214.15,228.29,190.23,713.58,505.87,170.78,563.8099975585938,634.2100219726562,332.56
2025-07-24,213.76,232.23,192.17,714.8,510.88,173.74,565.010009765625,634.4199829101562,305.3
2025-07-25,213.88,231.44,193.18,712.68,513.71,173.5,566.3699951171875,637.0999755859375,316.06
2025-07-28,214.05,232.79,192.58,717.63,512.5,176.75,568.1400146484375,636.9400024414062,325.59
2025-07-29,211.27,231.01,195.75,700.0,512.57,175.51,567.260009765625,635.260009765625,321.2
2025-07-30,209.05,230.19,196.53,695.21,513.24,179.27,568.02001953125,634.4600219726562,319.04
2025-07-31,207.57,234.11,191.9,773.44,533.5,177.87,565.010009765625,632.0800170898438,308.27
2025-08-01,202.38,214.75,189.13,750.01,524.11,173.72,553.8800048828125,621.719970703125,302.63
2025-08-04,203.35,211.65,195.04,776.37,535.64,180.0,564.0999755859375,631.1699829101562,309.26
2025-08-05,202.92,213.75,194.67,763.46,527.75,178.26,560.27001953125,627.969970703125,308.72
2025-08-06,213.25,222.31,196.09,771.99,524.94,179.42,567.3200073242188,632.780029296875,319.91
2025-08-07,220.03,223.13,196.52,761.83,520.84,180.77,569.239990234375,632.25,322.27
2025-08-08,229.35,222.69,201.42,769.3,522.04,182.7,574.5499877929688,637.1799926757812,329.65
2025-08-11,227.18,221.3,201.0,765.87,521.77,182.06,572.8499755859375,635.9199829101562,339.03
2025-08-12,229.65,221.47,203.34,790.0,529.24,183.16,580.0499877929688,642.6900024414062,340.84
2025-08-13,233.33,224.56,201.96,780.08,520.58,181.59,580.3400268554688,644.8900146484375,339.38
2025-08-14,232.78,230.98,202.94,782.13,522.48,182.02,579.8900146484375,644.9500122070312,335.58
2025-08-15,231.59,231.03,203.9,785.23,520.17,180.45,577.3400268554688,643.4400024414062,330.56
2025-08-18,230.89,231.49,203.5,767.37,517.1,182.01,577.1099853515625,643.2999877929688,335.16
2025-08-19,230.56,228.01,201.57,751.48,509.77,175.64,569.280029296875,639.8099975585938,329.31
2025-08-20,226.01,223.81,199.32,747.72,505.72,175.4,565.9000244140625,638.1099853515625,323.9
2025-08-21,224.9,221.95,199.75,739.1,504.24,174.98,563.280029296875,635.5499877929688,320.11
2025-08-22,227.76,228.84,206.09,754.79,507.23,177.99,571.969970703125,645.3099975585938,340.01
2025-08-25,227.16,227.94,208.49,753.3,504.26,179.81,570.3200073242188,642.469970703125,346.6
2025-08-26,229.31,228.71,207.14,754.1,502.04,181.77,572.6099853515625,645.1599731445312,351.67
2025-08-27,230.49,229.12,207.48,747.38,506.74,181.6,573.489990234375,646.6300048828125,349.6
2025-08-28,232.56,231.6,211.64,751.11,509.64,180.17,577.0800170898438,648.9199829101562,345.98
2025-08-29,232.14,229.0,212.91,738.7,506.69,174.18,570.4000244140625,645.0499877929688,333.87
2025-09-02,229.72,225.34,211.35,735.11,505.12,170.78,565.6199951171875,640.27001953125,329.36
2025-09-03,238.47,225.99,230.66,737.05,505.35,170.62,570.0700073242188,643.739990234375,334.09
2025-09-04,239.78,235.68,232.3,748.65,507.97,171.66,575.22998046875,649.1199951171875,338.53
2025-09-05,239.69,232.33,235.0,752.45,495.0,167.02,576.0599975585938,647.239990234375,350.84
2025-09-08,237.88,235.84,234.04,752.3,498.2,168.31,578.8699951171875,648.8300170898438,346.4
2025-09-09,234.35,238.24,239.63,765.7,498.41,170.76,580.510009765625,650.3300170898438,346.97
2025-09-10,226.79,230.33,239.17,751.98,500.37,177.33,580.7000122070312,652.2100219726562,347.79
2025-09-11,230.03,229.95,240.37,750.9,501.01,177.17,584.0800170898438,657.6300048828125,368.81
2025-09-12,234.07,228.15,240.8,755.59,509.9,177.82,586.6599731445312,657.4099731445312,395.94
2025-09-15,236.7,231.43,251.61,764.7,515.36,177.75,591.6799926757812,660.9099731445312,410.04
2025-09-16,238.15,234.05,251.16,779.0,509.04,174.88,591.1799926757812,660.0,421.62
2025-09-17,238.99,231.62,249.53,775.715,510.02,170.29,590.0,659.1799926757812,425.86
2025-09-18,237.88,231.23,252.03,780.25,508.45,176.24,595.3200073242188,662.260009765625,416.85
2025-09-19,245.5,231.48,254.72,778.38,517.93,176.67,599.3499755859375,663.7000122070312,426.07
2025-09-22,256.08,227.63,252.53,765.16,514.45,183.61,602.2000122070312,666.8400268554688,434.21
2025-09-23,254.43,220.71,251.66,755.4,509.23,178.43,598.2000122070312,663.2100219726562,425.85
2025-09-24,252.31,220.21,247.14,760.66,510.15,176.97,596.0999755859375,661.0999755859375,442.79
2025-09-25,256.87,218.15,245.79,748.91,507.03,177.69,593.530029296875,658.0499877929688,423.39
2025-09-26,255.46,219.78,246.54,743.75,511.46,178.19,595.969970703125,661.8200073242188,440.4
2025-09-29,254.43,222.17,244.05,743.4,514.6,181.85,598.72998046875,663.6799926757812,443.21
2025-09-30,254.63,219.57,243.1,734.38,517.95,186.58,600.3699951171875,666.1799926757812,444.72
2025-10-01,255.45,220.63,244.9,717.34,519.71,187.24,603.25,668.4500122070312,459.46
2025-10-02,257.13,222.41,245.69,727.05,515.74,188.89,605.72998046875,669.219970703125,436.0
2025-10-03,258.02,219.51,245.35,710.56,517.35,187.62,603.1799926757812,669.2100219726562,429.83
2025-10-06,256.69,220.9,250.43,715.66,528.57,185.54,607.7100219726562,671.6099853515625,453.25
2025-10-07,256.48,221.78,245.76,713.08,523.98,185.04,604.510009765625,669.1199951171875,433.09
2025-10-08,258.06,225.22,244.62,717.84,524.85,189.11,611.4400024414062,673.1099853515625,438.69
2025-10-09,254.04,227.74,241.53,733.51,522.4,192.57,610.7000122070312,671.1599731445312,435.54
2025-10-10,245.27,216.37,236.57,705.3,510.96,183.16,589.5,653.02001953125,413.49
2025-10-13,247.66,220.07,244.15,715.7,514.05,188.32,602.010009765625,663.0399780273438,435.9
2025-10-14,247.77,216.39,245.45,708.65,513.57,180.03,598.0,662.22998046875,429.24
2025-10-15,249.34,215.57,251.03,717.55,513.43,179.83,602.219970703125,665.1699829101562,435.15
2025-10-16,247.45,214.47,251.46,712.07,511.61,181.81,599.989990234375,660.6400146484375,428.75
2025-10-17,252.29,213.04,253.3,716.915,513.58,183.22,603.9299926757812,664.3900146484375,439.31
2025-10-20,262.24,216.48,256.55,732.17,516.79,182.64,611.5399780273438,671.2999877929688,447.43
2025-10-21,262.77,222.03,250.46,733.27,517.66,181.16,611.3800048828125,671.2899780273438,442.6
2025-10-22,258.45,217.95,251.69,733.41,520.54,180.28,605.489990234375,667.7999877929688,438.97
2025-10-23,259.58,221.09,253.08,734.0,520.56,182.16,610.5800170898438,671.760009765625,448.98
2025-10-24,262.82,224.21,259.92,738.36,523.61,186.26,617.0999755859375,677.25,433.72
2025-10-27,268.81,226.97,269.27,750.82,531.52,191.49,628.0900268554688,685.239990234375,452.42
2025-10-28,269.0,229.25,267.47,751.44,542.07,201.03,632.9199829101562,687.0599975585938,460.55
2025-10-29,269.7,230.3,274.57,751.67,541.55,207.04,635.77001953125,687.3900146484375,461.51
2025-10-30,271.4,222.86,281.48,666.47,525.76,202.89,626.0499877929688,679.8300170898438,440.1
2025-10-31,270.37,244.22,281.19,648.35,517.81,202.49,629.0700073242188,682.0599975585938,456.56
2025-11-03,269.05,254.0,283.72,637.71,517.03,206.88,632.0800170898438,683.3400268554688,468.37
2025-11-04,270.04,249.32,277.54,627.32,514.33,198.69,619.25,675.239990234375,444.26
2025-11-05,270.14,250.2,284.31,635.95,507.16,195.21,623.280029296875,677.5800170898438,462.07
2025-11-06,269.77,243.04,284.75,618.94,497.1,188.08,611.6699829101562,670.3099975585938,445.91
2025-11-07,268.47,244.41,278.83,621.71,496.82,188.15,609.739990234375,670.969970703125,429.52
2025-11-10,269.43,248.4,290.1,631.76,506.0,199.05,623.22998046875,681.4400024414062,445.23
2025-11-11,275.25,249.1,291.31,627.08,508.68,193.16,621.5700073242188,683.0,439.62
2025-11-12,273.47,244.2,286.71,609.01,511.14,193.8,621.0800170898438,683.3800048828125,430.6
2025-11-13,272.95,237.58,278.57,609.89,503.29,186.86,608.4000244140625,672.0399780273438,401.99
2025-11-14,272.41,234.69,276.41,609.46,510.18,190.17,608.8599853515625,671.9299926757812,404.35
2025-11-17,267.46,232.87,285.02,602.01,507.49,186.6,603.6599731445312,665.6699829101562,408.92
2025-11-18,267.44,222.55,284.28,597.69,493.79,181.36,596.3099975585938,660.0800170898438,401.25
2025-11-19,268.56,222.69,292.81,590.32,487.12,186.52,599.8699951171875,662.6300048828125,403.99
2025-11-20,266.25,217.14,289.45,589.15,478.43,180.64,585.6699829101562,652.530029296875,395.23
2025-11-21,271.49,220.69,299.66,594.25,472.12,178.88,590.0700073242188,659.030029296875,391.09
2025-11-24,275.92,226.28,318.58,613.05,474.0,182.55,605.1599731445312,668.72998046875,417.78
2025-11-25,276.97,229.67,323.44,636.22,476.99,177.82,608.8900146484375,675.02001953125,419.4
2025-11-26,277.55,229.16,319.95,633.61,485.5,180.26,614.27001953125,679.6799926757812,426.58
2025-11-28,278.85,233.22,320.18,647.95,492.01,177.0,619.25,683.3900146484375,430.17
2025-12-01,283.1,233.88,314.89,640.87,486.74,179.92,617.1699829101562,680.27001953125,430.14
2025-12-02,286.19,234.42,315.81,647.1,490.0,181.46,622.0,681.530029296875,429.24
2025-12-03,284.15,232.38,319.63,639.6,477.73,179.59,623.52001953125,683.8900146484375,446.74
2025-12-04,280.7,229.11,317.62,661.53,480.84,183.38,622.9400024414062,684.3900146484375,454.53
2025-12-05,278.78,229.53,321.27,673.42,483.16,182.41,625.47998046875,685.6900024414062,455.0
2025-12-08,277.89,226.89,313.72,666.8,491.02,185.55,624.280029296875,683.6300048828125,439.58
2025-12-09,277.18,227.92,317.08,656.96,492.02,184.97,625.0499877929688,683.0399780273438,445.17
2025-12-10,278.78,231.78,320.21,650.13,478.56,183.78,627.6099853515625,687.5700073242188,451.45
2025-12-11,278.03,230.28,312.43,652.71,483.47,180.93,625.5800170898438,689.1699829101562,446.89
2025-12-12,278.28,226.19,309.29,644.23,478.53,175.02,613.6199951171875,681.760009765625,458.96
2025-12-15,274.11,222.54,308.22,647.51,474.82,176.29,610.5399780273438,680.72998046875,475.31
2025-12-16,274.61,222.56,306.57,657.15,476.39,177.72,611.75,678.8699951171875,489.88
2025-12-17,271.84,221.27,296.72,649.5,476.12,170.94,600.4099731445312,671.4000244140625,467.26
2025-12-18,272.19,226.76,302.46,664.45,483.98,174.14,609.1099853515625,676.469970703125,483.37
2025-12-19,273.67,227.35,307.16,658.77,485.92,180.99,617.0499877929688,680.5900268554688,481.2
2025-12-22,270.97,228.43,309.78,661.5,484.92,183.69,619.2100219726562,684.8300170898438,488.73
2025-12-23,272.36,232.14,314.35,664.94,486.85,189.21,622.1099853515625,687.9600219726562,485.56
2025-12-24,273.81,232.38,314.09,667.55,488.02,188.61,623.9299926757812,690.3800048828125,485.4
2025-12-26,273.4,232.52,313.51,663.29,487.71,190.53,623.8900146484375,690.3099975585938,475.19
2025-12-29,273.76,232.07,313.56,658.69,487.1,188.22,620.8699951171875,687.8499755859375,459.64
2025-12-30,273.08,232.53,313.85,665.95,487.48,187.54,619.4299926757812,687.010009765625,454.43
2025-12-31,271.86,230.82,313.0,660.09,483.62,186.5,614.3099975585938,681.9199829101562,449.72
2026-01-02,271.01,226.5,315.15,650.41,472.94,188.85,,,438.07
2026-01-05,267.26,233.06,316.54,658.79,472.85,188.12,,,451.67
2026-01-06,262.36,240.93,314.34,660.62,478.51,187.24,,,432.96
2026-01-07,260.33,241.56,321.98,648.69,483.47,189.11,,,431.41
2026-01-08,259.04,246.29,325.44,646.06,478.11,185.04,,,435.8
2026-01-09,259.37,247.38,328.57,653.06,479.28,184.86,,,445.01
2026-01-12,260.25,246.47,331.86,641.97,477.18,184.94,,,448.96
2026-01-13,261.05,242.6,335.97,631.09,470.67,185.81,,,447.2
2026-01-14,259.96,236.65,335.84,615.52,459.38,183.14,,,439.2
2026-01-15,258.21,238.18,332.78,620.8,456.66,187.05,,,438.57
2026-01-16,255.53,239.12,330.0,620.25,459.86,186.23,,,437.5
2026-01-20,246.7,231.0,322.0,604.12,454.52,178.07,,,419.25
2026-01-21,247.65,231.31,328.38,612.96,444.11,183.32,,,431.44
2026-01-22,248.35,234.34,330.54,647.63,451.14,184.84,,,449.36
2026-01-23,248.04,239.16,327.93,658.76,465.95,187.67,,,449.06
2026-01-26,255.41,238.42,333.26,672.36,470.28,186.47,,,435.2
2026-01-27,258.27,244.68,334.55,672.97,480.58,188.52,,,430.9
2026-01-28,256.44,243.01,336.01,668.73,481.63,191.52,,,431.46
2026-01-29,258.28,241.73,338.25,738.31,433.5,192.51,,,416.56
2026-01-30,259.48,239.3,338.0,716.5,430.29,191.13,,,430.41
2026-02-02,270.01,242.96,343.69,706.41,423.37,185.61,,,421.81
2026-02-03,269.48,238.62,339.71,691.7,411.21,180.34,,,421.96
2026-02-04,276.49,232.99,333.04,668.99,414.19,174.19,,,406.01
2026-02-05,275.91,222.69,331.25,670.21,393.67,171.88,,,397.21
2026-02-06,278.12,210.32,322.86,661.46,401.14,185.41,,,411.11
2026-02-09,274.62,208.72,324.32,677.22,413.6,190.04,,,417.32
2026-02-10,273.68,206.96,318.58,670.72,413.27,188.54,,,425.21
2026-02-11,275.5,204.08,310.96,668.69,404.37,190.05,,,428.27
2026-02-12,261.73,199.6,309.0,649.81,401.84,186.94,,,417.07
2026-02-13,255.78,198.79,305.72,639.77,401.32,182.81,,,417.44
